#VRML V2.0 utf8
# 3D model generated by easyeda2kicad.py (https://github.com/uPesy/easyeda2kicad.py)

Shape{
    appearance Appearance {
        material  Material 	{
            diffuseColor 0.7529411764705882 0.7529411764705882 0.7529411764705882
            specularColor 0.3764705882352941 0.3764705882352941 0.3764705882352941
            ambientIntensity 0.7529
            transparency 0.0
            shininess 0.5
        }
    }
    geometry IndexedFaceSet {
        ccw TRUE
        solid FALSE
        coord DEF co Coordinate {
            point [
                -1.7697 0.3811 1.6078, -1.7697 0.4231 1.6499, -1.8484 0.3811 1.6078, -1.8484 0.4231 1.6499, -1.8484 -0.3276 1.6078, -1.8406 -0.3276 1.6078, -1.8406 -0.0083 1.6078, -1.7697 -0.0083 1.6078, -1.8406 -0.3276 0.3622, -1.8484 -0.3276 0.315, -1.7697 -0.3276 0.3622, -1.7697 -0.3276 0.315, -1.8484 -0.4118 0.315, -1.7697 -0.4118 0.315, -1.8484 -0.4906 0.2362, -1.7697 -0.4906 0.2362, -1.8484 -0.4906 0.0557, -1.7697 -0.4906 0.0557, -1.7697 -0.4627 0.0115, -1.7697 -0.479 0.0278, -1.8484 -0.4627 0.0115, -1.8484 -0.479 0.0278, -1.7697 0.047 0.0, -1.7697 -0.4349 0.0, -1.8484 0.047 0.0, -1.8484 -0.4349 0.0, -1.7697 0.0842 0.0209, -1.7697 0.0748 0.0115, -1.8484 0.0842 0.0209, -1.8484 0.0748 0.0115, -1.8484 0.163 0.0209, -1.7697 0.163 0.0209, -1.8484 0.1698 0.0158, -1.7697 0.1698 0.0158, -1.7697 0.5331 0.0079, -1.7697 0.1935 0.0079, -1.8484 0.5331 0.0079, -1.8484 0.1935 0.0079, -1.8484 0.5724 0.0472, -1.7697 0.5724 0.0472, -1.7697 0.5715 0.0385, -1.8484 0.5715 0.0385, -1.7697 0.5685 0.0302, -1.8484 0.5685 0.0302, -1.7697 0.5639 0.0227, -1.8484 0.5639 0.0227, -1.7697 0.5576 0.0165, -1.8484 0.5576 0.0165, -1.7697 0.5502 0.0118, -1.8484 0.5502 0.0118, -1.7697 0.5418 0.0089, -1.8484 0.5418 0.0089, -1.8484 0.5724 0.948, -1.7697 0.5724 0.948, -1.8484 0.6315 1.1102, -1.7697 0.6315 1.1102, -1.8484 0.6315 1.5664, -1.7697 0.6315 1.5664, -1.8484 0.62 1.5942, -1.8484 0.5643 1.6499, -1.7697 0.62 1.5942, -1.7697 0.5643 1.6499, -1.8484 0.5364 1.6614, -1.8484 0.451 1.6614, -1.7697 0.5364 1.6614, -1.7697 0.451 1.6614, -1.8484 -0.4451 0.0013, -1.8484 -0.4546 0.0053, -1.8484 -0.4853 0.036, -1.8484 0.0689 0.0066, -1.8484 0.0621 0.003, -1.8484 -0.4892 0.0455, -1.8484 0.0547 0.0008, -1.8484 0.1771 0.0115, -1.8484 0.4291 1.6548, -1.8484 0.4359 1.6584, -1.8484 0.4433 1.6607, -1.8484 0.6262 1.5861, -1.8484 0.6302 1.5766, -1.8484 0.5466 1.6601, -1.8484 0.1851 0.0088, -1.8484 0.5561 1.6561, -1.7697 0.4433 1.6607, -1.7697 0.4359 1.6584, -1.7697 0.4291 1.6548, -1.7697 -0.0083 0.3622, -1.7697 0.0621 0.003, -1.7697 0.0689 0.0066, -1.7697 -0.4546 0.0053, -1.7697 -0.4451 0.0013, -1.7697 0.5561 1.6561, -1.7697 0.5466 1.6601, -1.7697 0.0547 0.0008, -1.7697 0.1771 0.0115, -1.7697 0.1851 0.0088, -1.7697 -0.4892 0.0455, -1.7697 -0.4853 0.036, -1.7697 0.6262 1.5861, -1.7697 0.6302 1.5766
            ]
        }
        coordIndex [
            0,1,2,-1,2,1,3,-1,4,5,6,-1,7,0,6,-1,6,0,2,-1,6,2,4,-1,5,4,8,-1,8,4,9,-1,8,9,10,-1,10,9,11,-1,9,12,11,-1,11,12,13,-1,12,14,13,-1,13,14,15,-1,14,16,15,-1,15,16,17,-1,18,19,20,-1,20,19,21,-1,22,23,24,-1,24,23,25,-1,26,27,28,-1,28,27,29,-1,28,30,26,-1,26,30,31,-1,30,32,31,-1,31,32,33,-1,34,35,36,-1,36,35,37,-1,38,39,40,-1,38,40,41,-1,41,40,42,-1,41,42,43,-1,43,42,44,-1,43,44,45,-1,45,44,46,-1,45,46,47,-1,47,46,48,-1,47,48,49,-1,49,48,50,-1,49,50,51,-1,51,50,34,-1,51,34,36,-1,38,52,39,-1,39,52,53,-1,52,54,53,-1,53,54,55,-1,54,56,55,-1,55,56,57,-1,58,59,60,-1,60,59,61,-1,62,63,64,-1,64,63,65,-1,54,2,3,-1,25,66,9,-1,9,66,67,-1,67,20,9,-1,9,20,21,-1,9,21,68,-1,2,54,4,-1,28,29,9,-1,9,29,69,-1,9,69,70,-1,14,12,16,-1,16,12,9,-1,16,9,71,-1,71,9,68,-1,70,72,9,-1,9,72,24,-1,9,24,25,-1,9,4,28,-1,28,4,54,-1,28,54,30,-1,30,54,52,-1,30,52,32,-1,32,52,73,-1,3,74,54,-1,54,74,75,-1,54,75,76,-1,77,78,58,-1,58,78,56,-1,58,56,54,-1,76,63,54,-1,54,63,62,-1,54,62,79,-1,41,36,38,-1,38,36,37,-1,38,37,52,-1,52,37,80,-1,52,80,73,-1,45,47,49,-1,79,81,54,-1,54,81,59,-1,54,59,58,-1,41,43,36,-1,36,43,45,-1,36,45,51,-1,51,45,49,-1,13,15,11,-1,11,15,17,-1,65,82,55,-1,55,82,83,-1,55,83,84,-1,84,1,55,-1,55,1,0,-1,55,0,53,-1,53,0,7,-1,53,7,39,-1,39,7,85,-1,39,85,40,-1,40,85,42,-1,86,87,10,-1,10,87,27,-1,10,27,85,-1,19,18,11,-1,11,18,88,-1,11,88,89,-1,90,91,55,-1,55,91,64,-1,55,64,65,-1,34,50,85,-1,85,50,48,-1,89,23,11,-1,11,23,22,-1,11,22,10,-1,10,22,92,-1,10,92,86,-1,27,26,85,-1,85,26,31,-1,85,31,34,-1,34,31,33,-1,34,33,35,-1,35,33,93,-1,35,93,94,-1,17,95,11,-1,11,95,96,-1,11,96,19,-1,97,60,98,-1,98,60,57,-1,57,60,55,-1,55,60,61,-1,55,61,90,-1,48,46,85,-1,85,46,44,-1,85,44,42,-1,21,19,96,-1,21,96,68,-1,68,96,95,-1,68,95,71,-1,71,95,17,-1,71,17,16,-1,25,23,89,-1,25,89,66,-1,66,89,88,-1,66,88,67,-1,67,88,18,-1,67,18,20,-1,29,27,87,-1,29,87,69,-1,69,87,86,-1,69,86,70,-1,70,86,92,-1,70,92,72,-1,72,92,22,-1,72,22,24,-1,3,1,84,-1,3,84,74,-1,74,84,83,-1,74,83,75,-1,75,83,82,-1,75,82,76,-1,76,82,65,-1,76,65,63,-1,62,64,91,-1,62,91,79,-1,79,91,90,-1,79,90,81,-1,81,90,61,-1,81,61,59,-1,58,60,97,-1,58,97,77,-1,77,97,98,-1,77,98,78,-1,78,98,57,-1,78,57,56,-1,37,35,94,-1,37,94,80,-1,80,94,93,-1,80,93,73,-1,73,93,33,-1,73,33,32,-1,
        ]
    }
}
Shape{
    appearance Appearance {
        material  Material 	{
            diffuseColor 1.0 0.9764705882352941 0.9058823529411765
            specularColor 0.5019607843137255 0.48627450980392156 0.45098039215686275
            ambientIntensity 0.9755
            transparency 0.0
            shininess 0.5
        }
    }
    geometry IndexedFaceSet {
        ccw TRUE
        solid FALSE
        coord DEF co Coordinate {
            point [
                -1.8406 -0.0083 0.3622, -1.8406 -0.0083 1.6078, -1.8406 -0.3276 0.3622, -1.8406 -0.3276 1.6078, -1.7697 -0.0083 0.3622, -1.7697 -0.0083 1.6078, -1.7697 -0.3276 0.3622
            ]
        }
        coordIndex [
            0,1,2,-1,2,1,3,-1,4,5,0,-1,0,5,1,-1,4,0,6,-1,6,0,2,-1,
        ]
    }
}
Shape{
    appearance Appearance {
        material  Material 	{
            diffuseColor 0.7529411764705882 0.7529411764705882 0.7529411764705882
            specularColor 0.3764705882352941 0.3764705882352941 0.3764705882352941
            ambientIntensity 0.7529
            transparency 0.0
            shininess 0.5
        }
    }
    geometry IndexedFaceSet {
        ccw TRUE
        solid FALSE
        coord DEF co Coordinate {
            point [
                1.7697 0.4231 1.6499, 1.7697 0.3811 1.6078, 1.8484 0.4231 1.6499, 1.8484 0.3811 1.6078, 1.8406 -0.3276 1.6078, 1.8484 -0.3276 1.6078, 1.8406 -0.0083 1.6078, 1.7697 -0.0083 1.6078, 1.8406 -0.3276 0.3622, 1.7697 -0.3276 0.3622, 1.7697 -0.3276 0.315, 1.8484 -0.3276 0.315, 1.8484 -0.4118 0.315, 1.7697 -0.4118 0.315, 1.8484 -0.4906 0.2362, 1.7697 -0.4906 0.2362, 1.8484 -0.4906 0.0557, 1.7697 -0.4906 0.0557, 1.7697 -0.479 0.0278, 1.7697 -0.4627 0.0115, 1.8484 -0.479 0.0278, 1.8484 -0.4627 0.0115, 1.7697 -0.4349 0.0, 1.7697 0.047 0.0, 1.8484 -0.4349 0.0, 1.8484 0.047 0.0, 1.7697 0.0748 0.0115, 1.7697 0.0842 0.0209, 1.8484 0.0748 0.0115, 1.8484 0.0842 0.0209, 1.8484 0.163 0.0209, 1.7697 0.163 0.0209, 1.8484 0.1698 0.0158, 1.7697 0.1698 0.0158, 1.7697 0.1935 0.0079, 1.7697 0.5331 0.0079, 1.8484 0.1935 0.0079, 1.8484 0.5331 0.0079, 1.7697 0.5418 0.0089, 1.8484 0.5418 0.0089, 1.7697 0.5502 0.0118, 1.8484 0.5502 0.0118, 1.7697 0.5576 0.0165, 1.8484 0.5576 0.0165, 1.7697 0.5639 0.0227, 1.8484 0.5639 0.0227, 1.7697 0.5685 0.0302, 1.8484 0.5685 0.0302, 1.7697 0.5715 0.0385, 1.8484 0.5715 0.0385, 1.7697 0.5724 0.0472, 1.8484 0.5724 0.0472, 1.8484 0.5724 0.948, 1.7697 0.5724 0.948, 1.8484 0.6315 1.1102, 1.7697 0.6315 1.1102, 1.8484 0.6315 1.5664, 1.7697 0.6315 1.5664, 1.8484 0.5643 1.6499, 1.8484 0.62 1.5942, 1.7697 0.5643 1.6499, 1.7697 0.62 1.5942, 1.8484 0.451 1.6614, 1.8484 0.5364 1.6614, 1.7697 0.451 1.6614, 1.7697 0.5364 1.6614, 1.8484 -0.4546 0.0053, 1.8484 -0.4451 0.0013, 1.8484 0.0547 0.0008, 1.8484 0.0621 0.003, 1.8484 -0.4892 0.0455, 1.8484 -0.4853 0.036, 1.8484 0.4359 1.6584, 1.8484 0.4433 1.6607, 1.8484 0.4291 1.6548, 1.8484 0.5561 1.6561, 1.8484 0.5466 1.6601, 1.8484 0.0689 0.0066, 1.8484 0.1771 0.0115, 1.8484 0.6302 1.5766, 1.8484 0.6262 1.5861, 1.8484 0.1851 0.0088, 1.7697 -0.0083 0.3622, 1.7697 -0.4451 0.0013, 1.7697 -0.4546 0.0053, 1.7697 -0.4853 0.036, 1.7697 -0.4892 0.0455, 1.7697 0.0689 0.0066, 1.7697 0.1851 0.0088, 1.7697 0.0621 0.003, 1.7697 0.0547 0.0008, 1.7697 0.4291 1.6548, 1.7697 0.4359 1.6584, 1.7697 0.4433 1.6607, 1.7697 0.1771 0.0115, 1.7697 0.5466 1.6601, 1.7697 0.5561 1.6561, 1.7697 0.6262 1.5861, 1.7697 0.6302 1.5766
            ]
        }
        coordIndex [
            0,1,2,-1,2,1,3,-1,4,5,6,-1,6,5,3,-1,6,3,7,-1,7,3,1,-1,5,4,8,-1,9,10,8,-1,8,10,11,-1,8,11,5,-1,12,11,13,-1,13,11,10,-1,14,12,15,-1,15,12,13,-1,16,14,17,-1,17,14,15,-1,18,19,20,-1,20,19,21,-1,22,23,24,-1,24,23,25,-1,26,27,28,-1,28,27,29,-1,30,29,31,-1,31,29,27,-1,32,30,33,-1,33,30,31,-1,34,35,36,-1,36,35,37,-1,37,35,38,-1,37,38,39,-1,39,38,40,-1,39,40,41,-1,41,40,42,-1,41,42,43,-1,43,42,44,-1,43,44,45,-1,45,44,46,-1,45,46,47,-1,47,46,48,-1,47,48,49,-1,49,48,50,-1,49,50,51,-1,52,51,53,-1,53,51,50,-1,54,52,55,-1,55,52,53,-1,56,54,57,-1,57,54,55,-1,58,59,60,-1,60,59,61,-1,62,63,64,-1,64,63,65,-1,20,21,11,-1,54,3,5,-1,12,14,11,-1,11,14,16,-1,21,66,11,-1,11,66,67,-1,11,67,24,-1,24,25,11,-1,11,25,68,-1,11,68,69,-1,16,70,11,-1,11,70,71,-1,11,71,20,-1,72,54,73,-1,73,54,62,-1,72,74,54,-1,54,74,2,-1,54,2,3,-1,75,76,54,-1,54,76,63,-1,54,63,62,-1,69,77,11,-1,11,77,28,-1,11,28,5,-1,5,28,29,-1,5,29,54,-1,54,29,30,-1,54,30,52,-1,52,30,32,-1,52,32,78,-1,79,80,56,-1,56,80,59,-1,56,59,54,-1,54,59,58,-1,54,58,75,-1,78,81,52,-1,52,81,36,-1,52,36,51,-1,51,36,37,-1,51,37,49,-1,41,43,45,-1,41,45,39,-1,39,45,37,-1,37,45,47,-1,37,47,49,-1,31,27,82,-1,22,83,10,-1,10,83,84,-1,84,19,10,-1,10,19,18,-1,10,18,85,-1,55,53,7,-1,7,53,82,-1,15,13,17,-1,17,13,10,-1,17,10,86,-1,86,10,85,-1,82,27,9,-1,9,27,26,-1,9,26,87,-1,82,34,88,-1,87,89,9,-1,9,89,90,-1,9,90,10,-1,10,90,23,-1,10,23,22,-1,7,1,55,-1,55,1,0,-1,55,0,91,-1,91,92,55,-1,55,92,93,-1,55,93,64,-1,88,94,82,-1,82,94,33,-1,82,33,31,-1,53,50,82,-1,82,50,48,-1,82,48,46,-1,46,44,82,-1,82,44,42,-1,82,42,40,-1,40,38,82,-1,82,38,35,-1,82,35,34,-1,64,65,55,-1,55,65,95,-1,55,95,96,-1,96,60,55,-1,55,60,61,-1,55,61,57,-1,57,61,97,-1,57,97,98,-1,16,17,86,-1,16,86,70,-1,70,86,85,-1,70,85,71,-1,71,85,18,-1,71,18,20,-1,21,19,84,-1,21,84,66,-1,66,84,83,-1,66,83,67,-1,67,83,22,-1,67,22,24,-1,25,23,90,-1,25,90,68,-1,68,90,89,-1,68,89,69,-1,69,89,87,-1,69,87,77,-1,77,87,26,-1,77,26,28,-1,62,64,93,-1,62,93,73,-1,73,93,92,-1,73,92,72,-1,72,92,91,-1,72,91,74,-1,74,91,0,-1,74,0,2,-1,58,60,96,-1,58,96,75,-1,75,96,95,-1,75,95,76,-1,76,95,65,-1,76,65,63,-1,56,57,98,-1,56,98,79,-1,79,98,97,-1,79,97,80,-1,80,97,61,-1,80,61,59,-1,32,33,94,-1,32,94,78,-1,78,94,88,-1,78,88,81,-1,81,88,34,-1,81,34,36,-1,
        ]
    }
}
Shape{
    appearance Appearance {
        material  Material 	{
            diffuseColor 1.0 0.9764705882352941 0.9058823529411765
            specularColor 0.5019607843137255 0.48627450980392156 0.45098039215686275
            ambientIntensity 0.9755
            transparency 0.0
            shininess 0.5
        }
    }
    geometry IndexedFaceSet {
        ccw TRUE
        solid FALSE
        coord DEF co Coordinate {
            point [
                1.8406 -0.3276 0.3622, 1.8406 -0.3276 1.6078, 1.8406 -0.0083 0.3622, 1.8406 -0.0083 1.6078, 1.7697 -0.0083 0.3622, 1.7697 -0.0083 1.6078, 1.7697 -0.3276 0.3622, 0.0338 -0.6087 1.5967, 0.0338 -0.6087 1.5257, 0.0656 -0.6087 1.5257, 0.2669 -0.6087 1.5687, 0.2683 -0.6087 1.5577, 0.2705 -0.6087 1.5974, 1.2412 -0.6087 1.4925, 1.2412 -0.6087 1.5974, 0.3708 -0.6087 1.5974, 2.0374 -0.6087 1.6792, 2.0374 -0.6087 1.7402, 1.2412 -0.6087 1.7402, 0.0983 -0.6087 1.5966, 0.1043 -0.6087 1.5974, 0.0725 -0.6087 1.5974, 1.7697 -0.6087 0.2638, 2.0374 -0.6087 0.2638, 2.0374 -0.6087 1.3572, 0.2705 -0.6087 0.0337, 0.2854 -0.6087 0.0079, 0.2958 -0.6087 0.0079, 0.1601 -0.6087 1.3893, 0.1569 -0.6087 1.3889, 0.1769 -0.6087 1.3889, 0.1416 -0.6087 1.3894, 0.1403 -0.6087 1.3899, 0.1403 -0.6087 1.3889, -0.151 -0.6087 1.6037, -0.1419 -0.6087 1.5974, -0.0094 -0.6087 1.5974, -0.1293 -0.6087 1.5886, -0.1093 -0.6087 1.5651, -0.0467 -0.6087 1.4925, -0.0094 -0.6087 1.4925, -0.0517 -0.6087 1.505, -0.0633 -0.6087 1.5212, -0.0788 -0.6087 1.5342, -0.0985 -0.6087 1.5436, -0.0957 -0.6087 1.5426, -0.2067 -0.6087 1.6182, -0.1792 -0.6087 1.6148, -0.0094 -0.6087 1.6792, -0.2319 -0.6087 1.6154, -2.0374 -0.6087 1.6792, -0.2584 -0.6087 1.606, -0.2727 -0.6087 1.5974, -2.0374 -0.6087 1.5974, -0.275 -0.6087 1.596, -2.0374 -0.6087 1.4925, -0.4039 -0.6087 1.4925, -0.4014 -0.6087 1.5067, -0.3923 -0.6087 1.5272, -0.3786 -0.6087 1.5447, -0.3356 -0.6087 1.5693, -0.3131 -0.6087 1.5721, -0.2884 -0.6087 1.5845, -0.3066 -0.6087 1.5717, -0.3 -0.6087 1.5709, -0.3748 -0.6087 1.5484, -0.3566 -0.6087 1.5611, -0.3639 -0.6087 1.4027, -0.3814 -0.6087 1.4178, -2.0374 -0.6087 1.3889, -0.3945 -0.6087 1.4364, -0.3433 -0.6087 1.3927, -0.3352 -0.6087 1.3889, -0.3359 -0.6087 1.3904, -0.4026 -0.6087 1.4575, -0.4054 -0.6087 1.4798, -0.4052 -0.6087 1.4853, -2.0374 -0.6087 1.3572, -0.3054 -0.6087 1.3572, -0.3106 -0.6087 1.3594, -0.3217 -0.6087 1.3678, -0.3302 -0.6087 1.3782, -1.7697 -0.6087 0.0079, -1.4665 -0.6087 0.0079, -1.7697 -0.6087 0.2638, -1.4272 -0.6087 0.0761, -1.4272 -0.6087 0.2047, -1.0335 -0.6087 0.2047, -1.3287 -0.6087 0.2047, -1.3287 -0.6087 0.0761, -0.2583 -0.6087 1.3572, -0.268 -0.6087 1.3534, -2.0374 -0.6087 0.2638, -0.2975 -0.6087 1.3539, -0.284 -0.6087 1.3518, -0.2818 -0.6087 1.3517, -1.2894 -0.6087 0.0079, -1.0728 -0.6087 0.0079, -1.0335 -0.6087 0.0761, -0.935 -0.6087 0.2047, -0.0094 -0.6087 1.3572, -0.8957 -0.6087 0.0079, -0.6791 -0.6087 0.0079, -0.935 -0.6087 0.0761, -0.6398 -0.6087 0.0761, -0.6398 -0.6087 0.2047, -0.2461 -0.6087 0.2047, -0.1476 -0.6087 0.2047, -0.5413 -0.6087 0.0761, -0.502 -0.6087 0.0079, -0.2854 -0.6087 0.0079, -0.2461 -0.6087 0.0761, -0.5413 -0.6087 0.2047, -0.2285 -0.6087 1.3889, -0.2285 -0.6087 1.3887, -0.2353 -0.6087 1.376, -0.244 -0.6087 1.3662, -0.2554 -0.6087 1.3583, -0.1558 -0.6087 1.4225, -0.1519 -0.6087 1.424, -0.1452 -0.6087 1.4565, -0.2391 -0.6087 1.4468, -0.1628 -0.6087 1.4867, -0.2491 -0.6087 1.4559, -0.2612 -0.6087 1.4623, -0.1593 -0.6087 1.42, -0.0519 -0.6087 1.4307, -0.0632 -0.6087 1.4149, -0.0094 -0.6087 1.3889, -0.0777 -0.6087 1.4734, -0.0804 -0.6087 1.4844, -0.0848 -0.6087 1.4925, -0.3681 -0.6087 1.4925, -0.0448 -0.6087 1.4876, -0.0422 -0.6087 1.469, -0.0448 -0.6087 1.4487, -0.1475 -0.6087 1.4246, -0.1469 -0.6087 1.4246, -0.1452 -0.6087 1.4242, -0.3647 -0.6087 1.4583, -0.3579 -0.6087 1.4467, -0.329 -0.6087 1.4408, -0.3477 -0.6087 1.4362, -0.3353 -0.6087 1.4286, -0.308 -0.6087 1.4597, -0.3196 -0.6087 1.4516, -0.3695 -0.6087 1.481, -0.3688 -0.6087 1.4722, -0.2954 -0.6087 1.4645, -0.2818 -0.6087 1.4662, -0.2749 -0.6087 1.4658, -0.0787 -0.6087 1.4018, -0.0961 -0.6087 1.3933, -0.115 -0.6087 1.3893, -0.1651 -0.6087 1.407, -0.165 -0.6087 1.4092, -0.2249 -0.6087 1.4144, -0.1638 -0.6087 1.4135, -0.1616 -0.6087 1.4174, -0.089 -0.6087 1.4383, -0.0827 -0.6087 1.4472, -0.0788 -0.6087 1.4574, -0.0774 -0.6087 1.4684, -0.1486 -0.6087 1.3893, -0.1518 -0.6087 1.3898, -0.1556 -0.6087 1.3913, -0.1593 -0.6087 1.3939, -0.1606 -0.6087 1.3953, -0.1631 -0.6087 1.3989, -0.1646 -0.6087 1.4027, -0.2252 -0.6087 1.4028, -0.2249 -0.6087 1.4087, -0.1441 -0.6087 1.424, -0.1184 -0.6087 1.424, -0.1082 -0.6087 1.426, -0.0982 -0.6087 1.4306, -0.0898 -0.6087 1.4375, -0.1387 -0.6087 1.547, -0.1515 -0.6087 1.5624, -0.2824 -0.6087 1.5294, -0.153 -0.6087 1.5637, -0.169 -0.6087 1.5748, -0.2737 -0.6087 1.5474, -0.2865 -0.6087 1.5316, -0.2992 -0.6087 1.5362, -0.0857 -0.6087 1.4942, -0.0923 -0.6087 1.5015, -0.1219 -0.6087 1.5128, -0.1011 -0.6087 1.5077, -0.111 -0.6087 1.5115, -0.1264 -0.6087 1.5128, -0.1299 -0.6087 1.5287, -0.3325 -0.6087 1.5343, -0.3452 -0.6087 1.5275, -0.3185 -0.6087 1.5376, -0.355 -0.6087 1.5188, -0.3629 -0.6087 1.5074, -0.2609 -0.6087 1.5626, -0.1868 -0.6087 1.5816, -0.2457 -0.6087 1.5738, -0.2061 -0.6087 1.584, -0.2271 -0.6087 1.5813, -0.3126 -0.6087 1.5379, -0.3678 -0.6087 1.4947, 0.2864 -0.6087 1.4604, 0.2882 -0.6087 1.3987, 0.2958 -0.6087 1.4925, 0.2958 -0.6087 1.3889, 0.2882 -0.6087 1.3896, 0.2705 -0.6087 1.3889, 0.2705 -0.6087 1.4348, 0.2841 -0.6087 1.4348, 0.2841 -0.6087 1.4257, 0.2705 -0.6087 1.3987, 0.2705 -0.6087 1.4257, 0.2555 -0.6087 1.4257, 0.2555 -0.6087 1.3987, 0.2705 -0.6087 1.4604, 0.2555 -0.6087 1.4604, 0.2555 -0.6087 1.4348, 0.2705 -0.6087 1.3896, 0.2452 -0.6087 1.3896, 0.2115 -0.6087 1.3889, 0.2344 -0.6087 1.4468, 0.2056 -0.6087 1.4038, 0.2069 -0.6087 1.3991, 0.2071 -0.6087 1.3991, 0.1955 -0.6087 1.4925, 0.2452 -0.6087 1.4697, 0.2705 -0.6087 1.4925, 0.2705 -0.6087 1.4697, 0.2864 -0.6087 1.4697, 0.2076 -0.6087 1.401, 0.2083 -0.6087 1.4037, 0.1955 -0.6087 1.4329, 0.224 -0.6087 1.4468, 0.1356 -0.6087 1.402, 0.1255 -0.6087 1.4925, 0.1255 -0.6087 1.3889, 0.1356 -0.6087 1.3916, 0.1398 -0.6087 1.3994, 0.1403 -0.6087 1.3992, 0.1403 -0.6087 1.4205, 0.1385 -0.6087 1.4223, 0.1372 -0.6087 1.4244, 0.1361 -0.6087 1.4274, 0.1357 -0.6087 1.4313, 0.1361 -0.6087 1.4349, 0.1402 -0.6087 1.4206, 0.1403 -0.6087 1.3572, 0.1511 -0.6087 1.3882, 0.1455 -0.6087 1.3889, 0.1715 -0.6087 1.4455, 0.1715 -0.6087 1.4358, 0.1421 -0.6087 1.4435, 0.1455 -0.6087 1.4455, 0.1403 -0.6087 1.4925, 0.1373 -0.6087 1.4382, 0.1391 -0.6087 1.4409, 0.1403 -0.6087 1.4419, 0.1738 -0.6087 1.4011, 0.1725 -0.6087 1.3979, 0.1707 -0.6087 1.3953, 0.1511 -0.6087 1.4474, 0.158 -0.6087 1.4481, 0.1769 -0.6087 1.4925, 0.165 -0.6087 1.4475, 0.1709 -0.6087 1.4146, 0.1728 -0.6087 1.4118, 0.1738 -0.6087 1.4089, 0.1742 -0.6087 1.4051, 0.1678 -0.6087 1.3928, 0.1654 -0.6087 1.3913, 0.157 -0.6087 1.4399, 0.154 -0.6087 1.4397, 0.146 -0.6087 1.4322, 0.1513 -0.6087 1.439, 0.1491 -0.6087 1.4378, 0.1461 -0.6087 1.4309, 0.1465 -0.6087 1.4294, 0.1472 -0.6087 1.428, 0.1482 -0.6087 1.4269, 0.1517 -0.6087 1.4247, 0.1633 -0.6087 1.4393, 0.158 -0.6087 1.422, 0.169 -0.6087 1.4372, 0.1618 -0.6087 1.4204, 0.1685 -0.6087 1.4167, 0.1476 -0.6087 1.4365, 0.1467 -0.6087 1.4352, 0.1462 -0.6087 1.4338, 0.1461 -0.6087 1.3971, 0.1509 -0.6087 1.4147, 0.1449 -0.6087 1.4175, 0.1521 -0.6087 1.3964, 0.1526 -0.6087 1.3964, 0.1575 -0.6087 1.412, 0.1577 -0.6087 1.397, 0.164 -0.6087 1.4042, 0.1639 -0.6087 1.4054, 0.1603 -0.6087 1.398, 0.1612 -0.6087 1.3985, 0.1624 -0.6087 1.3995, 0.1632 -0.6087 1.4008, 0.1637 -0.6087 1.4022, 0.1634 -0.6087 1.407, 0.1626 -0.6087 1.4083, 0.1614 -0.6087 1.4096, 0.3252 -0.6087 1.5385, 0.2958 -0.6087 1.5385, 0.3333 -0.6087 1.5166, 0.3448 -0.6087 1.5166, 0.3708 -0.6087 1.4925, 0.3143 -0.6087 1.5967, 0.2727 -0.6087 1.5166, 0.2841 -0.6087 1.5166, 0.2918 -0.6087 1.5385, 0.1861 -0.6087 1.5875, 0.1955 -0.6087 1.5974, 0.1861 -0.6087 1.5967, 0.1769 -0.6087 1.5974, 0.1769 -0.6087 1.5967, 0.1839 -0.6087 1.5618, 0.1839 -0.6087 1.5527, 0.188 -0.6087 1.5257, 0.1769 -0.6087 1.5257, 0.1769 -0.6087 1.5527, 0.1552 -0.6087 1.5527, 0.1552 -0.6087 1.5257, 0.1769 -0.6087 1.5875, 0.1769 -0.6087 1.5618, 0.1552 -0.6087 1.5875, 0.1552 -0.6087 1.5618, 0.1449 -0.6087 1.5166, 0.1769 -0.6087 1.5166, 0.188 -0.6087 1.5166, 0.1449 -0.6087 1.5967, 0.1403 -0.6087 1.5974, 0.502 -0.6087 0.0079, 0.5413 -0.6087 0.0761, 0.3708 -0.6087 0.0079, 0.5413 -0.6087 0.2047, 0.935 -0.6087 0.2047, 1.0335 -0.6087 0.2047, 1.2412 -0.6087 1.3572, 0.6791 -0.6087 0.0079, 0.8957 -0.6087 0.0079, 0.6398 -0.6087 0.0761, 0.935 -0.6087 0.0761, 0.6398 -0.6087 0.2047, 0.1955 -0.6087 0.2047, 0.2461 -0.6087 0.2047, 0.2705 -0.6087 1.3572, 0.1403 -0.6087 0.0633, 0.1476 -0.6087 0.0761, 0.1476 -0.6087 0.2047, 0.0725 -0.6087 1.3572, 0.1255 -0.6087 0.0376, 0.1255 -0.6087 1.3572, 0.1769 -0.6087 1.3572, 1.2894 -0.6087 0.0079, 1.3287 -0.6087 0.0761, 1.2412 -0.6087 0.0079, 1.3287 -0.6087 0.2047, 1.4665 -0.6087 0.0079, 1.7697 -0.6087 0.0079, 1.4272 -0.6087 0.0761, 1.4272 -0.6087 0.2047, 1.0728 -0.6087 0.0079, 1.0335 -0.6087 0.0761, 0.1255 -0.6087 1.5186, 0.1275 -0.6087 1.5192, 0.1289 -0.6087 1.5199, 0.1289 -0.6087 1.5298, 0.1199 -0.6087 1.5875, 0.11 -0.6087 1.5887, 0.1255 -0.6087 1.5283, 0.1289 -0.6087 1.5839, 0.128 -0.6087 1.5844, 0.1255 -0.6087 1.5854, 0.1061 -0.6087 1.5885, 0.0992 -0.6087 1.587, 0.093 -0.6087 1.5839, 0.0811 -0.6087 1.5667, 0.0798 -0.6087 1.5557, 0.1082 -0.6087 1.5245, 0.0882 -0.6087 1.5798, 0.0876 -0.6087 1.5792, 0.121 -0.6087 1.5263, 0.1119 -0.6087 1.5246, 0.0838 -0.6087 1.5737, 0.0799 -0.6087 1.552, 0.0813 -0.6087 1.5441, 0.084 -0.6087 1.5378, 0.0876 -0.6087 1.5329, 0.09 -0.6087 1.5307, 0.1013 -0.6087 1.5252, 0.0954 -0.6087 1.5272, 0.1185 -0.6087 1.5974, 0.1204 -0.6087 1.5972, 0.1255 -0.6087 1.5974, 0.1255 -0.6087 1.5957, 0.1289 -0.6087 1.5948, 0.0747 -0.6087 1.5787, 0.0805 -0.6087 1.5862, 0.0825 -0.6087 1.5881, 0.09 -0.6087 1.5934, 0.0725 -0.6087 1.3889, 0.0725 -0.6087 1.4925, 0.0677 -0.6087 1.4925, 0.0725 -0.6087 1.537, 0.0677 -0.6087 1.5974, 0.0709 -0.6087 1.5698, 0.0725 -0.6087 1.5736, 0.0705 -0.6087 1.5421, 0.0689 -0.6087 1.5551, 0.0691 -0.6087 1.5593, 0.0932 -0.6087 1.5173, 0.0856 -0.6087 1.5208, 0.0792 -0.6087 1.5262, 0.0785 -0.6087 1.5269, 0.0738 -0.6087 1.5337, 0.1189 -0.6087 1.5164, 0.1067 -0.6087 1.5153, 0.1019 -0.6087 1.5155, 0.0803 -0.6087 1.4171, 0.0817 -0.6087 1.433, 0.0783 -0.6087 1.4142, 0.0768 -0.6087 1.4107, 0.0778 -0.6087 1.3969, 0.0766 -0.6087 1.4003, 0.0998 -0.6087 1.3889, 0.0998 -0.6087 1.3889, 0.112 -0.6087 1.3896, 0.112 -0.6087 1.3984, 0.1117 -0.6087 1.3984, 0.1093 -0.6087 1.395, 0.0844 -0.6087 1.3904, 0.0882 -0.6087 1.3889, 0.0884 -0.6087 1.3889, 0.1077 -0.6087 1.4475, 0.1118 -0.6087 1.4462, 0.106 -0.6087 1.3919, 0.1038 -0.6087 1.3905, 0.0835 -0.6087 1.4197, 0.0879 -0.6087 1.4219, 0.0875 -0.6087 1.4368, 0.0951 -0.6087 1.4236, 0.1038 -0.6087 1.4396, 0.1004 -0.6087 1.4399, 0.0937 -0.6087 1.4392, 0.081 -0.6087 1.3927, 0.0799 -0.6087 1.3939, 0.1151 -0.6087 1.4442, 0.1178 -0.6087 1.4416, 0.1198 -0.6087 1.4383, 0.0817 -0.6087 1.4428, 0.0837 -0.6087 1.444, 0.0912 -0.6087 1.4469, 0.1014 -0.6087 1.4481, 0.0761 -0.6087 1.4049, 0.0761 -0.6087 1.4065, 0.112 -0.6087 1.4259, 0.1117 -0.6087 1.4304, 0.1106 -0.6087 1.4339, 0.1094 -0.6087 1.436, 0.1213 -0.6087 1.4336, 0.122 -0.6087 1.4264, 0.122 -0.6087 1.3896, 0.1079 -0.6087 1.4376, 0.1061 -0.6087 1.4388, 0.1955 -0.6087 1.3889, 0.1955 -0.6087 1.4059, 0.1795 -0.6087 1.4468, 0.1907 -0.6087 1.4468, 0.2019 -0.6087 1.3897, 0.2016 -0.6087 1.3889, 0.1975 -0.6087 1.3793, 0.1815 -0.6087 1.3635, 0.1815 -0.6087 1.3724, 0.1955 -0.6087 1.3572, 0.1921 -0.6087 1.3631, 0.188 -0.6087 1.3627, 0.1936 -0.6087 1.3736, 0.1955 -0.6087 1.3757, 0.1955 -0.6087 1.3757, 0.1836 -0.6087 1.3717, 0.1872 -0.6087 1.3713, 0.1858 -0.6087 1.3627, 0.1898 -0.6087 1.3716, 0.192 -0.6087 1.3724, 0.1995 -0.6087 1.3671, 0.196 -0.6087 1.3646, 0.1955 -0.6087 1.3644, 0.2084 -0.6087 1.381, 0.2039 -0.6087 1.3721, 0.2002 -0.6087 1.3677, 0.1769 -0.6087 0.2047, 2.0374 -0.6087 1.5974, 2.0374 -0.6087 1.4925, 2.0374 -0.6087 1.3889, 1.2412 -0.6087 1.3889, 0.3844 -0.6087 1.3896, 0.373 -0.6087 1.3896, 0.3708 -0.6087 1.3889, 0.4336 -0.6087 1.3896, 0.4254 -0.6087 1.4115, 0.3921 -0.6087 1.4115, 0.4035 -0.6087 1.4697, 0.4145 -0.6087 1.4697, 0.445 -0.6087 1.3896, 0.2958 -0.6087 1.5974, 0.3032 -0.6087 1.5967, 0.2958 -0.6087 1.5772, 0.3708 -0.6087 1.3572, 0.2958 -0.6087 1.3572, 0.2461 -0.6087 0.0761, 0.3643 -0.6087 1.4493, 0.3672 -0.6087 1.4417, 0.3685 -0.6087 1.4306, 0.3683 -0.6087 1.4255, 0.3664 -0.6087 1.4162, 0.3624 -0.6087 1.4079, 0.3565 -0.6087 1.4008, 0.3481 -0.6087 1.3948, 0.339 -0.6087 1.3912, 0.3254 -0.6087 1.3896, 0.3034 -0.6087 1.3896, 0.3034 -0.6087 1.4697, 0.3262 -0.6087 1.4697, 0.3384 -0.6087 1.4683, 0.3481 -0.6087 1.4648, 0.3565 -0.6087 1.4591, 0.3593 -0.6087 1.4563, 0.2031 -0.6087 1.5166, 0.264 -0.6087 1.5763, 0.268 -0.6087 1.5526, 0.2661 -0.6087 1.5432, 0.2622 -0.6087 1.5349, 0.2562 -0.6087 1.5278, 0.2478 -0.6087 1.5218, 0.2387 -0.6087 1.5183, 0.2251 -0.6087 1.5166, 0.2031 -0.6087 1.5967, 0.2259 -0.6087 1.5967, 0.2382 -0.6087 1.5953, 0.2478 -0.6087 1.5918, 0.2562 -0.6087 1.5861, 0.259 -0.6087 1.5833, 0.0942 -0.6087 1.3882, 0.1255 -0.6087 1.6792, 0.1403 -0.6087 1.6792, 0.1769 -0.6087 1.6792, 0.1955 -0.6087 1.6792, 0.2705 -0.6087 1.6792, 0.2958 -0.6087 1.6792, 0.3708 -0.6087 1.6792, 1.2412 -0.6087 1.6792, 0.0677 -0.6087 1.3572, 0.0677 -0.6087 0.0079, 0.0725 -0.6087 0.0079, -0.1476 -0.6087 0.0761, -0.1083 -0.6087 0.0079, -0.0094 -0.6087 0.0079, 0.0665 -0.6087 1.3987, 0.0665 -0.6087 1.3896, 0.0677 -0.6087 1.3889, 0.0234 -0.6087 1.3896, 0.0647 -0.6087 1.4604, 0.1083 -0.6087 0.0079, 0.0234 -0.6087 1.4697, 0.0647 -0.6087 1.4697, 0.0338 -0.6087 1.4257, 0.0338 -0.6087 1.3987, 0.0624 -0.6087 1.4257, 0.0624 -0.6087 1.4348, 0.0338 -0.6087 1.4348, 0.0338 -0.6087 1.4604, 0.0234 -0.6087 1.5166, 0.0234 -0.6087 1.5967, 0.0656 -0.6087 1.5166, 0.0677 -0.6087 1.6792, 0.0725 -0.6087 1.6792, 0.1099 -0.6087 1.598, 0.3708 -0.6087 1.7402, 0.2958 -0.6087 1.7402, 0.2705 -0.6087 1.7402, 0.1955 -0.6087 1.7402, 0.1769 -0.6087 1.7402, 0.1403 -0.6087 1.7402, 0.1255 -0.6087 1.7402, 0.0725 -0.6087 1.7402, 0.0677 -0.6087 1.7402, -0.0094 -0.6087 1.7402, -2.0374 -0.6087 1.7402, 0.6299 0.3192 0.3622, 0.7874 0.3573 0.3622, 0.3937 0.3573 0.3622, -0.5512 0.3192 0.3622, -0.3937 0.3573 0.3622, -0.7874 0.3573 0.3622, -1.3386 0.3192 0.3622, -1.1811 0.3573 0.3622, -1.5728 0.3573 0.3622, 1.5443 0.027 0.3622, 1.5443 -0.4118 0.3622, 1.5728 -0.2543 0.3622, 1.5728 -0.4118 0.3622, -1.7224 -0.0083 0.3622, -1.7224 -0.2543 0.3622, -1.5728 -0.2543 0.3622, -1.5728 -0.0083 0.3622, -1.4173 -0.2543 0.3622, -1.5728 0.027 0.3622, -1.4173 -0.0969 0.3622, -1.1811 0.027 0.3622, -1.3386 -0.0969 0.3622, -1.1811 -0.4118 0.3622, -1.3386 -0.2543 0.3622, -1.5728 -0.4118 0.3622, -1.3386 0.1509 0.3622, -1.4173 0.1509 0.3622, -1.4173 0.3192 0.3622, 1.5728 0.3573 0.3622, 1.5728 0.3953 0.3622, 1.5443 0.3953 0.3622, 1.6713 -0.2543 0.3622, 1.6713 -0.0083 0.3622, 1.5728 -0.0083 0.3622, 1.5728 0.027 0.3622, 1.5443 0.3573 0.3622, -1.0236 -0.0969 0.3622, -1.0236 -0.2543 0.3622, -0.9449 -0.2543 0.3622, -0.7874 -0.4118 0.3622, -0.9449 -0.0969 0.3622, -0.7874 0.027 0.3622, -0.6299 -0.0969 0.3622, -0.6299 -0.2543 0.3622, -0.5512 -0.2543 0.3622, -0.3937 -0.4118 0.3622, -0.5512 -0.0969 0.3622, -0.3937 0.027 0.3622, -0.2362 -0.0969 0.3622, -0.2362 -0.2543 0.3622, -0.1575 -0.2543 0.3622, 0.0 -0.4118 0.3622, -0.1575 -0.0969 0.3622, 0.0 0.027 0.3622, 0.1575 -0.2543 0.3622, 0.2362 -0.2543 0.3622, 0.3937 -0.4118 0.3622, 0.2362 -0.0969 0.3622, 0.3937 0.027 0.3622, 0.1575 -0.0969 0.3622, 0.5512 -0.2543 0.3622, 0.6299 -0.2543 0.3622, 0.7874 -0.4118 0.3622, 0.6299 -0.0969 0.3622, 0.7874 0.027 0.3622, 0.5512 -0.0969 0.3622, 0.9449 -0.0969 0.3622, 0.9449 -0.2543 0.3622, 1.0236 -0.2543 0.3622, 1.1811 -0.4118 0.3622, 1.0236 -0.0969 0.3622, 1.1811 0.027 0.3622, 1.3386 -0.0969 0.3622, 1.3386 -0.2543 0.3622, 1.4173 -0.2543 0.3622, 1.4173 -0.0969 0.3622, -1.0236 0.3192 0.3622, -1.0236 0.1509 0.3622, -0.9449 0.1509 0.3622, -0.9449 0.3192 0.3622, -0.5512 0.1509 0.3622, -0.6299 0.1509 0.3622, -0.6299 0.3192 0.3622, -0.2362 0.3192 0.3622, -0.2362 0.1509 0.3622, -0.1575 0.1509 0.3622, -0.1575 0.3192 0.3622, 0.0 0.3573 0.3622, 0.1575 0.3192 0.3622, 0.1575 0.1509 0.3622, 0.2362 0.1509 0.3622, 0.2362 0.3192 0.3622, 0.6299 0.1509 0.3622, 0.5512 0.1509 0.3622, 0.5512 0.3192 0.3622, 0.9449 0.3192 0.3622, 0.9449 0.1509 0.3622, 1.0236 0.1509 0.3622, 1.0236 0.3192 0.3622, 1.1811 0.3573 0.3622, 1.3386 0.3192 0.3622, 1.3386 0.1509 0.3622, 1.4173 0.1509 0.3622, 1.4173 0.3192 0.3622, 1.1811 0.3953 0.3622, 0.7874 0.3953 0.3622, 0.3937 0.3953 0.3622, 0.0 0.3953 0.3622, -0.3937 0.3953 0.3622, -0.7874 0.3953 0.3622, -1.1811 0.3953 0.3622, -1.5728 0.3953 0.3622, 1.5728 -0.0083 1.6811, 1.6713 -0.0083 1.6811, 1.6713 -0.2543 1.6811, 1.5728 -0.2543 1.6811, -1.7224 -0.0083 1.6811, -1.5728 -0.0083 1.6811, -1.5728 -0.2543 1.6811, -1.7224 -0.2543 1.6811, 1.5728 -0.4118 1.6811, -1.5728 -0.4118 1.6811, -1.8681 0.3953 0.2638, -2.0374 0.3953 0.2638, -1.8681 0.3953 1.6417, -2.0374 0.3953 1.7402, -1.7697 0.3953 1.6417, -1.7697 0.3953 1.7402, -1.7697 -0.5102 0.2638, -1.8681 -0.5102 0.2638, -1.0728 0.5528 0.0079, -1.2894 0.5528 0.0079, -0.6791 0.5528 0.0079, -0.8957 0.5528 0.0079, -0.2854 0.5528 0.0079, -0.502 0.5528 0.0079, 0.1083 0.5528 0.0079, -0.1083 0.5528 0.0079, 0.2854 0.5528 0.0079, 0.502 0.5528 0.0079, 0.8957 0.5528 0.0079, 0.6791 0.5528 0.0079, 1.0728 0.5528 0.0079, 1.2894 0.5528 0.0079, -1.0335 0.5528 0.0761, -1.0335 0.5528 0.2047, -1.1811 0.5528 0.2047, -1.3287 0.5528 0.2047, -1.3287 0.5528 0.0761, -0.6398 0.5528 0.2047, -0.6398 0.5528 0.0761, -0.7874 0.5528 0.2047, -0.935 0.5528 0.0761, -0.935 0.5528 0.2047, -0.2461 0.5528 0.2047, -0.2461 0.5528 0.0761, -0.3937 0.5528 0.2047, -0.5413 0.5528 0.0761, -0.5413 0.5528 0.2047, 0.1476 0.5528 0.0761, 0.1476 0.5528 0.2047, 0.0 0.5528 0.2047, -0.1476 0.5528 0.2047, -0.1476 0.5528 0.0761, 0.5413 0.5528 0.2047, 0.5413 0.5528 0.0761, 0.3937 0.5528 0.2047, 0.2461 0.5528 0.0761, 0.2461 0.5528 0.2047, 0.935 0.5528 0.0761, 0.935 0.5528 0.2047, 0.7874 0.5528 0.2047, 0.6398 0.5528 0.2047, 0.6398 0.5528 0.0761, 1.3287 0.5528 0.2047, 1.3287 0.5528 0.0761, 1.1811 0.5528 0.2047, 1.0335 0.5528 0.0761, 1.0335 0.5528 0.2047, -1.4665 0.5528 0.0079, -1.7697 0.5528 0.0079, -1.4272 0.5528 0.0761, -1.7697 0.5528 0.2047, -1.4272 0.5528 0.2047, 1.7697 0.5921 0.2047, 1.5935 0.5921 0.2047, 1.7697 0.5921 1.7402, 1.1811 0.5921 0.2047, 0.7874 0.5921 0.2047, 0.3937 0.5921 0.2047, 0.0 0.5921 0.2047, -1.7697 0.5921 1.7402, -0.3937 0.5921 0.2047, -0.7874 0.5921 0.2047, -1.1811 0.5921 0.2047, -1.7697 0.5921 0.2047, 1.4665 0.5528 0.0079, 1.7697 0.5528 0.0079, 1.7303 -0.3134 1.7402, 1.7303 0.0508 1.7402, 2.0374 0.3953 1.7402, 1.6319 0.0508 1.7402, 1.7697 0.3953 1.7402, 1.6319 0.4543 1.7402, -1.6319 0.4543 1.7402, -1.6319 -0.3134 1.7402, -1.7815 -0.3134 1.7402, -1.7815 0.0508 1.7402, -1.6319 0.0508 1.7402, -1.6319 -0.4709 1.7402, 1.6319 -0.4709 1.7402, 1.6319 -0.3134 1.7402, 2.0374 0.3953 0.2638, 1.8681 0.3953 0.2638, 1.8681 -0.5102 0.2638, 1.7697 -0.5102 0.2638, 1.7697 0.3953 1.6417, 1.8681 0.3953 1.6417, 1.7697 -0.4118 1.6417, 1.7697 -0.5102 1.6417, 1.7697 -0.4118 0.3622, 1.7697 0.5528 0.2047, 1.7697 -0.0083 1.6417, -1.7697 -0.5102 1.6417, -1.7697 -0.4118 1.6417, -1.7697 -0.4118 0.3622, -1.7697 -0.0083 0.3622, -1.7697 -0.0083 1.6417, 1.5935 0.5528 0.2047, 1.4272 0.5528 0.2047, 1.4272 0.5528 0.0761, 1.3386 -0.2701 0.2047, 1.3287 0.0349 0.2047, 0.9449 -0.2701 0.2047, 0.935 0.0349 0.2047, 0.5512 -0.2701 0.2047, 0.5413 0.0349 0.2047, -1.4173 -0.2701 0.2047, -1.4272 0.0349 0.2047, -1.4272 0.4557 0.2047, -1.3287 0.4557 0.2047, -1.3287 0.0349 0.2047, -1.3386 0.1509 0.2047, -1.3386 0.3192 0.2047, -1.4173 0.1509 0.2047, -1.4173 0.3192 0.2047, -1.3386 -0.2701 0.2047, -1.3386 -0.0811 0.2047, -1.4173 -0.0811 0.2047, -0.935 0.4557 0.2047, -1.0335 0.4557 0.2047, -0.935 0.0349 0.2047, -0.9449 0.1509 0.2047, -0.9449 0.3192 0.2047, -1.0236 0.1509 0.2047, -1.0335 0.0349 0.2047, -1.0236 0.3192 0.2047, -1.0236 -0.0811 0.2047, -1.0236 -0.2701 0.2047, -0.9449 -0.0811 0.2047, -0.9449 -0.2701 0.2047, -0.5413 0.0349 0.2047, -0.6398 0.0349 0.2047, -0.6299 0.1509 0.2047, -0.6299 0.3192 0.2047, -0.6398 0.4557 0.2047, -0.5512 0.3192 0.2047, -0.5512 0.1509 0.2047, -0.5413 0.4557 0.2047, -0.6299 -0.0811 0.2047, -0.6299 -0.2701 0.2047, -0.5512 -0.0811 0.2047, -0.5512 -0.2701 0.2047, -0.1476 0.0349 0.2047, -0.2461 0.0349 0.2047, -0.2362 0.1509 0.2047, -0.2362 0.3192 0.2047, -0.2461 0.4557 0.2047, -0.1575 0.3192 0.2047, -0.1575 0.1509 0.2047, -0.1476 0.4557 0.2047, -0.2362 -0.0811 0.2047, -0.2362 -0.2701 0.2047, -0.1575 -0.0811 0.2047, -0.1575 -0.2701 0.2047, 0.2461 0.0349 0.2047, 0.1476 0.0349 0.2047, 0.1575 0.1509 0.2047, 0.1575 0.3192 0.2047, 0.1476 0.4557 0.2047, 0.2362 0.3192 0.2047, 0.2362 0.1509 0.2047, 0.2461 0.4557 0.2047, 0.1575 -0.2701 0.2047, 0.2362 -0.2701 0.2047, 0.2362 -0.0811 0.2047, 0.1575 -0.0811 0.2047, 0.6398 0.0349 0.2047, 0.5512 0.1509 0.2047, 0.5512 0.3192 0.2047, 0.5413 0.4557 0.2047, 0.6299 0.3192 0.2047, 0.6299 0.1509 0.2047, 0.6398 0.4557 0.2047, 0.6299 -0.2701 0.2047, 0.6299 -0.0811 0.2047, 0.5512 -0.0811 0.2047, 1.0335 0.4557 0.2047, 0.935 0.4557 0.2047, 1.0335 0.0349 0.2047, 1.0236 0.1509 0.2047, 1.0236 0.3192 0.2047, 0.9449 0.1509 0.2047, 0.9449 0.3192 0.2047, 1.0236 -0.2701 0.2047, 1.0236 -0.0811 0.2047, 0.9449 -0.0811 0.2047, 1.4272 0.4557 0.2047, 1.3287 0.4557 0.2047, 1.4272 0.0349 0.2047, 1.4173 0.1509 0.2047, 1.4173 0.3192 0.2047, 1.3386 0.1509 0.2047, 1.3386 0.3192 0.2047, 1.4173 -0.2701 0.2047, 1.4173 -0.0811 0.2047, 1.3386 -0.0811 0.2047, 1.8681 -0.5102 1.6417, 1.8406 -0.0083 1.6417, 1.8406 -0.4118 1.6417, -1.8406 -0.4118 1.6417, -1.8681 -0.5102 1.6417, -1.8406 -0.0083 1.6417, -1.5728 0.3953 1.6811, 1.5728 0.3953 1.6811, -1.8406 -0.0083 0.3622, -1.8406 -0.4118 0.3622, 1.8406 -0.4118 0.3622
            ]
        }
        coordIndex [
            0,1,2,-1,2,1,3,-1,2,3,4,-1,4,3,5,-1,2,4,0,-1,0,4,6,-1,7,8,9,-1,10,11,12,-1,13,14,15,-1,16,17,18,-1,19,20,21,-1,22,23,24,-1,25,26,27,-1,28,29,30,-1,31,32,33,-1,34,35,36,-1,36,35,37,-1,36,37,38,-1,39,40,41,-1,41,40,36,-1,41,36,42,-1,42,36,43,-1,38,44,36,-1,36,44,45,-1,36,45,43,-1,46,47,48,-1,48,47,34,-1,46,48,49,-1,49,48,50,-1,49,50,51,-1,51,50,52,-1,52,50,53,-1,52,53,54,-1,53,55,56,-1,56,57,53,-1,53,57,58,-1,53,58,59,-1,53,60,54,-1,54,60,61,-1,54,61,62,-1,62,61,63,-1,62,63,64,-1,59,65,53,-1,53,65,66,-1,53,66,60,-1,67,68,69,-1,69,68,70,-1,67,69,71,-1,71,69,72,-1,71,72,73,-1,70,74,69,-1,69,74,75,-1,69,75,55,-1,55,75,76,-1,55,76,56,-1,77,78,69,-1,69,78,79,-1,79,80,69,-1,69,80,81,-1,69,81,72,-1,82,83,84,-1,84,83,85,-1,84,85,86,-1,87,88,89,-1,90,91,86,-1,77,92,78,-1,78,92,84,-1,78,84,93,-1,93,84,94,-1,86,91,84,-1,84,91,95,-1,84,95,94,-1,96,97,89,-1,89,97,98,-1,89,98,87,-1,99,100,87,-1,87,100,90,-1,87,90,88,-1,88,90,86,-1,101,102,103,-1,103,102,104,-1,103,104,105,-1,106,107,100,-1,108,109,110,-1,110,111,108,-1,108,111,106,-1,108,106,112,-1,112,106,100,-1,112,100,105,-1,105,100,99,-1,105,99,103,-1,113,114,100,-1,100,114,115,-1,115,116,100,-1,100,116,117,-1,100,117,90,-1,118,119,120,-1,121,122,123,-1,123,122,124,-1,118,120,125,-1,126,127,128,-1,129,130,122,-1,122,130,131,-1,122,131,132,-1,39,133,40,-1,40,133,134,-1,40,134,128,-1,128,134,135,-1,128,135,126,-1,119,136,120,-1,120,136,137,-1,120,137,138,-1,139,140,141,-1,141,140,142,-1,141,142,143,-1,144,132,145,-1,145,132,146,-1,145,146,141,-1,141,146,147,-1,141,147,139,-1,144,148,132,-1,132,148,149,-1,132,149,122,-1,122,149,150,-1,122,150,124,-1,127,151,128,-1,128,151,152,-1,128,152,153,-1,154,155,156,-1,156,155,157,-1,156,157,120,-1,120,157,158,-1,120,158,125,-1,159,160,120,-1,120,160,161,-1,120,161,122,-1,122,161,162,-1,122,162,129,-1,163,164,113,-1,164,165,113,-1,113,165,166,-1,113,166,167,-1,167,168,113,-1,113,168,169,-1,113,169,170,-1,170,169,154,-1,170,154,171,-1,171,154,156,-1,138,172,120,-1,120,172,173,-1,120,173,174,-1,174,175,120,-1,120,175,176,-1,120,176,159,-1,177,178,179,-1,178,180,179,-1,179,180,181,-1,179,181,182,-1,131,179,132,-1,132,179,183,-1,132,183,184,-1,185,186,187,-1,187,186,188,-1,187,188,189,-1,185,187,131,-1,131,187,190,-1,131,190,179,-1,179,190,191,-1,179,191,177,-1,192,193,194,-1,194,193,195,-1,194,195,196,-1,182,181,197,-1,197,181,198,-1,197,198,199,-1,199,198,200,-1,199,200,201,-1,184,202,132,-1,132,202,194,-1,132,194,203,-1,203,194,196,-1,204,205,206,-1,206,205,207,-1,207,205,208,-1,207,208,209,-1,210,211,204,-1,204,211,205,-1,205,211,212,-1,205,212,213,-1,212,214,213,-1,213,214,215,-1,213,215,216,-1,204,217,210,-1,210,217,218,-1,210,218,219,-1,208,220,209,-1,209,220,221,-1,209,221,222,-1,222,221,223,-1,224,225,226,-1,227,228,229,-1,229,228,230,-1,229,230,206,-1,206,230,231,-1,206,231,204,-1,226,232,224,-1,224,232,233,-1,224,233,234,-1,234,233,235,-1,234,235,227,-1,227,235,223,-1,227,223,228,-1,228,223,221,-1,236,237,238,-1,33,32,238,-1,238,32,239,-1,238,239,236,-1,240,241,242,-1,243,244,236,-1,244,245,236,-1,236,245,246,-1,236,246,237,-1,237,246,247,-1,240,242,236,-1,236,242,248,-1,236,248,243,-1,249,250,251,-1,252,253,30,-1,254,255,256,-1,247,257,237,-1,237,257,258,-1,237,258,256,-1,256,258,259,-1,256,259,254,-1,260,261,30,-1,30,261,262,-1,255,263,256,-1,256,263,264,-1,256,264,265,-1,265,264,266,-1,265,266,252,-1,267,268,253,-1,253,268,269,-1,253,269,30,-1,30,269,270,-1,30,270,260,-1,262,271,30,-1,30,271,272,-1,30,272,28,-1,273,274,275,-1,275,274,276,-1,275,276,277,-1,275,278,273,-1,273,278,279,-1,273,279,280,-1,280,281,273,-1,273,281,282,-1,273,282,283,-1,283,282,284,-1,283,284,285,-1,285,284,286,-1,285,286,253,-1,253,286,287,-1,253,287,267,-1,288,289,277,-1,277,289,290,-1,277,290,275,-1,291,292,241,-1,241,292,293,-1,241,293,242,-1,291,294,292,-1,292,294,295,-1,292,295,296,-1,296,295,297,-1,296,298,299,-1,297,300,296,-1,296,300,301,-1,296,301,302,-1,302,303,296,-1,296,303,304,-1,296,304,298,-1,299,305,296,-1,296,305,306,-1,296,306,307,-1,308,309,310,-1,310,309,206,-1,310,206,311,-1,311,206,312,-1,311,312,313,-1,314,229,315,-1,315,229,206,-1,315,206,316,-1,316,206,309,-1,317,318,319,-1,319,318,320,-1,319,320,321,-1,322,323,324,-1,324,323,325,-1,323,326,325,-1,325,326,327,-1,325,327,328,-1,317,329,330,-1,330,329,331,-1,330,331,332,-1,333,256,334,-1,334,256,265,-1,334,265,335,-1,335,265,227,-1,335,227,324,-1,321,320,336,-1,336,320,337,-1,336,337,333,-1,338,339,340,-1,340,339,341,-1,342,343,344,-1,345,346,347,-1,347,346,348,-1,347,348,349,-1,350,351,352,-1,353,354,355,-1,356,357,358,-1,358,357,353,-1,358,353,249,-1,249,353,355,-1,249,355,359,-1,360,361,362,-1,362,361,363,-1,364,365,366,-1,366,365,22,-1,366,22,367,-1,367,22,24,-1,367,24,363,-1,363,24,344,-1,363,344,362,-1,362,344,343,-1,362,343,368,-1,368,343,369,-1,370,237,371,-1,371,237,256,-1,371,256,372,-1,372,256,373,-1,374,375,376,-1,333,337,256,-1,256,337,377,-1,256,377,373,-1,373,377,378,-1,373,378,376,-1,376,378,379,-1,376,379,374,-1,375,380,376,-1,376,380,381,-1,376,381,382,-1,383,384,385,-1,382,386,376,-1,376,386,387,-1,376,387,388,-1,388,387,389,-1,389,387,385,-1,385,387,390,-1,385,390,383,-1,384,391,385,-1,385,391,392,-1,385,392,393,-1,393,394,385,-1,385,394,395,-1,385,395,396,-1,396,395,397,-1,398,399,400,-1,400,399,401,-1,400,401,337,-1,337,401,402,-1,337,402,377,-1,21,403,404,-1,404,405,21,-1,21,405,406,-1,21,406,19,-1,407,408,409,-1,409,408,410,-1,411,412,21,-1,21,412,413,-1,21,413,403,-1,410,414,409,-1,409,414,415,-1,409,415,411,-1,411,415,416,-1,411,416,412,-1,417,418,408,-1,408,418,419,-1,419,420,408,-1,408,420,421,-1,408,421,410,-1,370,422,237,-1,237,422,423,-1,237,423,408,-1,408,423,424,-1,408,424,417,-1,425,426,427,-1,427,426,428,-1,407,429,430,-1,431,238,432,-1,432,238,433,-1,434,435,433,-1,433,435,436,-1,437,407,438,-1,438,407,439,-1,440,441,237,-1,436,442,433,-1,433,442,443,-1,433,443,432,-1,425,444,426,-1,426,444,445,-1,426,445,446,-1,446,445,447,-1,448,449,447,-1,447,449,450,-1,447,450,446,-1,437,451,407,-1,407,451,452,-1,407,452,429,-1,441,453,237,-1,237,453,454,-1,237,454,455,-1,456,457,408,-1,408,457,458,-1,408,458,237,-1,237,458,459,-1,237,459,440,-1,430,460,407,-1,407,460,461,-1,407,461,408,-1,408,461,428,-1,408,428,456,-1,456,428,426,-1,462,463,447,-1,447,463,464,-1,447,464,465,-1,455,466,237,-1,237,466,467,-1,237,467,238,-1,238,467,468,-1,238,468,433,-1,465,469,447,-1,447,469,470,-1,447,470,448,-1,471,472,30,-1,30,472,473,-1,252,30,265,-1,265,30,473,-1,265,473,227,-1,227,473,474,-1,227,474,234,-1,475,472,476,-1,476,472,471,-1,476,471,477,-1,359,478,479,-1,480,481,482,-1,483,484,471,-1,471,484,485,-1,471,485,477,-1,250,249,29,-1,29,249,359,-1,29,359,30,-1,30,359,479,-1,30,479,471,-1,471,479,486,-1,471,486,487,-1,480,482,359,-1,359,482,488,-1,359,488,478,-1,487,489,471,-1,471,489,490,-1,471,490,483,-1,491,492,480,-1,480,492,493,-1,480,493,481,-1,222,494,352,-1,352,494,495,-1,352,495,496,-1,496,491,352,-1,352,491,480,-1,352,480,350,-1,350,480,359,-1,350,359,497,-1,497,359,355,-1,498,14,499,-1,499,14,13,-1,499,13,500,-1,500,13,501,-1,502,503,504,-1,505,506,507,-1,504,503,312,-1,312,503,508,-1,312,508,509,-1,507,502,505,-1,505,502,504,-1,505,504,510,-1,510,504,501,-1,510,501,509,-1,509,501,13,-1,509,13,312,-1,312,13,15,-1,312,15,313,-1,313,15,511,-1,313,511,512,-1,512,511,513,-1,348,342,349,-1,349,342,344,-1,349,344,341,-1,341,344,514,-1,341,514,340,-1,340,514,515,-1,340,515,27,-1,27,515,352,-1,27,352,25,-1,25,352,351,-1,25,351,516,-1,517,518,312,-1,312,518,519,-1,312,519,504,-1,504,519,520,-1,504,520,521,-1,521,522,504,-1,504,522,523,-1,504,523,524,-1,524,525,504,-1,504,525,526,-1,504,526,207,-1,207,526,527,-1,207,527,206,-1,527,528,206,-1,206,528,529,-1,206,529,312,-1,312,529,530,-1,312,530,531,-1,531,532,312,-1,312,532,533,-1,312,533,517,-1,222,352,209,-1,209,352,515,-1,209,515,207,-1,207,515,514,-1,207,514,504,-1,504,514,344,-1,504,344,501,-1,501,344,24,-1,501,24,500,-1,330,322,317,-1,317,322,324,-1,317,324,318,-1,318,324,227,-1,318,227,534,-1,10,12,535,-1,536,537,229,-1,229,537,538,-1,229,538,539,-1,513,511,314,-1,314,511,12,-1,314,12,229,-1,229,12,11,-1,229,11,536,-1,539,540,229,-1,229,540,541,-1,229,541,227,-1,227,541,542,-1,227,542,534,-1,534,543,318,-1,318,543,544,-1,318,544,12,-1,12,544,545,-1,12,545,546,-1,546,547,12,-1,12,547,548,-1,12,548,535,-1,549,356,431,-1,431,356,358,-1,431,358,238,-1,238,358,249,-1,238,249,33,-1,33,249,251,-1,33,251,31,-1,398,400,550,-1,550,400,337,-1,550,337,551,-1,551,337,320,-1,551,320,552,-1,552,320,318,-1,552,318,553,-1,553,318,12,-1,553,12,554,-1,554,12,511,-1,554,511,555,-1,555,511,15,-1,555,15,556,-1,556,15,14,-1,556,14,557,-1,557,14,498,-1,557,498,16,-1,558,559,560,-1,561,562,107,-1,107,562,563,-1,107,563,100,-1,100,563,559,-1,559,558,100,-1,100,558,128,-1,100,128,113,-1,113,128,153,-1,113,153,163,-1,564,565,566,-1,566,565,567,-1,549,439,356,-1,356,439,407,-1,356,407,566,-1,566,407,409,-1,566,409,564,-1,564,409,568,-1,569,357,560,-1,560,357,356,-1,560,356,558,-1,558,356,566,-1,558,566,128,-1,128,566,567,-1,128,567,40,-1,40,567,570,-1,40,570,409,-1,409,570,571,-1,409,571,568,-1,572,573,574,-1,574,573,564,-1,574,564,575,-1,575,564,568,-1,575,568,576,-1,576,568,577,-1,578,579,36,-1,36,579,7,-1,36,7,411,-1,411,7,9,-1,411,9,409,-1,409,9,580,-1,409,580,40,-1,40,580,578,-1,40,578,36,-1,34,36,48,-1,48,36,411,-1,48,411,581,-1,581,411,21,-1,581,21,582,-1,582,21,20,-1,582,20,550,-1,550,20,583,-1,550,583,398,-1,16,18,557,-1,557,18,584,-1,557,584,556,-1,556,584,585,-1,556,585,555,-1,555,585,586,-1,555,586,554,-1,554,586,587,-1,554,587,553,-1,553,587,588,-1,553,588,552,-1,552,588,589,-1,552,589,551,-1,551,589,590,-1,551,590,550,-1,550,590,591,-1,550,591,582,-1,582,591,592,-1,582,592,581,-1,581,592,593,-1,581,593,48,-1,48,593,594,-1,48,594,50,-1,595,596,597,-1,598,599,600,-1,601,602,603,-1,604,605,606,-1,606,605,607,-1,608,609,610,-1,608,610,611,-1,611,610,612,-1,611,612,613,-1,613,612,614,-1,613,614,615,-1,615,614,616,-1,615,616,617,-1,617,616,618,-1,617,618,619,-1,619,618,612,-1,619,612,610,-1,602,601,615,-1,615,601,620,-1,615,620,613,-1,613,620,621,-1,613,621,603,-1,603,621,622,-1,603,622,601,-1,623,624,625,-1,626,627,606,-1,606,627,628,-1,606,628,604,-1,604,628,629,-1,604,629,630,-1,630,629,623,-1,631,615,632,-1,632,615,617,-1,632,617,633,-1,633,617,634,-1,633,634,635,-1,635,634,636,-1,635,636,631,-1,631,636,615,-1,637,636,638,-1,638,636,634,-1,638,634,639,-1,639,634,640,-1,639,640,641,-1,641,640,642,-1,641,642,637,-1,637,642,636,-1,643,642,644,-1,644,642,640,-1,644,640,645,-1,645,640,646,-1,645,646,647,-1,647,646,648,-1,647,648,643,-1,643,648,642,-1,649,646,650,-1,650,646,651,-1,650,651,652,-1,652,651,653,-1,652,653,654,-1,654,653,648,-1,654,648,649,-1,649,648,646,-1,655,651,656,-1,656,651,657,-1,656,657,658,-1,658,657,659,-1,658,659,660,-1,660,659,653,-1,660,653,655,-1,655,653,651,-1,661,659,662,-1,662,659,657,-1,662,657,663,-1,663,657,664,-1,663,664,665,-1,665,664,666,-1,665,666,661,-1,661,666,659,-1,667,666,668,-1,668,666,664,-1,668,664,669,-1,669,664,605,-1,669,605,670,-1,670,605,604,-1,670,604,667,-1,667,604,666,-1,671,602,672,-1,672,602,615,-1,672,615,673,-1,673,615,636,-1,673,636,674,-1,674,636,600,-1,674,600,671,-1,671,600,602,-1,599,598,642,-1,642,598,675,-1,642,675,636,-1,636,675,676,-1,636,676,600,-1,600,676,677,-1,600,677,598,-1,678,599,679,-1,679,599,642,-1,679,642,680,-1,680,642,648,-1,680,648,681,-1,681,648,682,-1,681,682,678,-1,678,682,599,-1,683,682,684,-1,684,682,648,-1,684,648,685,-1,685,648,653,-1,685,653,686,-1,686,653,597,-1,686,597,683,-1,683,597,682,-1,596,595,659,-1,659,595,687,-1,659,687,653,-1,653,687,688,-1,653,688,597,-1,597,688,689,-1,597,689,595,-1,690,596,691,-1,691,596,659,-1,691,659,692,-1,692,659,666,-1,692,666,693,-1,693,666,694,-1,693,694,690,-1,690,694,596,-1,695,694,696,-1,696,694,666,-1,696,666,697,-1,697,666,604,-1,697,604,698,-1,698,604,630,-1,698,630,695,-1,695,630,694,-1,623,625,630,-1,630,625,699,-1,630,699,694,-1,694,699,700,-1,694,700,596,-1,596,700,701,-1,596,701,597,-1,597,701,702,-1,597,702,682,-1,682,702,703,-1,682,703,599,-1,599,703,704,-1,599,704,600,-1,600,704,705,-1,600,705,602,-1,602,705,706,-1,602,706,603,-1,707,628,708,-1,708,628,627,-1,709,626,710,-1,710,626,606,-1,711,608,712,-1,712,608,611,-1,713,610,714,-1,714,610,609,-1,607,605,715,-1,715,605,664,-1,715,664,657,-1,657,651,715,-1,715,651,646,-1,715,646,716,-1,716,646,640,-1,640,634,716,-1,716,634,617,-1,716,617,619,-1,717,718,719,-1,719,718,720,-1,719,720,721,-1,721,720,722,-1,723,84,724,-1,724,84,92,-1,724,92,717,-1,717,92,718,-1,97,96,725,-1,725,96,726,-1,102,101,727,-1,727,101,728,-1,110,109,729,-1,729,109,730,-1,731,569,560,-1,562,732,563,-1,563,732,731,-1,563,731,559,-1,559,731,560,-1,27,26,733,-1,27,733,340,-1,340,733,734,-1,340,734,338,-1,346,345,735,-1,735,345,736,-1,368,737,362,-1,362,737,738,-1,362,738,360,-1,739,725,726,-1,740,739,741,-1,741,739,726,-1,741,726,742,-1,742,726,743,-1,744,745,746,-1,746,745,727,-1,727,728,746,-1,746,728,747,-1,746,747,748,-1,749,750,751,-1,751,750,729,-1,729,730,751,-1,751,730,752,-1,751,752,753,-1,754,731,732,-1,755,754,756,-1,756,754,732,-1,756,732,757,-1,757,732,758,-1,759,760,761,-1,761,760,734,-1,734,733,761,-1,761,733,762,-1,761,762,763,-1,764,735,736,-1,765,764,766,-1,766,764,736,-1,766,736,767,-1,767,736,768,-1,769,770,771,-1,771,770,738,-1,738,737,771,-1,771,737,772,-1,771,772,773,-1,83,82,774,-1,774,82,775,-1,774,775,776,-1,776,775,777,-1,776,777,778,-1,779,780,781,-1,781,780,782,-1,781,782,783,-1,783,784,781,-1,781,784,785,-1,781,785,786,-1,786,785,787,-1,787,788,786,-1,786,788,789,-1,786,789,790,-1,791,792,364,-1,364,792,365,-1,720,718,92,-1,92,77,720,-1,720,77,69,-1,720,69,55,-1,55,53,720,-1,720,53,50,-1,720,50,594,-1,793,17,794,-1,794,17,795,-1,794,795,796,-1,796,795,797,-1,796,797,798,-1,798,797,781,-1,798,781,799,-1,799,781,786,-1,799,786,722,-1,800,801,594,-1,594,801,720,-1,720,801,802,-1,720,802,722,-1,722,802,803,-1,722,803,799,-1,800,594,804,-1,804,594,593,-1,804,593,805,-1,805,593,592,-1,805,592,591,-1,591,590,805,-1,805,590,589,-1,805,589,588,-1,805,585,584,-1,588,587,805,-1,805,587,586,-1,805,586,585,-1,793,806,17,-1,17,806,805,-1,17,805,18,-1,18,805,584,-1,17,16,795,-1,795,16,498,-1,795,498,499,-1,23,807,24,-1,24,807,795,-1,24,795,500,-1,500,795,499,-1,808,807,809,-1,809,807,23,-1,809,23,810,-1,810,23,22,-1,811,797,812,-1,812,797,795,-1,812,795,808,-1,808,795,807,-1,813,814,815,-1,815,814,810,-1,815,810,4,-1,816,779,811,-1,811,779,781,-1,811,781,797,-1,811,817,816,-1,816,817,4,-1,816,4,792,-1,792,4,810,-1,792,810,365,-1,365,810,22,-1,775,82,723,-1,723,82,84,-1,818,819,723,-1,723,819,820,-1,723,820,775,-1,775,820,821,-1,775,821,777,-1,777,821,822,-1,777,822,790,-1,790,822,721,-1,790,721,786,-1,786,721,722,-1,816,792,823,-1,823,792,791,-1,823,791,824,-1,824,791,825,-1,780,779,816,-1,826,363,827,-1,828,342,829,-1,830,341,831,-1,832,86,833,-1,742,790,789,-1,777,790,778,-1,778,790,742,-1,778,742,834,-1,834,742,835,-1,836,837,838,-1,837,836,839,-1,839,836,833,-1,839,833,840,-1,840,833,834,-1,840,834,838,-1,838,834,835,-1,838,835,836,-1,86,832,88,-1,88,832,841,-1,88,841,836,-1,836,841,842,-1,836,842,833,-1,833,842,843,-1,833,843,832,-1,748,789,788,-1,844,845,748,-1,748,845,740,-1,748,740,789,-1,789,740,741,-1,789,741,742,-1,846,847,848,-1,847,846,849,-1,849,846,850,-1,849,850,851,-1,851,850,845,-1,851,845,848,-1,848,845,844,-1,848,844,846,-1,850,852,853,-1,852,850,854,-1,854,850,846,-1,854,846,855,-1,855,846,99,-1,855,99,853,-1,853,99,87,-1,853,87,850,-1,753,788,787,-1,856,857,858,-1,858,857,859,-1,859,857,860,-1,859,860,861,-1,858,862,856,-1,856,862,861,-1,856,861,863,-1,863,861,860,-1,863,860,753,-1,753,860,744,-1,753,744,788,-1,788,744,746,-1,788,746,748,-1,857,864,865,-1,864,857,866,-1,866,857,856,-1,866,856,867,-1,867,856,112,-1,867,112,865,-1,865,112,105,-1,865,105,857,-1,757,787,785,-1,868,869,870,-1,870,869,871,-1,871,869,872,-1,871,872,873,-1,870,874,868,-1,868,874,873,-1,868,873,875,-1,875,873,872,-1,875,872,757,-1,757,872,749,-1,757,749,787,-1,787,749,751,-1,787,751,753,-1,869,876,877,-1,876,869,878,-1,878,869,868,-1,878,868,879,-1,879,868,107,-1,879,107,877,-1,877,107,106,-1,877,106,869,-1,763,785,784,-1,880,881,882,-1,882,881,883,-1,883,881,884,-1,883,884,885,-1,882,886,880,-1,880,886,885,-1,880,885,887,-1,887,885,884,-1,887,884,763,-1,763,884,755,-1,763,755,785,-1,785,755,756,-1,785,756,757,-1,350,497,888,-1,888,497,355,-1,888,355,881,-1,350,888,351,-1,351,888,889,-1,351,889,880,-1,880,889,890,-1,880,890,881,-1,881,890,891,-1,881,891,888,-1,767,784,783,-1,892,831,893,-1,893,831,894,-1,894,831,895,-1,894,895,896,-1,893,897,892,-1,892,897,896,-1,892,896,898,-1,898,896,895,-1,898,895,767,-1,767,895,759,-1,767,759,784,-1,784,759,761,-1,784,761,763,-1,341,830,349,-1,349,830,899,-1,349,899,892,-1,892,899,900,-1,892,900,831,-1,831,900,901,-1,831,901,830,-1,783,782,773,-1,773,782,771,-1,902,903,773,-1,773,903,765,-1,773,765,783,-1,783,765,766,-1,783,766,767,-1,904,905,906,-1,905,904,907,-1,907,904,829,-1,907,829,908,-1,908,829,903,-1,908,903,906,-1,906,903,902,-1,906,902,904,-1,342,828,343,-1,343,828,909,-1,343,909,904,-1,904,909,910,-1,904,910,829,-1,829,910,911,-1,829,911,828,-1,912,913,824,-1,824,913,769,-1,914,915,916,-1,915,914,917,-1,917,914,827,-1,917,827,918,-1,918,827,913,-1,918,913,916,-1,916,913,912,-1,916,912,914,-1,363,826,367,-1,367,826,919,-1,367,919,914,-1,914,919,920,-1,914,920,827,-1,827,920,921,-1,827,921,826,-1,816,823,780,-1,780,823,824,-1,780,824,782,-1,782,824,769,-1,782,769,771,-1,86,85,833,-1,833,85,776,-1,833,776,834,-1,834,776,778,-1,89,88,836,-1,89,836,743,-1,743,836,835,-1,743,835,742,-1,774,776,83,-1,83,776,85,-1,96,89,726,-1,726,89,743,-1,363,361,827,-1,827,361,770,-1,827,770,913,-1,913,770,769,-1,366,367,914,-1,366,914,825,-1,825,914,912,-1,825,912,824,-1,342,348,829,-1,829,348,764,-1,829,764,903,-1,903,764,765,-1,369,343,904,-1,369,904,772,-1,772,904,902,-1,772,902,773,-1,341,339,831,-1,831,339,760,-1,831,760,895,-1,895,760,759,-1,347,349,892,-1,347,892,768,-1,768,892,898,-1,768,898,767,-1,355,354,881,-1,881,354,754,-1,881,754,884,-1,884,754,755,-1,516,351,880,-1,516,880,762,-1,762,880,887,-1,762,887,763,-1,106,111,869,-1,869,111,750,-1,869,750,872,-1,872,750,749,-1,561,107,868,-1,561,868,758,-1,758,868,875,-1,758,875,757,-1,105,104,857,-1,857,104,745,-1,857,745,860,-1,860,745,744,-1,108,112,856,-1,108,856,752,-1,752,856,863,-1,752,863,753,-1,87,98,850,-1,850,98,739,-1,850,739,845,-1,845,739,740,-1,103,99,846,-1,103,846,747,-1,747,846,844,-1,747,844,748,-1,725,739,97,-1,97,739,98,-1,101,103,728,-1,728,103,747,-1,727,745,102,-1,102,745,104,-1,109,108,730,-1,730,108,752,-1,729,750,110,-1,110,750,111,-1,562,561,732,-1,732,561,758,-1,569,731,357,-1,357,731,754,-1,357,754,353,-1,353,754,354,-1,516,762,25,-1,25,762,733,-1,25,733,26,-1,734,760,338,-1,338,760,339,-1,345,347,736,-1,736,347,768,-1,735,764,346,-1,346,764,348,-1,368,369,737,-1,737,369,772,-1,738,770,360,-1,360,770,361,-1,364,366,791,-1,791,366,825,-1,809,922,808,-1,808,922,812,-1,923,817,811,-1,922,814,813,-1,813,924,922,-1,922,924,923,-1,922,923,812,-1,812,923,811,-1,922,809,814,-1,814,809,810,-1,819,818,925,-1,925,818,926,-1,925,926,927,-1,927,926,719,-1,927,719,822,-1,822,719,721,-1,926,724,719,-1,719,724,717,-1,724,926,723,-1,723,926,818,-1,706,928,603,-1,603,928,712,-1,603,712,613,-1,613,712,611,-1,706,705,928,-1,928,705,704,-1,704,703,928,-1,928,703,702,-1,928,702,929,-1,929,702,701,-1,929,701,700,-1,700,699,929,-1,929,699,625,-1,929,625,624,-1,628,707,629,-1,629,707,929,-1,629,929,623,-1,623,929,624,-1,930,931,927,-1,927,931,925,-1,925,931,819,-1,819,931,820,-1,716,619,713,-1,713,619,610,-1,821,820,930,-1,930,820,931,-1,923,924,2,-1,2,924,932,-1,932,924,815,-1,815,924,813,-1,710,606,715,-1,715,606,607,-1,4,2,815,-1,815,2,932,-1,930,927,821,-1,821,927,822,-1,714,609,711,-1,711,609,608,-1,923,2,817,-1,817,2,4,-1,708,627,709,-1,709,627,626,-1,804,716,800,-1,800,716,713,-1,805,715,804,-1,804,715,716,-1,714,801,713,-1,713,801,800,-1,806,710,805,-1,805,710,715,-1,711,802,714,-1,714,802,801,-1,793,709,806,-1,806,709,710,-1,712,803,711,-1,711,803,802,-1,794,708,793,-1,793,708,709,-1,928,799,712,-1,712,799,803,-1,796,707,794,-1,794,707,708,-1,929,798,928,-1,928,798,799,-1,798,929,796,-1,796,929,707,-1,
        ]
    }
}
Shape{
    appearance Appearance {
        material  Material 	{
            diffuseColor 0.7529411764705882 0.7529411764705882 0.7529411764705882
            specularColor 0.3764705882352941 0.3764705882352941 0.3764705882352941
            ambientIntensity 0.7529
            transparency 0.0
            shininess 0.5
        }
    }
    geometry IndexedFaceSet {
        ccw TRUE
        solid FALSE
        coord DEF co Coordinate {
            point [
                -0.9449 -0.4906 0.1969, -0.9449 -0.2937 0.1969, -1.0236 -0.4906 0.1969, -1.0236 -0.2937 0.1969, -1.0236 -0.4993 0.1959, -0.9449 -0.4993 0.1959, -1.0236 -0.5076 0.193, -0.9449 -0.5076 0.193, -1.0236 -0.5151 0.1883, -0.9449 -0.5151 0.1883, -1.0236 -0.5213 0.182, -0.9449 -0.5213 0.182, -1.0236 -0.526 0.1746, -0.9449 -0.526 0.1746, -1.0236 -0.5289 0.1662, -0.9449 -0.5289 0.1662, -1.0236 -0.5299 0.1575, -0.9449 -0.5299 0.1575, -0.9449 -0.5299 0.0787, -1.0236 -0.5299 0.0787, -1.0236 -0.5289 0.07, -0.9449 -0.5289 0.07, -1.0236 -0.526 0.0617, -0.9449 -0.526 0.0617, -1.0236 -0.5213 0.0542, -0.9449 -0.5213 0.0542, -1.0236 -0.5151 0.048, -0.9449 -0.5151 0.048, -1.0236 -0.5076 0.0433, -0.9449 -0.5076 0.0433, -1.0236 -0.4993 0.0404, -0.9449 -0.4993 0.0404, -1.0236 -0.4906 0.0394, -0.9449 -0.4906 0.0394, -0.9449 0.4557 0.0394, -1.0236 0.4557 0.0394, -0.9449 0.4642 0.0384, -1.0236 0.4642 0.0384, -0.9449 0.4723 0.0357, -1.0236 0.4723 0.0357, -0.9449 0.5409 0.0037, -1.0236 0.5409 0.0037, -1.0236 0.549 0.0009, -0.9449 0.549 0.0009, -1.0236 0.5575 0.0, -0.9449 0.5575 0.0, -0.9449 0.8638 0.0, -1.0236 0.8638 0.0, -0.9449 0.8638 0.0591, -1.0236 0.8638 0.0591, -1.0236 0.8631 0.0641, -0.9449 0.8631 0.0641, -1.0236 0.8611 0.0689, -0.9449 0.8611 0.0689, -1.0236 0.858 0.073, -0.9449 0.858 0.073, -1.0236 0.8539 0.0761, -0.9449 0.8539 0.0761, -1.0236 0.8492 0.0781, -0.9449 0.8492 0.0781, -1.0236 0.8441 0.0787, -0.9449 0.8441 0.0787, -0.9449 0.6079 0.0787, -1.0236 0.6079 0.0787, -0.9449 0.5013 0.1853, -1.0236 0.5013 0.1853, -1.0236 0.4931 0.1916, -0.9449 0.4931 0.1916, -1.0236 0.4836 0.1955, -0.9449 0.4836 0.1955, -1.0236 0.4735 0.1969, -0.9449 0.4735 0.1969, -0.9449 0.3192 0.1969, -1.0236 0.3192 0.1969, -0.9449 -0.0575 0.1969, -0.9449 0.1509 0.1969, -1.0236 -0.0575 0.1969, -1.0236 0.1509 0.1969, -0.9449 0.3192 0.2047, -0.9449 0.1509 0.2047, -0.9449 -0.0659 0.1978, -0.9449 -0.0739 0.2004, -0.9449 -0.0811 0.2047, -0.9449 -0.2701 0.2047, -0.9449 -0.2773 0.2004, -0.9449 -0.2853 0.1978, -1.0236 0.1509 0.2047, -1.0236 0.3192 0.2047, -1.0236 -0.0739 0.2004, -1.0236 -0.0659 0.1978, -1.0236 -0.2701 0.2047, -1.0236 -0.0811 0.2047, -1.0236 -0.2773 0.2004, -1.0236 -0.2853 0.1978, -0.9449 0.1509 0.3937, -0.9449 0.3192 0.3937, -1.0236 0.1509 0.3937, -1.0236 0.3192 0.3937, -1.0236 0.1509 0.3622, -1.0236 0.3192 0.3622, -0.9449 0.3192 0.3622, -0.9449 0.1509 0.3622, -0.9449 -0.2543 1.4128, -0.9449 -0.2543 0.3622, -0.9449 -0.0969 1.4128, -0.9449 -0.0969 0.3622, -1.0236 -0.0969 1.4128, -1.0236 -0.0969 0.3622, -1.0236 -0.2543 1.4128, -1.0236 -0.2543 0.3622, -0.995 -0.1255 1.4915, -0.995 -0.2257 1.4915, -0.9735 -0.1255 1.4915, -0.9735 -0.2257 1.4915, -0.5512 -0.4906 0.1969, -0.5512 -0.2937 0.1969, -0.6299 -0.4906 0.1969, -0.6299 -0.2937 0.1969, -0.6299 -0.4993 0.1959, -0.5512 -0.4993 0.1959, -0.6299 -0.5076 0.193, -0.5512 -0.5076 0.193, -0.6299 -0.5151 0.1883, -0.5512 -0.5151 0.1883, -0.6299 -0.5213 0.182, -0.5512 -0.5213 0.182, -0.6299 -0.526 0.1746, -0.5512 -0.526 0.1746, -0.6299 -0.5289 0.1662, -0.5512 -0.5289 0.1662, -0.6299 -0.5299 0.1575, -0.5512 -0.5299 0.1575, -0.5512 -0.5299 0.0787, -0.6299 -0.5299 0.0787, -0.6299 -0.5289 0.07, -0.5512 -0.5289 0.07, -0.6299 -0.526 0.0617, -0.5512 -0.526 0.0617, -0.6299 -0.5213 0.0542, -0.5512 -0.5213 0.0542, -0.6299 -0.5151 0.048, -0.5512 -0.5151 0.048, -0.6299 -0.5076 0.0433, -0.5512 -0.5076 0.0433, -0.6299 -0.4993 0.0404, -0.5512 -0.4993 0.0404, -0.6299 -0.4906 0.0394, -0.5512 -0.4906 0.0394, -0.5512 0.4557 0.0394, -0.6299 0.4557 0.0394, -0.5512 0.4642 0.0384, -0.6299 0.4642 0.0384, -0.5512 0.4723 0.0357, -0.6299 0.4723 0.0357, -0.5512 0.5409 0.0037, -0.6299 0.5409 0.0037, -0.6299 0.549 0.0009, -0.5512 0.549 0.0009, -0.6299 0.5575 0.0, -0.5512 0.5575 0.0, -0.5512 0.8638 0.0, -0.6299 0.8638 0.0, -0.5512 0.8638 0.0591, -0.6299 0.8638 0.0591, -0.6299 0.8631 0.0641, -0.5512 0.8631 0.0641, -0.6299 0.8611 0.0689, -0.5512 0.8611 0.0689, -0.6299 0.858 0.073, -0.5512 0.858 0.073, -0.6299 0.8539 0.0761, -0.5512 0.8539 0.0761, -0.6299 0.8492 0.0781, -0.5512 0.8492 0.0781, -0.6299 0.8441 0.0787, -0.5512 0.8441 0.0787, -0.5512 0.6079 0.0787, -0.6299 0.6079 0.0787, -0.5512 0.5013 0.1853, -0.6299 0.5013 0.1853, -0.6299 0.4931 0.1916, -0.5512 0.4931 0.1916, -0.6299 0.4836 0.1955, -0.5512 0.4836 0.1955, -0.6299 0.4735 0.1969, -0.5512 0.4735 0.1969, -0.5512 0.3192 0.1969, -0.6299 0.3192 0.1969, -0.5512 -0.0575 0.1969, -0.5512 0.1509 0.1969, -0.6299 -0.0575 0.1969, -0.6299 0.1509 0.1969, -0.5512 -0.0659 0.1978, -0.5512 -0.0739 0.2004, -0.5512 -0.0811 0.2047, -0.5512 -0.2701 0.2047, -0.5512 -0.2773 0.2004, -0.5512 0.3192 0.2047, -0.5512 0.1509 0.2047, -0.5512 -0.2853 0.1978, -0.6299 0.1509 0.2047, -0.6299 0.3192 0.2047, -0.6299 -0.2701 0.2047, -0.6299 -0.0811 0.2047, -0.6299 -0.2773 0.2004, -0.6299 -0.0739 0.2004, -0.6299 -0.2853 0.1978, -0.6299 -0.0659 0.1978, -0.5512 0.1509 0.3937, -0.5512 0.3192 0.3937, -0.6299 0.1509 0.3937, -0.6299 0.3192 0.3937, -0.6299 0.1509 0.3622, -0.6299 0.3192 0.3622, -0.5512 0.3192 0.3622, -0.5512 0.1509 0.3622, -0.5512 -0.2543 1.4128, -0.5512 -0.2543 0.3622, -0.5512 -0.0969 1.4128, -0.5512 -0.0969 0.3622, -0.6299 -0.0969 1.4128, -0.6299 -0.0969 0.3622, -0.6299 -0.2543 1.4128, -0.6299 -0.2543 0.3622, -0.6013 -0.1255 1.4915, -0.6013 -0.2257 1.4915, -0.5798 -0.1255 1.4915, -0.5798 -0.2257 1.4915, -0.1575 -0.4906 0.1969, -0.1575 -0.2937 0.1969, -0.2362 -0.4906 0.1969, -0.2362 -0.2937 0.1969, -0.2362 -0.4993 0.1959, -0.1575 -0.4993 0.1959, -0.2362 -0.5076 0.193, -0.1575 -0.5076 0.193, -0.2362 -0.5151 0.1883, -0.1575 -0.5151 0.1883, -0.2362 -0.5213 0.182, -0.1575 -0.5213 0.182, -0.2362 -0.526 0.1746, -0.1575 -0.526 0.1746, -0.2362 -0.5289 0.1662, -0.1575 -0.5289 0.1662, -0.2362 -0.5299 0.1575, -0.1575 -0.5299 0.1575, -0.1575 -0.5299 0.0787, -0.2362 -0.5299 0.0787, -0.2362 -0.5289 0.07, -0.1575 -0.5289 0.07, -0.2362 -0.526 0.0617, -0.1575 -0.526 0.0617, -0.2362 -0.5213 0.0542, -0.1575 -0.5213 0.0542, -0.2362 -0.5151 0.048, -0.1575 -0.5151 0.048, -0.2362 -0.5076 0.0433, -0.1575 -0.5076 0.0433, -0.2362 -0.4993 0.0404, -0.1575 -0.4993 0.0404, -0.2362 -0.4906 0.0394, -0.1575 -0.4906 0.0394, -0.1575 0.4557 0.0394, -0.2362 0.4557 0.0394, -0.1575 0.4642 0.0384, -0.2362 0.4642 0.0384, -0.1575 0.4723 0.0357, -0.2362 0.4723 0.0357, -0.1575 0.5409 0.0037, -0.2362 0.5409 0.0037, -0.2362 0.549 0.0009, -0.1575 0.549 0.0009, -0.2362 0.5575 0.0, -0.1575 0.5575 0.0, -0.1575 0.8638 0.0, -0.2362 0.8638 0.0, -0.1575 0.8638 0.0591, -0.2362 0.8638 0.0591, -0.2362 0.8631 0.0641, -0.1575 0.8631 0.0641, -0.2362 0.8611 0.0689, -0.1575 0.8611 0.0689, -0.2362 0.858 0.073, -0.1575 0.858 0.073, -0.2362 0.8539 0.0761, -0.1575 0.8539 0.0761, -0.2362 0.8492 0.0781, -0.1575 0.8492 0.0781, -0.2362 0.8441 0.0787, -0.1575 0.8441 0.0787, -0.1575 0.6079 0.0787, -0.2362 0.6079 0.0787, -0.1575 0.5013 0.1853, -0.2362 0.5013 0.1853, -0.2362 0.4931 0.1916, -0.1575 0.4931 0.1916, -0.2362 0.4836 0.1955, -0.1575 0.4836 0.1955, -0.2362 0.4735 0.1969, -0.1575 0.4735 0.1969, -0.1575 0.3192 0.1969, -0.2362 0.3192 0.1969, -0.1575 -0.0575 0.1969, -0.1575 0.1509 0.1969, -0.2362 -0.0575 0.1969, -0.2362 0.1509 0.1969, -0.1575 -0.0659 0.1978, -0.1575 -0.0739 0.2004, -0.1575 0.3192 0.2047, -0.1575 0.1509 0.2047, -0.1575 -0.0811 0.2047, -0.1575 -0.2701 0.2047, -0.1575 -0.2773 0.2004, -0.1575 -0.2853 0.1978, -0.2362 0.1509 0.2047, -0.2362 0.3192 0.2047, -0.2362 -0.2701 0.2047, -0.2362 -0.0811 0.2047, -0.2362 -0.2773 0.2004, -0.2362 -0.0739 0.2004, -0.2362 -0.2853 0.1978, -0.2362 -0.0659 0.1978, -0.1575 0.1509 0.3937, -0.1575 0.3192 0.3937, -0.2362 0.1509 0.3937, -0.2362 0.3192 0.3937, -0.2362 0.1509 0.3622, -0.2362 0.3192 0.3622, -0.1575 0.3192 0.3622, -0.1575 0.1509 0.3622, -0.1575 -0.2543 1.4128, -0.1575 -0.2543 0.3622, -0.1575 -0.0969 1.4128, -0.1575 -0.0969 0.3622, -0.2362 -0.0969 1.4128, -0.2362 -0.0969 0.3622, -0.2362 -0.2543 1.4128, -0.2362 -0.2543 0.3622, -0.2076 -0.1255 1.4915, -0.2076 -0.2257 1.4915, -0.1861 -0.1255 1.4915, -0.1861 -0.2257 1.4915, 0.2362 -0.4906 0.1969, 0.2362 -0.2937 0.1969, 0.1575 -0.4906 0.1969, 0.1575 -0.2937 0.1969, 0.1575 -0.4993 0.1959, 0.2362 -0.4993 0.1959, 0.1575 -0.5076 0.193, 0.2362 -0.5076 0.193, 0.1575 -0.5151 0.1883, 0.2362 -0.5151 0.1883, 0.1575 -0.5213 0.182, 0.2362 -0.5213 0.182, 0.1575 -0.526 0.1746, 0.2362 -0.526 0.1746, 0.1575 -0.5289 0.1662, 0.2362 -0.5289 0.1662, 0.1575 -0.5299 0.1575, 0.2362 -0.5299 0.1575, 0.2362 -0.5299 0.0787, 0.1575 -0.5299 0.0787, 0.1575 -0.5289 0.07, 0.2362 -0.5289 0.07, 0.1575 -0.526 0.0617, 0.2362 -0.526 0.0617, 0.1575 -0.5213 0.0542, 0.2362 -0.5213 0.0542, 0.1575 -0.5151 0.048, 0.2362 -0.5151 0.048, 0.1575 -0.5076 0.0433, 0.2362 -0.5076 0.0433, 0.1575 -0.4993 0.0404, 0.2362 -0.4993 0.0404, 0.1575 -0.4906 0.0394, 0.2362 -0.4906 0.0394, 0.2362 0.4557 0.0394, 0.1575 0.4557 0.0394, 0.2362 0.4642 0.0384, 0.1575 0.4642 0.0384, 0.2362 0.4723 0.0357, 0.1575 0.4723 0.0357, 0.2362 0.5409 0.0037, 0.1575 0.5409 0.0037, 0.1575 0.549 0.0009, 0.2362 0.549 0.0009, 0.1575 0.5575 0.0, 0.2362 0.5575 0.0, 0.2362 0.8638 0.0, 0.1575 0.8638 0.0, 0.2362 0.8638 0.0591, 0.1575 0.8638 0.0591, 0.1575 0.8631 0.0641, 0.2362 0.8631 0.0641, 0.1575 0.8611 0.0689, 0.2362 0.8611 0.0689, 0.1575 0.858 0.073, 0.2362 0.858 0.073, 0.1575 0.8539 0.0761, 0.2362 0.8539 0.0761, 0.1575 0.8492 0.0781, 0.2362 0.8492 0.0781, 0.1575 0.8441 0.0787, 0.2362 0.8441 0.0787, 0.2362 0.6079 0.0787, 0.1575 0.6079 0.0787, 0.2362 0.5013 0.1853, 0.1575 0.5013 0.1853, 0.1575 0.4931 0.1916, 0.2362 0.4931 0.1916, 0.1575 0.4836 0.1955, 0.2362 0.4836 0.1955, 0.1575 0.4735 0.1969, 0.2362 0.4735 0.1969, 0.2362 0.3192 0.1969, 0.1575 0.3192 0.1969, 0.2362 -0.0575 0.1969, 0.2362 0.1509 0.1969, 0.1575 -0.0575 0.1969, 0.1575 0.1509 0.1969, 0.2362 -0.0659 0.1978, 0.2362 -0.0739 0.2004, 0.2362 0.3192 0.2047, 0.2362 0.1509 0.2047, 0.2362 -0.0811 0.2047, 0.2362 -0.2701 0.2047, 0.2362 -0.2773 0.2004, 0.2362 -0.2853 0.1978, 0.1575 0.1509 0.2047, 0.1575 0.3192 0.2047, 0.1575 -0.2701 0.2047, 0.1575 -0.0811 0.2047, 0.1575 -0.2773 0.2004, 0.1575 -0.0739 0.2004, 0.1575 -0.2853 0.1978, 0.1575 -0.0659 0.1978, 0.2362 0.1509 0.3937, 0.2362 0.3192 0.3937, 0.1575 0.1509 0.3937, 0.1575 0.3192 0.3937, 0.1575 0.1509 0.3622, 0.1575 0.3192 0.3622, 0.2362 0.3192 0.3622, 0.2362 0.1509 0.3622, 0.2362 -0.2543 1.4128, 0.2362 -0.2543 0.3622, 0.2362 -0.0969 1.4128, 0.2362 -0.0969 0.3622, 0.1575 -0.0969 1.4128, 0.1575 -0.0969 0.3622, 0.1575 -0.2543 1.4128, 0.1575 -0.2543 0.3622, 0.1861 -0.1255 1.4915, 0.1861 -0.2257 1.4915, 0.2076 -0.1255 1.4915, 0.2076 -0.2257 1.4915, 0.6299 -0.4906 0.1969, 0.6299 -0.2937 0.1969, 0.5512 -0.4906 0.1969, 0.5512 -0.2937 0.1969, 0.5512 -0.4993 0.1959, 0.6299 -0.4993 0.1959, 0.5512 -0.5076 0.193, 0.6299 -0.5076 0.193, 0.5512 -0.5151 0.1883, 0.6299 -0.5151 0.1883, 0.5512 -0.5213 0.182, 0.6299 -0.5213 0.182, 0.5512 -0.526 0.1746, 0.6299 -0.526 0.1746, 0.5512 -0.5289 0.1662, 0.6299 -0.5289 0.1662, 0.5512 -0.5299 0.1575, 0.6299 -0.5299 0.1575, 0.6299 -0.5299 0.0787, 0.5512 -0.5299 0.0787, 0.5512 -0.5289 0.07, 0.6299 -0.5289 0.07, 0.5512 -0.526 0.0617, 0.6299 -0.526 0.0617, 0.5512 -0.5213 0.0542, 0.6299 -0.5213 0.0542, 0.5512 -0.5151 0.048, 0.6299 -0.5151 0.048, 0.5512 -0.5076 0.0433, 0.6299 -0.5076 0.0433, 0.5512 -0.4993 0.0404, 0.6299 -0.4993 0.0404, 0.5512 -0.4906 0.0394, 0.6299 -0.4906 0.0394, 0.6299 0.4557 0.0394, 0.5512 0.4557 0.0394, 0.6299 0.4642 0.0384, 0.5512 0.4642 0.0384, 0.6299 0.4723 0.0357, 0.5512 0.4723 0.0357, 0.6299 0.5409 0.0037, 0.5512 0.5409 0.0037, 0.5512 0.549 0.0009, 0.6299 0.549 0.0009, 0.5512 0.5575 0.0, 0.6299 0.5575 0.0, 0.6299 0.8638 0.0, 0.5512 0.8638 0.0, 0.6299 0.8638 0.0591, 0.5512 0.8638 0.0591, 0.5512 0.8631 0.0641, 0.6299 0.8631 0.0641, 0.5512 0.8611 0.0689, 0.6299 0.8611 0.0689, 0.5512 0.858 0.073, 0.6299 0.858 0.073, 0.5512 0.8539 0.0761, 0.6299 0.8539 0.0761, 0.5512 0.8492 0.0781, 0.6299 0.8492 0.0781, 0.5512 0.8441 0.0787, 0.6299 0.8441 0.0787, 0.6299 0.6079 0.0787, 0.5512 0.6079 0.0787, 0.6299 0.5013 0.1853, 0.5512 0.5013 0.1853, 0.5512 0.4931 0.1916, 0.6299 0.4931 0.1916, 0.5512 0.4836 0.1955, 0.6299 0.4836 0.1955, 0.5512 0.4735 0.1969, 0.6299 0.4735 0.1969, 0.6299 0.3192 0.1969, 0.5512 0.3192 0.1969, 0.6299 -0.0575 0.1969, 0.6299 0.1509 0.1969, 0.5512 -0.0575 0.1969, 0.5512 0.1509 0.1969, 0.6299 -0.0659 0.1978, 0.6299 -0.0739 0.2004, 0.6299 0.3192 0.2047, 0.6299 0.1509 0.2047, 0.6299 -0.0811 0.2047, 0.6299 -0.2701 0.2047, 0.6299 -0.2773 0.2004, 0.6299 -0.2853 0.1978, 0.5512 0.1509 0.2047, 0.5512 0.3192 0.2047, 0.5512 -0.0739 0.2004, 0.5512 -0.0659 0.1978, 0.5512 -0.2701 0.2047, 0.5512 -0.0811 0.2047, 0.5512 -0.2773 0.2004, 0.5512 -0.2853 0.1978, 0.6299 0.1509 0.3937, 0.6299 0.3192 0.3937, 0.5512 0.1509 0.3937, 0.5512 0.3192 0.3937, 0.5512 0.1509 0.3622, 0.5512 0.3192 0.3622, 0.6299 0.3192 0.3622, 0.6299 0.1509 0.3622, 0.6299 -0.2543 1.4128, 0.6299 -0.2543 0.3622, 0.6299 -0.0969 1.4128, 0.6299 -0.0969 0.3622, 0.5512 -0.0969 1.4128, 0.5512 -0.0969 0.3622, 0.5512 -0.2543 1.4128, 0.5512 -0.2543 0.3622, 0.5798 -0.1255 1.4915, 0.5798 -0.2257 1.4915, 0.6013 -0.1255 1.4915, 0.6013 -0.2257 1.4915, 1.0236 -0.4906 0.1969, 1.0236 -0.2937 0.1969, 0.9449 -0.4906 0.1969, 0.9449 -0.2937 0.1969, 0.9449 -0.4993 0.1959, 1.0236 -0.4993 0.1959, 0.9449 -0.5076 0.193, 1.0236 -0.5076 0.193, 0.9449 -0.5151 0.1883, 1.0236 -0.5151 0.1883, 0.9449 -0.5213 0.182, 1.0236 -0.5213 0.182, 0.9449 -0.526 0.1746, 1.0236 -0.526 0.1746, 0.9449 -0.5289 0.1662, 1.0236 -0.5289 0.1662, 0.9449 -0.5299 0.1575, 1.0236 -0.5299 0.1575, 1.0236 -0.5299 0.0787, 0.9449 -0.5299 0.0787, 0.9449 -0.5289 0.07, 1.0236 -0.5289 0.07, 0.9449 -0.526 0.0617, 1.0236 -0.526 0.0617, 0.9449 -0.5213 0.0542, 1.0236 -0.5213 0.0542, 0.9449 -0.5151 0.048, 1.0236 -0.5151 0.048, 0.9449 -0.5076 0.0433, 1.0236 -0.5076 0.0433, 0.9449 -0.4993 0.0404, 1.0236 -0.4993 0.0404, 0.9449 -0.4906 0.0394, 1.0236 -0.4906 0.0394, 1.0236 0.4557 0.0394, 0.9449 0.4557 0.0394, 1.0236 0.4642 0.0384, 0.9449 0.4642 0.0384, 1.0236 0.4723 0.0357, 0.9449 0.4723 0.0357, 1.0236 0.5409 0.0037, 0.9449 0.5409 0.0037, 0.9449 0.549 0.0009, 1.0236 0.549 0.0009, 0.9449 0.5575 0.0, 1.0236 0.5575 0.0, 1.0236 0.8638 0.0, 0.9449 0.8638 0.0, 1.0236 0.8638 0.0591, 0.9449 0.8638 0.0591, 0.9449 0.8631 0.0641, 1.0236 0.8631 0.0641, 0.9449 0.8611 0.0689, 1.0236 0.8611 0.0689, 0.9449 0.858 0.073, 1.0236 0.858 0.073, 0.9449 0.8539 0.0761, 1.0236 0.8539 0.0761, 0.9449 0.8492 0.0781, 1.0236 0.8492 0.0781, 0.9449 0.8441 0.0787, 1.0236 0.8441 0.0787, 1.0236 0.6079 0.0787, 0.9449 0.6079 0.0787, 1.0236 0.5013 0.1853, 0.9449 0.5013 0.1853, 0.9449 0.4931 0.1916, 1.0236 0.4931 0.1916, 0.9449 0.4836 0.1955, 1.0236 0.4836 0.1955, 0.9449 0.4735 0.1969, 1.0236 0.4735 0.1969, 1.0236 0.3192 0.1969, 0.9449 0.3192 0.1969, 1.0236 -0.0575 0.1969, 1.0236 0.1509 0.1969, 0.9449 -0.0575 0.1969, 0.9449 0.1509 0.1969, 1.0236 0.3192 0.2047, 1.0236 0.1509 0.2047, 1.0236 -0.0659 0.1978, 1.0236 -0.0739 0.2004, 1.0236 -0.0811 0.2047, 1.0236 -0.2701 0.2047, 1.0236 -0.2773 0.2004, 1.0236 -0.2853 0.1978, 0.9449 0.1509 0.2047, 0.9449 0.3192 0.2047, 0.9449 -0.0739 0.2004, 0.9449 -0.0659 0.1978, 0.9449 -0.2701 0.2047, 0.9449 -0.0811 0.2047, 0.9449 -0.2773 0.2004, 0.9449 -0.2853 0.1978, 1.0236 0.1509 0.3937, 1.0236 0.3192 0.3937, 0.9449 0.1509 0.3937, 0.9449 0.3192 0.3937, 0.9449 0.1509 0.3622, 0.9449 0.3192 0.3622, 1.0236 0.3192 0.3622, 1.0236 0.1509 0.3622, 1.0236 -0.2543 1.4128, 1.0236 -0.2543 0.3622, 1.0236 -0.0969 1.4128, 1.0236 -0.0969 0.3622, 0.9449 -0.0969 1.4128, 0.9449 -0.0969 0.3622, 0.9449 -0.2543 1.4128, 0.9449 -0.2543 0.3622, 0.9735 -0.1255 1.4915, 0.9735 -0.2257 1.4915, 0.995 -0.1255 1.4915, 0.995 -0.2257 1.4915, 1.4173 -0.4906 0.1969, 1.4173 -0.2937 0.1969, 1.3386 -0.4906 0.1969, 1.3386 -0.2937 0.1969, 1.3386 -0.4993 0.1959, 1.4173 -0.4993 0.1959, 1.3386 -0.5076 0.193, 1.4173 -0.5076 0.193, 1.3386 -0.5151 0.1883, 1.4173 -0.5151 0.1883, 1.3386 -0.5213 0.182, 1.4173 -0.5213 0.182, 1.3386 -0.526 0.1746, 1.4173 -0.526 0.1746, 1.3386 -0.5289 0.1662, 1.4173 -0.5289 0.1662, 1.3386 -0.5299 0.1575, 1.4173 -0.5299 0.1575, 1.4173 -0.5299 0.0787, 1.3386 -0.5299 0.0787, 1.3386 -0.5289 0.07, 1.4173 -0.5289 0.07, 1.3386 -0.526 0.0617, 1.4173 -0.526 0.0617, 1.3386 -0.5213 0.0542, 1.4173 -0.5213 0.0542, 1.3386 -0.5151 0.048, 1.4173 -0.5151 0.048, 1.3386 -0.5076 0.0433, 1.4173 -0.5076 0.0433, 1.3386 -0.4993 0.0404, 1.4173 -0.4993 0.0404, 1.3386 -0.4906 0.0394, 1.4173 -0.4906 0.0394, 1.4173 0.4557 0.0394, 1.3386 0.4557 0.0394, 1.4173 0.4642 0.0384, 1.3386 0.4642 0.0384, 1.4173 0.4723 0.0357, 1.3386 0.4723 0.0357, 1.4173 0.5409 0.0037, 1.3386 0.5409 0.0037, 1.3386 0.549 0.0009, 1.4173 0.549 0.0009, 1.3386 0.5575 0.0, 1.4173 0.5575 0.0, 1.4173 0.8638 0.0, 1.3386 0.8638 0.0, 1.4173 0.8638 0.0591, 1.3386 0.8638 0.0591, 1.3386 0.8631 0.0641, 1.4173 0.8631 0.0641, 1.3386 0.8611 0.0689, 1.4173 0.8611 0.0689, 1.3386 0.858 0.073, 1.4173 0.858 0.073, 1.3386 0.8539 0.0761, 1.4173 0.8539 0.0761, 1.3386 0.8492 0.0781, 1.4173 0.8492 0.0781, 1.3386 0.8441 0.0787, 1.4173 0.8441 0.0787, 1.4173 0.6079 0.0787, 1.3386 0.6079 0.0787, 1.4173 0.5013 0.1853, 1.3386 0.5013 0.1853, 1.3386 0.4931 0.1916, 1.4173 0.4931 0.1916, 1.3386 0.4836 0.1955, 1.4173 0.4836 0.1955, 1.3386 0.4735 0.1969, 1.4173 0.4735 0.1969, 1.4173 0.3192 0.1969, 1.3386 0.3192 0.1969, 1.4173 -0.0575 0.1969, 1.4173 0.1509 0.1969, 1.3386 -0.0575 0.1969, 1.3386 0.1509 0.1969, 1.4173 -0.0659 0.1978, 1.4173 -0.0739 0.2004, 1.4173 0.3192 0.2047, 1.4173 0.1509 0.2047, 1.4173 -0.0811 0.2047, 1.4173 -0.2701 0.2047, 1.4173 -0.2773 0.2004, 1.4173 -0.2853 0.1978, 1.3386 0.1509 0.2047, 1.3386 0.3192 0.2047, 1.3386 -0.0739 0.2004, 1.3386 -0.0659 0.1978, 1.3386 -0.2701 0.2047, 1.3386 -0.0811 0.2047, 1.3386 -0.2773 0.2004, 1.3386 -0.2853 0.1978, 1.4173 0.1509 0.3937, 1.4173 0.3192 0.3937, 1.3386 0.1509 0.3937, 1.3386 0.3192 0.3937, 1.3386 0.1509 0.3622, 1.3386 0.3192 0.3622, 1.4173 0.3192 0.3622, 1.4173 0.1509 0.3622, 1.4173 -0.2543 1.4128, 1.4173 -0.2543 0.3622, 1.4173 -0.0969 1.4128, 1.4173 -0.0969 0.3622, 1.3386 -0.0969 1.4128, 1.3386 -0.0969 0.3622, 1.3386 -0.2543 1.4128, 1.3386 -0.2543 0.3622, 1.3672 -0.1255 1.4915, 1.3672 -0.2257 1.4915, 1.3887 -0.1255 1.4915, 1.3887 -0.2257 1.4915, -1.3386 -0.4906 0.1969, -1.3386 -0.2937 0.1969, -1.4173 -0.4906 0.1969, -1.4173 -0.2937 0.1969, -1.4173 -0.4993 0.1959, -1.3386 -0.4993 0.1959, -1.4173 -0.5076 0.193, -1.3386 -0.5076 0.193, -1.4173 -0.5151 0.1883, -1.3386 -0.5151 0.1883, -1.4173 -0.5213 0.182, -1.3386 -0.5213 0.182, -1.4173 -0.526 0.1746, -1.3386 -0.526 0.1746, -1.4173 -0.5289 0.1662, -1.3386 -0.5289 0.1662, -1.4173 -0.5299 0.1575, -1.3386 -0.5299 0.1575, -1.3386 -0.5299 0.0787, -1.4173 -0.5299 0.0787, -1.4173 -0.5289 0.07, -1.3386 -0.5289 0.07, -1.4173 -0.526 0.0617, -1.3386 -0.526 0.0617, -1.4173 -0.5213 0.0542, -1.3386 -0.5213 0.0542, -1.4173 -0.5151 0.048, -1.3386 -0.5151 0.048, -1.4173 -0.5076 0.0433, -1.3386 -0.5076 0.0433, -1.4173 -0.4993 0.0404, -1.3386 -0.4993 0.0404, -1.4173 -0.4906 0.0394, -1.3386 -0.4906 0.0394, -1.3386 0.4557 0.0394, -1.4173 0.4557 0.0394, -1.3386 0.4642 0.0384, -1.4173 0.4642 0.0384, -1.3386 0.4723 0.0357, -1.4173 0.4723 0.0357, -1.3386 0.5409 0.0037, -1.4173 0.5409 0.0037, -1.4173 0.549 0.0009, -1.3386 0.549 0.0009, -1.4173 0.5575 0.0, -1.3386 0.5575 0.0, -1.3386 0.8638 0.0, -1.4173 0.8638 0.0, -1.3386 0.8638 0.0591, -1.4173 0.8638 0.0591, -1.4173 0.8631 0.0641, -1.3386 0.8631 0.0641, -1.4173 0.8611 0.0689, -1.3386 0.8611 0.0689, -1.4173 0.858 0.073, -1.3386 0.858 0.073, -1.4173 0.8539 0.0761, -1.3386 0.8539 0.0761, -1.4173 0.8492 0.0781, -1.3386 0.8492 0.0781, -1.4173 0.8441 0.0787, -1.3386 0.8441 0.0787, -1.3386 0.6079 0.0787, -1.4173 0.6079 0.0787, -1.3386 0.5013 0.1853, -1.4173 0.5013 0.1853, -1.4173 0.4931 0.1916, -1.3386 0.4931 0.1916, -1.4173 0.4836 0.1955, -1.3386 0.4836 0.1955, -1.4173 0.4735 0.1969, -1.3386 0.4735 0.1969, -1.3386 0.3192 0.1969, -1.4173 0.3192 0.1969, -1.3386 -0.0575 0.1969, -1.3386 0.1509 0.1969, -1.4173 -0.0575 0.1969, -1.4173 0.1509 0.1969, -1.3386 -0.0659 0.1978, -1.3386 -0.0739 0.2004, -1.3386 -0.0811 0.2047, -1.3386 -0.2701 0.2047, -1.3386 -0.2773 0.2004, -1.3386 0.3192 0.2047, -1.3386 0.1509 0.2047, -1.3386 -0.2853 0.1978, -1.4173 0.1509 0.2047, -1.4173 0.3192 0.2047, -1.4173 -0.0739 0.2004, -1.4173 -0.0659 0.1978, -1.4173 -0.2701 0.2047, -1.4173 -0.0811 0.2047, -1.4173 -0.2773 0.2004, -1.4173 -0.2853 0.1978, -1.3386 0.1509 0.3937, -1.3386 0.3192 0.3937, -1.4173 0.1509 0.3937, -1.4173 0.3192 0.3937, -1.4173 0.1509 0.3622, -1.4173 0.3192 0.3622, -1.3386 0.3192 0.3622, -1.3386 0.1509 0.3622, -1.3386 -0.2543 1.4128, -1.3386 -0.2543 0.3622, -1.3386 -0.0969 1.4128, -1.3386 -0.0969 0.3622, -1.4173 -0.0969 1.4128, -1.4173 -0.0969 0.3622, -1.4173 -0.2543 1.4128, -1.4173 -0.2543 0.3622, -1.3887 -0.1255 1.4915, -1.3887 -0.2257 1.4915, -1.3672 -0.1255 1.4915, -1.3672 -0.2257 1.4915
            ]
        }
        coordIndex [
            0,1,2,-1,2,1,3,-1,0,2,4,-1,0,4,5,-1,5,4,6,-1,5,6,7,-1,7,6,8,-1,7,8,9,-1,9,8,10,-1,9,10,11,-1,11,10,12,-1,11,12,13,-1,13,12,14,-1,13,14,15,-1,15,14,16,-1,15,16,17,-1,18,17,19,-1,19,17,16,-1,18,19,20,-1,18,20,21,-1,21,20,22,-1,21,22,23,-1,23,22,24,-1,23,24,25,-1,25,24,26,-1,25,26,27,-1,27,26,28,-1,27,28,29,-1,29,28,30,-1,29,30,31,-1,31,30,32,-1,31,32,33,-1,34,33,35,-1,35,33,32,-1,34,35,36,-1,36,35,37,-1,36,37,38,-1,38,37,39,-1,40,38,41,-1,41,38,39,-1,40,41,42,-1,40,42,43,-1,43,42,44,-1,43,44,45,-1,46,45,47,-1,47,45,44,-1,48,46,49,-1,49,46,47,-1,48,49,50,-1,48,50,51,-1,51,50,52,-1,51,52,53,-1,53,52,54,-1,53,54,55,-1,55,54,56,-1,55,56,57,-1,57,56,58,-1,57,58,59,-1,59,58,60,-1,59,60,61,-1,62,61,63,-1,63,61,60,-1,64,62,65,-1,65,62,63,-1,64,65,66,-1,64,66,67,-1,67,66,68,-1,67,68,69,-1,69,68,70,-1,69,70,71,-1,72,71,73,-1,73,71,70,-1,74,75,76,-1,76,75,77,-1,72,78,79,-1,80,81,33,-1,45,46,48,-1,82,83,81,-1,81,83,84,-1,81,84,33,-1,34,75,33,-1,33,75,74,-1,33,74,80,-1,51,53,61,-1,67,36,64,-1,64,36,38,-1,64,38,62,-1,62,38,40,-1,40,43,62,-1,62,43,45,-1,62,45,61,-1,61,45,48,-1,61,48,51,-1,55,57,53,-1,53,57,59,-1,53,59,61,-1,79,75,72,-1,72,75,34,-1,72,34,71,-1,71,34,36,-1,71,36,69,-1,69,36,67,-1,1,21,23,-1,23,25,1,-1,1,25,27,-1,1,27,29,-1,84,85,33,-1,33,85,1,-1,33,1,31,-1,31,1,29,-1,5,7,9,-1,13,15,0,-1,0,15,17,-1,0,17,1,-1,1,17,18,-1,1,18,21,-1,5,9,0,-1,0,9,11,-1,0,11,13,-1,86,87,77,-1,77,87,73,-1,88,89,32,-1,32,89,76,-1,47,44,49,-1,49,44,63,-1,49,63,60,-1,70,35,73,-1,73,35,32,-1,73,32,77,-1,77,32,76,-1,44,42,63,-1,63,42,41,-1,63,41,65,-1,41,39,65,-1,65,39,37,-1,65,37,66,-1,66,37,35,-1,66,35,68,-1,68,35,70,-1,60,58,49,-1,49,58,56,-1,49,56,50,-1,50,56,54,-1,50,54,52,-1,22,20,3,-1,20,19,3,-1,3,19,16,-1,3,16,2,-1,2,16,14,-1,10,8,6,-1,14,12,2,-1,2,12,10,-1,2,10,4,-1,4,10,6,-1,90,91,92,-1,92,91,88,-1,92,88,93,-1,93,88,32,-1,93,32,3,-1,3,32,30,-1,3,30,28,-1,28,26,3,-1,3,26,24,-1,3,24,22,-1,74,76,80,-1,80,76,89,-1,80,89,81,-1,81,89,88,-1,81,88,82,-1,82,88,91,-1,86,77,79,-1,79,77,75,-1,78,72,87,-1,87,72,73,-1,83,90,84,-1,84,90,92,-1,84,92,85,-1,85,92,93,-1,85,93,1,-1,1,93,3,-1,94,95,96,-1,96,95,97,-1,96,97,98,-1,98,97,99,-1,100,95,101,-1,101,95,94,-1,94,96,101,-1,101,96,98,-1,97,95,99,-1,99,95,100,-1,102,103,104,-1,104,103,105,-1,106,107,108,-1,108,107,109,-1,110,111,112,-1,112,111,113,-1,108,109,102,-1,102,109,103,-1,104,105,106,-1,106,105,107,-1,102,113,108,-1,108,113,111,-1,104,112,102,-1,102,112,113,-1,110,106,111,-1,111,106,108,-1,106,110,104,-1,104,110,112,-1,114,115,116,-1,116,115,117,-1,114,116,118,-1,114,118,119,-1,119,118,120,-1,119,120,121,-1,121,120,122,-1,121,122,123,-1,123,122,124,-1,123,124,125,-1,125,124,126,-1,125,126,127,-1,127,126,128,-1,127,128,129,-1,129,128,130,-1,129,130,131,-1,132,131,133,-1,133,131,130,-1,132,133,134,-1,132,134,135,-1,135,134,136,-1,135,136,137,-1,137,136,138,-1,137,138,139,-1,139,138,140,-1,139,140,141,-1,141,140,142,-1,141,142,143,-1,143,142,144,-1,143,144,145,-1,145,144,146,-1,145,146,147,-1,148,147,149,-1,149,147,146,-1,148,149,150,-1,150,149,151,-1,150,151,152,-1,152,151,153,-1,154,152,155,-1,155,152,153,-1,154,155,156,-1,154,156,157,-1,157,156,158,-1,157,158,159,-1,160,159,161,-1,161,159,158,-1,162,160,163,-1,163,160,161,-1,162,163,164,-1,162,164,165,-1,165,164,166,-1,165,166,167,-1,167,166,168,-1,167,168,169,-1,169,168,170,-1,169,170,171,-1,171,170,172,-1,171,172,173,-1,173,172,174,-1,173,174,175,-1,176,175,177,-1,177,175,174,-1,178,176,179,-1,179,176,177,-1,178,179,180,-1,178,180,181,-1,181,180,182,-1,181,182,183,-1,183,182,184,-1,183,184,185,-1,186,185,187,-1,187,185,184,-1,188,189,190,-1,190,189,191,-1,159,160,162,-1,192,193,147,-1,186,147,148,-1,165,167,175,-1,194,195,193,-1,193,195,196,-1,193,196,147,-1,178,181,148,-1,181,183,148,-1,148,183,185,-1,148,185,186,-1,148,150,178,-1,178,150,152,-1,178,152,176,-1,176,152,154,-1,154,157,176,-1,176,157,159,-1,176,159,175,-1,175,159,162,-1,175,162,165,-1,197,198,186,-1,186,198,189,-1,186,189,147,-1,147,189,188,-1,147,188,192,-1,169,171,167,-1,167,171,173,-1,167,173,175,-1,115,135,137,-1,137,139,115,-1,115,139,141,-1,115,141,143,-1,196,199,147,-1,147,199,115,-1,147,115,145,-1,145,115,143,-1,119,121,123,-1,127,129,114,-1,114,129,131,-1,114,131,115,-1,115,131,132,-1,115,132,135,-1,119,123,114,-1,114,123,125,-1,114,125,127,-1,200,201,191,-1,191,201,187,-1,202,203,204,-1,204,203,205,-1,204,205,206,-1,206,205,146,-1,206,146,117,-1,205,207,146,-1,146,207,190,-1,146,190,149,-1,161,158,163,-1,163,158,177,-1,163,177,174,-1,158,156,177,-1,177,156,155,-1,177,155,179,-1,190,191,149,-1,149,191,187,-1,149,187,151,-1,151,187,184,-1,151,184,182,-1,155,153,179,-1,179,153,151,-1,179,151,180,-1,180,151,182,-1,174,172,163,-1,163,172,170,-1,163,170,164,-1,164,170,168,-1,164,168,166,-1,146,144,117,-1,117,144,142,-1,117,142,140,-1,140,138,117,-1,117,138,136,-1,117,136,134,-1,134,133,117,-1,117,133,130,-1,117,130,116,-1,116,130,128,-1,116,128,126,-1,126,124,116,-1,116,124,122,-1,116,122,118,-1,118,122,120,-1,188,190,192,-1,192,190,207,-1,192,207,193,-1,193,207,205,-1,193,205,194,-1,194,205,203,-1,200,191,198,-1,198,191,189,-1,197,186,201,-1,201,186,187,-1,195,202,196,-1,196,202,204,-1,196,204,199,-1,199,204,206,-1,199,206,115,-1,115,206,117,-1,208,209,210,-1,210,209,211,-1,210,211,212,-1,212,211,213,-1,214,209,215,-1,215,209,208,-1,208,210,215,-1,215,210,212,-1,211,209,213,-1,213,209,214,-1,216,217,218,-1,218,217,219,-1,220,221,222,-1,222,221,223,-1,224,225,226,-1,226,225,227,-1,222,223,216,-1,216,223,217,-1,218,219,220,-1,220,219,221,-1,228,229,230,-1,230,229,231,-1,228,230,232,-1,228,232,233,-1,233,232,234,-1,233,234,235,-1,235,234,236,-1,235,236,237,-1,237,236,238,-1,237,238,239,-1,239,238,240,-1,239,240,241,-1,241,240,242,-1,241,242,243,-1,243,242,244,-1,243,244,245,-1,246,245,247,-1,247,245,244,-1,246,247,248,-1,246,248,249,-1,249,248,250,-1,249,250,251,-1,251,250,252,-1,251,252,253,-1,253,252,254,-1,253,254,255,-1,255,254,256,-1,255,256,257,-1,257,256,258,-1,257,258,259,-1,259,258,260,-1,259,260,261,-1,262,261,263,-1,263,261,260,-1,262,263,264,-1,264,263,265,-1,264,265,266,-1,266,265,267,-1,268,266,269,-1,269,266,267,-1,268,269,270,-1,268,270,271,-1,271,270,272,-1,271,272,273,-1,274,273,275,-1,275,273,272,-1,276,274,277,-1,277,274,275,-1,276,277,278,-1,276,278,279,-1,279,278,280,-1,279,280,281,-1,281,280,282,-1,281,282,283,-1,283,282,284,-1,283,284,285,-1,285,284,286,-1,285,286,287,-1,287,286,288,-1,287,288,289,-1,290,289,291,-1,291,289,288,-1,292,290,293,-1,293,290,291,-1,292,293,294,-1,292,294,295,-1,295,294,296,-1,295,296,297,-1,297,296,298,-1,297,298,299,-1,300,299,301,-1,301,299,298,-1,302,303,304,-1,304,303,305,-1,273,274,276,-1,306,307,261,-1,300,261,262,-1,276,289,273,-1,273,289,290,-1,273,290,271,-1,292,295,262,-1,295,297,262,-1,262,297,299,-1,262,299,300,-1,262,264,292,-1,292,264,266,-1,292,266,290,-1,290,266,268,-1,290,268,271,-1,308,309,300,-1,300,309,303,-1,300,303,261,-1,261,303,302,-1,261,302,306,-1,310,311,307,-1,307,311,312,-1,307,312,261,-1,261,312,313,-1,261,313,229,-1,283,276,281,-1,281,276,279,-1,283,285,276,-1,276,285,287,-1,276,287,289,-1,245,246,229,-1,229,246,249,-1,255,257,229,-1,229,257,259,-1,229,259,261,-1,249,251,229,-1,229,251,253,-1,229,253,255,-1,229,228,245,-1,245,228,233,-1,245,233,235,-1,235,237,245,-1,245,237,239,-1,245,239,243,-1,243,239,241,-1,277,275,272,-1,314,315,305,-1,305,315,301,-1,316,317,318,-1,318,317,319,-1,318,319,320,-1,320,319,260,-1,320,260,231,-1,319,321,260,-1,260,321,304,-1,260,304,263,-1,272,270,291,-1,291,270,269,-1,291,269,293,-1,269,267,293,-1,293,267,265,-1,293,265,294,-1,294,265,296,-1,286,284,277,-1,277,284,282,-1,277,282,278,-1,278,282,280,-1,304,305,263,-1,263,305,301,-1,263,301,265,-1,265,301,298,-1,265,298,296,-1,272,291,277,-1,277,291,288,-1,277,288,286,-1,260,258,231,-1,231,258,256,-1,231,256,254,-1,254,252,231,-1,231,252,250,-1,231,250,248,-1,248,247,231,-1,231,247,244,-1,231,244,230,-1,230,244,242,-1,230,242,240,-1,240,238,230,-1,230,238,236,-1,230,236,232,-1,232,236,234,-1,302,304,306,-1,306,304,321,-1,306,321,307,-1,307,321,319,-1,307,319,310,-1,310,319,317,-1,314,305,309,-1,309,305,303,-1,308,300,315,-1,315,300,301,-1,311,316,312,-1,312,316,318,-1,312,318,313,-1,313,318,320,-1,313,320,229,-1,229,320,231,-1,322,323,324,-1,324,323,325,-1,324,325,326,-1,326,325,327,-1,328,323,329,-1,329,323,322,-1,322,324,329,-1,329,324,326,-1,325,323,327,-1,327,323,328,-1,330,331,332,-1,332,331,333,-1,334,335,336,-1,336,335,337,-1,338,339,340,-1,340,339,341,-1,336,337,330,-1,330,337,331,-1,332,333,334,-1,334,333,335,-1,342,343,344,-1,344,343,345,-1,342,344,346,-1,342,346,347,-1,347,346,348,-1,347,348,349,-1,349,348,350,-1,349,350,351,-1,351,350,352,-1,351,352,353,-1,353,352,354,-1,353,354,355,-1,355,354,356,-1,355,356,357,-1,357,356,358,-1,357,358,359,-1,360,359,361,-1,361,359,358,-1,360,361,362,-1,360,362,363,-1,363,362,364,-1,363,364,365,-1,365,364,366,-1,365,366,367,-1,367,366,368,-1,367,368,369,-1,369,368,370,-1,369,370,371,-1,371,370,372,-1,371,372,373,-1,373,372,374,-1,373,374,375,-1,376,375,377,-1,377,375,374,-1,376,377,378,-1,378,377,379,-1,378,379,380,-1,380,379,381,-1,382,380,383,-1,383,380,381,-1,382,383,384,-1,382,384,385,-1,385,384,386,-1,385,386,387,-1,388,387,389,-1,389,387,386,-1,390,388,391,-1,391,388,389,-1,390,391,392,-1,390,392,393,-1,393,392,394,-1,393,394,395,-1,395,394,396,-1,395,396,397,-1,397,396,398,-1,397,398,399,-1,399,398,400,-1,399,400,401,-1,401,400,402,-1,401,402,403,-1,404,403,405,-1,405,403,402,-1,406,404,407,-1,407,404,405,-1,406,407,408,-1,406,408,409,-1,409,408,410,-1,409,410,411,-1,411,410,412,-1,411,412,413,-1,414,413,415,-1,415,413,412,-1,416,417,418,-1,418,417,419,-1,387,388,390,-1,420,421,375,-1,414,375,376,-1,390,403,387,-1,387,403,404,-1,387,404,385,-1,406,409,376,-1,409,411,376,-1,376,411,413,-1,376,413,414,-1,376,378,406,-1,406,378,380,-1,406,380,404,-1,404,380,382,-1,404,382,385,-1,422,423,414,-1,414,423,417,-1,414,417,375,-1,375,417,416,-1,375,416,420,-1,424,425,421,-1,421,425,426,-1,421,426,375,-1,375,426,427,-1,375,427,343,-1,397,390,395,-1,395,390,393,-1,397,399,390,-1,390,399,401,-1,390,401,403,-1,359,360,343,-1,343,360,363,-1,369,371,343,-1,343,371,373,-1,343,373,375,-1,363,365,343,-1,343,365,367,-1,343,367,369,-1,343,342,359,-1,359,342,347,-1,359,347,349,-1,349,351,359,-1,359,351,353,-1,359,353,357,-1,357,353,355,-1,391,389,386,-1,428,429,419,-1,419,429,415,-1,430,431,432,-1,432,431,433,-1,432,433,434,-1,434,433,374,-1,434,374,345,-1,433,435,374,-1,374,435,418,-1,374,418,377,-1,386,384,405,-1,405,384,383,-1,405,383,407,-1,383,381,407,-1,407,381,379,-1,407,379,408,-1,408,379,410,-1,400,398,391,-1,391,398,396,-1,391,396,392,-1,392,396,394,-1,418,419,377,-1,377,419,415,-1,377,415,379,-1,379,415,412,-1,379,412,410,-1,386,405,391,-1,391,405,402,-1,391,402,400,-1,374,372,345,-1,345,372,370,-1,345,370,368,-1,368,366,345,-1,345,366,364,-1,345,364,362,-1,362,361,345,-1,345,361,358,-1,345,358,344,-1,344,358,356,-1,344,356,354,-1,354,352,344,-1,344,352,350,-1,344,350,346,-1,346,350,348,-1,416,418,420,-1,420,418,435,-1,420,435,421,-1,421,435,433,-1,421,433,424,-1,424,433,431,-1,428,419,423,-1,423,419,417,-1,422,414,429,-1,429,414,415,-1,425,430,426,-1,426,430,432,-1,426,432,427,-1,427,432,434,-1,427,434,343,-1,343,434,345,-1,436,437,438,-1,438,437,439,-1,438,439,440,-1,440,439,441,-1,442,437,443,-1,443,437,436,-1,436,438,443,-1,443,438,440,-1,439,437,441,-1,441,437,442,-1,444,445,446,-1,446,445,447,-1,448,449,450,-1,450,449,451,-1,452,453,454,-1,454,453,455,-1,450,451,444,-1,444,451,445,-1,446,447,448,-1,448,447,449,-1,456,457,458,-1,458,457,459,-1,456,458,460,-1,456,460,461,-1,461,460,462,-1,461,462,463,-1,463,462,464,-1,463,464,465,-1,465,464,466,-1,465,466,467,-1,467,466,468,-1,467,468,469,-1,469,468,470,-1,469,470,471,-1,471,470,472,-1,471,472,473,-1,474,473,475,-1,475,473,472,-1,474,475,476,-1,474,476,477,-1,477,476,478,-1,477,478,479,-1,479,478,480,-1,479,480,481,-1,481,480,482,-1,481,482,483,-1,483,482,484,-1,483,484,485,-1,485,484,486,-1,485,486,487,-1,487,486,488,-1,487,488,489,-1,490,489,491,-1,491,489,488,-1,490,491,492,-1,492,491,493,-1,492,493,494,-1,494,493,495,-1,496,494,497,-1,497,494,495,-1,496,497,498,-1,496,498,499,-1,499,498,500,-1,499,500,501,-1,502,501,503,-1,503,501,500,-1,504,502,505,-1,505,502,503,-1,504,505,506,-1,504,506,507,-1,507,506,508,-1,507,508,509,-1,509,508,510,-1,509,510,511,-1,511,510,512,-1,511,512,513,-1,513,512,514,-1,513,514,515,-1,515,514,516,-1,515,516,517,-1,518,517,519,-1,519,517,516,-1,520,518,521,-1,521,518,519,-1,520,521,522,-1,520,522,523,-1,523,522,524,-1,523,524,525,-1,525,524,526,-1,525,526,527,-1,528,527,529,-1,529,527,526,-1,530,531,532,-1,532,531,533,-1,487,489,457,-1,501,502,504,-1,534,535,489,-1,528,489,490,-1,504,517,501,-1,501,517,518,-1,501,518,499,-1,520,523,490,-1,523,525,490,-1,490,525,527,-1,490,527,528,-1,490,492,520,-1,520,492,494,-1,520,494,518,-1,518,494,496,-1,518,496,499,-1,536,537,528,-1,528,537,531,-1,528,531,489,-1,489,531,530,-1,489,530,534,-1,538,539,535,-1,535,539,540,-1,535,540,489,-1,489,540,541,-1,489,541,457,-1,511,504,509,-1,509,504,507,-1,511,513,504,-1,504,513,515,-1,504,515,517,-1,474,477,457,-1,457,477,479,-1,457,479,481,-1,474,457,473,-1,473,457,456,-1,473,456,461,-1,465,467,469,-1,481,483,457,-1,457,483,485,-1,457,485,487,-1,461,463,473,-1,473,463,465,-1,473,465,471,-1,471,465,469,-1,505,503,500,-1,542,543,533,-1,533,543,529,-1,458,459,472,-1,544,545,488,-1,488,545,532,-1,488,532,491,-1,498,497,519,-1,519,497,521,-1,532,533,491,-1,491,533,529,-1,491,529,493,-1,493,529,526,-1,493,526,524,-1,508,516,510,-1,510,516,514,-1,510,514,512,-1,478,476,459,-1,459,476,475,-1,459,475,472,-1,497,495,521,-1,521,495,493,-1,521,493,522,-1,522,493,524,-1,508,506,516,-1,516,506,505,-1,516,505,519,-1,519,505,500,-1,519,500,498,-1,462,468,464,-1,464,468,466,-1,472,470,458,-1,458,470,468,-1,458,468,460,-1,460,468,462,-1,546,547,548,-1,548,547,544,-1,548,544,549,-1,549,544,488,-1,549,488,459,-1,459,488,486,-1,459,486,484,-1,484,482,459,-1,459,482,480,-1,459,480,478,-1,530,532,534,-1,534,532,545,-1,534,545,535,-1,535,545,544,-1,535,544,538,-1,538,544,547,-1,542,533,537,-1,537,533,531,-1,536,528,543,-1,543,528,529,-1,539,546,540,-1,540,546,548,-1,540,548,541,-1,541,548,549,-1,541,549,457,-1,457,549,459,-1,550,551,552,-1,552,551,553,-1,552,553,554,-1,554,553,555,-1,556,551,557,-1,557,551,550,-1,550,552,557,-1,557,552,554,-1,553,551,555,-1,555,551,556,-1,558,559,560,-1,560,559,561,-1,562,563,564,-1,564,563,565,-1,566,567,568,-1,568,567,569,-1,564,565,558,-1,558,565,559,-1,560,561,562,-1,562,561,563,-1,570,571,572,-1,572,571,573,-1,570,572,574,-1,570,574,575,-1,575,574,576,-1,575,576,577,-1,577,576,578,-1,577,578,579,-1,579,578,580,-1,579,580,581,-1,581,580,582,-1,581,582,583,-1,583,582,584,-1,583,584,585,-1,585,584,586,-1,585,586,587,-1,588,587,589,-1,589,587,586,-1,588,589,590,-1,588,590,591,-1,591,590,592,-1,591,592,593,-1,593,592,594,-1,593,594,595,-1,595,594,596,-1,595,596,597,-1,597,596,598,-1,597,598,599,-1,599,598,600,-1,599,600,601,-1,601,600,602,-1,601,602,603,-1,604,603,605,-1,605,603,602,-1,604,605,606,-1,606,605,607,-1,606,607,608,-1,608,607,609,-1,610,608,611,-1,611,608,609,-1,610,611,612,-1,610,612,613,-1,613,612,614,-1,613,614,615,-1,616,615,617,-1,617,615,614,-1,618,616,619,-1,619,616,617,-1,618,619,620,-1,618,620,621,-1,621,620,622,-1,621,622,623,-1,623,622,624,-1,623,624,625,-1,625,624,626,-1,625,626,627,-1,627,626,628,-1,627,628,629,-1,629,628,630,-1,629,630,631,-1,632,631,633,-1,633,631,630,-1,634,632,635,-1,635,632,633,-1,634,635,636,-1,634,636,637,-1,637,636,638,-1,637,638,639,-1,639,638,640,-1,639,640,641,-1,642,641,643,-1,643,641,640,-1,644,645,646,-1,646,645,647,-1,601,603,571,-1,642,648,649,-1,650,651,603,-1,616,631,615,-1,615,631,632,-1,615,632,613,-1,604,645,603,-1,603,645,644,-1,603,644,650,-1,652,653,651,-1,651,653,654,-1,651,654,603,-1,603,654,655,-1,603,655,571,-1,637,606,634,-1,634,606,608,-1,634,608,632,-1,632,608,610,-1,632,610,613,-1,627,621,625,-1,625,621,623,-1,616,618,631,-1,631,618,621,-1,631,621,629,-1,629,621,627,-1,649,645,642,-1,642,645,604,-1,642,604,641,-1,641,604,606,-1,641,606,639,-1,639,606,637,-1,588,591,571,-1,571,591,593,-1,571,593,595,-1,588,571,587,-1,587,571,570,-1,587,570,575,-1,579,581,583,-1,595,597,571,-1,571,597,599,-1,571,599,601,-1,575,577,587,-1,587,577,579,-1,587,579,585,-1,585,579,583,-1,619,617,614,-1,656,657,647,-1,647,657,643,-1,572,573,586,-1,658,659,602,-1,602,659,646,-1,602,646,605,-1,612,611,633,-1,633,611,635,-1,646,647,605,-1,605,647,643,-1,605,643,607,-1,607,643,640,-1,607,640,638,-1,622,630,624,-1,624,630,628,-1,624,628,626,-1,592,590,573,-1,573,590,589,-1,573,589,586,-1,611,609,635,-1,635,609,607,-1,635,607,636,-1,636,607,638,-1,622,620,630,-1,630,620,619,-1,630,619,633,-1,633,619,614,-1,633,614,612,-1,576,582,578,-1,578,582,580,-1,586,584,572,-1,572,584,582,-1,572,582,574,-1,574,582,576,-1,660,661,662,-1,662,661,658,-1,662,658,663,-1,663,658,602,-1,663,602,573,-1,573,602,600,-1,573,600,598,-1,598,596,573,-1,573,596,594,-1,573,594,592,-1,644,646,650,-1,650,646,659,-1,650,659,651,-1,651,659,658,-1,651,658,652,-1,652,658,661,-1,656,647,649,-1,649,647,645,-1,648,642,657,-1,657,642,643,-1,653,660,654,-1,654,660,662,-1,654,662,655,-1,655,662,663,-1,655,663,571,-1,571,663,573,-1,664,665,666,-1,666,665,667,-1,666,667,668,-1,668,667,669,-1,670,665,671,-1,671,665,664,-1,664,666,671,-1,671,666,668,-1,667,665,669,-1,669,665,670,-1,672,673,674,-1,674,673,675,-1,676,677,678,-1,678,677,679,-1,680,681,682,-1,682,681,683,-1,678,679,672,-1,672,679,673,-1,674,675,676,-1,676,675,677,-1,684,685,686,-1,686,685,687,-1,684,686,688,-1,684,688,689,-1,689,688,690,-1,689,690,691,-1,691,690,692,-1,691,692,693,-1,693,692,694,-1,693,694,695,-1,695,694,696,-1,695,696,697,-1,697,696,698,-1,697,698,699,-1,699,698,700,-1,699,700,701,-1,702,701,703,-1,703,701,700,-1,702,703,704,-1,702,704,705,-1,705,704,706,-1,705,706,707,-1,707,706,708,-1,707,708,709,-1,709,708,710,-1,709,710,711,-1,711,710,712,-1,711,712,713,-1,713,712,714,-1,713,714,715,-1,715,714,716,-1,715,716,717,-1,718,717,719,-1,719,717,716,-1,718,719,720,-1,720,719,721,-1,720,721,722,-1,722,721,723,-1,724,722,725,-1,725,722,723,-1,724,725,726,-1,724,726,727,-1,727,726,728,-1,727,728,729,-1,730,729,731,-1,731,729,728,-1,732,730,733,-1,733,730,731,-1,732,733,734,-1,732,734,735,-1,735,734,736,-1,735,736,737,-1,737,736,738,-1,737,738,739,-1,739,738,740,-1,739,740,741,-1,741,740,742,-1,741,742,743,-1,743,742,744,-1,743,744,745,-1,746,745,747,-1,747,745,744,-1,748,746,749,-1,749,746,747,-1,748,749,750,-1,748,750,751,-1,751,750,752,-1,751,752,753,-1,753,752,754,-1,753,754,755,-1,756,755,757,-1,757,755,754,-1,758,759,760,-1,760,759,761,-1,715,717,685,-1,762,763,717,-1,730,745,729,-1,729,745,746,-1,729,746,727,-1,756,717,718,-1,748,751,718,-1,751,753,718,-1,718,753,755,-1,718,755,756,-1,718,720,748,-1,748,720,722,-1,748,722,746,-1,746,722,724,-1,746,724,727,-1,764,765,756,-1,756,765,759,-1,756,759,717,-1,717,759,758,-1,717,758,762,-1,766,767,763,-1,763,767,768,-1,763,768,717,-1,717,768,769,-1,717,769,685,-1,741,735,739,-1,739,735,737,-1,730,732,745,-1,745,732,735,-1,745,735,743,-1,743,735,741,-1,702,705,685,-1,685,705,707,-1,685,707,709,-1,702,685,701,-1,701,685,684,-1,701,684,689,-1,693,695,697,-1,709,711,685,-1,685,711,713,-1,685,713,715,-1,689,691,701,-1,701,691,693,-1,701,693,699,-1,699,693,697,-1,733,731,728,-1,770,771,761,-1,761,771,757,-1,686,687,700,-1,772,773,716,-1,716,773,760,-1,716,760,719,-1,726,725,747,-1,686,700,688,-1,747,725,749,-1,760,761,719,-1,719,761,757,-1,719,757,721,-1,721,757,754,-1,721,754,752,-1,736,744,738,-1,738,744,742,-1,738,742,740,-1,696,694,692,-1,725,723,749,-1,749,723,721,-1,749,721,750,-1,750,721,752,-1,736,734,744,-1,744,734,733,-1,744,733,747,-1,747,733,728,-1,747,728,726,-1,706,704,687,-1,687,704,703,-1,687,703,700,-1,696,692,698,-1,774,775,776,-1,776,775,772,-1,776,772,777,-1,777,772,716,-1,777,716,687,-1,687,716,714,-1,687,714,712,-1,698,692,700,-1,700,692,690,-1,700,690,688,-1,712,710,687,-1,687,710,708,-1,687,708,706,-1,758,760,762,-1,762,760,773,-1,762,773,763,-1,763,773,772,-1,763,772,766,-1,766,772,775,-1,770,761,765,-1,765,761,759,-1,764,756,771,-1,771,756,757,-1,767,774,768,-1,768,774,776,-1,768,776,769,-1,769,776,777,-1,769,777,685,-1,685,777,687,-1,778,779,780,-1,780,779,781,-1,780,781,782,-1,782,781,783,-1,784,779,785,-1,785,779,778,-1,778,780,785,-1,785,780,782,-1,781,779,783,-1,783,779,784,-1,786,787,788,-1,788,787,789,-1,790,791,792,-1,792,791,793,-1,794,795,796,-1,796,795,797,-1,792,793,786,-1,786,793,787,-1,788,789,790,-1,790,789,791,-1,798,799,800,-1,800,799,801,-1,798,800,802,-1,798,802,803,-1,803,802,804,-1,803,804,805,-1,805,804,806,-1,805,806,807,-1,807,806,808,-1,807,808,809,-1,809,808,810,-1,809,810,811,-1,811,810,812,-1,811,812,813,-1,813,812,814,-1,813,814,815,-1,816,815,817,-1,817,815,814,-1,816,817,818,-1,816,818,819,-1,819,818,820,-1,819,820,821,-1,821,820,822,-1,821,822,823,-1,823,822,824,-1,823,824,825,-1,825,824,826,-1,825,826,827,-1,827,826,828,-1,827,828,829,-1,829,828,830,-1,829,830,831,-1,832,831,833,-1,833,831,830,-1,832,833,834,-1,834,833,835,-1,834,835,836,-1,836,835,837,-1,838,836,839,-1,839,836,837,-1,838,839,840,-1,838,840,841,-1,841,840,842,-1,841,842,843,-1,844,843,845,-1,845,843,842,-1,846,844,847,-1,847,844,845,-1,846,847,848,-1,846,848,849,-1,849,848,850,-1,849,850,851,-1,851,850,852,-1,851,852,853,-1,853,852,854,-1,853,854,855,-1,855,854,856,-1,855,856,857,-1,857,856,858,-1,857,858,859,-1,860,859,861,-1,861,859,858,-1,862,860,863,-1,863,860,861,-1,862,863,864,-1,862,864,865,-1,865,864,866,-1,865,866,867,-1,867,866,868,-1,867,868,869,-1,870,869,871,-1,871,869,868,-1,872,873,874,-1,874,873,875,-1,876,877,831,-1,844,859,843,-1,843,859,860,-1,843,860,841,-1,870,831,832,-1,878,879,877,-1,877,879,880,-1,877,880,831,-1,862,865,832,-1,865,867,832,-1,832,867,869,-1,832,869,870,-1,832,834,862,-1,862,834,836,-1,862,836,860,-1,860,836,838,-1,860,838,841,-1,881,882,870,-1,870,882,873,-1,870,873,831,-1,831,873,872,-1,831,872,876,-1,855,849,853,-1,853,849,851,-1,844,846,859,-1,859,846,849,-1,859,849,857,-1,857,849,855,-1,799,819,821,-1,821,823,799,-1,799,823,825,-1,799,825,827,-1,880,883,831,-1,831,883,799,-1,831,799,829,-1,829,799,827,-1,803,805,807,-1,811,813,798,-1,798,813,815,-1,798,815,799,-1,799,815,816,-1,799,816,819,-1,803,807,798,-1,798,807,809,-1,798,809,811,-1,884,885,875,-1,875,885,871,-1,886,887,830,-1,830,887,874,-1,830,874,833,-1,845,842,847,-1,847,842,861,-1,847,861,858,-1,842,840,861,-1,861,840,839,-1,861,839,863,-1,874,875,833,-1,833,875,871,-1,833,871,835,-1,835,871,868,-1,835,868,866,-1,820,818,801,-1,839,837,863,-1,863,837,835,-1,863,835,864,-1,864,835,866,-1,858,856,847,-1,847,856,854,-1,847,854,848,-1,848,854,852,-1,848,852,850,-1,818,817,801,-1,801,817,814,-1,801,814,800,-1,800,814,812,-1,808,806,804,-1,812,810,800,-1,800,810,808,-1,800,808,802,-1,802,808,804,-1,888,889,890,-1,890,889,886,-1,890,886,891,-1,891,886,830,-1,891,830,801,-1,801,830,828,-1,801,828,826,-1,826,824,801,-1,801,824,822,-1,801,822,820,-1,872,874,876,-1,876,874,887,-1,876,887,877,-1,877,887,886,-1,877,886,878,-1,878,886,889,-1,884,875,882,-1,882,875,873,-1,881,870,885,-1,885,870,871,-1,879,888,880,-1,880,888,890,-1,880,890,883,-1,883,890,891,-1,883,891,799,-1,799,891,801,-1,892,893,894,-1,894,893,895,-1,894,895,896,-1,896,895,897,-1,898,893,899,-1,899,893,892,-1,892,894,899,-1,899,894,896,-1,895,893,897,-1,897,893,898,-1,900,901,902,-1,902,901,903,-1,904,905,906,-1,906,905,907,-1,908,909,910,-1,910,909,911,-1,906,907,900,-1,900,907,901,-1,902,903,904,-1,904,903,905,-1,216,227,222,-1,222,227,225,-1,218,226,216,-1,216,226,227,-1,224,220,225,-1,225,220,222,-1,220,224,218,-1,218,224,226,-1,330,341,336,-1,336,341,339,-1,332,340,330,-1,330,340,341,-1,338,334,339,-1,339,334,336,-1,334,338,332,-1,332,338,340,-1,444,455,450,-1,450,455,453,-1,446,454,444,-1,444,454,455,-1,452,448,453,-1,453,448,450,-1,448,452,446,-1,446,452,454,-1,558,569,564,-1,564,569,567,-1,560,568,558,-1,558,568,569,-1,566,562,567,-1,567,562,564,-1,562,566,560,-1,560,566,568,-1,672,683,678,-1,678,683,681,-1,674,682,672,-1,672,682,683,-1,680,676,681,-1,681,676,678,-1,676,680,674,-1,674,680,682,-1,786,797,792,-1,792,797,795,-1,788,796,786,-1,786,796,797,-1,794,790,795,-1,795,790,792,-1,790,794,788,-1,788,794,796,-1,900,911,906,-1,906,911,909,-1,902,910,900,-1,900,910,911,-1,908,904,909,-1,909,904,906,-1,904,908,902,-1,902,908,910,-1,
        ]
    }
}
Shape{
    appearance Appearance {
        material  Material 	{
            diffuseColor 0.0 0.0 0.0
            specularColor 0.0 0.0 0.0
            ambientIntensity 0.0
            transparency 0.0
            shininess 0.5
        }
    }
    geometry IndexedFaceSet {
        ccw TRUE
        solid FALSE
        coord DEF co Coordinate {
            point [
                0.0656 -0.6126 1.5257, 0.0656 -0.6126 1.5166, 0.0656 -0.6087 1.5257, 0.0656 -0.6087 1.5166, 0.0338 -0.6126 1.5257, 0.0338 -0.6087 1.5257, 0.0338 -0.6126 1.5967, 0.0338 -0.6087 1.5967, 0.0234 -0.6126 1.5967, 0.0234 -0.6087 1.5967, 0.0234 -0.6126 1.5166, 0.0234 -0.6087 1.5166, 0.1289 -0.6087 1.5199, 0.1289 -0.6126 1.5199, 0.1275 -0.6126 1.5192, 0.1067 -0.6126 1.5153, 0.1067 -0.6087 1.5153, 0.1189 -0.6087 1.5164, 0.1189 -0.6126 1.5164, 0.1255 -0.6087 1.5186, 0.1275 -0.6087 1.5192, 0.1289 -0.6126 1.5298, 0.1289 -0.6087 1.5298, 0.1255 -0.6087 1.5283, 0.121 -0.6126 1.5263, 0.121 -0.6087 1.5263, 0.1119 -0.6087 1.5246, 0.1119 -0.6126 1.5246, 0.1082 -0.6087 1.5245, 0.1082 -0.6126 1.5245, 0.1013 -0.6087 1.5252, 0.1013 -0.6126 1.5252, 0.0954 -0.6087 1.5272, 0.0954 -0.6126 1.5272, 0.09 -0.6087 1.5307, 0.09 -0.6126 1.5307, 0.0876 -0.6087 1.5329, 0.0876 -0.6126 1.5329, 0.084 -0.6087 1.5378, 0.084 -0.6126 1.5378, 0.0813 -0.6087 1.5441, 0.0813 -0.6126 1.5441, 0.0799 -0.6087 1.552, 0.0799 -0.6126 1.552, 0.0798 -0.6087 1.5557, 0.0798 -0.6126 1.5557, 0.0811 -0.6087 1.5667, 0.0811 -0.6126 1.5667, 0.0838 -0.6087 1.5737, 0.0838 -0.6126 1.5737, 0.0876 -0.6087 1.5792, 0.0876 -0.6126 1.5792, 0.0882 -0.6087 1.5798, 0.0882 -0.6126 1.5798, 0.093 -0.6087 1.5839, 0.093 -0.6126 1.5839, 0.0992 -0.6087 1.587, 0.0992 -0.6126 1.587, 0.1061 -0.6087 1.5885, 0.1061 -0.6126 1.5885, 0.11 -0.6087 1.5887, 0.11 -0.6126 1.5887, 0.1199 -0.6087 1.5875, 0.1255 -0.6087 1.5854, 0.128 -0.6126 1.5844, 0.1199 -0.6126 1.5875, 0.128 -0.6087 1.5844, 0.1289 -0.6087 1.5839, 0.1289 -0.6126 1.5839, 0.1289 -0.6126 1.5948, 0.1289 -0.6087 1.5948, 0.1255 -0.6087 1.5957, 0.1204 -0.6126 1.5972, 0.1099 -0.6087 1.598, 0.1099 -0.6126 1.598, 0.1185 -0.6087 1.5974, 0.1204 -0.6087 1.5972, 0.1043 -0.6087 1.5974, 0.0983 -0.6126 1.5966, 0.0983 -0.6087 1.5966, 0.09 -0.6087 1.5934, 0.09 -0.6126 1.5934, 0.0825 -0.6087 1.5881, 0.0825 -0.6126 1.5881, 0.0805 -0.6087 1.5862, 0.0805 -0.6126 1.5862, 0.0747 -0.6087 1.5787, 0.0725 -0.6087 1.5736, 0.0709 -0.6126 1.5698, 0.0747 -0.6126 1.5787, 0.0709 -0.6087 1.5698, 0.0691 -0.6087 1.5593, 0.0691 -0.6126 1.5593, 0.0689 -0.6087 1.5551, 0.0689 -0.6126 1.5551, 0.0705 -0.6087 1.5421, 0.0725 -0.6087 1.537, 0.0738 -0.6126 1.5337, 0.0705 -0.6126 1.5421, 0.0738 -0.6087 1.5337, 0.0785 -0.6087 1.5269, 0.0785 -0.6126 1.5269, 0.0792 -0.6087 1.5262, 0.0792 -0.6126 1.5262, 0.0856 -0.6087 1.5208, 0.0856 -0.6126 1.5208, 0.0932 -0.6087 1.5173, 0.0932 -0.6126 1.5173, 0.1019 -0.6087 1.5155, 0.1019 -0.6126 1.5155, 0.188 -0.6126 1.5257, 0.188 -0.6126 1.5166, 0.188 -0.6087 1.5257, 0.188 -0.6087 1.5166, 0.1552 -0.6087 1.5257, 0.1552 -0.6126 1.5257, 0.1769 -0.6087 1.5257, 0.1552 -0.6126 1.5527, 0.1552 -0.6087 1.5527, 0.1839 -0.6126 1.5527, 0.1769 -0.6087 1.5527, 0.1839 -0.6087 1.5527, 0.1839 -0.6126 1.5618, 0.1839 -0.6087 1.5618, 0.1552 -0.6087 1.5618, 0.1552 -0.6126 1.5618, 0.1769 -0.6087 1.5618, 0.1552 -0.6126 1.5875, 0.1552 -0.6087 1.5875, 0.1861 -0.6126 1.5875, 0.1769 -0.6087 1.5875, 0.1861 -0.6087 1.5875, 0.1861 -0.6126 1.5967, 0.1861 -0.6087 1.5967, 0.1449 -0.6087 1.5967, 0.1449 -0.6126 1.5967, 0.1769 -0.6087 1.5967, 0.1449 -0.6126 1.5166, 0.1449 -0.6087 1.5166, 0.1769 -0.6087 1.5166, 0.2562 -0.6126 1.5278, 0.2479 -0.6126 1.5332, 0.2478 -0.6126 1.5218, 0.2428 -0.6126 1.5296, 0.2387 -0.6126 1.5183, 0.2361 -0.6126 1.5271, 0.2251 -0.6126 1.5166, 0.225 -0.6126 1.5257, 0.2031 -0.6126 1.5166, 0.2134 -0.6126 1.5257, 0.2031 -0.6126 1.5967, 0.2134 -0.6126 1.5875, 0.2259 -0.6126 1.5967, 0.2255 -0.6126 1.5875, 0.2265 -0.6126 1.5875, 0.2382 -0.6126 1.5953, 0.2367 -0.6126 1.5861, 0.2478 -0.6126 1.5918, 0.2435 -0.6126 1.5835, 0.2562 -0.6126 1.5861, 0.2486 -0.6126 1.5799, 0.259 -0.6126 1.5833, 0.2509 -0.6126 1.5777, 0.264 -0.6126 1.5763, 0.254 -0.6126 1.5733, 0.2669 -0.6126 1.5687, 0.2562 -0.6126 1.5674, 0.2683 -0.6126 1.5577, 0.2574 -0.6126 1.5574, 0.268 -0.6126 1.5526, 0.2571 -0.6126 1.5518, 0.2661 -0.6126 1.5432, 0.2554 -0.6126 1.5445, 0.2622 -0.6126 1.5349, 0.2526 -0.6126 1.5387, 0.2489 -0.6126 1.5341, 0.2251 -0.6087 1.5166, 0.2031 -0.6087 1.5166, 0.2387 -0.6087 1.5183, 0.2478 -0.6087 1.5218, 0.2562 -0.6087 1.5278, 0.2622 -0.6087 1.5349, 0.2661 -0.6087 1.5432, 0.268 -0.6087 1.5526, 0.2683 -0.6087 1.5577, 0.2669 -0.6087 1.5687, 0.264 -0.6087 1.5763, 0.259 -0.6087 1.5833, 0.2562 -0.6087 1.5861, 0.2478 -0.6087 1.5918, 0.2382 -0.6087 1.5953, 0.2259 -0.6087 1.5967, 0.2031 -0.6087 1.5967, 0.2255 -0.6087 1.5875, 0.2134 -0.6087 1.5875, 0.2134 -0.6087 1.5257, 0.225 -0.6087 1.5257, 0.2489 -0.6087 1.5341, 0.2479 -0.6087 1.5332, 0.2428 -0.6087 1.5296, 0.2361 -0.6087 1.5271, 0.2574 -0.6087 1.5574, 0.2571 -0.6087 1.5518, 0.2554 -0.6087 1.5445, 0.2526 -0.6087 1.5387, 0.2486 -0.6087 1.5799, 0.2509 -0.6087 1.5777, 0.254 -0.6087 1.5733, 0.2562 -0.6087 1.5674, 0.2265 -0.6087 1.5875, 0.2367 -0.6087 1.5861, 0.2435 -0.6087 1.5835
            ]
        }
        coordIndex [
            0,1,2,-1,2,1,3,-1,4,0,5,-1,5,0,2,-1,6,4,7,-1,7,4,5,-1,8,6,9,-1,9,6,7,-1,10,8,11,-1,11,8,9,-1,1,10,3,-1,3,10,11,-1,6,8,4,-1,4,8,10,-1,4,10,0,-1,0,10,1,-1,12,13,14,-1,15,16,17,-1,15,17,18,-1,18,17,19,-1,18,19,14,-1,14,19,20,-1,14,20,12,-1,21,13,22,-1,22,13,12,-1,21,22,23,-1,21,23,24,-1,23,25,24,-1,24,25,26,-1,24,26,27,-1,27,26,28,-1,27,28,29,-1,29,28,30,-1,29,30,31,-1,31,30,32,-1,31,32,33,-1,33,32,34,-1,33,34,35,-1,35,34,36,-1,35,36,37,-1,37,36,38,-1,37,38,39,-1,39,38,40,-1,39,40,41,-1,41,40,42,-1,41,42,43,-1,43,42,44,-1,43,44,45,-1,45,44,46,-1,45,46,47,-1,47,46,48,-1,47,48,49,-1,49,48,50,-1,49,50,51,-1,51,50,52,-1,51,52,53,-1,53,52,54,-1,53,54,55,-1,55,54,56,-1,55,56,57,-1,57,56,58,-1,57,58,59,-1,59,58,60,-1,59,60,61,-1,61,60,62,-1,63,64,62,-1,62,64,65,-1,62,65,61,-1,63,66,64,-1,64,66,67,-1,64,67,68,-1,69,68,70,-1,70,68,67,-1,69,70,71,-1,69,71,72,-1,73,74,75,-1,75,74,72,-1,75,72,76,-1,76,72,71,-1,74,73,77,-1,74,77,78,-1,77,79,78,-1,78,79,80,-1,78,80,81,-1,81,80,82,-1,81,82,83,-1,83,82,84,-1,83,84,85,-1,85,84,86,-1,87,88,86,-1,86,88,89,-1,86,89,85,-1,87,90,88,-1,88,90,91,-1,88,91,92,-1,92,91,93,-1,92,93,94,-1,94,93,95,-1,96,97,95,-1,95,97,98,-1,95,98,94,-1,96,99,97,-1,97,99,100,-1,97,100,101,-1,101,100,102,-1,101,102,103,-1,103,102,104,-1,103,104,105,-1,105,104,106,-1,105,106,107,-1,107,106,108,-1,107,108,109,-1,109,108,16,-1,109,16,15,-1,55,57,78,-1,47,49,89,-1,89,49,85,-1,78,57,74,-1,94,45,92,-1,92,45,47,-1,92,47,88,-1,88,47,89,-1,57,59,74,-1,74,59,61,-1,74,61,72,-1,72,61,65,-1,72,65,69,-1,69,65,64,-1,69,64,68,-1,13,21,14,-1,14,21,24,-1,14,24,18,-1,18,24,27,-1,18,27,15,-1,15,27,29,-1,15,29,109,-1,109,29,31,-1,109,31,107,-1,107,31,33,-1,107,33,105,-1,105,33,35,-1,105,35,103,-1,103,35,37,-1,103,37,101,-1,101,37,39,-1,101,39,97,-1,97,39,98,-1,98,39,41,-1,98,41,94,-1,94,41,43,-1,94,43,45,-1,49,51,85,-1,85,51,53,-1,85,53,83,-1,83,53,55,-1,83,55,81,-1,81,55,78,-1,110,111,112,-1,112,111,113,-1,114,115,116,-1,116,115,110,-1,116,110,112,-1,117,115,118,-1,118,115,114,-1,117,118,119,-1,119,118,120,-1,119,120,121,-1,122,119,123,-1,123,119,121,-1,124,125,126,-1,126,125,122,-1,126,122,123,-1,127,125,128,-1,128,125,124,-1,127,128,129,-1,129,128,130,-1,129,130,131,-1,132,129,133,-1,133,129,131,-1,134,135,136,-1,136,135,132,-1,136,132,133,-1,137,135,138,-1,138,135,134,-1,137,138,111,-1,111,138,139,-1,111,139,113,-1,137,111,110,-1,110,115,137,-1,137,115,117,-1,137,117,135,-1,129,132,127,-1,127,132,135,-1,127,135,125,-1,125,135,117,-1,125,117,122,-1,122,117,119,-1,140,141,142,-1,142,141,143,-1,142,143,144,-1,144,143,145,-1,144,145,146,-1,146,145,147,-1,146,147,148,-1,148,147,149,-1,148,149,150,-1,150,149,151,-1,150,151,152,-1,151,153,152,-1,152,153,154,-1,152,154,155,-1,155,154,156,-1,155,156,157,-1,157,156,158,-1,157,158,159,-1,159,158,160,-1,159,160,161,-1,161,160,162,-1,161,162,163,-1,163,162,164,-1,163,164,165,-1,165,164,166,-1,165,166,167,-1,167,166,168,-1,167,168,169,-1,169,168,170,-1,169,170,171,-1,171,170,172,-1,171,172,173,-1,173,172,174,-1,173,174,140,-1,140,174,175,-1,140,175,141,-1,146,148,176,-1,176,148,177,-1,146,176,178,-1,146,178,144,-1,144,178,179,-1,144,179,142,-1,142,179,180,-1,142,180,140,-1,140,180,181,-1,140,181,173,-1,173,181,182,-1,173,182,171,-1,171,182,183,-1,171,183,169,-1,169,183,184,-1,169,184,167,-1,167,184,185,-1,167,185,165,-1,165,185,186,-1,165,186,163,-1,163,186,187,-1,163,187,161,-1,161,187,188,-1,161,188,159,-1,159,188,189,-1,159,189,157,-1,157,189,190,-1,157,190,155,-1,155,190,191,-1,155,191,152,-1,150,152,192,-1,192,152,191,-1,148,150,177,-1,177,150,192,-1,153,151,193,-1,193,151,194,-1,151,149,194,-1,194,149,195,-1,149,147,195,-1,195,147,196,-1,175,197,198,-1,175,198,141,-1,141,198,199,-1,141,199,143,-1,143,199,200,-1,143,200,145,-1,145,200,196,-1,145,196,147,-1,168,201,202,-1,168,202,170,-1,170,202,203,-1,170,203,172,-1,172,203,204,-1,172,204,174,-1,174,204,197,-1,174,197,175,-1,160,205,206,-1,160,206,162,-1,162,206,207,-1,162,207,164,-1,164,207,208,-1,164,208,166,-1,166,208,201,-1,166,201,168,-1,153,193,209,-1,153,209,154,-1,154,209,210,-1,154,210,156,-1,156,210,211,-1,156,211,158,-1,158,211,205,-1,158,205,160,-1,
        ]
    }
}
Shape{
    appearance Appearance {
        material  Material 	{
            diffuseColor 1.0 0.9764705882352941 0.9058823529411765
            specularColor 0.5019607843137255 0.48627450980392156 0.45098039215686275
            ambientIntensity 0.9755
            transparency 0.0
            shininess 0.5
        }
    }
    geometry IndexedFaceSet {
        ccw TRUE
        solid FALSE
        coord DEF co Coordinate {
            point [
                0.2428 -0.6087 1.5296, 0.2479 -0.6087 1.5332, 0.2265 -0.6087 1.5875, 0.2134 -0.6087 1.5875, 0.2134 -0.6087 1.5257, 0.2255 -0.6087 1.5875, 0.225 -0.6087 1.5257, 0.2361 -0.6087 1.5271, 0.2489 -0.6087 1.5341, 0.2526 -0.6087 1.5387, 0.2554 -0.6087 1.5445, 0.2574 -0.6087 1.5574, 0.2486 -0.6087 1.5799, 0.2435 -0.6087 1.5835, 0.2562 -0.6087 1.5674, 0.254 -0.6087 1.5733, 0.2509 -0.6087 1.5777, 0.2571 -0.6087 1.5518, 0.2367 -0.6087 1.5861
            ]
        }
        coordIndex [
            0,1,2,-1,3,4,5,-1,5,4,6,-1,5,6,2,-1,2,6,7,-1,2,7,0,-1,1,8,2,-1,2,8,9,-1,2,9,10,-1,11,12,13,-1,14,15,11,-1,11,15,16,-1,11,16,12,-1,10,17,2,-1,2,17,11,-1,2,11,18,-1,18,11,13,-1,
        ]
    }
}
Shape{
    appearance Appearance {
        material  Material 	{
            diffuseColor 0.0 0.0 0.0
            specularColor 0.0 0.0 0.0
            ambientIntensity 0.0
            transparency 0.0
            shininess 0.5
        }
    }
    geometry IndexedFaceSet {
        ccw TRUE
        solid FALSE
        coord DEF co Coordinate {
            point [
                0.2951 -0.6126 1.5476, 0.2918 -0.6126 1.5385, 0.322 -0.6126 1.5476, 0.3252 -0.6126 1.5385, 0.3071 -0.6126 1.5808, 0.3032 -0.6126 1.5967, 0.2727 -0.6126 1.5166, 0.2841 -0.6126 1.5166, 0.3078 -0.6126 1.5832, 0.3084 -0.6126 1.5864, 0.3143 -0.6126 1.5967, 0.3086 -0.6126 1.5864, 0.3093 -0.6126 1.5831, 0.3099 -0.6126 1.5808, 0.3448 -0.6126 1.5166, 0.3333 -0.6126 1.5166, 0.3143 -0.6087 1.5967, 0.3448 -0.6087 1.5166, 0.3032 -0.6087 1.5967, 0.2727 -0.6087 1.5166, 0.2958 -0.6087 1.5772, 0.2841 -0.6087 1.5166, 0.2918 -0.6087 1.5385, 0.3252 -0.6087 1.5385, 0.2958 -0.6087 1.5385, 0.3333 -0.6087 1.5166, 0.2951 -0.6087 1.5476, 0.322 -0.6087 1.5476, 0.3099 -0.6087 1.5808, 0.3086 -0.6087 1.5864, 0.3093 -0.6087 1.5831, 0.3084 -0.6087 1.5864, 0.3071 -0.6087 1.5808, 0.3078 -0.6087 1.5832
            ]
        }
        coordIndex [
            0,1,2,-1,2,1,3,-1,4,5,0,-1,0,5,6,-1,0,6,1,-1,1,6,7,-1,4,8,5,-1,5,8,9,-1,5,9,10,-1,10,9,11,-1,10,11,12,-1,12,13,10,-1,10,13,2,-1,10,2,14,-1,14,2,3,-1,14,3,15,-1,10,14,16,-1,16,14,17,-1,5,10,18,-1,18,10,16,-1,19,6,20,-1,20,6,5,-1,20,5,18,-1,7,6,21,-1,21,6,19,-1,1,7,22,-1,22,7,21,-1,23,3,24,-1,24,3,1,-1,24,1,22,-1,15,3,25,-1,25,3,23,-1,14,15,17,-1,17,15,25,-1,0,2,26,-1,26,2,27,-1,2,13,27,-1,27,13,28,-1,11,29,30,-1,11,30,12,-1,12,30,28,-1,12,28,13,-1,11,9,29,-1,29,9,31,-1,4,32,33,-1,4,33,8,-1,8,33,31,-1,8,31,9,-1,4,0,32,-1,32,0,26,-1,
        ]
    }
}
Shape{
    appearance Appearance {
        material  Material 	{
            diffuseColor 1.0 0.9764705882352941 0.9058823529411765
            specularColor 0.5019607843137255 0.48627450980392156 0.45098039215686275
            ambientIntensity 0.9755
            transparency 0.0
            shininess 0.5
        }
    }
    geometry IndexedFaceSet {
        ccw TRUE
        solid FALSE
        coord DEF co Coordinate {
            point [
                0.3086 -0.6087 1.5864, 0.3084 -0.6087 1.5864, 0.3093 -0.6087 1.5831, 0.3078 -0.6087 1.5832, 0.3099 -0.6087 1.5808, 0.3071 -0.6087 1.5808, 0.322 -0.6087 1.5476, 0.2951 -0.6087 1.5476
            ]
        }
        coordIndex [
            0,1,2,-1,2,1,3,-1,2,3,4,-1,4,3,5,-1,4,5,6,-1,6,5,7,-1,
        ]
    }
}
Shape{
    appearance Appearance {
        material  Material 	{
            diffuseColor 0.0 0.0 0.0
            specularColor 0.0 0.0 0.0
            ambientIntensity 0.0
            transparency 0.0
            shininess 0.5
        }
    }
    geometry IndexedFaceSet {
        ccw TRUE
        solid FALSE
        coord DEF co Coordinate {
            point [
                0.0665 -0.6126 1.3987, 0.0665 -0.6126 1.3896, 0.0665 -0.6087 1.3987, 0.0665 -0.6087 1.3896, 0.0338 -0.6126 1.3987, 0.0338 -0.6087 1.3987, 0.0338 -0.6126 1.4257, 0.0338 -0.6087 1.4257, 0.0624 -0.6126 1.4257, 0.0624 -0.6087 1.4257, 0.0624 -0.6126 1.4348, 0.0624 -0.6087 1.4348, 0.0338 -0.6126 1.4348, 0.0338 -0.6087 1.4348, 0.0338 -0.6126 1.4604, 0.0338 -0.6087 1.4604, 0.0647 -0.6126 1.4604, 0.0647 -0.6087 1.4604, 0.0647 -0.6126 1.4697, 0.0647 -0.6087 1.4697, 0.0234 -0.6126 1.4697, 0.0234 -0.6087 1.4697, 0.0234 -0.6126 1.3896, 0.0234 -0.6087 1.3896, 0.112 -0.6126 1.3896, 0.122 -0.6126 1.3896, 0.112 -0.6126 1.3984, 0.122 -0.6126 1.4264, 0.0986 -0.6126 1.4165, 0.112 -0.6126 1.4183, 0.112 -0.6126 1.4259, 0.0868 -0.6126 1.4096, 0.0877 -0.6126 1.4115, 0.0803 -0.6126 1.4171, 0.1117 -0.6126 1.3984, 0.1064 -0.6126 1.3999, 0.1093 -0.6126 1.395, 0.1036 -0.6126 1.398, 0.0835 -0.6126 1.4197, 0.112 -0.6126 1.4128, 0.1213 -0.6126 1.4336, 0.112 -0.6126 1.4121, 0.1113 -0.6126 1.4077, 0.1099 -0.6126 1.4041, 0.1077 -0.6126 1.4011, 0.0817 -0.6126 1.4428, 0.0817 -0.6126 1.433, 0.0837 -0.6126 1.444, 0.0875 -0.6126 1.4368, 0.0912 -0.6126 1.4469, 0.0937 -0.6126 1.4392, 0.1014 -0.6126 1.4481, 0.1004 -0.6126 1.4399, 0.1077 -0.6126 1.4475, 0.1038 -0.6126 1.4396, 0.1118 -0.6126 1.4462, 0.1061 -0.6126 1.4388, 0.1151 -0.6126 1.4442, 0.1079 -0.6126 1.4376, 0.1178 -0.6126 1.4416, 0.1094 -0.6126 1.436, 0.1198 -0.6126 1.4383, 0.1106 -0.6126 1.4339, 0.1117 -0.6126 1.4304, 0.0951 -0.6126 1.4236, 0.0898 -0.6126 1.4137, 0.0919 -0.6126 1.4148, 0.0883 -0.6126 1.3999, 0.081 -0.6126 1.3927, 0.0892 -0.6126 1.399, 0.0844 -0.6126 1.3904, 0.0912 -0.6126 1.3977, 0.0882 -0.6126 1.3889, 0.0934 -0.6126 1.3968, 0.0942 -0.6126 1.3882, 0.0968 -0.6126 1.3965, 0.0998 -0.6126 1.3889, 0.1006 -0.6126 1.3969, 0.1038 -0.6126 1.3905, 0.106 -0.6126 1.3919, 0.0889 -0.6126 1.413, 0.0879 -0.6126 1.4219, 0.0783 -0.6126 1.4142, 0.0768 -0.6126 1.4107, 0.0863 -0.6126 1.4073, 0.0761 -0.6126 1.4065, 0.0863 -0.6126 1.4057, 0.0761 -0.6126 1.4049, 0.0865 -0.6126 1.4034, 0.0766 -0.6126 1.4003, 0.0872 -0.6126 1.4016, 0.0778 -0.6126 1.3969, 0.0799 -0.6126 1.3939, 0.1014 -0.6087 1.4481, 0.0912 -0.6087 1.4469, 0.0837 -0.6087 1.444, 0.0817 -0.6087 1.4428, 0.0817 -0.6087 1.433, 0.0875 -0.6087 1.4368, 0.0937 -0.6087 1.4392, 0.1004 -0.6087 1.4399, 0.1038 -0.6087 1.4396, 0.1061 -0.6087 1.4388, 0.1079 -0.6087 1.4376, 0.1094 -0.6087 1.436, 0.1106 -0.6087 1.4339, 0.1117 -0.6087 1.4304, 0.112 -0.6087 1.4259, 0.0951 -0.6087 1.4236, 0.0879 -0.6087 1.4219, 0.0835 -0.6087 1.4197, 0.0803 -0.6087 1.4171, 0.0783 -0.6087 1.4142, 0.0768 -0.6087 1.4107, 0.0761 -0.6087 1.4065, 0.0761 -0.6087 1.4049, 0.0766 -0.6087 1.4003, 0.0778 -0.6087 1.3969, 0.0799 -0.6087 1.3939, 0.081 -0.6087 1.3927, 0.0942 -0.6087 1.3882, 0.0884 -0.6087 1.3889, 0.0882 -0.6087 1.3889, 0.0844 -0.6087 1.3904, 0.0998 -0.6087 1.3889, 0.0998 -0.6087 1.3889, 0.1038 -0.6087 1.3905, 0.106 -0.6087 1.3919, 0.1093 -0.6087 1.395, 0.1117 -0.6087 1.3984, 0.112 -0.6087 1.3984, 0.112 -0.6087 1.3896, 0.122 -0.6087 1.3896, 0.122 -0.6087 1.4264, 0.1213 -0.6087 1.4336, 0.1198 -0.6087 1.4383, 0.1178 -0.6087 1.4416, 0.1151 -0.6087 1.4442, 0.1118 -0.6087 1.4462, 0.1077 -0.6087 1.4475, 0.0889 -0.6087 1.413, 0.0898 -0.6087 1.4137, 0.0919 -0.6087 1.4148, 0.0986 -0.6087 1.4165, 0.0863 -0.6087 1.4057, 0.0863 -0.6087 1.4073, 0.0868 -0.6087 1.4096, 0.0877 -0.6087 1.4115, 0.0892 -0.6087 1.399, 0.0883 -0.6087 1.3999, 0.0872 -0.6087 1.4016, 0.0865 -0.6087 1.4034, 0.0968 -0.6087 1.3965, 0.0934 -0.6087 1.3968, 0.0912 -0.6087 1.3977, 0.1077 -0.6087 1.4011, 0.1064 -0.6087 1.3999, 0.1036 -0.6087 1.398, 0.1006 -0.6087 1.3969, 0.112 -0.6087 1.4128, 0.112 -0.6087 1.4121, 0.1113 -0.6087 1.4077, 0.1099 -0.6087 1.4041, 0.112 -0.6087 1.4183
            ]
        }
        coordIndex [
            0,1,2,-1,2,1,3,-1,4,0,5,-1,5,0,2,-1,6,4,7,-1,7,4,5,-1,8,6,9,-1,9,6,7,-1,10,8,11,-1,11,8,9,-1,12,10,13,-1,13,10,11,-1,14,12,15,-1,15,12,13,-1,16,14,17,-1,17,14,15,-1,18,16,19,-1,19,16,17,-1,20,18,21,-1,21,18,19,-1,22,20,23,-1,23,20,21,-1,1,22,3,-1,3,22,23,-1,22,1,0,-1,0,4,22,-1,22,4,6,-1,22,6,20,-1,16,18,14,-1,14,18,20,-1,14,20,12,-1,12,20,6,-1,12,6,10,-1,10,6,8,-1,24,25,26,-1,26,25,27,-1,28,29,30,-1,31,32,33,-1,34,35,36,-1,36,35,37,-1,33,32,38,-1,39,27,29,-1,29,27,40,-1,29,40,30,-1,39,41,27,-1,27,41,42,-1,27,42,26,-1,26,42,43,-1,26,43,34,-1,34,43,44,-1,34,44,35,-1,45,46,47,-1,47,46,48,-1,47,48,49,-1,49,48,50,-1,49,50,51,-1,51,50,52,-1,51,52,53,-1,53,52,54,-1,53,54,55,-1,55,54,56,-1,55,56,57,-1,57,56,58,-1,57,58,59,-1,59,58,60,-1,59,60,61,-1,61,60,62,-1,61,62,40,-1,40,62,63,-1,40,63,30,-1,64,65,30,-1,30,65,66,-1,30,66,28,-1,67,68,69,-1,69,68,70,-1,69,70,71,-1,71,70,72,-1,71,72,73,-1,73,72,74,-1,73,74,75,-1,75,74,76,-1,75,76,77,-1,77,76,78,-1,77,78,37,-1,37,78,79,-1,37,79,36,-1,32,80,38,-1,38,80,65,-1,38,65,81,-1,81,65,64,-1,33,82,31,-1,31,82,83,-1,31,83,84,-1,84,83,85,-1,84,85,86,-1,86,85,87,-1,86,87,88,-1,88,87,89,-1,88,89,90,-1,90,89,91,-1,90,91,67,-1,67,91,92,-1,67,92,68,-1,51,93,94,-1,51,94,49,-1,49,94,95,-1,49,95,47,-1,47,95,96,-1,47,96,45,-1,46,45,97,-1,97,45,96,-1,46,97,98,-1,46,98,48,-1,48,98,99,-1,48,99,50,-1,50,99,100,-1,50,100,52,-1,52,100,101,-1,52,101,54,-1,54,101,102,-1,54,102,56,-1,56,102,103,-1,56,103,58,-1,58,103,104,-1,58,104,60,-1,60,104,105,-1,60,105,62,-1,62,105,106,-1,62,106,63,-1,63,106,107,-1,63,107,30,-1,64,30,108,-1,108,30,107,-1,64,108,109,-1,64,109,81,-1,81,109,110,-1,81,110,38,-1,38,110,111,-1,38,111,33,-1,33,111,112,-1,33,112,82,-1,82,112,113,-1,82,113,83,-1,83,113,114,-1,83,114,85,-1,85,114,115,-1,85,115,87,-1,87,115,116,-1,87,116,89,-1,89,116,117,-1,89,117,91,-1,91,117,118,-1,91,118,92,-1,92,118,119,-1,92,119,68,-1,120,74,121,-1,121,74,72,-1,121,72,122,-1,122,72,70,-1,122,70,123,-1,123,70,68,-1,123,68,119,-1,120,124,74,-1,74,124,76,-1,124,125,76,-1,76,125,126,-1,76,126,78,-1,78,126,127,-1,78,127,79,-1,79,127,128,-1,79,128,36,-1,36,128,129,-1,36,129,34,-1,26,34,130,-1,130,34,129,-1,24,26,131,-1,131,26,130,-1,25,24,132,-1,132,24,131,-1,27,25,133,-1,133,25,132,-1,27,133,134,-1,27,134,40,-1,40,134,135,-1,40,135,61,-1,61,135,136,-1,61,136,59,-1,59,136,137,-1,59,137,57,-1,57,137,138,-1,57,138,55,-1,55,138,139,-1,55,139,53,-1,53,139,93,-1,53,93,51,-1,80,140,141,-1,80,141,65,-1,65,141,142,-1,65,142,66,-1,66,142,143,-1,66,143,28,-1,86,144,145,-1,86,145,84,-1,84,145,146,-1,84,146,31,-1,31,146,147,-1,31,147,32,-1,32,147,140,-1,32,140,80,-1,69,148,149,-1,69,149,67,-1,67,149,150,-1,67,150,90,-1,90,150,151,-1,90,151,88,-1,88,151,144,-1,88,144,86,-1,75,152,153,-1,75,153,73,-1,73,153,154,-1,73,154,71,-1,71,154,148,-1,71,148,69,-1,44,155,156,-1,44,156,35,-1,35,156,157,-1,35,157,37,-1,37,157,158,-1,37,158,77,-1,77,158,152,-1,77,152,75,-1,39,159,160,-1,39,160,41,-1,41,160,161,-1,41,161,42,-1,42,161,162,-1,42,162,43,-1,43,162,155,-1,43,155,44,-1,39,29,159,-1,159,29,163,-1,29,28,163,-1,163,28,143,-1,
        ]
    }
}
Shape{
    appearance Appearance {
        material  Material 	{
            diffuseColor 1.0 0.9764705882352941 0.9058823529411765
            specularColor 0.5019607843137255 0.48627450980392156 0.45098039215686275
            ambientIntensity 0.9755
            transparency 0.0
            shininess 0.5
        }
    }
    geometry IndexedFaceSet {
        ccw TRUE
        solid FALSE
        coord DEF co Coordinate {
            point [
                0.112 -0.6087 1.4121, 0.112 -0.6087 1.4128, 0.0889 -0.6087 1.413, 0.112 -0.6087 1.4183, 0.0986 -0.6087 1.4165, 0.0919 -0.6087 1.4148, 0.0898 -0.6087 1.4137, 0.1113 -0.6087 1.4077, 0.0877 -0.6087 1.4115, 0.1099 -0.6087 1.4041, 0.0883 -0.6087 1.3999, 0.0892 -0.6087 1.399, 0.1064 -0.6087 1.3999, 0.0872 -0.6087 1.4016, 0.1036 -0.6087 1.398, 0.1006 -0.6087 1.3969, 0.0968 -0.6087 1.3965, 0.0868 -0.6087 1.4096, 0.0863 -0.6087 1.4073, 0.1077 -0.6087 1.4011, 0.0863 -0.6087 1.4057, 0.0865 -0.6087 1.4034, 0.0912 -0.6087 1.3977, 0.0934 -0.6087 1.3968
            ]
        }
        coordIndex [
            0,1,2,-1,1,3,4,-1,4,5,1,-1,1,5,6,-1,1,6,2,-1,0,2,7,-1,7,2,8,-1,7,8,9,-1,10,11,12,-1,10,12,13,-1,14,12,15,-1,15,12,16,-1,8,17,9,-1,9,17,18,-1,9,18,19,-1,19,18,20,-1,19,20,12,-1,12,20,21,-1,12,21,13,-1,11,22,12,-1,12,22,23,-1,12,23,16,-1,
        ]
    }
}
Shape{
    appearance Appearance {
        material  Material 	{
            diffuseColor 0.0 0.0 0.0
            specularColor 0.0 0.0 0.0
            ambientIntensity 0.0
            transparency 0.0
            shininess 0.5
        }
    }
    geometry IndexedFaceSet {
        ccw TRUE
        solid FALSE
        coord DEF co Coordinate {
            point [
                0.1356 -0.6087 1.402, 0.1356 -0.6126 1.402, 0.1398 -0.6126 1.3994, 0.1521 -0.6126 1.3964, 0.1521 -0.6087 1.3964, 0.1461 -0.6087 1.3971, 0.1461 -0.6126 1.3971, 0.1403 -0.6087 1.3992, 0.1398 -0.6087 1.3994, 0.1356 -0.6126 1.3916, 0.1356 -0.6087 1.3916, 0.1403 -0.6087 1.3899, 0.1416 -0.6126 1.3894, 0.1511 -0.6087 1.3882, 0.1511 -0.6126 1.3882, 0.1455 -0.6087 1.3889, 0.1416 -0.6087 1.3894, 0.1601 -0.6126 1.3893, 0.1569 -0.6087 1.3889, 0.1601 -0.6087 1.3893, 0.1654 -0.6087 1.3913, 0.1654 -0.6126 1.3913, 0.1678 -0.6087 1.3928, 0.1678 -0.6126 1.3928, 0.1707 -0.6087 1.3953, 0.1707 -0.6126 1.3953, 0.1725 -0.6087 1.3979, 0.1725 -0.6126 1.3979, 0.1738 -0.6087 1.4011, 0.1738 -0.6126 1.4011, 0.1742 -0.6087 1.4051, 0.1742 -0.6126 1.4051, 0.1738 -0.6087 1.4089, 0.1738 -0.6126 1.4089, 0.1728 -0.6087 1.4118, 0.1728 -0.6126 1.4118, 0.1709 -0.6087 1.4146, 0.1709 -0.6126 1.4146, 0.1685 -0.6087 1.4167, 0.1685 -0.6126 1.4167, 0.1618 -0.6087 1.4204, 0.1618 -0.6126 1.4204, 0.158 -0.6087 1.422, 0.158 -0.6126 1.422, 0.1517 -0.6087 1.4247, 0.1517 -0.6126 1.4247, 0.1482 -0.6087 1.4269, 0.1482 -0.6126 1.4269, 0.1472 -0.6087 1.428, 0.1472 -0.6126 1.428, 0.1465 -0.6087 1.4294, 0.1465 -0.6126 1.4294, 0.1461 -0.6087 1.4309, 0.1461 -0.6126 1.4309, 0.146 -0.6087 1.4322, 0.146 -0.6126 1.4322, 0.1462 -0.6087 1.4338, 0.1462 -0.6126 1.4338, 0.1467 -0.6087 1.4352, 0.1467 -0.6126 1.4352, 0.1476 -0.6087 1.4365, 0.1476 -0.6126 1.4365, 0.1491 -0.6087 1.4378, 0.1491 -0.6126 1.4378, 0.1513 -0.6087 1.439, 0.1513 -0.6126 1.439, 0.154 -0.6087 1.4397, 0.154 -0.6126 1.4397, 0.157 -0.6087 1.4399, 0.157 -0.6126 1.4399, 0.1633 -0.6087 1.4393, 0.1633 -0.6126 1.4393, 0.169 -0.6087 1.4372, 0.169 -0.6126 1.4372, 0.1715 -0.6087 1.4358, 0.1715 -0.6126 1.4358, 0.1715 -0.6126 1.4455, 0.1715 -0.6087 1.4455, 0.165 -0.6087 1.4475, 0.165 -0.6126 1.4475, 0.158 -0.6087 1.4481, 0.158 -0.6126 1.4481, 0.1511 -0.6087 1.4474, 0.1511 -0.6126 1.4474, 0.1455 -0.6087 1.4455, 0.1455 -0.6126 1.4455, 0.1421 -0.6087 1.4435, 0.1421 -0.6126 1.4435, 0.1403 -0.6087 1.4419, 0.1391 -0.6126 1.4409, 0.1391 -0.6087 1.4409, 0.1373 -0.6087 1.4382, 0.1373 -0.6126 1.4382, 0.1361 -0.6087 1.4349, 0.1361 -0.6126 1.4349, 0.1357 -0.6087 1.4313, 0.1357 -0.6126 1.4313, 0.1361 -0.6087 1.4274, 0.1361 -0.6126 1.4274, 0.1372 -0.6087 1.4244, 0.1372 -0.6126 1.4244, 0.1385 -0.6087 1.4223, 0.1385 -0.6126 1.4223, 0.1509 -0.6087 1.4147, 0.1509 -0.6126 1.4147, 0.1449 -0.6126 1.4175, 0.1402 -0.6087 1.4206, 0.1402 -0.6126 1.4206, 0.1403 -0.6087 1.4205, 0.1449 -0.6087 1.4175, 0.1575 -0.6087 1.412, 0.1575 -0.6126 1.412, 0.1614 -0.6087 1.4096, 0.1614 -0.6126 1.4096, 0.1626 -0.6087 1.4083, 0.1626 -0.6126 1.4083, 0.1634 -0.6087 1.407, 0.1634 -0.6126 1.407, 0.1639 -0.6087 1.4054, 0.1639 -0.6126 1.4054, 0.164 -0.6087 1.4042, 0.164 -0.6126 1.4042, 0.1637 -0.6087 1.4022, 0.1637 -0.6126 1.4022, 0.1632 -0.6087 1.4008, 0.1632 -0.6126 1.4008, 0.1624 -0.6087 1.3995, 0.1624 -0.6126 1.3995, 0.1612 -0.6087 1.3985, 0.1612 -0.6126 1.3985, 0.1603 -0.6087 1.398, 0.1603 -0.6126 1.398, 0.1577 -0.6087 1.397, 0.1577 -0.6126 1.397, 0.1526 -0.6087 1.3964, 0.1526 -0.6126 1.3964, 0.224 -0.6126 1.4468, 0.2344 -0.6126 1.4468, 0.224 -0.6087 1.4468, 0.2344 -0.6087 1.4468, 0.2083 -0.6126 1.4037, 0.2083 -0.6087 1.4037, 0.2076 -0.6087 1.401, 0.2076 -0.6126 1.401, 0.2071 -0.6087 1.3991, 0.2071 -0.6126 1.3991, 0.2069 -0.6126 1.3991, 0.2069 -0.6087 1.3991, 0.2056 -0.6126 1.4038, 0.2056 -0.6087 1.4038, 0.1907 -0.6087 1.4468, 0.1907 -0.6126 1.4468, 0.1955 -0.6087 1.4329, 0.1795 -0.6126 1.4468, 0.1795 -0.6087 1.4468, 0.2019 -0.6087 1.3897, 0.2019 -0.6126 1.3897, 0.1955 -0.6087 1.4059, 0.1975 -0.6087 1.3793, 0.1975 -0.6126 1.3793, 0.2016 -0.6087 1.3889, 0.1955 -0.6087 1.3757, 0.1955 -0.6126 1.3757, 0.1955 -0.6087 1.3757, 0.1936 -0.6087 1.3736, 0.1936 -0.6126 1.3736, 0.192 -0.6087 1.3724, 0.192 -0.6126 1.3724, 0.1898 -0.6087 1.3716, 0.1898 -0.6126 1.3716, 0.1872 -0.6087 1.3713, 0.1872 -0.6126 1.3713, 0.1836 -0.6087 1.3717, 0.1836 -0.6126 1.3717, 0.1815 -0.6087 1.3724, 0.1815 -0.6126 1.3724, 0.1815 -0.6126 1.3635, 0.1815 -0.6087 1.3635, 0.1858 -0.6087 1.3627, 0.1858 -0.6126 1.3627, 0.188 -0.6087 1.3627, 0.188 -0.6126 1.3627, 0.1921 -0.6087 1.3631, 0.1921 -0.6126 1.3631, 0.1955 -0.6087 1.3644, 0.196 -0.6126 1.3646, 0.196 -0.6087 1.3646, 0.1995 -0.6087 1.3671, 0.1995 -0.6126 1.3671, 0.2002 -0.6087 1.3677, 0.2002 -0.6126 1.3677, 0.2039 -0.6087 1.3721, 0.2039 -0.6126 1.3721, 0.2084 -0.6087 1.381, 0.2084 -0.6126 1.381, 0.2115 -0.6087 1.3889, 0.2882 -0.6126 1.3987, 0.2882 -0.6126 1.3896, 0.2882 -0.6087 1.3987, 0.2882 -0.6087 1.3896, 0.2555 -0.6087 1.3987, 0.2555 -0.6126 1.3987, 0.2705 -0.6087 1.3987, 0.2555 -0.6126 1.4257, 0.2555 -0.6087 1.4257, 0.2841 -0.6087 1.4257, 0.2841 -0.6126 1.4257, 0.2705 -0.6087 1.4257, 0.2841 -0.6126 1.4348, 0.2841 -0.6087 1.4348, 0.2555 -0.6087 1.4348, 0.2555 -0.6126 1.4348, 0.2705 -0.6087 1.4348, 0.2555 -0.6126 1.4604, 0.2555 -0.6087 1.4604, 0.2864 -0.6087 1.4604, 0.2864 -0.6126 1.4604, 0.2705 -0.6087 1.4604, 0.2864 -0.6126 1.4697, 0.2864 -0.6087 1.4697, 0.2452 -0.6087 1.4697, 0.2452 -0.6126 1.4697, 0.2705 -0.6087 1.4697, 0.2452 -0.6126 1.3896, 0.2452 -0.6087 1.3896, 0.2705 -0.6087 1.3896, 0.3565 -0.6126 1.4008, 0.3482 -0.6126 1.4062, 0.3481 -0.6126 1.3948, 0.343 -0.6126 1.4026, 0.339 -0.6126 1.3912, 0.3364 -0.6126 1.4, 0.3254 -0.6126 1.3896, 0.3253 -0.6126 1.3987, 0.3034 -0.6126 1.3896, 0.3137 -0.6126 1.3987, 0.3034 -0.6126 1.4697, 0.3137 -0.6126 1.4604, 0.3262 -0.6126 1.4697, 0.3258 -0.6126 1.4604, 0.3268 -0.6126 1.4604, 0.3384 -0.6126 1.4683, 0.337 -0.6126 1.4591, 0.3481 -0.6126 1.4648, 0.3438 -0.6126 1.4564, 0.3565 -0.6126 1.4591, 0.3489 -0.6126 1.4529, 0.3593 -0.6126 1.4563, 0.3511 -0.6126 1.4507, 0.3643 -0.6126 1.4493, 0.3542 -0.6126 1.4462, 0.3672 -0.6126 1.4417, 0.3565 -0.6126 1.4404, 0.3685 -0.6126 1.4306, 0.3577 -0.6126 1.4304, 0.3683 -0.6126 1.4255, 0.3573 -0.6126 1.4247, 0.3664 -0.6126 1.4162, 0.3557 -0.6126 1.4175, 0.3624 -0.6126 1.4079, 0.3529 -0.6126 1.4116, 0.3491 -0.6126 1.4071, 0.3254 -0.6087 1.3896, 0.3034 -0.6087 1.3896, 0.339 -0.6087 1.3912, 0.3481 -0.6087 1.3948, 0.3565 -0.6087 1.4008, 0.3624 -0.6087 1.4079, 0.3664 -0.6087 1.4162, 0.3683 -0.6087 1.4255, 0.3685 -0.6087 1.4306, 0.3672 -0.6087 1.4417, 0.3643 -0.6087 1.4493, 0.3593 -0.6087 1.4563, 0.3565 -0.6087 1.4591, 0.3481 -0.6087 1.4648, 0.3384 -0.6087 1.4683, 0.3262 -0.6087 1.4697, 0.3034 -0.6087 1.4697, 0.3258 -0.6087 1.4604, 0.3137 -0.6087 1.4604, 0.3137 -0.6087 1.3987, 0.3253 -0.6087 1.3987, 0.3491 -0.6087 1.4071, 0.3482 -0.6087 1.4062, 0.343 -0.6087 1.4026, 0.3364 -0.6087 1.4, 0.3577 -0.6087 1.4304, 0.3573 -0.6087 1.4247, 0.3557 -0.6087 1.4175, 0.3529 -0.6087 1.4116, 0.3489 -0.6087 1.4529, 0.3511 -0.6087 1.4507, 0.3542 -0.6087 1.4462, 0.3565 -0.6087 1.4404, 0.3268 -0.6087 1.4604, 0.337 -0.6087 1.4591, 0.3438 -0.6087 1.4564
            ]
        }
        coordIndex [
            0,1,2,-1,3,4,5,-1,3,5,6,-1,6,5,7,-1,6,7,2,-1,2,7,8,-1,2,8,0,-1,9,1,10,-1,10,1,0,-1,10,11,9,-1,9,11,12,-1,13,14,15,-1,15,14,12,-1,15,12,16,-1,16,12,11,-1,14,13,17,-1,17,13,18,-1,18,19,17,-1,17,19,20,-1,17,20,21,-1,21,20,22,-1,21,22,23,-1,23,22,24,-1,23,24,25,-1,25,24,26,-1,25,26,27,-1,27,26,28,-1,27,28,29,-1,29,28,30,-1,29,30,31,-1,31,30,32,-1,31,32,33,-1,33,32,34,-1,33,34,35,-1,35,34,36,-1,35,36,37,-1,37,36,38,-1,37,38,39,-1,39,38,40,-1,39,40,41,-1,41,40,42,-1,41,42,43,-1,43,42,44,-1,43,44,45,-1,45,44,46,-1,45,46,47,-1,47,46,48,-1,47,48,49,-1,49,48,50,-1,49,50,51,-1,51,50,52,-1,51,52,53,-1,53,52,54,-1,53,54,55,-1,55,54,56,-1,55,56,57,-1,57,56,58,-1,57,58,59,-1,59,58,60,-1,59,60,61,-1,61,60,62,-1,61,62,63,-1,63,62,64,-1,63,64,65,-1,65,64,66,-1,65,66,67,-1,67,66,68,-1,67,68,69,-1,69,68,70,-1,69,70,71,-1,71,70,72,-1,71,72,73,-1,73,72,74,-1,73,74,75,-1,76,75,77,-1,77,75,74,-1,76,77,78,-1,76,78,79,-1,79,78,80,-1,79,80,81,-1,81,80,82,-1,81,82,83,-1,83,82,84,-1,83,84,85,-1,85,84,86,-1,85,86,87,-1,86,88,87,-1,87,88,89,-1,88,90,89,-1,89,90,91,-1,89,91,92,-1,92,91,93,-1,92,93,94,-1,94,93,95,-1,94,95,96,-1,96,95,97,-1,96,97,98,-1,98,97,99,-1,98,99,100,-1,100,99,101,-1,100,101,102,-1,103,104,105,-1,102,101,106,-1,102,106,107,-1,107,106,108,-1,107,108,105,-1,105,108,109,-1,105,109,103,-1,104,103,110,-1,104,110,111,-1,111,110,112,-1,111,112,113,-1,113,112,114,-1,113,114,115,-1,115,114,116,-1,115,116,117,-1,117,116,118,-1,117,118,119,-1,119,118,120,-1,119,120,121,-1,121,120,122,-1,121,122,123,-1,123,122,124,-1,123,124,125,-1,125,124,126,-1,125,126,127,-1,127,126,128,-1,127,128,129,-1,129,128,130,-1,129,130,131,-1,131,130,132,-1,131,132,133,-1,133,132,134,-1,133,134,135,-1,135,134,4,-1,135,4,3,-1,61,63,85,-1,85,63,83,-1,111,43,104,-1,104,43,45,-1,21,23,127,-1,127,23,25,-1,127,25,125,-1,125,25,27,-1,125,27,123,-1,123,27,29,-1,123,29,121,-1,121,29,31,-1,121,31,119,-1,119,31,33,-1,119,33,117,-1,117,33,35,-1,117,35,115,-1,115,35,37,-1,115,37,113,-1,113,37,39,-1,113,39,111,-1,111,39,41,-1,111,41,43,-1,14,3,12,-1,12,3,6,-1,12,6,9,-1,9,6,2,-1,9,2,1,-1,63,65,83,-1,83,65,67,-1,83,67,81,-1,81,67,69,-1,81,69,79,-1,79,69,71,-1,79,71,76,-1,76,71,73,-1,76,73,75,-1,127,129,21,-1,21,129,131,-1,21,131,17,-1,17,131,133,-1,17,133,14,-1,14,133,135,-1,14,135,3,-1,85,87,61,-1,61,87,89,-1,61,89,59,-1,59,89,92,-1,59,92,57,-1,57,92,94,-1,57,94,55,-1,55,94,96,-1,55,96,53,-1,53,96,98,-1,53,98,51,-1,51,98,100,-1,51,100,49,-1,49,100,102,-1,49,102,47,-1,47,102,107,-1,47,107,45,-1,45,107,105,-1,45,105,104,-1,136,137,138,-1,138,137,139,-1,140,136,141,-1,141,136,138,-1,140,141,142,-1,140,142,143,-1,143,142,144,-1,143,144,145,-1,146,145,147,-1,147,145,144,-1,148,146,149,-1,149,146,147,-1,150,151,152,-1,152,151,148,-1,152,148,149,-1,153,151,154,-1,154,151,150,-1,155,156,157,-1,157,156,153,-1,157,153,154,-1,158,159,160,-1,160,159,156,-1,160,156,155,-1,158,161,159,-1,159,161,162,-1,161,163,162,-1,162,163,164,-1,162,164,165,-1,165,164,166,-1,165,166,167,-1,167,166,168,-1,167,168,169,-1,169,168,170,-1,169,170,171,-1,171,170,172,-1,171,172,173,-1,173,172,174,-1,173,174,175,-1,176,175,177,-1,177,175,174,-1,176,177,178,-1,176,178,179,-1,179,178,180,-1,179,180,181,-1,181,180,182,-1,181,182,183,-1,183,182,184,-1,183,184,185,-1,184,186,185,-1,185,186,187,-1,185,187,188,-1,188,187,189,-1,188,189,190,-1,190,189,191,-1,190,191,192,-1,192,191,193,-1,192,193,194,-1,139,137,195,-1,195,137,194,-1,195,194,193,-1,143,145,194,-1,137,136,194,-1,194,136,140,-1,194,140,143,-1,151,153,148,-1,148,153,156,-1,148,156,146,-1,175,176,173,-1,173,176,179,-1,173,179,171,-1,171,179,181,-1,171,181,169,-1,169,181,183,-1,169,183,167,-1,167,183,185,-1,167,185,165,-1,145,146,194,-1,194,146,156,-1,194,156,192,-1,156,159,192,-1,192,159,162,-1,192,162,190,-1,190,162,165,-1,190,165,188,-1,188,165,185,-1,196,197,198,-1,198,197,199,-1,200,201,202,-1,202,201,196,-1,202,196,198,-1,203,201,204,-1,204,201,200,-1,205,206,207,-1,207,206,203,-1,207,203,204,-1,208,206,209,-1,209,206,205,-1,210,211,212,-1,212,211,208,-1,212,208,209,-1,213,211,214,-1,214,211,210,-1,215,216,217,-1,217,216,213,-1,217,213,214,-1,218,216,219,-1,219,216,215,-1,220,221,222,-1,222,221,218,-1,222,218,219,-1,223,221,224,-1,224,221,220,-1,199,197,225,-1,225,197,223,-1,225,223,224,-1,223,197,196,-1,196,201,223,-1,223,201,203,-1,223,203,221,-1,216,218,213,-1,213,218,221,-1,213,221,211,-1,211,221,203,-1,211,203,208,-1,208,203,206,-1,226,227,228,-1,228,227,229,-1,228,229,230,-1,230,229,231,-1,230,231,232,-1,232,231,233,-1,232,233,234,-1,234,233,235,-1,234,235,236,-1,236,235,237,-1,236,237,238,-1,237,239,238,-1,238,239,240,-1,238,240,241,-1,241,240,242,-1,241,242,243,-1,243,242,244,-1,243,244,245,-1,245,244,246,-1,245,246,247,-1,247,246,248,-1,247,248,249,-1,249,248,250,-1,249,250,251,-1,251,250,252,-1,251,252,253,-1,253,252,254,-1,253,254,255,-1,255,254,256,-1,255,256,257,-1,257,256,258,-1,257,258,259,-1,259,258,260,-1,259,260,226,-1,226,260,261,-1,226,261,227,-1,232,234,262,-1,262,234,263,-1,232,262,264,-1,232,264,230,-1,230,264,265,-1,230,265,228,-1,228,265,266,-1,228,266,226,-1,226,266,267,-1,226,267,259,-1,259,267,268,-1,259,268,257,-1,257,268,269,-1,257,269,255,-1,255,269,270,-1,255,270,253,-1,253,270,271,-1,253,271,251,-1,251,271,272,-1,251,272,249,-1,249,272,273,-1,249,273,247,-1,247,273,274,-1,247,274,245,-1,245,274,275,-1,245,275,243,-1,243,275,276,-1,243,276,241,-1,241,276,277,-1,241,277,238,-1,236,238,278,-1,278,238,277,-1,234,236,263,-1,263,236,278,-1,239,237,279,-1,279,237,280,-1,237,235,280,-1,280,235,281,-1,235,233,281,-1,281,233,282,-1,261,283,284,-1,261,284,227,-1,227,284,285,-1,227,285,229,-1,229,285,286,-1,229,286,231,-1,231,286,282,-1,231,282,233,-1,254,287,288,-1,254,288,256,-1,256,288,289,-1,256,289,258,-1,258,289,290,-1,258,290,260,-1,260,290,283,-1,260,283,261,-1,246,291,292,-1,246,292,248,-1,248,292,293,-1,248,293,250,-1,250,293,294,-1,250,294,252,-1,252,294,287,-1,252,287,254,-1,239,279,295,-1,239,295,240,-1,240,295,296,-1,240,296,242,-1,242,296,297,-1,242,297,244,-1,244,297,291,-1,244,291,246,-1,
        ]
    }
}
Shape{
    appearance Appearance {
        material  Material 	{
            diffuseColor 1.0 0.9764705882352941 0.9058823529411765
            specularColor 0.5019607843137255 0.48627450980392156 0.45098039215686275
            ambientIntensity 0.9755
            transparency 0.0
            shininess 0.5
        }
    }
    geometry IndexedFaceSet {
        ccw TRUE
        solid FALSE
        coord DEF co Coordinate {
            point [
                0.343 -0.6087 1.4026, 0.3482 -0.6087 1.4062, 0.3268 -0.6087 1.4604, 0.3137 -0.6087 1.4604, 0.3137 -0.6087 1.3987, 0.3258 -0.6087 1.4604, 0.3253 -0.6087 1.3987, 0.3364 -0.6087 1.4, 0.3491 -0.6087 1.4071, 0.3529 -0.6087 1.4116, 0.3557 -0.6087 1.4175, 0.3577 -0.6087 1.4304, 0.3489 -0.6087 1.4529, 0.3438 -0.6087 1.4564, 0.3565 -0.6087 1.4404, 0.3542 -0.6087 1.4462, 0.3511 -0.6087 1.4507, 0.3573 -0.6087 1.4247, 0.337 -0.6087 1.4591
            ]
        }
        coordIndex [
            0,1,2,-1,3,4,5,-1,5,4,6,-1,5,6,2,-1,2,6,7,-1,2,7,0,-1,1,8,2,-1,2,8,9,-1,2,9,10,-1,11,12,13,-1,14,15,11,-1,11,15,16,-1,11,16,12,-1,10,17,2,-1,2,17,11,-1,2,11,18,-1,18,11,13,-1,
        ]
    }
}
Shape{
    appearance Appearance {
        material  Material 	{
            diffuseColor 0.0 0.0 0.0
            specularColor 0.0 0.0 0.0
            ambientIntensity 0.0
            transparency 0.0
            shininess 0.5
        }
    }
    geometry IndexedFaceSet {
        ccw TRUE
        solid FALSE
        coord DEF co Coordinate {
            point [
                0.3954 -0.6126 1.4205, 0.3921 -0.6126 1.4115, 0.4223 -0.6126 1.4205, 0.4254 -0.6126 1.4115, 0.4074 -0.6126 1.4538, 0.4035 -0.6126 1.4697, 0.373 -0.6126 1.3896, 0.3844 -0.6126 1.3896, 0.408 -0.6126 1.4562, 0.4087 -0.6126 1.4594, 0.4145 -0.6126 1.4697, 0.4089 -0.6126 1.4594, 0.4096 -0.6126 1.456, 0.4102 -0.6126 1.4538, 0.445 -0.6126 1.3896, 0.4336 -0.6126 1.3896, 0.4145 -0.6087 1.4697, 0.445 -0.6087 1.3896, 0.4035 -0.6087 1.4697, 0.373 -0.6087 1.3896, 0.3844 -0.6087 1.3896, 0.3921 -0.6087 1.4115, 0.4254 -0.6087 1.4115, 0.4336 -0.6087 1.3896, 0.3954 -0.6087 1.4205, 0.4223 -0.6087 1.4205, 0.4102 -0.6087 1.4538, 0.4089 -0.6087 1.4594, 0.4096 -0.6087 1.456, 0.4087 -0.6087 1.4594, 0.4074 -0.6087 1.4538, 0.408 -0.6087 1.4562
            ]
        }
        coordIndex [
            0,1,2,-1,2,1,3,-1,4,5,0,-1,0,5,6,-1,0,6,1,-1,1,6,7,-1,4,8,5,-1,5,8,9,-1,5,9,10,-1,10,9,11,-1,10,11,12,-1,12,13,10,-1,10,13,2,-1,10,2,14,-1,14,2,3,-1,14,3,15,-1,10,14,16,-1,16,14,17,-1,5,10,18,-1,18,10,16,-1,6,5,19,-1,19,5,18,-1,7,6,20,-1,20,6,19,-1,1,7,21,-1,21,7,20,-1,3,1,22,-1,22,1,21,-1,15,3,23,-1,23,3,22,-1,14,15,17,-1,17,15,23,-1,0,2,24,-1,24,2,25,-1,2,13,25,-1,25,13,26,-1,11,27,28,-1,11,28,12,-1,12,28,26,-1,12,26,13,-1,11,9,27,-1,27,9,29,-1,4,30,31,-1,4,31,8,-1,8,31,29,-1,8,29,9,-1,4,0,30,-1,30,0,24,-1,
        ]
    }
}
Shape{
    appearance Appearance {
        material  Material 	{
            diffuseColor 1.0 0.9764705882352941 0.9058823529411765
            specularColor 0.5019607843137255 0.48627450980392156 0.45098039215686275
            ambientIntensity 0.9755
            transparency 0.0
            shininess 0.5
        }
    }
    geometry IndexedFaceSet {
        ccw TRUE
        solid FALSE
        coord DEF co Coordinate {
            point [
                0.4089 -0.6087 1.4594, 0.4087 -0.6087 1.4594, 0.4096 -0.6087 1.456, 0.408 -0.6087 1.4562, 0.4102 -0.6087 1.4538, 0.4074 -0.6087 1.4538, 0.4223 -0.6087 1.4205, 0.3954 -0.6087 1.4205
            ]
        }
        coordIndex [
            0,1,2,-1,2,1,3,-1,2,3,4,-1,4,3,5,-1,4,5,6,-1,6,5,7,-1,
        ]
    }
}
Shape{
    appearance Appearance {
        material  Material 	{
            diffuseColor 0.0 0.0 0.0
            specularColor 0.0 0.0 0.0
            ambientIntensity 0.0
            transparency 0.0
            shininess 0.5
        }
    }
    geometry IndexedFaceSet {
        ccw TRUE
        solid FALSE
        coord DEF co Coordinate {
            point [
                -0.3302 -0.6126 1.3782, -0.3217 -0.6126 1.3678, -0.3353 -0.6126 1.4286, -0.3452 -0.6126 1.5275, -0.3325 -0.6126 1.5343, -0.3356 -0.6126 1.5693, -0.3 -0.6126 1.5709, -0.2824 -0.6126 1.5294, -0.2737 -0.6126 1.5474, -0.2249 -0.6126 1.4087, -0.2249 -0.6126 1.4144, -0.2731 -0.6126 1.4282, -0.2785 -0.6126 1.4299, -0.3477 -0.6126 1.4362, -0.3433 -0.6126 1.3927, -0.3359 -0.6126 1.3904, -0.3131 -0.6126 1.5721, -0.2646 -0.6126 1.4214, -0.2619 -0.6126 1.4168, -0.2252 -0.6126 1.4028, -0.1452 -0.6126 1.4565, -0.1628 -0.6126 1.4867, -0.2391 -0.6126 1.4468, -0.2824 -0.6126 1.4303, -0.2877 -0.6126 1.4297, -0.2954 -0.6126 1.4645, -0.2927 -0.6126 1.4277, -0.308 -0.6126 1.4597, -0.2972 -0.6126 1.4246, -0.3196 -0.6126 1.4516, -0.3001 -0.6126 1.4214, -0.329 -0.6126 1.4408, -0.3029 -0.6126 1.4166, -0.3044 -0.6126 1.4112, -0.2612 -0.6126 1.4623, -0.2749 -0.6126 1.4658, -0.2818 -0.6126 1.4662, -0.2684 -0.6126 1.4253, -0.2972 -0.6126 1.3915, -0.2926 -0.6126 1.3884, -0.3106 -0.6126 1.3594, -0.2873 -0.6126 1.3865, -0.1264 -0.6126 1.5128, -0.1219 -0.6126 1.5128, -0.0985 -0.6126 1.5436, -0.111 -0.6126 1.5115, -0.0957 -0.6126 1.5426, -0.1011 -0.6126 1.5077, -0.0788 -0.6126 1.5342, -0.0633 -0.6126 1.5212, -0.2884 -0.6126 1.5845, -0.2609 -0.6126 1.5626, -0.275 -0.6126 1.596, -0.2457 -0.6126 1.5738, -0.2584 -0.6126 1.606, -0.3185 -0.6126 1.5376, -0.3126 -0.6126 1.5379, -0.3066 -0.6126 1.5717, -0.2992 -0.6126 1.5362, -0.2865 -0.6126 1.5316, -0.2491 -0.6126 1.4559, -0.0632 -0.6126 1.4149, -0.0898 -0.6126 1.4375, -0.0787 -0.6126 1.4018, -0.0982 -0.6126 1.4306, -0.0961 -0.6126 1.3933, -0.1082 -0.6126 1.426, -0.115 -0.6126 1.3893, -0.1184 -0.6126 1.424, -0.1486 -0.6126 1.3893, -0.1441 -0.6126 1.424, -0.1518 -0.6126 1.3898, -0.3008 -0.6126 1.3957, -0.3032 -0.6126 1.4004, -0.3045 -0.6126 1.4056, -0.0923 -0.6126 1.5015, -0.0857 -0.6126 1.4942, -0.0517 -0.6126 1.505, -0.0804 -0.6126 1.4844, -0.0448 -0.6126 1.4876, -0.0777 -0.6126 1.4734, -0.0422 -0.6126 1.469, -0.0774 -0.6126 1.4684, -0.0448 -0.6126 1.4487, -0.0788 -0.6126 1.4574, -0.0519 -0.6126 1.4307, -0.0827 -0.6126 1.4472, -0.089 -0.6126 1.4383, -0.1293 -0.6126 1.5886, -0.1515 -0.6126 1.5624, -0.1093 -0.6126 1.5651, -0.1387 -0.6126 1.547, -0.1299 -0.6126 1.5287, -0.3678 -0.6126 1.4947, -0.4052 -0.6126 1.4853, -0.3695 -0.6126 1.481, -0.4054 -0.6126 1.4798, -0.3688 -0.6126 1.4722, -0.4026 -0.6126 1.4575, -0.3647 -0.6126 1.4583, -0.3945 -0.6126 1.4364, -0.3579 -0.6126 1.4467, -0.3814 -0.6126 1.4178, -0.3639 -0.6126 1.4027, -0.2605 -0.6126 1.4116, -0.2603 -0.6126 1.4061, -0.2285 -0.6126 1.3887, -0.2615 -0.6126 1.4006, -0.2353 -0.6126 1.376, -0.2641 -0.6126 1.3956, -0.244 -0.6126 1.3662, -0.2677 -0.6126 1.3915, -0.2554 -0.6126 1.3583, -0.2721 -0.6126 1.3884, -0.268 -0.6126 1.3534, -0.277 -0.6126 1.3865, -0.2818 -0.6126 1.3517, -0.2824 -0.6126 1.3859, -0.284 -0.6126 1.3518, -0.2975 -0.6126 1.3539, -0.2319 -0.6126 1.6154, -0.2271 -0.6126 1.5813, -0.2067 -0.6126 1.6182, -0.2061 -0.6126 1.584, -0.1792 -0.6126 1.6148, -0.1868 -0.6126 1.5816, -0.151 -0.6126 1.6037, -0.169 -0.6126 1.5748, -0.153 -0.6126 1.5637, -0.3566 -0.6126 1.5611, -0.3748 -0.6126 1.5484, -0.355 -0.6126 1.5188, -0.3786 -0.6126 1.5447, -0.3629 -0.6126 1.5074, -0.3923 -0.6126 1.5272, -0.4014 -0.6126 1.5067, -0.1469 -0.6126 1.4246, -0.1606 -0.6126 1.3953, -0.1593 -0.6126 1.3939, -0.1452 -0.6126 1.4242, -0.1556 -0.6126 1.3913, -0.1651 -0.6126 1.407, -0.1646 -0.6126 1.4027, -0.1631 -0.6126 1.3989, -0.1519 -0.6126 1.424, -0.1558 -0.6126 1.4225, -0.165 -0.6126 1.4092, -0.1593 -0.6126 1.42, -0.1616 -0.6126 1.4174, -0.1638 -0.6126 1.4135, -0.1475 -0.6126 1.4246, -0.0422 -0.6087 1.469, -0.0448 -0.6087 1.4876, -0.0467 -0.6087 1.4925, -0.0517 -0.6087 1.505, -0.0633 -0.6087 1.5212, -0.0788 -0.6087 1.5342, -0.0957 -0.6087 1.5426, -0.0985 -0.6087 1.5436, -0.1093 -0.6087 1.5651, -0.1293 -0.6087 1.5886, -0.1419 -0.6087 1.5974, -0.151 -0.6087 1.6037, -0.1792 -0.6087 1.6148, -0.2067 -0.6087 1.6182, -0.2319 -0.6087 1.6154, -0.2584 -0.6087 1.606, -0.2727 -0.6087 1.5974, -0.275 -0.6087 1.596, -0.2884 -0.6087 1.5845, -0.3 -0.6087 1.5709, -0.3066 -0.6087 1.5717, -0.3131 -0.6087 1.5721, -0.3356 -0.6087 1.5693, -0.3566 -0.6087 1.5611, -0.3748 -0.6087 1.5484, -0.3786 -0.6087 1.5447, -0.4014 -0.6087 1.5067, -0.3923 -0.6087 1.5272, -0.4039 -0.6087 1.4925, -0.4052 -0.6087 1.4853, -0.4054 -0.6087 1.4798, -0.4026 -0.6087 1.4575, -0.3945 -0.6087 1.4364, -0.3814 -0.6087 1.4178, -0.3639 -0.6087 1.4027, -0.3433 -0.6087 1.3927, -0.3359 -0.6087 1.3904, -0.3352 -0.6087 1.3889, -0.3302 -0.6087 1.3782, -0.3217 -0.6087 1.3678, -0.3106 -0.6087 1.3594, -0.3054 -0.6087 1.3572, -0.2975 -0.6087 1.3539, -0.284 -0.6087 1.3518, -0.2818 -0.6087 1.3517, -0.2249 -0.6087 1.4087, -0.268 -0.6087 1.3534, -0.2583 -0.6087 1.3572, -0.2554 -0.6087 1.3583, -0.244 -0.6087 1.3662, -0.2353 -0.6087 1.376, -0.2285 -0.6087 1.3887, -0.2285 -0.6087 1.3889, -0.2252 -0.6087 1.4028, -0.2249 -0.6087 1.4144, -0.1452 -0.6087 1.4565, -0.1628 -0.6087 1.4867, -0.2391 -0.6087 1.4468, -0.2491 -0.6087 1.4559, -0.2612 -0.6087 1.4623, -0.2749 -0.6087 1.4658, -0.2818 -0.6087 1.4662, -0.2954 -0.6087 1.4645, -0.308 -0.6087 1.4597, -0.3196 -0.6087 1.4516, -0.329 -0.6087 1.4408, -0.3353 -0.6087 1.4286, -0.3477 -0.6087 1.4362, -0.3579 -0.6087 1.4467, -0.3647 -0.6087 1.4583, -0.3688 -0.6087 1.4722, -0.3695 -0.6087 1.481, -0.3681 -0.6087 1.4925, -0.3678 -0.6087 1.4947, -0.3629 -0.6087 1.5074, -0.355 -0.6087 1.5188, -0.3452 -0.6087 1.5275, -0.3325 -0.6087 1.5343, -0.3185 -0.6087 1.5376, -0.3126 -0.6087 1.5379, -0.2992 -0.6087 1.5362, -0.2865 -0.6087 1.5316, -0.2824 -0.6087 1.5294, -0.2737 -0.6087 1.5474, -0.2609 -0.6087 1.5626, -0.2457 -0.6087 1.5738, -0.2271 -0.6087 1.5813, -0.2061 -0.6087 1.584, -0.1868 -0.6087 1.5816, -0.169 -0.6087 1.5748, -0.153 -0.6087 1.5637, -0.1515 -0.6087 1.5624, -0.1387 -0.6087 1.547, -0.1299 -0.6087 1.5287, -0.1264 -0.6087 1.5128, -0.1219 -0.6087 1.5128, -0.111 -0.6087 1.5115, -0.1011 -0.6087 1.5077, -0.0923 -0.6087 1.5015, -0.0857 -0.6087 1.4942, -0.0848 -0.6087 1.4925, -0.0804 -0.6087 1.4844, -0.0777 -0.6087 1.4734, -0.0774 -0.6087 1.4684, -0.0788 -0.6087 1.4574, -0.0827 -0.6087 1.4472, -0.089 -0.6087 1.4383, -0.0898 -0.6087 1.4375, -0.0982 -0.6087 1.4306, -0.1082 -0.6087 1.426, -0.1184 -0.6087 1.424, -0.1441 -0.6087 1.424, -0.1452 -0.6087 1.4242, -0.1469 -0.6087 1.4246, -0.1475 -0.6087 1.4246, -0.1519 -0.6087 1.424, -0.1558 -0.6087 1.4225, -0.1593 -0.6087 1.42, -0.1616 -0.6087 1.4174, -0.1638 -0.6087 1.4135, -0.165 -0.6087 1.4092, -0.1651 -0.6087 1.407, -0.1646 -0.6087 1.4027, -0.1631 -0.6087 1.3989, -0.1606 -0.6087 1.3953, -0.1593 -0.6087 1.3939, -0.1556 -0.6087 1.3913, -0.1518 -0.6087 1.3898, -0.1486 -0.6087 1.3893, -0.115 -0.6087 1.3893, -0.0961 -0.6087 1.3933, -0.0787 -0.6087 1.4018, -0.0632 -0.6087 1.4149, -0.0519 -0.6087 1.4307, -0.0448 -0.6087 1.4487, -0.2824 -0.6087 1.4303, -0.2785 -0.6087 1.4299, -0.2731 -0.6087 1.4282, -0.2684 -0.6087 1.4253, -0.2646 -0.6087 1.4214, -0.2619 -0.6087 1.4168, -0.2605 -0.6087 1.4116, -0.2603 -0.6087 1.4061, -0.2615 -0.6087 1.4006, -0.2641 -0.6087 1.3956, -0.2677 -0.6087 1.3915, -0.2721 -0.6087 1.3884, -0.277 -0.6087 1.3865, -0.2824 -0.6087 1.3859, -0.2873 -0.6087 1.3865, -0.2926 -0.6087 1.3884, -0.2972 -0.6087 1.3915, -0.3008 -0.6087 1.3957, -0.3032 -0.6087 1.4004, -0.3045 -0.6087 1.4056, -0.3044 -0.6087 1.4112, -0.3029 -0.6087 1.4166, -0.3001 -0.6087 1.4214, -0.2972 -0.6087 1.4246, -0.2927 -0.6087 1.4277, -0.2877 -0.6087 1.4297
            ]
        }
        coordIndex [
            0,1,2,-1,3,4,5,-1,6,7,8,-1,9,10,11,-1,11,10,12,-1,13,14,2,-1,2,14,15,-1,2,15,0,-1,5,4,16,-1,17,18,19,-1,20,21,10,-1,10,21,22,-1,10,22,12,-1,12,22,23,-1,24,25,26,-1,26,25,27,-1,26,27,28,-1,28,27,29,-1,28,29,30,-1,30,29,31,-1,30,31,32,-1,32,31,2,-1,32,2,33,-1,34,35,24,-1,24,35,36,-1,24,36,25,-1,9,11,19,-1,19,11,37,-1,19,37,17,-1,38,1,39,-1,39,1,40,-1,39,40,41,-1,42,43,44,-1,44,43,45,-1,44,45,46,-1,46,45,47,-1,46,47,48,-1,48,47,49,-1,6,8,50,-1,50,8,51,-1,50,51,52,-1,52,51,53,-1,52,53,54,-1,4,55,16,-1,16,55,56,-1,16,56,57,-1,57,56,58,-1,57,58,6,-1,6,58,59,-1,6,59,7,-1,23,22,24,-1,24,22,60,-1,24,60,34,-1,61,62,63,-1,63,62,64,-1,63,64,65,-1,65,64,66,-1,65,66,67,-1,67,66,68,-1,67,68,69,-1,69,68,70,-1,69,70,71,-1,38,72,1,-1,1,72,73,-1,1,73,2,-1,2,73,74,-1,2,74,33,-1,47,75,49,-1,49,75,76,-1,49,76,77,-1,77,76,78,-1,77,78,79,-1,79,78,80,-1,79,80,81,-1,81,80,82,-1,81,82,83,-1,83,82,84,-1,83,84,85,-1,85,84,86,-1,85,86,61,-1,61,86,87,-1,61,87,62,-1,88,89,90,-1,90,89,91,-1,90,91,44,-1,44,91,92,-1,44,92,42,-1,93,94,95,-1,95,94,96,-1,95,96,97,-1,97,96,98,-1,97,98,99,-1,99,98,100,-1,99,100,101,-1,101,100,102,-1,101,102,13,-1,13,102,103,-1,13,103,14,-1,18,104,19,-1,19,104,105,-1,19,105,106,-1,106,105,107,-1,106,107,108,-1,108,107,109,-1,108,109,110,-1,110,109,111,-1,110,111,112,-1,112,111,113,-1,112,113,114,-1,114,113,115,-1,114,115,116,-1,116,115,117,-1,116,117,118,-1,118,117,41,-1,118,41,119,-1,119,41,40,-1,54,53,120,-1,120,53,121,-1,120,121,122,-1,122,121,123,-1,122,123,124,-1,124,123,125,-1,124,125,126,-1,126,125,127,-1,126,127,88,-1,88,127,128,-1,88,128,89,-1,5,129,3,-1,3,129,130,-1,3,130,131,-1,131,130,132,-1,131,132,133,-1,133,132,134,-1,133,134,93,-1,93,134,135,-1,93,135,94,-1,136,137,138,-1,70,139,71,-1,71,139,136,-1,71,136,140,-1,140,136,138,-1,141,142,136,-1,136,142,143,-1,136,143,137,-1,144,145,146,-1,145,147,146,-1,146,147,148,-1,146,148,149,-1,141,136,146,-1,146,136,150,-1,146,150,144,-1,81,151,152,-1,81,152,79,-1,79,152,153,-1,79,153,77,-1,153,154,77,-1,77,154,155,-1,77,155,49,-1,49,155,156,-1,49,156,48,-1,48,156,157,-1,48,157,46,-1,46,157,158,-1,46,158,44,-1,44,158,159,-1,44,159,90,-1,90,159,160,-1,90,160,88,-1,88,160,126,-1,126,160,161,-1,161,162,126,-1,126,162,163,-1,126,163,124,-1,124,163,164,-1,124,164,122,-1,122,164,165,-1,122,165,120,-1,120,165,166,-1,120,166,54,-1,54,166,52,-1,52,166,167,-1,52,167,168,-1,52,168,169,-1,52,169,50,-1,50,169,170,-1,50,170,6,-1,6,170,171,-1,6,171,57,-1,57,171,172,-1,57,172,16,-1,16,172,173,-1,16,173,5,-1,5,173,174,-1,5,174,129,-1,129,174,175,-1,129,175,130,-1,130,175,176,-1,130,176,132,-1,177,134,178,-1,178,134,132,-1,178,132,176,-1,179,94,177,-1,177,94,135,-1,177,135,134,-1,179,180,94,-1,94,180,181,-1,94,181,96,-1,96,181,182,-1,96,182,98,-1,98,182,183,-1,98,183,100,-1,100,183,184,-1,100,184,102,-1,102,184,185,-1,102,185,103,-1,103,185,186,-1,103,186,14,-1,14,186,187,-1,14,187,15,-1,15,187,188,-1,15,188,0,-1,188,189,0,-1,0,189,190,-1,0,190,1,-1,1,190,191,-1,1,191,40,-1,40,191,192,-1,40,192,119,-1,192,193,119,-1,119,193,194,-1,119,194,118,-1,118,194,195,-1,118,195,116,-1,196,9,19,-1,116,195,197,-1,198,112,197,-1,197,112,114,-1,197,114,116,-1,198,199,112,-1,112,199,200,-1,112,200,110,-1,110,200,201,-1,110,201,108,-1,108,201,202,-1,108,202,106,-1,106,202,203,-1,106,203,19,-1,19,203,204,-1,19,204,196,-1,10,9,205,-1,205,9,196,-1,20,10,206,-1,206,10,205,-1,21,20,207,-1,207,20,206,-1,22,21,208,-1,208,21,207,-1,22,208,209,-1,22,209,60,-1,60,209,210,-1,60,210,34,-1,34,210,211,-1,34,211,35,-1,35,211,212,-1,35,212,36,-1,36,212,213,-1,36,213,25,-1,25,213,214,-1,25,214,27,-1,27,214,215,-1,27,215,29,-1,29,215,216,-1,29,216,31,-1,31,216,217,-1,31,217,2,-1,2,217,218,-1,2,218,13,-1,13,218,219,-1,13,219,101,-1,101,219,220,-1,101,220,99,-1,99,220,221,-1,99,221,97,-1,97,221,222,-1,97,222,95,-1,95,222,93,-1,93,222,223,-1,223,224,93,-1,93,224,225,-1,93,225,133,-1,133,225,226,-1,133,226,131,-1,131,226,227,-1,131,227,3,-1,3,227,228,-1,3,228,4,-1,4,228,229,-1,4,229,55,-1,55,229,230,-1,55,230,56,-1,56,230,231,-1,56,231,58,-1,58,231,232,-1,58,232,59,-1,59,232,233,-1,59,233,7,-1,7,233,234,-1,7,234,8,-1,8,234,235,-1,8,235,51,-1,51,235,236,-1,51,236,53,-1,53,236,237,-1,53,237,121,-1,121,237,238,-1,121,238,123,-1,123,238,239,-1,123,239,125,-1,125,239,240,-1,125,240,127,-1,127,240,241,-1,127,241,128,-1,128,241,242,-1,128,242,89,-1,89,242,243,-1,89,243,91,-1,91,243,244,-1,91,244,92,-1,92,244,245,-1,92,245,42,-1,43,42,246,-1,246,42,245,-1,43,246,247,-1,43,247,45,-1,45,247,248,-1,45,248,47,-1,47,248,249,-1,47,249,75,-1,75,249,250,-1,75,250,76,-1,76,250,251,-1,76,251,78,-1,251,252,78,-1,78,252,253,-1,78,253,80,-1,80,253,254,-1,80,254,82,-1,82,254,255,-1,82,255,84,-1,84,255,256,-1,84,256,86,-1,86,256,257,-1,86,257,87,-1,87,257,258,-1,87,258,62,-1,62,258,259,-1,62,259,64,-1,64,259,260,-1,64,260,66,-1,66,260,261,-1,66,261,68,-1,70,68,262,-1,262,68,261,-1,70,262,263,-1,70,263,139,-1,139,263,264,-1,139,264,136,-1,136,264,265,-1,136,265,150,-1,150,265,266,-1,150,266,144,-1,144,266,267,-1,144,267,145,-1,145,267,268,-1,145,268,147,-1,147,268,269,-1,147,269,148,-1,148,269,270,-1,148,270,149,-1,149,270,271,-1,149,271,146,-1,146,271,272,-1,146,272,141,-1,141,272,273,-1,141,273,142,-1,142,273,274,-1,142,274,143,-1,143,274,275,-1,143,275,137,-1,137,275,276,-1,137,276,138,-1,138,276,277,-1,138,277,140,-1,140,277,278,-1,140,278,71,-1,71,278,279,-1,71,279,69,-1,67,69,280,-1,280,69,279,-1,67,280,281,-1,67,281,65,-1,65,281,282,-1,65,282,63,-1,63,282,283,-1,63,283,61,-1,61,283,284,-1,61,284,85,-1,85,284,285,-1,85,285,83,-1,83,285,151,-1,83,151,81,-1,23,286,287,-1,23,287,12,-1,12,287,288,-1,12,288,11,-1,11,288,289,-1,11,289,37,-1,37,289,290,-1,37,290,17,-1,17,290,291,-1,17,291,18,-1,18,291,292,-1,18,292,104,-1,104,292,293,-1,104,293,105,-1,105,293,294,-1,105,294,107,-1,107,294,295,-1,107,295,109,-1,109,295,296,-1,109,296,111,-1,111,296,297,-1,111,297,113,-1,113,297,298,-1,113,298,115,-1,115,298,299,-1,115,299,117,-1,117,299,300,-1,117,300,41,-1,41,300,301,-1,41,301,39,-1,39,301,302,-1,39,302,38,-1,38,302,303,-1,38,303,72,-1,72,303,304,-1,72,304,73,-1,73,304,305,-1,73,305,74,-1,74,305,306,-1,74,306,33,-1,33,306,307,-1,33,307,32,-1,32,307,308,-1,32,308,30,-1,30,308,309,-1,30,309,28,-1,28,309,310,-1,28,310,26,-1,26,310,311,-1,26,311,24,-1,24,311,286,-1,24,286,23,-1,
        ]
    }
}
Shape{
    appearance Appearance {
        material  Material 	{
            diffuseColor 1.0 0.9764705882352941 0.9058823529411765
            specularColor 0.5019607843137255 0.48627450980392156 0.45098039215686275
            ambientIntensity 0.9755
            transparency 0.0
            shininess 0.5
        }
    }
    geometry IndexedFaceSet {
        ccw TRUE
        solid FALSE
        coord DEF co Coordinate {
            point [
                -0.2824 -0.6087 1.3859, -0.2972 -0.6087 1.4246, -0.3001 -0.6087 1.4214, -0.2824 -0.6087 1.4303, -0.2785 -0.6087 1.4299, -0.277 -0.6087 1.3865, -0.2877 -0.6087 1.4297, -0.2927 -0.6087 1.4277, -0.2677 -0.6087 1.3915, -0.2646 -0.6087 1.4214, -0.2684 -0.6087 1.4253, -0.3032 -0.6087 1.4004, -0.3008 -0.6087 1.3957, -0.2972 -0.6087 1.3915, -0.2721 -0.6087 1.3884, -0.2731 -0.6087 1.4282, -0.2926 -0.6087 1.3884, -0.2873 -0.6087 1.3865, -0.3029 -0.6087 1.4166, -0.3044 -0.6087 1.4112, -0.3045 -0.6087 1.4056, -0.2615 -0.6087 1.4006, -0.2603 -0.6087 1.4061, -0.2641 -0.6087 1.3956, -0.2605 -0.6087 1.4116, -0.2619 -0.6087 1.4168
            ]
        }
        coordIndex [
            0,1,2,-1,3,0,4,-1,4,0,5,-1,3,6,0,-1,0,6,7,-1,0,7,1,-1,8,9,10,-1,11,12,2,-1,2,12,13,-1,5,14,4,-1,4,14,8,-1,4,8,15,-1,15,8,10,-1,13,16,2,-1,2,16,17,-1,2,17,0,-1,18,19,2,-1,2,19,20,-1,2,20,11,-1,21,22,23,-1,23,22,24,-1,23,24,8,-1,8,24,25,-1,8,25,9,-1,
        ]
    }
}