#VRML V2.0 utf8
# 3D model generated by easyeda2kicad.py (https://github.com/uPesy/easyeda2kicad.py)

Shape{
    appearance Appearance {
        material  Material 	{
            diffuseColor 0.6666666666666666 0.6980392156862745 0.7686274509803922
            specularColor 0.3333333333333333 0.34901960784313724 0.3843137254901961
            ambientIntensity 0.6967
            transparency 0.0
            shininess 0.5
        }
    }
    geometry IndexedFaceSet {
        ccw TRUE
        solid FALSE
        coord DEF co Coordinate {
            point [
                0.4528 -0.2201 1.3018, 0.4528 0.1736 1.3018, 0.4528 -0.2201 -0.9842, 0.4528 0.1736 -0.9842, 0.4528 -0.146 -1.1382, 0.4528 -0.1771 -1.107, 0.4528 -0.1086 -1.1616, 0.4528 0.1687 -1.0281, 0.4528 0.1541 -1.0697, 0.4528 -0.0232 -1.1811, 0.4528 -0.067 -1.1762, 0.4528 0.0206 -1.1762, 0.4528 0.0622 -1.1616, 0.4528 -0.2006 -1.0697, 0.4528 -0.2151 -1.0281, 0.4528 0.1307 -1.107, 0.4528 0.0995 -1.1382, 0.5709 0.1736 1.3018, 0.5709 -0.2201 1.3018, 0.5709 0.1736 -0.9842, 0.5709 -0.2201 -0.9842, 0.5709 -0.2151 -1.0281, 0.5709 -0.2006 -1.0697, 0.5709 -0.1771 -1.107, 0.5709 0.0622 -1.1616, 0.5709 0.0995 -1.1382, 0.5709 0.1307 -1.107, 0.5709 0.1687 -1.0281, 0.5709 0.1541 -1.0697, 0.5709 -0.146 -1.1382, 0.5709 -0.1086 -1.1616, 0.5709 -0.067 -1.1762, 0.5709 -0.0232 -1.1811, 0.5709 0.0206 -1.1762, 0.5668 0.1736 1.3324, 0.5668 -0.2201 1.3324, 0.555 0.1736 1.3609, 0.555 -0.2201 1.3609, 0.5363 0.1736 1.3853, 0.5363 -0.2201 1.3853, 0.5118 0.1736 1.4041, 0.5118 -0.2201 1.4041, 0.4833 0.1736 1.4159, 0.4833 -0.2201 1.4159, 0.4528 0.1736 1.4199, 0.4528 -0.2201 1.4199, 0.226 -0.2201 1.4199, 0.226 0.1736 1.4199, 0.226 -0.2201 1.3018, 0.226 0.1736 1.3018, -0.7283 0.9807 0.0787, -0.7283 0.9807 -0.9921, -0.7283 0.8626 0.0787, -0.7283 0.8626 -0.9921, -0.9102 0.9807 0.0787, -0.9102 0.8626 0.0787, -0.9365 0.8626 0.0817, -0.9365 0.9807 0.0817, -0.9614 0.8626 0.0904, -0.9614 0.9807 0.0904, -0.9838 0.8626 0.1045, -0.9838 0.9807 0.1045, -1.0025 0.8626 0.1232, -1.0025 0.9807 0.1232, -1.0166 0.8626 0.1456, -1.0166 0.9807 0.1456, -1.0253 0.8626 0.1706, -1.0253 0.9807 0.1706, -1.0283 0.8626 0.1969, -1.0283 0.9807 0.1969, -1.0283 0.9807 2.6203, -1.0283 0.8626 2.6203, -1.0243 0.8626 2.6509, -1.0243 0.9807 2.6509, -1.0125 0.8626 2.6794, -1.0125 0.9807 2.6794, -0.9937 0.8626 2.7038, -0.9937 0.9807 2.7038, -0.9692 0.8626 2.7226, -0.9692 0.9807 2.7226, -0.9408 0.8626 2.7344, -0.9408 0.9807 2.7344, -0.9102 0.8626 2.7384, -0.9102 0.9807 2.7384, -0.1528 0.9807 2.7384, -0.1528 0.8626 2.7384, -0.1222 0.8626 2.7344, -0.1222 0.9807 2.7344, -0.0937 0.8626 2.7226, -0.0937 0.9807 2.7226, -0.0693 0.8626 2.7038, -0.0693 0.9807 2.7038, -0.0505 0.8626 2.6794, -0.0505 0.9807 2.6794, -0.0387 0.8626 2.6509, -0.0387 0.9807 2.6509, -0.0347 0.8626 2.6203, -0.0347 0.9807 2.6203, -0.0347 0.9807 0.1969, -0.0347 0.8626 0.1969, -0.0377 0.8626 0.1706, -0.0377 0.9807 0.1706, -0.0464 0.8626 0.1456, -0.0464 0.9807 0.1456, -0.0605 0.8626 0.1232, -0.0605 0.9807 0.1232, -0.0792 0.8626 0.1045, -0.0792 0.9807 0.1045, -0.1016 0.8626 0.0904, -0.1016 0.9807 0.0904, -0.1265 0.8626 0.0817, -0.1265 0.9807 0.0817, -0.1528 0.8626 0.0787, -0.1528 0.9807 0.0787, -0.3346 0.9807 0.0787, -0.3346 0.8626 0.0787, -0.3346 0.9807 -0.9921, -0.3346 0.8626 -0.9921, -0.3394 0.8626 -1.0342, -0.3394 0.9807 -1.0342, -0.3534 0.8626 -1.0741, -0.3534 0.9807 -1.0741, -0.3759 0.8626 -1.1099, -0.3759 0.9807 -1.1099, -0.4058 0.8626 -1.1399, -0.4058 0.9807 -1.1399, -0.4416 0.8626 -1.1624, -0.4416 0.9807 -1.1624, -0.4816 0.8626 -1.1764, -0.4816 0.9807 -1.1764, -0.5236 0.8626 -1.1811, -0.5236 0.9807 -1.1811, -0.5394 0.9807 -1.1811, -0.5394 0.8626 -1.1811, -0.5814 0.8626 -1.1764, -0.5814 0.9807 -1.1764, -0.6214 0.8626 -1.1624, -0.6214 0.9807 -1.1624, -0.6572 0.8626 -1.1399, -0.6572 0.9807 -1.1399, -0.6871 0.8626 -1.1099, -0.6871 0.9807 -1.1099, -0.7096 0.8626 -1.0741, -0.7096 0.9807 -1.0741, -0.7236 0.8626 -1.0342, -0.7236 0.9807 -1.0342, -0.7833 0.9807 2.5125, -0.2797 0.9807 2.5125, -0.572 0.9807 2.6234, -0.491 0.9807 2.6234, -0.4122 0.9807 2.604, -0.3404 0.9807 2.5663, -0.8293 0.9807 2.4458, -0.8581 0.9807 2.3699, -0.8679 0.9807 2.2894, -0.8581 0.9807 2.2089, -0.8293 0.9807 2.1331, -0.7833 0.9807 2.0664, -0.491 0.9807 1.9555, -0.4122 0.9807 1.9749, -0.2049 0.9807 2.2089, -0.1951 0.9807 2.2894, -0.6508 0.9807 2.604, -0.7226 0.9807 2.5663, -0.3404 0.9807 2.0126, -0.2797 0.9807 2.0664, -0.2337 0.9807 2.1331, -0.2337 0.9807 2.4458, -0.2049 0.9807 2.3699, -0.572 0.9807 1.9555, -0.5315 0.9807 1.9531, -0.7226 0.9807 2.0126, -0.6508 0.9807 1.9749, -0.7214 1.0988 2.1084, -0.7626 1.0988 2.1029, -0.7522 1.0988 2.1476, -0.7908 1.0988 2.1446, -0.7751 1.0988 2.1919, -0.8115 1.0988 2.1905, -0.7891 1.0988 2.2398, -0.8242 1.0988 2.2392, -0.7939 1.0988 2.2894, -0.8285 1.0988 2.2894, -0.7891 1.0988 2.3391, -0.8242 1.0988 2.3396, -0.7751 1.0988 2.387, -0.8115 1.0988 2.3884, -0.7522 1.0988 2.4313, -0.7908 1.0988 2.4343, -0.7214 1.0988 2.4705, -0.7626 1.0988 2.476, -0.7277 1.0988 2.5124, -0.6837 1.0988 2.5032, -0.6872 1.0988 2.5423, -0.6405 1.0988 2.5281, -0.6422 1.0988 2.565, -0.5934 1.0988 2.5444, -0.5941 1.0988 2.5798, -0.544 1.0988 2.5515, -0.5441 1.0988 2.5862, -0.4942 1.0988 2.5491, -0.4938 1.0988 2.584, -0.4457 1.0988 2.5374, -0.4445 1.0988 2.5734, -0.4003 1.0988 2.5167, -0.3978 1.0988 2.5546, -0.3597 1.0988 2.4877, -0.3597 1.0988 2.0912, -0.3549 1.0988 2.0507, -0.4003 1.0988 2.0622, -0.3978 1.0988 2.0242, -0.4457 1.0988 2.0415, -0.4445 1.0988 2.0055, -0.4942 1.0988 2.0297, -0.4938 1.0988 1.9948, -0.544 1.0988 2.0274, -0.5441 1.0988 1.9927, -0.5934 1.0988 2.0345, -0.5941 1.0988 1.9991, -0.6405 1.0988 2.0508, -0.6422 1.0988 2.0139, -0.6837 1.0988 2.0757, -0.6872 1.0988 2.0365, -0.7277 1.0988 2.0665, -0.3549 1.0988 2.5282, -0.3171 1.0988 2.4949, -0.3253 1.0988 2.4516, -0.2854 1.0988 2.4558, -0.2983 1.0988 2.4097, -0.2609 1.0988 2.4118, -0.2798 1.0988 2.3634, -0.2441 1.0988 2.3643, -0.2703 1.0988 2.3144, -0.2356 1.0988 2.3146, -0.2703 1.0988 2.2645, -0.2356 1.0988 2.2643, -0.2798 1.0988 2.2155, -0.2441 1.0988 2.2146, -0.2983 1.0988 2.1692, -0.2609 1.0988 2.1671, -0.3253 1.0988 2.1273, -0.2854 1.0988 2.1231, -0.3171 1.0988 2.0839, -0.1963 1.0594 2.2609, -0.2346 1.0594 2.1337, -0.225 1.0594 2.1509, -0.206 1.0594 2.2047, -0.2052 1.0594 2.209, -0.2528 1.0594 2.1011, -0.2804 1.0594 2.0669, -0.2887 1.0594 2.0567, -0.3315 1.0594 2.019, -0.3801 1.0594 1.9891, -0.3408 1.0594 2.0133, -0.491 1.0594 1.9557, -0.4888 1.0594 1.9558, -0.433 1.0594 1.9678, -0.4126 1.0594 1.976, -0.5458 1.0594 1.9534, -0.5719 1.0594 1.9567, -0.6024 1.0594 1.9606, -0.6506 1.0594 1.9754, -0.6569 1.0594 1.9773, -0.7079 1.0594 2.003, -0.7537 1.0594 2.0369, -0.722 1.0594 2.0134, -0.8288 1.0594 2.1334, -0.8252 1.0594 2.1254, -0.7932 1.0594 2.0781, -0.7826 1.0594 2.067, -0.8487 1.0594 2.1774, -0.8569 1.0594 2.2092, -0.863 1.0594 2.2326, -0.8679 1.0594 2.2894, -0.863 1.0594 2.3463, -0.8569 1.0594 2.3696, -0.8487 1.0594 2.4015, -0.8288 1.0594 2.4455, -0.8252 1.0594 2.4535, -0.7932 1.0594 2.5008, -0.7537 1.0594 2.5419, -0.7826 1.0594 2.5118, -0.6506 1.0594 2.6035, -0.6569 1.0594 2.6016, -0.7079 1.0594 2.5759, -0.722 1.0594 2.5654, -0.6024 1.0594 2.6183, -0.5719 1.0594 2.6222, -0.5458 1.0594 2.6255, -0.491 1.0594 2.6232, -0.4888 1.0594 2.6231, -0.433 1.0594 2.6111, -0.3801 1.0594 2.5898, -0.4126 1.0594 2.6029, -0.2804 1.0594 2.512, -0.2887 1.0594 2.5222, -0.3315 1.0594 2.5599, -0.3408 1.0594 2.5656, -0.2528 1.0594 2.4778, -0.2346 1.0594 2.4452, -0.225 1.0594 2.428, -0.206 1.0594 2.3742, -0.1963 1.0594 2.2894, -0.1963 1.0594 2.318, -0.2052 1.0594 2.3699, -0.3095 1.0594 2.3106, -0.3085 0.9807 2.2894, -0.3161 0.9807 2.3472, -0.339 1.0594 2.4005, -0.3333 1.0594 2.3916, -0.3384 0.9807 2.4009, -0.3175 1.0594 2.3523, -0.3165 1.0594 2.3471, -0.3562 1.0594 2.4273, -0.3738 0.9807 2.4471, -0.3745 1.0594 2.4465, -0.3855 1.0594 2.458, -0.42 0.9807 2.4826, -0.42 1.0594 2.4826, -0.4586 1.0594 2.5002, -0.4738 0.9807 2.5048, -0.474 1.0594 2.5039, -0.4998 1.0594 2.5102, -0.5315 0.9807 2.5124, -0.5315 1.0594 2.5117, -0.5421 1.0594 2.5122, -0.5892 0.9807 2.5048, -0.5841 1.0594 2.5062, -0.643 0.9807 2.4826, -0.6241 1.0594 2.4923, -0.5891 1.0594 2.5044, -0.6892 0.9807 2.4471, -0.6608 1.0594 2.4711, -0.6425 1.0594 2.4817, -0.7239 1.0594 2.4006, -0.7191 1.0594 2.41, -0.7246 0.9807 2.4009, -0.6929 1.0594 2.4433, -0.6889 1.0594 2.4468, -0.7385 1.0594 2.3723, -0.7469 0.9807 2.3472, -0.746 1.0594 2.3469, -0.7505 1.0594 2.3316, -0.7545 0.9807 2.2894, -0.7545 1.0594 2.2894, -0.7505 1.0594 2.2472, -0.7469 0.9807 2.2317, -0.746 1.0594 2.232, -0.7385 1.0594 2.2066, -0.7246 0.9807 2.1779, -0.7239 1.0594 2.1783, -0.7191 1.0594 2.1689, -0.6892 0.9807 2.1318, -0.6929 1.0594 2.1356, -0.643 0.9807 2.0963, -0.6608 1.0594 2.1078, -0.6889 1.0594 2.1321, -0.5892 0.9807 2.074, -0.6241 1.0594 2.0866, -0.6425 1.0594 2.0972, -0.5315 1.0594 2.0672, -0.5421 1.0594 2.0667, -0.5315 0.9807 2.0664, -0.5841 1.0594 2.0727, -0.5891 1.0594 2.0745, -0.4998 1.0594 2.0687, -0.4738 0.9807 2.074, -0.474 1.0594 2.075, -0.4586 1.0594 2.0787, -0.42 0.9807 2.0963, -0.42 1.0594 2.0963, -0.3855 1.0594 2.1209, -0.3738 0.9807 2.1318, -0.3745 1.0594 2.1324, -0.3562 1.0594 2.1516, -0.3384 0.9807 2.1779, -0.339 1.0594 2.1784, -0.3333 1.0594 2.1873, -0.3161 0.9807 2.2317, -0.3175 1.0594 2.2266, -0.3095 1.0594 2.2894, -0.3095 1.0594 2.2682, -0.3165 1.0594 2.2318, -0.5315 0.9807 2.2894, -0.7202 1.0696 2.1682, -0.6939 1.0696 2.1346, -0.6616 1.0696 2.1067, -0.6247 1.0696 2.0854, -0.5844 1.0696 2.0714, -0.5422 1.0696 2.0654, -0.4996 1.0696 2.0674, -0.4581 1.0696 2.0774, -0.4193 1.0696 2.0952, -0.3846 1.0696 2.1199, -0.3551 1.0696 2.1508, -0.3321 1.0696 2.1866, -0.3162 1.0696 2.2262, -0.3082 1.0696 2.2681, -0.3082 1.0696 2.3108, -0.3162 1.0696 2.3526, -0.3321 1.0696 2.3922, -0.3551 1.0696 2.4281, -0.3846 1.0696 2.459, -0.4193 1.0696 2.4837, -0.4581 1.0696 2.5014, -0.4996 1.0696 2.5115, -0.5422 1.0696 2.5135, -0.5844 1.0696 2.5075, -0.6247 1.0696 2.4935, -0.6616 1.0696 2.4722, -0.6939 1.0696 2.4443, -0.7202 1.0696 2.4107, -0.7398 1.0696 2.3728, -0.7518 1.0696 2.3319, -0.7558 1.0696 2.2894, -0.7518 1.0696 2.247, -0.7398 1.0696 2.2061, -0.7556 1.0791 2.3326, -0.7434 1.0791 2.3743, -0.7235 1.0791 2.4129, -0.6967 1.0791 2.447, -0.6639 1.0791 2.4754, -0.6263 1.0791 2.4971, -0.5853 1.0791 2.5113, -0.5424 1.0791 2.5175, -0.499 1.0791 2.5154, -0.4568 1.0791 2.5052, -0.4174 1.0791 2.4871, -0.382 1.0791 2.462, -0.3521 1.0791 2.4306, -0.3286 1.0791 2.394, -0.3125 1.0791 2.3538, -0.3043 1.0791 2.3111, -0.3043 1.0791 2.2677, -0.3125 1.0791 2.2251, -0.3286 1.0791 2.1848, -0.3521 1.0791 2.1483, -0.382 1.0791 2.1169, -0.4174 1.0791 2.0917, -0.4568 1.0791 2.0737, -0.499 1.0791 2.0635, -0.5424 1.0791 2.0614, -0.5853 1.0791 2.0676, -0.6263 1.0791 2.0818, -0.6639 1.0791 2.1035, -0.6967 1.0791 2.1319, -0.7235 1.0791 2.166, -0.7434 1.0791 2.2046, -0.7556 1.0791 2.2462, -0.7598 1.0791 2.2894, -0.7618 1.0873 2.3338, -0.7492 1.0873 2.3766, -0.7288 1.0873 2.4162, -0.7012 1.0873 2.4513, -0.6675 1.0873 2.4805, -0.6289 1.0873 2.5028, -0.5868 1.0873 2.5174, -0.5427 1.0873 2.5237, -0.4981 1.0873 2.5216, -0.4548 1.0873 2.5111, -0.4142 1.0873 2.4926, -0.3779 1.0873 2.4667, -0.3471 1.0873 2.4344, -0.323 1.0873 2.3969, -0.3065 1.0873 2.3555, -0.298 1.0873 2.3117, -0.298 1.0873 2.2671, -0.3065 1.0873 2.2234, -0.323 1.0873 2.182, -0.3471 1.0873 2.1445, -0.3779 1.0873 2.1122, -0.4142 1.0873 2.0863, -0.4548 1.0873 2.0678, -0.4981 1.0873 2.0573, -0.5427 1.0873 2.0552, -0.5868 1.0873 2.0615, -0.6289 1.0873 2.0761, -0.6675 1.0873 2.0984, -0.7012 1.0873 2.1276, -0.7288 1.0873 2.1626, -0.7492 1.0873 2.2023, -0.7618 1.0873 2.2451, -0.766 1.0873 2.2894, -0.7698 1.0935 2.3354, -0.7568 1.0935 2.3796, -0.7357 1.0935 2.4206, -0.7071 1.0935 2.4569, -0.6723 1.0935 2.4871, -0.6323 1.0935 2.5102, -0.5887 1.0935 2.5253, -0.543 1.0935 2.5319, -0.497 1.0935 2.5297, -0.4521 1.0935 2.5188, -0.4102 1.0935 2.4996, -0.3726 1.0935 2.4729, -0.3407 1.0935 2.4395, -0.3158 1.0935 2.4006, -0.2986 1.0935 2.3578, -0.2899 1.0935 2.3125, -0.2899 1.0935 2.2664, -0.2986 1.0935 2.2211, -0.3158 1.0935 2.1782, -0.3407 1.0935 2.1394, -0.3726 1.0935 2.106, -0.4102 1.0935 2.0793, -0.4521 1.0935 2.0601, -0.497 1.0935 2.0492, -0.543 1.0935 2.047, -0.5887 1.0935 2.0536, -0.6323 1.0935 2.0687, -0.6723 1.0935 2.0918, -0.7071 1.0935 2.122, -0.7357 1.0935 2.1582, -0.7568 1.0935 2.1992, -0.7698 1.0935 2.2435, -0.7742 1.0935 2.2894, -0.7791 1.0975 2.3372, -0.7656 1.0975 2.3832, -0.7436 1.0975 2.4258, -0.714 1.0975 2.4635, -0.6778 1.0975 2.4949, -0.6363 1.0975 2.5188, -0.5909 1.0975 2.5345, -0.5435 1.0975 2.5413, -0.4956 1.0975 2.5391, -0.449 1.0975 2.5278, -0.4054 1.0975 2.5078, -0.3664 1.0975 2.48, -0.3333 1.0975 2.4453, -0.3073 1.0975 2.405, -0.2895 1.0975 2.3605, -0.2805 1.0975 2.3134, -0.2805 1.0975 2.2655, -0.2895 1.0975 2.2184, -0.3073 1.0975 2.1739, -0.3333 1.0975 2.1336, -0.3664 1.0975 2.0989, -0.4054 1.0975 2.071, -0.449 1.0975 2.0511, -0.4956 1.0975 2.0398, -0.5435 1.0975 2.0375, -0.5909 1.0975 2.0444, -0.6363 1.0975 2.06, -0.6778 1.0975 2.084, -0.714 1.0975 2.1154, -0.7436 1.0975 2.1531, -0.7656 1.0975 2.1957, -0.7791 1.0975 2.2417, -0.7837 1.0975 2.2894, -0.8474 1.0696 2.4011, -0.7528 1.0696 2.5409, -0.6021 1.0696 2.6169, -0.4889 1.0696 2.6218, -0.3807 1.0696 2.5886, -0.2539 1.0696 2.477, -0.1977 1.0696 2.3179, -0.2073 1.0696 2.205, -0.2539 1.0696 2.1018, -0.3807 1.0696 1.9903, -0.5457 1.0696 1.9547, -0.6021 1.0696 1.9619, -0.7528 1.0696 2.0379, -0.8474 1.0696 2.1778, -0.8343 1.0975 2.2375, -0.8211 1.0975 2.1871, -0.8436 1.0935 2.2359, -0.8301 1.0935 2.1839, -0.8517 1.0873 2.2345, -0.8378 1.0873 2.1812, -0.8578 1.0791 2.2335, -0.8437 1.0791 2.1791, -0.8617 1.0696 2.2328, -0.7705 1.0975 2.0965, -0.7344 1.0975 2.0588, -0.7779 1.0935 2.0905, -0.7407 1.0935 2.0517, -0.7842 1.0873 2.0854, -0.7461 1.0873 2.0456, -0.7891 1.0791 2.0814, -0.7502 1.0791 2.0409, -0.7922 1.0696 2.079, -0.646 1.0975 2.0044, -0.5962 1.0975 1.9891, -0.6496 1.0935 1.9956, -0.5982 1.0935 1.9799, -0.6526 1.0873 1.988, -0.5999 1.0873 1.9719, -0.6549 1.0791 1.9822, -0.6012 1.0791 1.9658, -0.6564 1.0696 1.9786, -0.4415 1.0975 1.9957, -0.3932 1.0975 2.0151, -0.4388 1.0935 1.9866, -0.3889 1.0935 2.0067, -0.4364 1.0873 1.9788, -0.3853 1.0873 1.9994, -0.4345 1.0791 1.9729, -0.3824 1.0791 1.9938, -0.4334 1.0696 1.9691, -0.3097 1.0975 2.0769, -0.277 1.0975 2.1174, -0.3029 1.0935 2.0703, -0.2691 1.0935 2.1121, -0.297 1.0873 2.0647, -0.2624 1.0873 2.1075, -0.2925 1.0791 2.0603, -0.2572 1.0791 2.104, -0.2896 1.0696 2.0576, -0.2254 1.0975 2.2634, -0.2254 1.0975 2.3155, -0.216 1.0935 2.2626, -0.216 1.0935 2.3163, -0.2078 1.0873 2.2619, -0.2078 1.0873 2.317, -0.2016 1.0791 2.2614, -0.2016 1.0791 2.3175, -0.1977 1.0696 2.261, -0.2516 1.0975 2.416, -0.277 1.0975 2.4615, -0.2429 1.0935 2.4199, -0.2691 1.0935 2.4668, -0.2355 1.0873 2.4232, -0.2624 1.0873 2.4713, -0.2298 1.0791 2.4258, -0.2572 1.0791 2.4748, -0.2262 1.0696 2.4274, -0.3488 1.0975 2.5364, -0.3932 1.0975 2.5637, -0.3432 1.0935 2.5441, -0.3889 1.0935 2.5722, -0.3383 1.0873 2.5506, -0.3853 1.0873 2.5795, -0.3346 1.0791 2.5556, -0.3824 1.0791 2.5851, -0.3323 1.0696 2.5588, -0.5445 1.0975 2.5964, -0.5962 1.0975 2.5897, -0.5449 1.0935 2.6058, -0.5982 1.0935 2.599, -0.5453 1.0873 2.614, -0.5999 1.0873 2.607, -0.5455 1.0791 2.6202, -0.6012 1.0791 2.6131, -0.5457 1.0696 2.6242, -0.6926 1.0975 2.551, -0.7344 1.0975 2.52, -0.6975 1.0935 2.5591, -0.7407 1.0935 2.5272, -0.7018 1.0873 2.5661, -0.7461 1.0873 2.5333, -0.7051 1.0791 2.5714, -0.7502 1.0791 2.538, -0.7072 1.0696 2.5747, -0.7997 1.0975 2.4393, -0.8211 1.0975 2.3918, -0.808 1.0935 2.4439, -0.8301 1.0935 2.3949, -0.8151 1.0873 2.4479, -0.8378 1.0873 2.3977, -0.8205 1.0791 2.4509, -0.8437 1.0791 2.3997, -0.824 1.0696 2.4528, -0.8387 1.0975 2.2894, -0.8482 1.0935 2.2894, -0.8563 1.0873 2.2894, -0.8626 1.0791 2.2894, -0.8665 1.0696 2.2894, -0.824 1.0696 2.126, -0.8205 1.0791 2.128, -0.8151 1.0873 2.131, -0.808 1.0935 2.135, -0.7997 1.0975 2.1396, -0.7072 1.0696 2.0042, -0.7051 1.0791 2.0075, -0.7018 1.0873 2.0128, -0.6975 1.0935 2.0198, -0.6926 1.0975 2.0279, -0.5455 1.0791 1.9586, -0.5453 1.0873 1.9649, -0.5449 1.0935 1.973, -0.5445 1.0975 1.9825, -0.4889 1.0696 1.9571, -0.4894 1.0791 1.961, -0.4902 1.0873 1.9672, -0.4913 1.0935 1.9753, -0.4925 1.0975 1.9847, -0.3323 1.0696 2.0201, -0.3346 1.0791 2.0232, -0.3383 1.0873 2.0283, -0.3432 1.0935 2.0348, -0.3488 1.0975 2.0425, -0.2262 1.0696 2.1514, -0.2298 1.0791 2.1531, -0.2355 1.0873 2.1556, -0.2429 1.0935 2.159, -0.2516 1.0975 2.1629, -0.2342 1.0975 2.212, -0.225 1.0935 2.2096, -0.2171 1.0873 2.2076, -0.2111 1.0791 2.206, -0.2073 1.0696 2.3739, -0.2111 1.0791 2.3729, -0.2171 1.0873 2.3713, -0.225 1.0935 2.3692, -0.2342 1.0975 2.3668, -0.2896 1.0696 2.5213, -0.2925 1.0791 2.5185, -0.297 1.0873 2.5142, -0.3029 1.0935 2.5086, -0.3097 1.0975 2.502, -0.4334 1.0696 2.6098, -0.4345 1.0791 2.606, -0.4364 1.0873 2.6, -0.4388 1.0935 2.5922, -0.4415 1.0975 2.5832, -0.4925 1.0975 2.5941, -0.4913 1.0935 2.6036, -0.4902 1.0873 2.6116, -0.4894 1.0791 2.6179, -0.6564 1.0696 2.6003, -0.6549 1.0791 2.5967, -0.6526 1.0873 2.5909, -0.6496 1.0935 2.5833, -0.646 1.0975 2.5745, -0.7922 1.0696 2.4999, -0.7891 1.0791 2.4974, -0.7842 1.0873 2.4935, -0.7779 1.0935 2.4884, -0.7705 1.0975 2.4824, -0.8617 1.0696 2.3461, -0.8578 1.0791 2.3454, -0.8517 1.0873 2.3443, -0.8436 1.0935 2.343, -0.8343 1.0975 2.3414
            ]
        }
        coordIndex [
            0,1,2,-1,2,1,3,-1,4,5,3,-1,4,3,6,-1,6,3,7,-1,6,7,8,-1,9,10,11,-1,11,10,6,-1,11,6,12,-1,5,13,3,-1,3,13,14,-1,3,14,2,-1,8,15,6,-1,6,15,16,-1,6,16,12,-1,17,18,19,-1,19,18,20,-1,20,21,19,-1,19,21,22,-1,19,22,23,-1,24,25,19,-1,19,25,26,-1,19,26,27,-1,27,26,28,-1,23,29,19,-1,19,29,30,-1,19,30,31,-1,31,32,19,-1,19,32,33,-1,19,33,24,-1,18,17,34,-1,18,34,35,-1,35,34,36,-1,35,36,37,-1,37,36,38,-1,37,38,39,-1,39,38,40,-1,39,40,41,-1,41,40,42,-1,41,42,43,-1,43,42,44,-1,43,44,45,-1,46,45,47,-1,47,45,44,-1,48,46,49,-1,49,46,47,-1,0,48,1,-1,1,48,49,-1,0,39,41,-1,2,20,0,-1,0,20,18,-1,46,48,45,-1,45,48,0,-1,45,0,43,-1,43,0,41,-1,18,35,0,-1,0,35,37,-1,0,37,39,-1,1,38,36,-1,49,47,1,-1,1,47,44,-1,19,3,17,-1,17,3,1,-1,17,1,34,-1,34,1,36,-1,44,42,1,-1,1,42,40,-1,1,40,38,-1,9,32,31,-1,9,31,10,-1,10,31,30,-1,10,30,6,-1,6,30,29,-1,6,29,4,-1,4,29,23,-1,4,23,5,-1,5,23,22,-1,5,22,13,-1,13,22,21,-1,13,21,14,-1,14,21,20,-1,14,20,2,-1,32,9,11,-1,32,11,33,-1,33,11,12,-1,33,12,24,-1,24,12,16,-1,24,16,25,-1,25,16,15,-1,25,15,26,-1,26,15,8,-1,26,8,28,-1,28,8,7,-1,28,7,27,-1,27,7,3,-1,27,3,19,-1,50,51,52,-1,52,51,53,-1,54,50,55,-1,55,50,52,-1,54,55,56,-1,54,56,57,-1,57,56,58,-1,57,58,59,-1,59,58,60,-1,59,60,61,-1,61,60,62,-1,61,62,63,-1,63,62,64,-1,63,64,65,-1,65,64,66,-1,65,66,67,-1,67,66,68,-1,67,68,69,-1,70,69,71,-1,71,69,68,-1,70,71,72,-1,70,72,73,-1,73,72,74,-1,73,74,75,-1,75,74,76,-1,75,76,77,-1,77,76,78,-1,77,78,79,-1,79,78,80,-1,79,80,81,-1,81,80,82,-1,81,82,83,-1,84,83,85,-1,85,83,82,-1,84,85,86,-1,84,86,87,-1,87,86,88,-1,87,88,89,-1,89,88,90,-1,89,90,91,-1,91,90,92,-1,91,92,93,-1,93,92,94,-1,93,94,95,-1,95,94,96,-1,95,96,97,-1,98,97,99,-1,99,97,96,-1,98,99,100,-1,98,100,101,-1,101,100,102,-1,101,102,103,-1,103,102,104,-1,103,104,105,-1,105,104,106,-1,105,106,107,-1,107,106,108,-1,107,108,109,-1,109,108,110,-1,109,110,111,-1,111,110,112,-1,111,112,113,-1,114,113,115,-1,115,113,112,-1,116,114,117,-1,117,114,115,-1,116,117,118,-1,116,118,119,-1,119,118,120,-1,119,120,121,-1,121,120,122,-1,121,122,123,-1,123,122,124,-1,123,124,125,-1,125,124,126,-1,125,126,127,-1,127,126,128,-1,127,128,129,-1,129,128,130,-1,129,130,131,-1,132,131,133,-1,133,131,130,-1,132,133,134,-1,132,134,135,-1,135,134,136,-1,135,136,137,-1,137,136,138,-1,137,138,139,-1,139,138,140,-1,139,140,141,-1,141,140,142,-1,141,142,143,-1,143,142,144,-1,143,144,145,-1,145,144,53,-1,145,53,51,-1,75,77,146,-1,50,114,51,-1,51,114,116,-1,129,131,51,-1,89,91,147,-1,148,83,149,-1,149,83,84,-1,149,84,150,-1,150,84,151,-1,131,132,51,-1,51,132,135,-1,51,135,145,-1,70,152,153,-1,153,154,70,-1,70,154,155,-1,70,155,69,-1,69,155,156,-1,69,156,157,-1,158,159,50,-1,151,84,147,-1,147,84,87,-1,147,87,89,-1,97,98,113,-1,113,98,101,-1,113,101,103,-1,116,119,51,-1,51,119,121,-1,51,121,123,-1,97,160,161,-1,123,125,51,-1,51,125,127,-1,51,127,129,-1,148,162,83,-1,83,162,163,-1,83,163,81,-1,81,163,146,-1,81,146,79,-1,79,146,77,-1,152,70,146,-1,146,70,73,-1,146,73,75,-1,159,164,50,-1,50,164,165,-1,50,165,166,-1,113,114,97,-1,97,114,50,-1,97,50,160,-1,160,50,166,-1,91,93,147,-1,147,93,95,-1,147,95,167,-1,167,95,97,-1,167,97,168,-1,168,97,161,-1,103,105,113,-1,113,105,107,-1,113,107,111,-1,111,107,109,-1,135,137,145,-1,145,137,139,-1,145,139,143,-1,143,139,141,-1,169,54,57,-1,57,59,169,-1,169,59,61,-1,169,61,63,-1,54,169,50,-1,50,169,170,-1,50,170,158,-1,157,171,69,-1,69,171,172,-1,69,172,67,-1,67,172,169,-1,67,169,65,-1,65,169,63,-1,56,55,68,-1,68,55,71,-1,120,118,117,-1,64,62,60,-1,134,133,117,-1,64,60,66,-1,52,96,94,-1,134,117,136,-1,66,60,68,-1,68,60,58,-1,68,58,56,-1,94,92,52,-1,52,92,90,-1,52,90,88,-1,110,99,112,-1,112,99,96,-1,112,96,115,-1,115,96,52,-1,115,52,117,-1,88,86,52,-1,52,86,85,-1,52,85,55,-1,55,85,82,-1,55,82,71,-1,71,82,80,-1,71,80,78,-1,78,76,71,-1,71,76,74,-1,71,74,72,-1,52,53,117,-1,117,53,144,-1,117,144,142,-1,133,130,117,-1,117,130,128,-1,117,128,126,-1,106,104,102,-1,142,140,117,-1,117,140,138,-1,117,138,136,-1,126,124,117,-1,117,124,122,-1,117,122,120,-1,110,108,99,-1,99,108,106,-1,99,106,100,-1,100,106,102,-1,173,174,175,-1,175,174,176,-1,175,176,177,-1,177,176,178,-1,177,178,179,-1,179,178,180,-1,179,180,181,-1,181,180,182,-1,181,182,183,-1,183,182,184,-1,183,184,185,-1,185,184,186,-1,185,186,187,-1,187,186,188,-1,187,188,189,-1,188,190,189,-1,189,190,191,-1,189,191,192,-1,192,191,193,-1,192,193,194,-1,194,193,195,-1,194,195,196,-1,196,195,197,-1,196,197,198,-1,198,197,199,-1,198,199,200,-1,200,199,201,-1,200,201,202,-1,202,201,203,-1,202,203,204,-1,204,203,205,-1,204,205,206,-1,207,208,209,-1,209,208,210,-1,209,210,211,-1,211,210,212,-1,211,212,213,-1,213,212,214,-1,213,214,215,-1,215,214,216,-1,215,216,217,-1,217,216,218,-1,217,218,219,-1,219,218,220,-1,219,220,221,-1,221,220,222,-1,221,222,173,-1,173,222,223,-1,173,223,174,-1,205,224,206,-1,206,224,225,-1,206,225,226,-1,226,225,227,-1,226,227,228,-1,228,227,229,-1,228,229,230,-1,230,229,231,-1,230,231,232,-1,232,231,233,-1,232,233,234,-1,234,233,235,-1,234,235,236,-1,236,235,237,-1,236,237,238,-1,238,237,239,-1,238,239,240,-1,240,239,241,-1,240,241,207,-1,207,241,242,-1,207,242,208,-1,243,161,160,-1,244,245,166,-1,166,245,246,-1,166,246,160,-1,160,246,247,-1,160,247,243,-1,244,166,248,-1,248,166,165,-1,248,165,249,-1,249,165,250,-1,250,165,164,-1,250,164,251,-1,159,252,164,-1,164,252,253,-1,164,253,251,-1,254,255,158,-1,158,255,256,-1,158,256,159,-1,159,256,257,-1,159,257,252,-1,254,158,258,-1,258,158,170,-1,258,170,259,-1,259,170,169,-1,259,169,260,-1,260,169,172,-1,260,172,261,-1,261,172,262,-1,262,172,171,-1,262,171,263,-1,157,264,171,-1,171,264,265,-1,171,265,263,-1,266,267,156,-1,156,267,268,-1,156,268,157,-1,157,268,269,-1,157,269,264,-1,266,156,270,-1,270,156,155,-1,270,155,271,-1,271,155,272,-1,272,155,154,-1,272,154,273,-1,273,154,274,-1,274,154,153,-1,274,153,275,-1,275,153,276,-1,276,153,152,-1,276,152,277,-1,277,152,278,-1,278,152,146,-1,278,146,279,-1,163,280,146,-1,146,280,281,-1,146,281,279,-1,282,283,162,-1,162,283,284,-1,162,284,163,-1,163,284,285,-1,163,285,280,-1,282,162,286,-1,286,162,148,-1,286,148,287,-1,287,148,288,-1,288,148,149,-1,288,149,289,-1,289,149,290,-1,290,149,150,-1,290,150,291,-1,151,292,150,-1,150,292,293,-1,150,293,291,-1,294,295,147,-1,147,295,296,-1,147,296,151,-1,151,296,297,-1,151,297,292,-1,294,147,298,-1,298,147,167,-1,298,167,299,-1,299,167,300,-1,300,167,168,-1,300,168,301,-1,243,302,161,-1,161,302,303,-1,161,303,168,-1,168,303,304,-1,168,304,301,-1,305,306,307,-1,308,309,310,-1,310,309,311,-1,310,311,307,-1,307,311,312,-1,307,312,305,-1,308,310,313,-1,313,310,314,-1,313,314,315,-1,315,314,316,-1,316,314,317,-1,316,317,318,-1,318,317,319,-1,319,317,320,-1,319,320,321,-1,321,320,322,-1,322,320,323,-1,322,323,324,-1,324,323,325,-1,325,323,326,-1,325,326,327,-1,328,329,326,-1,326,329,330,-1,326,330,327,-1,331,332,328,-1,328,332,333,-1,328,333,329,-1,334,335,336,-1,336,335,337,-1,336,337,331,-1,331,337,338,-1,331,338,332,-1,334,336,339,-1,339,336,340,-1,339,340,341,-1,341,340,342,-1,342,340,343,-1,342,343,344,-1,344,343,345,-1,345,343,346,-1,345,346,347,-1,347,346,348,-1,348,346,349,-1,348,349,350,-1,350,349,351,-1,351,349,352,-1,351,352,353,-1,354,355,352,-1,352,355,356,-1,352,356,353,-1,357,358,354,-1,354,358,359,-1,354,359,355,-1,360,361,362,-1,362,361,363,-1,362,363,357,-1,357,363,364,-1,357,364,358,-1,360,362,365,-1,365,362,366,-1,365,366,367,-1,367,366,368,-1,368,366,369,-1,368,369,370,-1,370,369,371,-1,371,369,372,-1,371,372,373,-1,373,372,374,-1,374,372,375,-1,374,375,376,-1,376,375,377,-1,377,375,378,-1,377,378,379,-1,305,380,306,-1,306,380,381,-1,306,381,378,-1,378,381,382,-1,378,382,379,-1,349,346,383,-1,383,346,343,-1,383,343,340,-1,357,354,383,-1,383,354,352,-1,383,352,349,-1,369,366,383,-1,383,366,362,-1,383,362,357,-1,378,375,383,-1,383,375,372,-1,383,372,369,-1,310,307,383,-1,383,307,306,-1,383,306,378,-1,320,317,383,-1,383,317,314,-1,383,314,310,-1,328,326,383,-1,383,326,323,-1,383,323,320,-1,340,336,383,-1,383,336,331,-1,383,331,328,-1,384,351,353,-1,384,353,385,-1,385,353,356,-1,385,356,386,-1,356,355,386,-1,386,355,359,-1,386,359,387,-1,359,358,387,-1,387,358,364,-1,387,364,388,-1,364,363,388,-1,388,363,361,-1,388,361,389,-1,389,361,360,-1,389,360,390,-1,390,360,365,-1,390,365,391,-1,391,365,367,-1,367,368,391,-1,391,368,370,-1,391,370,392,-1,392,370,371,-1,392,371,393,-1,393,371,373,-1,393,373,394,-1,394,373,374,-1,394,374,395,-1,395,374,376,-1,376,377,395,-1,395,377,379,-1,395,379,396,-1,396,379,382,-1,396,382,397,-1,397,382,381,-1,397,381,398,-1,398,381,380,-1,380,305,398,-1,398,305,312,-1,398,312,399,-1,312,311,399,-1,399,311,309,-1,399,309,400,-1,400,309,308,-1,400,308,401,-1,401,308,313,-1,401,313,402,-1,402,313,315,-1,315,316,402,-1,402,316,318,-1,402,318,403,-1,403,318,319,-1,403,319,404,-1,404,319,321,-1,404,321,405,-1,405,321,322,-1,405,322,406,-1,406,322,324,-1,324,325,406,-1,406,325,327,-1,406,327,407,-1,407,327,330,-1,407,330,408,-1,330,329,408,-1,408,329,333,-1,408,333,409,-1,333,332,409,-1,409,332,338,-1,409,338,410,-1,338,337,410,-1,410,337,335,-1,410,335,411,-1,411,335,334,-1,411,334,412,-1,412,334,339,-1,412,339,413,-1,413,339,341,-1,341,342,413,-1,413,342,344,-1,413,344,414,-1,414,344,345,-1,414,345,415,-1,415,345,347,-1,415,347,416,-1,416,347,348,-1,416,348,384,-1,384,348,350,-1,384,350,351,-1,414,417,413,-1,413,417,418,-1,413,418,412,-1,412,418,419,-1,412,419,411,-1,411,419,420,-1,411,420,410,-1,410,420,421,-1,410,421,409,-1,409,421,422,-1,409,422,408,-1,408,422,423,-1,408,423,407,-1,407,423,424,-1,407,424,406,-1,406,424,425,-1,406,425,405,-1,405,425,426,-1,405,426,404,-1,404,426,427,-1,404,427,403,-1,403,427,428,-1,403,428,402,-1,402,428,429,-1,402,429,401,-1,401,429,430,-1,401,430,400,-1,400,430,431,-1,400,431,399,-1,399,431,432,-1,399,432,398,-1,398,432,433,-1,398,433,397,-1,397,433,434,-1,397,434,396,-1,396,434,435,-1,396,435,395,-1,395,435,436,-1,395,436,394,-1,394,436,437,-1,394,437,393,-1,393,437,438,-1,393,438,392,-1,392,438,439,-1,392,439,391,-1,391,439,440,-1,391,440,390,-1,390,440,441,-1,390,441,389,-1,389,441,442,-1,389,442,388,-1,388,442,443,-1,388,443,387,-1,387,443,444,-1,387,444,386,-1,386,444,445,-1,386,445,385,-1,385,445,446,-1,385,446,384,-1,384,446,447,-1,384,447,416,-1,416,447,448,-1,416,448,415,-1,415,448,449,-1,415,449,414,-1,414,449,417,-1,449,450,417,-1,417,450,451,-1,417,451,418,-1,418,451,452,-1,418,452,419,-1,419,452,453,-1,419,453,420,-1,420,453,454,-1,420,454,421,-1,421,454,455,-1,421,455,422,-1,422,455,456,-1,422,456,423,-1,423,456,457,-1,423,457,424,-1,424,457,458,-1,424,458,425,-1,425,458,459,-1,425,459,426,-1,426,459,460,-1,426,460,427,-1,427,460,461,-1,427,461,428,-1,428,461,462,-1,428,462,429,-1,429,462,463,-1,429,463,430,-1,430,463,464,-1,430,464,431,-1,431,464,465,-1,431,465,432,-1,432,465,466,-1,432,466,433,-1,433,466,467,-1,433,467,434,-1,434,467,468,-1,434,468,435,-1,435,468,469,-1,435,469,436,-1,436,469,470,-1,436,470,437,-1,437,470,471,-1,437,471,438,-1,438,471,472,-1,438,472,439,-1,439,472,473,-1,439,473,440,-1,440,473,474,-1,440,474,441,-1,441,474,475,-1,441,475,442,-1,442,475,476,-1,442,476,443,-1,443,476,477,-1,443,477,444,-1,444,477,478,-1,444,478,445,-1,445,478,479,-1,445,479,446,-1,446,479,480,-1,446,480,447,-1,447,480,481,-1,447,481,448,-1,448,481,482,-1,448,482,449,-1,449,482,450,-1,482,483,450,-1,450,483,484,-1,450,484,451,-1,451,484,485,-1,451,485,452,-1,452,485,486,-1,452,486,453,-1,453,486,487,-1,453,487,454,-1,454,487,488,-1,454,488,455,-1,455,488,489,-1,455,489,456,-1,456,489,490,-1,456,490,457,-1,457,490,491,-1,457,491,458,-1,458,491,492,-1,458,492,459,-1,459,492,493,-1,459,493,460,-1,460,493,494,-1,460,494,461,-1,461,494,495,-1,461,495,462,-1,462,495,496,-1,462,496,463,-1,463,496,497,-1,463,497,464,-1,464,497,498,-1,464,498,465,-1,465,498,499,-1,465,499,466,-1,466,499,500,-1,466,500,467,-1,467,500,501,-1,467,501,468,-1,468,501,502,-1,468,502,469,-1,469,502,503,-1,469,503,470,-1,470,503,504,-1,470,504,471,-1,471,504,505,-1,471,505,472,-1,472,505,506,-1,472,506,473,-1,473,506,507,-1,473,507,474,-1,474,507,508,-1,474,508,475,-1,475,508,509,-1,475,509,476,-1,476,509,510,-1,476,510,477,-1,477,510,511,-1,477,511,478,-1,478,511,512,-1,478,512,479,-1,479,512,513,-1,479,513,480,-1,480,513,514,-1,480,514,481,-1,481,514,515,-1,481,515,482,-1,482,515,483,-1,515,516,483,-1,483,516,517,-1,483,517,484,-1,484,517,518,-1,484,518,485,-1,485,518,519,-1,485,519,486,-1,486,519,520,-1,486,520,487,-1,487,520,521,-1,487,521,488,-1,488,521,522,-1,488,522,489,-1,489,522,523,-1,489,523,490,-1,490,523,524,-1,490,524,491,-1,491,524,525,-1,491,525,492,-1,492,525,526,-1,492,526,493,-1,493,526,527,-1,493,527,494,-1,494,527,528,-1,494,528,495,-1,495,528,529,-1,495,529,496,-1,496,529,530,-1,496,530,497,-1,497,530,531,-1,497,531,498,-1,498,531,532,-1,498,532,499,-1,499,532,533,-1,499,533,500,-1,500,533,534,-1,500,534,501,-1,501,534,535,-1,501,535,502,-1,502,535,536,-1,502,536,503,-1,503,536,537,-1,503,537,504,-1,504,537,538,-1,504,538,505,-1,505,538,539,-1,505,539,506,-1,506,539,540,-1,506,540,507,-1,507,540,541,-1,507,541,508,-1,508,541,542,-1,508,542,509,-1,509,542,543,-1,509,543,510,-1,510,543,544,-1,510,544,511,-1,511,544,545,-1,511,545,512,-1,512,545,546,-1,512,546,513,-1,513,546,547,-1,513,547,514,-1,514,547,548,-1,514,548,515,-1,515,548,516,-1,548,183,516,-1,516,183,185,-1,516,185,517,-1,517,185,187,-1,517,187,518,-1,518,187,189,-1,518,189,519,-1,519,189,192,-1,519,192,520,-1,520,192,194,-1,520,194,521,-1,521,194,196,-1,521,196,522,-1,522,196,198,-1,522,198,523,-1,523,198,200,-1,523,200,524,-1,524,200,202,-1,524,202,525,-1,525,202,204,-1,525,204,526,-1,526,204,206,-1,526,206,527,-1,527,206,226,-1,527,226,528,-1,528,226,228,-1,528,228,529,-1,529,228,230,-1,529,230,530,-1,530,230,232,-1,530,232,531,-1,531,232,234,-1,531,234,532,-1,532,234,236,-1,532,236,533,-1,533,236,238,-1,533,238,534,-1,534,238,240,-1,534,240,535,-1,535,240,207,-1,535,207,536,-1,536,207,209,-1,536,209,537,-1,537,209,211,-1,537,211,538,-1,538,211,213,-1,538,213,539,-1,539,213,215,-1,539,215,540,-1,540,215,217,-1,540,217,541,-1,541,217,219,-1,541,219,542,-1,542,219,221,-1,542,221,543,-1,543,221,173,-1,543,173,544,-1,544,173,175,-1,544,175,545,-1,545,175,177,-1,545,177,546,-1,546,177,179,-1,546,179,547,-1,547,179,181,-1,547,181,548,-1,548,181,183,-1,275,276,549,-1,281,280,550,-1,282,286,551,-1,289,290,552,-1,293,292,553,-1,294,298,554,-1,304,303,555,-1,247,246,556,-1,244,248,557,-1,253,252,558,-1,254,258,559,-1,259,260,560,-1,265,264,561,-1,266,270,562,-1,180,178,563,-1,563,178,564,-1,563,564,565,-1,565,564,566,-1,565,566,567,-1,567,566,568,-1,567,568,569,-1,569,568,570,-1,569,570,571,-1,571,570,562,-1,174,223,572,-1,572,223,573,-1,572,573,574,-1,574,573,575,-1,574,575,576,-1,576,575,577,-1,576,577,578,-1,578,577,579,-1,578,579,580,-1,580,579,561,-1,220,218,581,-1,581,218,582,-1,581,582,583,-1,583,582,584,-1,583,584,585,-1,585,584,586,-1,585,586,587,-1,587,586,588,-1,587,588,589,-1,589,588,560,-1,212,210,590,-1,590,210,591,-1,590,591,592,-1,592,591,593,-1,592,593,594,-1,594,593,595,-1,594,595,596,-1,596,595,597,-1,596,597,598,-1,598,597,558,-1,242,241,599,-1,599,241,600,-1,599,600,601,-1,601,600,602,-1,601,602,603,-1,603,602,604,-1,603,604,605,-1,605,604,606,-1,605,606,607,-1,607,606,557,-1,235,233,608,-1,608,233,609,-1,608,609,610,-1,610,609,611,-1,610,611,612,-1,612,611,613,-1,612,613,614,-1,614,613,615,-1,614,615,616,-1,616,615,555,-1,229,227,617,-1,617,227,618,-1,617,618,619,-1,619,618,620,-1,619,620,621,-1,621,620,622,-1,621,622,623,-1,623,622,624,-1,623,624,625,-1,625,624,554,-1,224,205,626,-1,626,205,627,-1,626,627,628,-1,628,627,629,-1,628,629,630,-1,630,629,631,-1,630,631,632,-1,632,631,633,-1,632,633,634,-1,634,633,553,-1,199,197,635,-1,635,197,636,-1,635,636,637,-1,637,636,638,-1,637,638,639,-1,639,638,640,-1,639,640,641,-1,641,640,642,-1,641,642,643,-1,643,642,551,-1,193,191,644,-1,644,191,645,-1,644,645,646,-1,646,645,647,-1,646,647,648,-1,648,647,649,-1,648,649,650,-1,650,649,651,-1,650,651,652,-1,652,651,550,-1,188,186,653,-1,653,186,654,-1,653,654,655,-1,655,654,656,-1,655,656,657,-1,657,656,658,-1,657,658,659,-1,659,658,660,-1,659,660,661,-1,661,660,549,-1,182,180,662,-1,662,180,563,-1,662,563,663,-1,663,563,565,-1,663,565,664,-1,664,565,567,-1,664,567,665,-1,665,567,569,-1,665,569,666,-1,666,569,571,-1,666,571,273,-1,273,571,272,-1,562,270,571,-1,571,270,271,-1,571,271,272,-1,267,266,667,-1,667,266,562,-1,667,562,668,-1,668,562,570,-1,668,570,669,-1,669,570,568,-1,669,568,670,-1,670,568,566,-1,670,566,671,-1,671,566,564,-1,671,564,176,-1,176,564,178,-1,176,174,671,-1,671,174,572,-1,671,572,670,-1,670,572,574,-1,670,574,669,-1,669,574,576,-1,669,576,668,-1,668,576,578,-1,668,578,667,-1,667,578,580,-1,667,580,267,-1,267,580,268,-1,561,264,580,-1,580,264,269,-1,580,269,268,-1,263,265,672,-1,672,265,561,-1,672,561,673,-1,673,561,579,-1,673,579,674,-1,674,579,577,-1,674,577,675,-1,675,577,575,-1,675,575,676,-1,676,575,573,-1,676,573,222,-1,222,573,223,-1,222,220,676,-1,676,220,581,-1,676,581,675,-1,675,581,583,-1,675,583,674,-1,674,583,585,-1,674,585,673,-1,673,585,587,-1,673,587,672,-1,672,587,589,-1,672,589,263,-1,263,589,262,-1,560,260,589,-1,589,260,261,-1,589,261,262,-1,258,259,559,-1,559,259,560,-1,559,560,677,-1,677,560,588,-1,677,588,678,-1,678,588,586,-1,678,586,679,-1,679,586,584,-1,679,584,680,-1,680,584,582,-1,680,582,216,-1,216,582,218,-1,255,254,681,-1,681,254,559,-1,681,559,682,-1,682,559,677,-1,682,677,683,-1,683,677,678,-1,683,678,684,-1,684,678,679,-1,684,679,685,-1,685,679,680,-1,685,680,214,-1,214,680,216,-1,214,212,685,-1,685,212,590,-1,685,590,684,-1,684,590,592,-1,684,592,683,-1,683,592,594,-1,683,594,682,-1,682,594,596,-1,682,596,681,-1,681,596,598,-1,681,598,255,-1,255,598,256,-1,558,252,598,-1,598,252,257,-1,598,257,256,-1,251,253,686,-1,686,253,558,-1,686,558,687,-1,687,558,597,-1,687,597,688,-1,688,597,595,-1,688,595,689,-1,689,595,593,-1,689,593,690,-1,690,593,591,-1,690,591,208,-1,208,591,210,-1,208,242,690,-1,690,242,599,-1,690,599,689,-1,689,599,601,-1,689,601,688,-1,688,601,603,-1,688,603,687,-1,687,603,605,-1,687,605,686,-1,686,605,607,-1,686,607,251,-1,251,607,250,-1,557,248,607,-1,607,248,249,-1,607,249,250,-1,245,244,691,-1,691,244,557,-1,691,557,692,-1,692,557,606,-1,692,606,693,-1,693,606,604,-1,693,604,694,-1,694,604,602,-1,694,602,695,-1,695,602,600,-1,695,600,239,-1,239,600,241,-1,239,237,695,-1,695,237,696,-1,695,696,694,-1,694,696,697,-1,694,697,693,-1,693,697,698,-1,693,698,692,-1,692,698,699,-1,692,699,691,-1,691,699,556,-1,691,556,245,-1,245,556,246,-1,243,247,616,-1,616,247,556,-1,616,556,614,-1,614,556,699,-1,614,699,612,-1,612,699,698,-1,612,698,610,-1,610,698,697,-1,610,697,608,-1,608,697,696,-1,608,696,235,-1,235,696,237,-1,555,303,616,-1,616,303,302,-1,616,302,243,-1,301,304,700,-1,700,304,555,-1,700,555,701,-1,701,555,615,-1,701,615,702,-1,702,615,613,-1,702,613,703,-1,703,613,611,-1,703,611,704,-1,704,611,609,-1,704,609,231,-1,231,609,233,-1,231,229,704,-1,704,229,617,-1,704,617,703,-1,703,617,619,-1,703,619,702,-1,702,619,621,-1,702,621,701,-1,701,621,623,-1,701,623,700,-1,700,623,625,-1,700,625,301,-1,301,625,300,-1,554,298,625,-1,625,298,299,-1,625,299,300,-1,295,294,705,-1,705,294,554,-1,705,554,706,-1,706,554,624,-1,706,624,707,-1,707,624,622,-1,707,622,708,-1,708,622,620,-1,708,620,709,-1,709,620,618,-1,709,618,225,-1,225,618,227,-1,225,224,709,-1,709,224,626,-1,709,626,708,-1,708,626,628,-1,708,628,707,-1,707,628,630,-1,707,630,706,-1,706,630,632,-1,706,632,705,-1,705,632,634,-1,705,634,295,-1,295,634,296,-1,553,292,634,-1,634,292,297,-1,634,297,296,-1,291,293,710,-1,710,293,553,-1,710,553,711,-1,711,553,633,-1,711,633,712,-1,712,633,631,-1,712,631,713,-1,713,631,629,-1,713,629,714,-1,714,629,627,-1,714,627,203,-1,203,627,205,-1,203,201,714,-1,714,201,715,-1,714,715,713,-1,713,715,716,-1,713,716,712,-1,712,716,717,-1,712,717,711,-1,711,717,718,-1,711,718,710,-1,710,718,552,-1,710,552,291,-1,291,552,290,-1,288,289,643,-1,643,289,552,-1,643,552,641,-1,641,552,718,-1,641,718,639,-1,639,718,717,-1,639,717,637,-1,637,717,716,-1,637,716,635,-1,635,716,715,-1,635,715,199,-1,199,715,201,-1,551,286,643,-1,643,286,287,-1,643,287,288,-1,283,282,719,-1,719,282,551,-1,719,551,720,-1,720,551,642,-1,720,642,721,-1,721,642,640,-1,721,640,722,-1,722,640,638,-1,722,638,723,-1,723,638,636,-1,723,636,195,-1,195,636,197,-1,195,193,723,-1,723,193,644,-1,723,644,722,-1,722,644,646,-1,722,646,721,-1,721,646,648,-1,721,648,720,-1,720,648,650,-1,720,650,719,-1,719,650,652,-1,719,652,283,-1,283,652,284,-1,550,280,652,-1,652,280,285,-1,652,285,284,-1,279,281,724,-1,724,281,550,-1,724,550,725,-1,725,550,651,-1,725,651,726,-1,726,651,649,-1,726,649,727,-1,727,649,647,-1,727,647,728,-1,728,647,645,-1,728,645,190,-1,190,645,191,-1,190,188,728,-1,728,188,653,-1,728,653,727,-1,727,653,655,-1,727,655,726,-1,726,655,657,-1,726,657,725,-1,725,657,659,-1,725,659,724,-1,724,659,661,-1,724,661,279,-1,279,661,278,-1,549,276,661,-1,661,276,277,-1,661,277,278,-1,274,275,729,-1,729,275,549,-1,729,549,730,-1,730,549,660,-1,730,660,731,-1,731,660,658,-1,731,658,732,-1,732,658,656,-1,732,656,733,-1,733,656,654,-1,733,654,184,-1,184,654,186,-1,184,182,733,-1,733,182,662,-1,733,662,732,-1,732,662,663,-1,732,663,731,-1,731,663,664,-1,731,664,730,-1,730,664,665,-1,730,665,729,-1,729,665,666,-1,729,666,274,-1,274,666,273,-1,
        ]
    }
}
Shape{
    appearance Appearance {
        material  Material 	{
            diffuseColor 0.2980392156862745 0.2980392156862745 0.2980392156862745
            specularColor 0.09019607843137255 0.09019607843137255 0.09019607843137255
            ambientIntensity 0.298
            transparency 0.0
            shininess 0.5
        }
    }
    geometry IndexedFaceSet {
        ccw TRUE
        solid FALSE
        coord DEF co Coordinate {
            point [
                -1.2535 -3.3303 0.0, -1.4764 -3.3303 0.0, -1.4764 -1.246 0.0, -0.0197 1.276 0.0, 0.4134 1.276 0.0, -0.0197 0.8626 0.0, 0.4134 -1.0468 0.0, -0.3346 0.8626 0.0, -0.517 -0.9878 0.0, -0.3346 -0.9878 0.0, -0.3346 -1.0468 0.0, -0.3346 -0.8697 0.0, -0.517 0.8626 0.0, -0.517 -0.8697 0.0, -0.661 0.8626 0.0, -0.661 -0.8697 0.0, -0.8458 0.8626 0.0, -0.7283 -0.8697 0.0, -0.8458 -1.0468 0.0, -1.2535 -1.0468 0.0, -1.2535 1.276 0.0, -1.0433 0.8626 0.0, -1.0433 1.276 0.0, -0.517 -1.0468 0.0, -0.4978 -1.213 0.0, -0.517 -1.246 0.0, -0.4978 -1.2346 0.0, -0.4768 -1.2432 0.0, -0.661 -0.9878 0.0, -0.4688 -1.0468 0.0, -0.475 -1.0472 0.0, -0.4978 -1.0534 0.0, -0.4978 -1.0798 0.0, -0.4756 -1.0703 0.0, -0.4942 -1.215 0.0, -0.4517 -1.0672 0.0, -0.4323 -1.0693 0.0, -0.4175 -1.0747 0.0, -0.4039 -1.0838 0.0, -0.392 -1.0969 0.0, -0.3777 -1.1485 0.0, -0.3797 -1.1698 0.0, -0.3851 -1.1867 0.0, -0.4289 -1.2235 0.0, -0.4472 -1.2256 0.0, -0.4145 -1.2183 0.0, -0.4024 -1.2101 0.0, -0.3932 -1.2004 0.0, -0.4734 -1.2227 0.0, -0.3839 -1.1121 0.0, -0.3787 -1.1332 0.0, -0.4003 -1.2381 0.0, -0.3844 -1.228 0.0, -0.3346 -1.246 0.0, -0.3696 -1.2124 0.0, -0.3591 -1.1937 0.0, -0.3617 -1.0998 0.0, -0.3732 -1.0814 0.0, -0.391 -1.0643 0.0, -0.4097 -1.0535 0.0, -0.4317 -1.0472 0.0, -0.4367 -1.0468 0.0, -0.4514 -1.0456 0.0, -0.3532 -1.1729 0.0, -0.3513 -1.1501 0.0, -0.3542 -1.1221 0.0, -0.4569 -1.246 0.0, -0.449 -1.2471 0.0, -0.517 -3.3303 0.0, -0.3346 -3.3303 0.0, -0.4436 -1.2472 0.0, -0.432 -1.246 0.0, -0.4193 -1.2447 0.0, -1.2535 -1.246 0.0, -0.8458 -3.3303 0.0, -0.8458 -1.246 0.0, -0.661 -3.3303 0.0, -0.661 -1.246 0.0, -0.3345 -1.2232 0.0, -0.3345 -1.2448 0.0, -0.2337 -1.2448 0.0, -0.2601 -1.2232 0.0, -0.2601 -1.048 0.0, -0.2337 -1.048 0.0, 0.4134 -1.246 0.0, 0.4134 -3.3303 0.0, -0.7283 -0.9878 0.0, -0.661 -1.0468 0.0, -0.637 -1.048 0.0, -0.637 -1.0696 0.0, -0.6418 -1.2232 0.0, -0.6418 -1.2448 0.0, -0.5362 -1.2448 0.0, -0.5362 -1.048 0.0, -0.5626 -1.156 0.0, -0.5626 -1.2232 0.0, -0.6322 -1.156 0.0, -0.6322 -1.1344 0.0, -0.5626 -1.1344 0.0, -0.5626 -1.0696 0.0, -0.8288 -1.1909 0.0, -0.8175 -1.2085 0.0, -0.8013 -1.224 0.0, -0.7808 -1.2359 0.0, -0.7358 -1.048 0.0, -0.7642 -1.051 0.0, -0.7872 -1.0591 0.0, -0.8087 -1.0734 0.0, -0.8089 -1.0736 0.0, -0.8228 -1.0891 0.0, -0.8319 -1.106 0.0, -0.7581 -1.2427 0.0, -0.7337 -1.2448 0.0, -0.6802 -1.2448 0.0, -0.6802 -1.048 0.0, -0.8372 -1.1254 0.0, -0.8386 -1.1439 0.0, -0.8359 -1.1703 0.0, -1.0019 -1.2448 0.0, -1.0307 -1.2448 0.0, -0.9539 -1.048 0.0, -0.982 -1.1896 0.0, -0.9006 -1.1896 0.0, -0.8819 -1.2448 0.0, -0.853 -1.2448 0.0, -0.9275 -1.048 0.0, -1.4764 -1.0468 0.0, -1.4764 1.276 0.0, -0.5514 -1.0005 1.0632, -0.5315 -1.0011 1.0639, -0.5315 -0.2201 1.063, -0.3702 -0.2201 1.0789, -0.3702 -1.0167 1.0789, -0.2151 -0.2201 1.1259, -0.3346 -1.0256 1.0868, -0.3702 -3.3697 1.0789, -0.2151 -3.3697 1.1259, -0.3346 -2.8075 1.0868, -0.4596 -1.0034 1.0661, -0.6126 -1.0042 1.067, -0.6928 -0.2201 1.0789, -0.6928 -1.0167 1.0789, -0.6928 -3.3697 1.0789, -0.6928 -2.8212 1.0789, -0.8479 -3.3697 1.1259, -0.7283 -2.8075 1.0868, -0.7283 -2.5713 1.0868, -0.7283 -1.0256 1.0868, -0.8479 -0.2201 1.1259, -0.7283 -1.3395 1.0868, -0.5315 -1.2185 1.063, -0.5699 -1.2213 1.0639, -0.5315 -2.6124 1.063, -0.6074 -1.2298 1.0665, -0.3346 -2.5713 1.0868, -0.3346 -1.3395 1.0868, -0.3702 -2.5849 1.0789, -0.3703 -1.2939 1.0793, -0.4505 -2.6055 1.067, -0.4557 -1.2298 1.0665, -0.493 -1.2213 1.0639, -0.5313 -1.2185 1.063, -0.3901 -1.2685 1.0752, -0.4044 -1.2557 1.0728, -0.4204 -1.2451 1.0705, -0.3702 -2.8212 1.0789, -0.4505 -2.8418 1.067, -0.5315 -3.3697 1.063, -0.5315 -2.8487 1.063, -0.6125 -2.8418 1.067, -0.0722 -0.2201 1.2023, -0.0722 -3.3697 1.2023, 0.0531 -0.2201 1.3052, 0.0531 -3.3697 1.3052, 0.1559 -0.2201 1.4304, 0.1559 -3.3697 1.4304, 0.2323 -0.2201 1.5734, 0.2323 -3.3697 1.5734, 0.2794 -0.2201 1.7285, 0.2794 -3.3697 1.7285, 0.2953 -0.2201 1.8898, 0.2953 -3.3697 1.8898, 0.2794 -0.2201 2.0511, 0.2794 -3.3697 2.0511, 0.2323 -0.2201 2.2062, 0.2323 -3.3697 2.2062, 0.1559 -0.2201 2.3491, 0.1559 -3.3697 2.3491, 0.0531 -0.2201 2.4744, 0.0531 -3.3697 2.4744, -0.0722 -0.2201 2.5772, -0.0722 -3.3697 2.5772, -0.2151 -0.2201 2.6536, -0.2151 -3.3697 2.6536, -0.3702 -0.2201 2.7007, -0.3702 -3.3697 2.7007, -0.5315 -0.2201 2.7165, -0.5315 -3.3697 2.7165, -0.6928 -0.2201 2.7007, -0.6928 -3.3697 2.7007, -0.8479 -0.2201 2.6536, -0.8479 -3.3697 2.6536, -0.9908 -0.2201 2.5772, -0.9908 -3.3697 2.5772, -1.1161 -0.2201 2.4744, -1.1161 -3.3697 2.4744, -1.2189 -0.2201 2.3491, -1.2189 -3.3697 2.3491, -1.2953 -0.2201 2.2062, -1.2953 -3.3697 2.2062, -1.3424 -0.2201 2.0511, -1.3424 -3.3697 2.0511, -1.3583 -0.2201 1.8898, -1.3583 -3.3697 1.8898, -1.3424 -0.2201 1.7285, -1.3424 -3.3697 1.7285, -1.2953 -0.2201 1.5734, -1.2953 -3.3697 1.5734, -1.2189 -0.2201 1.4304, -1.2189 -3.3697 1.4304, -1.1161 -0.2201 1.3052, -1.1161 -3.3697 1.3052, -0.9908 -0.2201 1.2023, -0.9908 -3.3697 1.2023, -0.6927 -1.2939 1.0793, -0.6928 -2.5849 1.0789, -0.6729 -1.2685 1.0752, -0.6125 -2.6055 1.067, -0.6586 -1.2557 1.0728, -0.6426 -1.2451 1.0705, -1.122 1.3547 0.0787, -1.437 1.3547 0.0787, -1.122 1.3547 0.5118, -1.437 1.3547 0.5118, -1.5157 1.276 0.5906, -1.5157 0.8626 0.5906, -1.0433 1.276 0.5906, -1.0433 0.8626 0.5906, 0.4528 -3.3303 0.0394, 0.4528 1.276 0.0394, 0.4528 0.8626 0.5906, 0.4528 1.276 0.5906, 0.4528 0.8626 2.6681, 0.4528 0.5673 2.6681, 0.4528 0.5673 2.3632, 0.4528 -2.8579 2.874, 0.4528 -3.3303 2.874, 0.4528 -2.8579 2.3632, -1.5157 -3.3303 0.0394, -1.5157 -3.3303 2.874, -1.5157 -2.8579 2.3632, -1.5157 -2.8579 2.874, -1.5157 0.5673 2.6681, -1.5157 0.8626 2.6681, -1.5157 0.5673 2.3632, -1.5157 1.276 0.0394, 0.4218 -2.8579 2.4258, 0.4218 0.5673 2.4258, 0.3212 0.5673 2.4965, 0.3212 -2.8579 2.4965, 0.1238 0.5673 2.6047, 0.1238 -2.8579 2.6047, -0.087 0.5673 2.6837, -0.087 -2.8579 2.6837, -0.3069 0.5673 2.7317, -0.3069 -2.8579 2.7317, -0.4744 0.5673 2.7468, -0.5315 -2.8579 2.7479, -0.5315 0.5673 2.7468, -0.5886 0.5673 2.7468, -0.7561 -2.8579 2.7317, -0.7561 0.5673 2.7317, -0.976 0.5673 2.6837, -0.976 -2.8579 2.6837, -1.1868 0.5673 2.6047, -1.1868 -2.8579 2.6047, -1.3842 0.5673 2.4965, -1.3842 -2.8579 2.4965, -1.4848 0.5673 2.4258, -1.4848 -2.8579 2.4258, -1.4764 -3.3303 2.9134, 0.4134 -3.3303 2.9134, -1.4764 -2.8579 2.9134, 0.4134 -2.8579 2.9134, -1.4764 -3.3697 0.0394, -1.4764 -3.3697 2.874, 0.4134 -3.3697 2.874, 0.4134 -3.3697 0.0394, -0.5977 -0.2201 2.137, -0.6594 -0.2201 2.1114, -0.7124 -0.2201 2.0707, -0.7531 -0.2201 2.0177, -0.7787 -0.2201 1.8235, -0.7531 -0.2201 1.7618, -0.7124 -0.2201 1.7088, -0.6594 -0.2201 1.6681, -0.4035 -0.2201 2.1114, -0.4653 -0.2201 2.137, -0.5315 -0.2201 2.1457, -0.2843 -0.2201 1.956, -0.3099 -0.2201 2.0177, -0.3505 -0.2201 2.0707, -0.5977 -0.2201 1.6426, -0.5315 -0.2201 1.6339, -0.4653 -0.2201 1.6426, -0.3099 -0.2201 1.7618, -0.2843 -0.2201 1.8235, -0.2756 -0.2201 1.8898, -0.7787 -0.2201 1.956, -0.7874 -0.2201 1.8898, -0.4035 -0.2201 1.6681, -0.3505 -0.2201 1.7088, 0.4507 -2.8579 2.3812, -1.5137 -2.8579 2.3812, -1.5076 -2.8579 2.3982, -1.4978 -2.8579 2.4133, 0.4412 -2.8579 2.9019, 0.4475 -2.8579 2.8937, 0.4331 -2.8579 2.9081, 0.4236 -2.8579 2.912, 0.4514 -2.8579 2.8842, 0.4446 -2.8579 2.3982, 0.4348 -2.8579 2.4133, -1.5144 -2.8579 2.8842, -1.5105 -2.8579 2.8937, -1.5042 -2.8579 2.9019, -1.4866 -2.8579 2.912, -1.4961 -2.8579 2.9081, -1.5076 0.5673 2.3982, -1.5137 0.5673 2.3812, -1.4978 0.5673 2.4133, -1.437 0.5673 2.7468, -1.4764 0.5673 2.7363, -1.4927 0.5673 2.7238, -1.5052 0.5673 2.7075, -1.5131 0.5673 2.6885, -1.4574 0.5673 2.7441, 0.4348 0.5673 2.4133, 0.4446 0.5673 2.3982, 0.4507 0.5673 2.3812, 0.374 0.5673 2.7468, 0.4422 0.5673 2.7075, 0.4297 0.5673 2.7238, 0.4501 0.5673 2.6885, 0.3944 0.5673 2.7441, 0.4134 0.5673 2.7363, 0.374 0.8626 2.7468, -1.437 0.8626 2.7468, 0.374 1.3547 0.5118, 0.374 1.3547 0.0787, 0.0591 1.3547 0.5118, 0.0591 1.3547 0.0787, -0.0197 0.8626 0.5906, -1.5131 0.8626 2.6885, -1.5052 0.8626 2.7075, -1.4927 0.8626 2.7238, 0.3944 0.8626 2.7441, 0.4501 0.8626 2.6885, 0.4134 0.8626 2.7363, 0.4297 0.8626 2.7238, 0.4422 0.8626 2.7075, -1.4764 0.8626 2.7363, -1.4574 0.8626 2.7441, -0.0197 1.276 0.5906
            ]
        }
        coordIndex [
            0,1,2,-1,3,4,5,-1,5,4,6,-1,5,6,7,-1,8,9,10,-1,10,9,11,-1,6,10,7,-1,7,10,11,-1,7,11,12,-1,12,11,13,-1,12,13,14,-1,14,13,15,-1,14,15,16,-1,16,15,17,-1,16,17,18,-1,19,20,21,-1,21,20,22,-1,23,24,25,-1,25,24,26,-1,25,26,27,-1,28,8,23,-1,23,8,29,-1,23,29,30,-1,30,31,23,-1,23,31,32,-1,23,32,24,-1,24,32,33,-1,24,33,34,-1,34,33,35,-1,34,35,36,-1,36,37,34,-1,34,37,38,-1,34,38,39,-1,40,41,34,-1,34,41,42,-1,43,44,45,-1,45,44,46,-1,42,47,34,-1,34,47,46,-1,34,46,48,-1,48,46,44,-1,39,49,34,-1,34,49,50,-1,34,50,40,-1,51,52,53,-1,53,52,54,-1,53,54,55,-1,56,57,10,-1,10,57,58,-1,10,58,59,-1,59,60,10,-1,10,60,61,-1,10,61,8,-1,8,61,62,-1,8,62,29,-1,55,63,53,-1,53,63,64,-1,53,64,10,-1,10,64,65,-1,10,65,56,-1,66,67,68,-1,68,67,69,-1,67,70,69,-1,69,70,71,-1,69,71,53,-1,53,71,72,-1,53,72,51,-1,0,73,74,-1,74,73,75,-1,74,75,76,-1,76,75,77,-1,76,77,68,-1,68,77,25,-1,68,25,66,-1,66,25,27,-1,10,78,53,-1,53,78,79,-1,53,79,80,-1,81,78,82,-1,82,78,10,-1,82,10,83,-1,83,10,6,-1,83,6,80,-1,80,6,84,-1,80,84,53,-1,53,84,85,-1,53,85,69,-1,86,28,87,-1,87,28,23,-1,87,23,88,-1,88,89,87,-1,87,89,90,-1,87,90,77,-1,77,90,91,-1,77,91,25,-1,25,91,92,-1,25,92,23,-1,23,92,93,-1,23,93,88,-1,94,95,96,-1,96,95,90,-1,96,90,97,-1,97,90,89,-1,97,89,98,-1,98,89,99,-1,100,101,75,-1,75,101,102,-1,75,102,103,-1,17,86,18,-1,18,86,87,-1,18,87,104,-1,104,105,18,-1,18,105,106,-1,18,106,107,-1,107,108,18,-1,18,108,109,-1,18,109,110,-1,103,111,75,-1,75,111,112,-1,75,112,77,-1,77,112,113,-1,77,113,87,-1,87,113,114,-1,87,114,104,-1,110,115,18,-1,18,115,116,-1,18,116,75,-1,75,116,117,-1,75,117,100,-1,118,75,119,-1,119,75,73,-1,119,73,120,-1,120,73,19,-1,120,19,18,-1,18,19,21,-1,18,21,16,-1,121,122,118,-1,118,122,123,-1,118,123,75,-1,75,123,124,-1,75,124,18,-1,18,124,125,-1,18,125,120,-1,0,2,73,-1,73,2,126,-1,73,126,19,-1,19,126,127,-1,19,127,20,-1,128,129,130,-1,131,132,133,-1,133,132,134,-1,135,136,137,-1,130,129,131,-1,131,129,138,-1,131,138,132,-1,128,130,139,-1,139,130,140,-1,139,140,141,-1,142,143,144,-1,144,143,145,-1,144,145,146,-1,141,140,147,-1,147,140,148,-1,147,148,149,-1,150,151,152,-1,152,151,153,-1,137,136,154,-1,154,136,155,-1,154,155,156,-1,156,155,157,-1,156,157,158,-1,159,160,152,-1,152,160,161,-1,152,161,150,-1,157,162,158,-1,158,162,163,-1,158,163,152,-1,152,163,164,-1,152,164,159,-1,137,165,135,-1,135,165,166,-1,135,166,167,-1,167,166,168,-1,167,168,142,-1,142,168,169,-1,142,169,143,-1,134,155,133,-1,133,155,136,-1,133,136,170,-1,170,136,171,-1,170,171,172,-1,172,171,173,-1,172,173,174,-1,174,173,175,-1,174,175,176,-1,176,175,177,-1,176,177,178,-1,178,177,179,-1,178,179,180,-1,180,179,181,-1,180,181,182,-1,182,181,183,-1,182,183,184,-1,184,183,185,-1,184,185,186,-1,186,185,187,-1,186,187,188,-1,188,187,189,-1,188,189,190,-1,190,189,191,-1,190,191,192,-1,192,191,193,-1,192,193,194,-1,194,193,195,-1,194,195,196,-1,196,195,197,-1,196,197,198,-1,198,197,199,-1,198,199,200,-1,200,199,201,-1,200,201,202,-1,202,201,203,-1,202,203,204,-1,204,203,205,-1,204,205,206,-1,206,205,207,-1,206,207,208,-1,208,207,209,-1,208,209,210,-1,210,209,211,-1,210,211,212,-1,212,211,213,-1,212,213,214,-1,214,213,215,-1,214,215,216,-1,216,215,217,-1,216,217,218,-1,218,217,219,-1,218,219,220,-1,220,219,221,-1,220,221,222,-1,222,221,223,-1,222,223,148,-1,148,223,144,-1,148,144,149,-1,149,144,146,-1,149,146,224,-1,224,146,225,-1,224,225,226,-1,226,225,227,-1,226,227,228,-1,228,227,152,-1,228,152,229,-1,229,152,153,-1,230,231,232,-1,232,231,233,-1,234,235,236,-1,236,235,237,-1,238,239,240,-1,240,239,241,-1,242,243,244,-1,245,246,247,-1,247,246,238,-1,247,238,244,-1,244,238,240,-1,244,240,242,-1,248,249,250,-1,250,249,251,-1,252,253,254,-1,254,253,235,-1,234,255,235,-1,235,255,248,-1,235,248,254,-1,254,248,250,-1,256,257,258,-1,256,258,259,-1,259,258,260,-1,259,260,261,-1,261,260,262,-1,261,262,263,-1,263,262,264,-1,263,264,265,-1,265,264,266,-1,265,266,267,-1,266,268,267,-1,267,268,269,-1,267,269,270,-1,269,271,270,-1,270,271,272,-1,270,272,273,-1,273,272,274,-1,273,274,275,-1,275,274,276,-1,275,276,277,-1,277,276,278,-1,277,278,279,-1,280,281,282,-1,282,281,283,-1,142,144,284,-1,284,144,223,-1,223,221,284,-1,284,221,219,-1,284,219,217,-1,209,207,285,-1,286,187,185,-1,185,183,286,-1,286,183,181,-1,286,181,287,-1,287,181,179,-1,287,179,177,-1,177,175,287,-1,287,175,173,-1,287,173,171,-1,171,136,287,-1,287,136,135,-1,287,135,284,-1,284,135,167,-1,284,167,142,-1,217,215,284,-1,284,215,213,-1,284,213,285,-1,285,213,211,-1,285,211,209,-1,207,205,285,-1,285,205,203,-1,285,203,201,-1,193,191,286,-1,286,191,189,-1,286,189,187,-1,201,199,285,-1,285,199,197,-1,285,197,286,-1,286,197,195,-1,286,195,193,-1,288,200,289,-1,289,200,202,-1,289,202,290,-1,290,202,204,-1,290,204,291,-1,292,216,293,-1,293,216,218,-1,293,218,294,-1,294,218,220,-1,294,220,295,-1,296,192,297,-1,297,192,194,-1,297,194,298,-1,298,194,196,-1,298,196,288,-1,288,196,198,-1,288,198,200,-1,299,184,300,-1,300,184,186,-1,300,186,301,-1,301,186,188,-1,301,188,296,-1,296,188,190,-1,296,190,192,-1,220,222,295,-1,295,222,148,-1,295,148,302,-1,302,148,140,-1,302,140,303,-1,303,140,130,-1,303,130,304,-1,305,176,306,-1,306,176,178,-1,306,178,307,-1,307,178,180,-1,307,180,299,-1,299,180,182,-1,299,182,184,-1,204,206,291,-1,291,206,208,-1,291,208,308,-1,308,208,210,-1,308,210,309,-1,309,210,212,-1,309,212,292,-1,292,212,214,-1,292,214,216,-1,130,131,304,-1,304,131,133,-1,304,133,310,-1,310,133,170,-1,310,170,311,-1,311,170,172,-1,311,172,305,-1,305,172,174,-1,305,174,176,-1,245,247,312,-1,250,251,313,-1,313,251,314,-1,277,279,251,-1,251,279,315,-1,251,315,314,-1,316,317,318,-1,318,317,319,-1,312,283,245,-1,245,283,319,-1,245,319,320,-1,320,319,317,-1,312,321,283,-1,283,321,322,-1,283,322,256,-1,256,259,283,-1,283,259,261,-1,283,261,263,-1,263,265,283,-1,283,265,267,-1,283,267,282,-1,282,267,270,-1,251,323,277,-1,277,323,324,-1,277,324,325,-1,270,273,282,-1,282,273,275,-1,282,275,326,-1,326,275,277,-1,326,277,327,-1,327,277,325,-1,328,252,329,-1,329,252,254,-1,328,330,252,-1,252,330,278,-1,252,278,276,-1,269,331,271,-1,271,331,272,-1,332,333,274,-1,274,333,334,-1,274,334,276,-1,276,334,335,-1,276,335,252,-1,272,331,274,-1,274,331,336,-1,274,336,332,-1,257,337,243,-1,337,338,243,-1,243,338,339,-1,243,339,244,-1,340,266,264,-1,341,342,258,-1,257,243,258,-1,258,243,343,-1,258,343,341,-1,264,262,340,-1,340,262,260,-1,340,260,344,-1,344,260,258,-1,344,258,345,-1,345,258,342,-1,266,340,346,-1,347,331,269,-1,347,269,346,-1,346,269,268,-1,346,268,266,-1,348,349,350,-1,350,349,351,-1,16,21,237,-1,235,253,237,-1,237,253,352,-1,346,240,347,-1,347,240,352,-1,253,353,352,-1,352,353,354,-1,352,354,355,-1,356,357,346,-1,346,357,242,-1,346,242,240,-1,356,358,357,-1,357,358,359,-1,357,359,360,-1,5,7,352,-1,352,7,12,-1,352,12,237,-1,237,12,14,-1,237,14,16,-1,355,361,352,-1,352,361,362,-1,352,362,347,-1,363,352,241,-1,241,352,240,-1,236,237,22,-1,22,237,21,-1,3,5,363,-1,363,5,352,-1,
        ]
    }
}
Shape{
    appearance Appearance {
        material  Material 	{
            diffuseColor 0.6666666666666666 0.6980392156862745 0.7686274509803922
            specularColor 0.3333333333333333 0.34901960784313724 0.3843137254901961
            ambientIntensity 0.6967
            transparency 0.0
            shininess 0.5
        }
    }
    geometry IndexedFaceSet {
        ccw TRUE
        solid FALSE
        coord DEF co Coordinate {
            point [
                -0.3346 -2.1627 1.3409, -0.3346 -1.2495 1.1917, -0.7283 -2.1627 1.3409, -0.7283 -1.2495 1.1917, -0.7283 -2.2658 1.3458, -0.3346 -2.2658 1.3458, -0.7283 -2.3674 1.3273, -0.3346 -2.3674 1.3273, -0.7283 -2.4621 1.2862, -0.3346 -2.4621 1.2862, -0.3346 -2.403 1.1839, -0.7283 -2.403 1.1839, -0.3346 -2.333 1.2143, -0.7283 -2.333 1.2143, -0.3346 -2.258 1.228, -0.7283 -2.258 1.228, -0.3346 -2.1818 1.2243, -0.7283 -2.1818 1.2243, -0.3346 -1.3395 1.0868, -0.3346 -1.0256 1.0868, -0.3346 -1.0727 1.1225, -0.3346 -2.8075 1.0868, -0.3346 -2.5713 1.0868, -0.3346 -1.1574 1.1665, -0.6729 -1.2685 1.0752, -0.6586 -1.2557 1.0728, -0.4608 -1.2433 1.07, -0.6426 -1.2451 1.0705, -0.6074 -1.2298 1.0665, -0.4204 -1.2451 1.0705, -0.4044 -1.2557 1.0728, -0.3901 -1.2685 1.0752, -0.5699 -1.2213 1.0639, -0.5315 -1.2185 1.063, -0.5313 -1.2185 1.063, -0.493 -1.2213 1.0639, -0.4557 -1.2298 1.0665, -0.7283 -1.0727 1.1225, -0.7283 -1.0256 1.0868, -0.7283 -1.3395 1.0868, -0.7283 -1.1574 1.1665, -0.7283 -2.5713 1.0868, -0.7283 -2.8075 1.0868, -0.6927 -1.2939 1.0793, -0.3703 -1.2939 1.0793, -0.6928 -2.5849 1.0789, -0.3702 -2.5849 1.0789, -0.4505 -2.6055 1.067, -0.5315 -2.6124 1.063, -0.6125 -2.6055 1.067, -0.3702 -2.8212 1.0789, -0.6928 -2.8212 1.0789, -0.6125 -2.8418 1.067, -0.5315 -2.8487 1.063, -0.4505 -2.8418 1.067, -0.6928 -1.0167 1.0789, -0.4596 -1.0034 1.0661, -0.5315 -1.0011 1.0639, -0.3702 -1.0167 1.0789, -0.5514 -1.0005 1.0632, -0.6126 -1.0042 1.067, -0.3346 -0.9878 -0.9842, -0.3346 -0.9878 0.0, -0.517 -0.9878 0.0, -0.5315 -0.9878 -1.1811, -0.4805 -0.9878 -1.1744, -0.4331 -0.9878 -1.1547, -0.661 -0.9878 0.0, -0.6707 -0.9878 -1.1234, -0.6299 -0.9878 -1.1547, -0.3414 -0.9878 -1.0352, -0.5824 -0.9878 -1.1744, -0.7283 -0.9878 0.0, -0.7283 -0.9878 -0.9842, -0.702 -0.9878 -1.0827, -0.7216 -0.9878 -1.0352, -0.3923 -0.9878 -1.1234, -0.361 -0.9878 -1.0827, -0.7283 -0.8697 -0.9842, -0.7283 -0.8697 0.0, -0.661 -0.8697 0.0, -0.702 -0.8697 -1.0827, -0.7216 -0.8697 -1.0352, -0.6707 -0.8697 -1.1234, -0.6299 -0.8697 -1.1547, -0.517 -0.8697 0.0, -0.5824 -0.8697 -1.1744, -0.5315 -0.8697 -1.1811, -0.3346 -0.8697 0.0, -0.3346 -0.8697 -0.9842, -0.361 -0.8697 -1.0827, -0.3923 -0.8697 -1.1234, -0.4331 -0.8697 -1.1547, -0.3414 -0.8697 -1.0352, -0.4805 -0.8697 -1.1744, -0.5972 -2.8972 2.135, -0.5636 -2.8972 2.1437, -0.5977 -0.2201 2.137, -0.5315 -0.2201 2.1457, -0.6257 -2.8972 2.1277, -0.6594 -0.2201 2.1114, -0.6585 -2.8972 2.1097, -0.6819 -2.8972 2.0968, -0.7124 -0.2201 2.0707, -0.7112 -2.8972 2.0693, -0.7287 -2.8972 2.0529, -0.7531 -0.2201 2.0177, -0.7516 -2.8972 2.0168, -0.763 -2.8972 1.9987, -0.7787 -0.2201 1.956, -0.7771 -2.8972 1.9555, -0.7829 -2.8972 1.9377, -0.7874 -0.2201 1.8898, -0.7859 -2.8972 1.8897, -0.7869 -2.8972 1.8737, -0.7787 -0.2201 1.8235, -0.7774 -2.8972 1.8238, -0.7749 -2.8972 1.8107, -0.7531 -0.2201 1.7618, -0.7521 -2.8972 1.7623, -0.7476 -2.8972 1.7526, -0.7124 -0.2201 1.7088, -0.7118 -2.8972 1.7094, -0.7067 -2.8972 1.7032, -0.6594 -0.2201 1.6681, -0.6591 -2.8972 1.6686, -0.6548 -2.8972 1.6655, -0.5977 -0.2201 1.6426, -0.5976 -2.8972 1.6429, -0.5951 -2.8972 1.6419, -0.5315 -0.2201 1.6339, -0.5315 -2.8972 1.6339, -0.4653 -0.2201 1.6426, -0.4035 -0.2201 1.6681, -0.4039 -2.8972 1.6686, -0.4082 -2.8972 1.6655, -0.4654 -2.8972 1.6429, -0.4679 -2.8972 1.6419, -0.3505 -0.2201 1.7088, -0.3099 -0.2201 1.7618, -0.3109 -2.8972 1.7623, -0.3154 -2.8972 1.7526, -0.3512 -2.8972 1.7094, -0.3563 -2.8972 1.7032, -0.2756 -0.2201 1.8898, -0.2761 -2.8972 1.8737, -0.2843 -0.2201 1.8235, -0.2856 -2.8972 1.8238, -0.2881 -2.8972 1.8107, -0.2843 -0.2201 1.956, -0.2801 -2.8972 1.9377, -0.2771 -2.8972 1.8897, -0.3099 -0.2201 2.0177, -0.2999 -2.8972 1.9987, -0.2859 -2.8972 1.9555, -0.3505 -0.2201 2.0707, -0.3343 -2.8972 2.0529, -0.3114 -2.8972 2.0168, -0.4035 -0.2201 2.1114, -0.3811 -2.8972 2.0968, -0.3518 -2.8972 2.0693, -0.4653 -0.2201 2.137, -0.4373 -2.8972 2.1277, -0.4045 -2.8972 2.1097, -0.5315 -2.8972 2.1437, -0.4994 -2.8972 2.1437, -0.4658 -2.8972 2.135, -0.5315 -2.976 1.7126, -0.4874 -2.976 1.7182, -0.5315 -2.976 1.8898, -0.6528 -2.976 1.7606, -0.6168 -2.976 1.7345, -0.5756 -2.976 1.7182, -0.7083 -2.976 1.8786, -0.7 -2.976 1.835, -0.6811 -2.976 1.7948, -0.668 -2.976 2.0027, -0.6918 -2.976 1.9652, -0.7055 -2.976 1.923, -0.5537 -2.976 2.0655, -0.5967 -2.976 2.0545, -0.6356 -2.976 2.0331, -0.4274 -2.976 2.0331, -0.4663 -2.976 2.0545, -0.5093 -2.976 2.0655, -0.3575 -2.976 1.923, -0.3712 -2.976 1.9652, -0.395 -2.976 2.0027, -0.3819 -2.976 1.7948, -0.363 -2.976 1.835, -0.3547 -2.976 1.8786, -0.4461 -2.976 1.7345, -0.4102 -2.976 1.7606, -0.4095 -2.9176 1.6679, -0.3582 -2.9176 1.7052, -0.3177 -2.9176 1.7541, -0.2907 -2.9176 1.8115, -0.2788 -2.9176 1.8739, -0.2828 -2.9176 1.9372, -0.3024 -2.9176 1.9976, -0.3364 -2.9176 2.0512, -0.3827 -2.9176 2.0946, -0.4383 -2.9176 2.1252, -0.4998 -2.9176 2.141, -0.7266 -2.9176 2.0512, -0.7606 -2.9176 1.9976, -0.7802 -2.9176 1.9372, -0.7842 -2.9176 1.8739, -0.7723 -2.9176 1.8115, -0.7453 -2.9176 1.7541, -0.7048 -2.9176 1.7052, -0.6535 -2.9176 1.6679, -0.5945 -2.9176 1.6445, -0.6476 -2.9733 2.0496, -0.6837 -2.9733 2.0157, -0.7102 -2.9733 1.9739, -0.7274 -2.9654 1.982, -0.7255 -2.9733 1.9268, -0.7442 -2.9654 1.9303, -0.7602 -2.9529 1.9334, -0.7287 -2.9733 1.8774, -0.7476 -2.9654 1.8762, -0.7639 -2.9529 1.8751, -0.7764 -2.9366 1.8744, -0.7194 -2.9733 1.8287, -0.7374 -2.9654 1.8229, -0.7529 -2.9529 1.8178, -0.7648 -2.9366 1.8139, -0.6218 -2.9366 2.1179, -0.6247 -2.9176 2.1252, -0.6803 -2.9176 2.0946, -0.5315 -2.9733 1.6922, -0.5806 -2.9733 1.6984, -0.5315 -2.9654 1.6732, -0.5853 -2.9654 1.68, -0.5315 -2.9529 1.6569, -0.5894 -2.9529 1.6642, -0.5315 -2.9366 1.6444, -0.5925 -2.9366 1.6521, -0.5315 -2.9176 1.6365, -0.6497 -2.9366 1.6748, -0.6437 -2.9529 1.6857, -0.6358 -2.9654 1.7, -0.6267 -2.9733 1.7167, -0.6995 -2.9366 1.7109, -0.6909 -2.9529 1.72, -0.6797 -2.9654 1.7319, -0.6667 -2.9733 1.7458, -0.7387 -2.9366 1.7583, -0.7281 -2.9529 1.765, -0.7143 -2.9654 1.7737, -0.6983 -2.9733 1.7839, -0.6983 -2.9654 2.0278, -0.7422 -2.9529 1.9889, -0.7725 -2.9366 1.9357, -0.6042 -2.9733 2.0734, -0.6588 -2.9654 2.0649, -0.7109 -2.9529 2.0382, -0.7535 -2.9366 1.9942, -0.6112 -2.9654 2.0911, -0.6684 -2.9529 2.0781, -0.7205 -2.9366 2.0462, -0.6172 -2.9529 2.1063, -0.6757 -2.9366 2.0883, -0.5632 -2.9176 2.141, -0.5622 -2.9366 2.1332, -0.5607 -2.9529 2.1208, -0.5586 -2.9654 2.1046, -0.5563 -2.9733 2.0858, -0.5007 -2.9366 2.1332, -0.5023 -2.9529 2.1208, -0.5044 -2.9654 2.1046, -0.5067 -2.9733 2.0858, -0.4412 -2.9366 2.1179, -0.4458 -2.9529 2.1063, -0.4518 -2.9654 2.0911, -0.4588 -2.9733 2.0734, -0.3873 -2.9366 2.0883, -0.3946 -2.9529 2.0781, -0.4042 -2.9654 2.0649, -0.4154 -2.9733 2.0496, -0.3424 -2.9366 2.0462, -0.3521 -2.9529 2.0382, -0.3647 -2.9654 2.0278, -0.3793 -2.9733 2.0157, -0.3095 -2.9366 1.9942, -0.3208 -2.9529 1.9889, -0.3356 -2.9654 1.982, -0.3528 -2.9733 1.9739, -0.2905 -2.9366 1.9357, -0.3028 -2.9529 1.9334, -0.3188 -2.9654 1.9303, -0.3374 -2.9733 1.9268, -0.2866 -2.9366 1.8744, -0.2991 -2.9529 1.8751, -0.3154 -2.9654 1.8762, -0.3343 -2.9733 1.8774, -0.2981 -2.9366 1.8139, -0.31 -2.9529 1.8178, -0.3256 -2.9654 1.8229, -0.3436 -2.9733 1.8287, -0.3243 -2.9366 1.7583, -0.3349 -2.9529 1.765, -0.3487 -2.9654 1.7737, -0.3647 -2.9733 1.7839, -0.3635 -2.9366 1.7109, -0.3721 -2.9529 1.72, -0.3833 -2.9654 1.7319, -0.3963 -2.9733 1.7458, -0.4133 -2.9366 1.6748, -0.4193 -2.9529 1.6857, -0.4272 -2.9654 1.7, -0.4363 -2.9733 1.7167, -0.4685 -2.9176 1.6445, -0.4705 -2.9366 1.6521, -0.4736 -2.9529 1.6642, -0.4776 -2.9654 1.68, -0.4824 -2.9733 1.6984
            ]
        }
        coordIndex [
            0,1,2,-1,2,1,3,-1,0,2,4,-1,0,4,5,-1,5,4,6,-1,5,6,7,-1,7,6,8,-1,7,8,9,-1,10,11,12,-1,12,11,13,-1,12,13,14,-1,14,13,15,-1,14,15,16,-1,16,15,17,-1,18,19,20,-1,21,22,9,-1,9,22,10,-1,9,10,7,-1,7,10,12,-1,7,12,5,-1,5,12,14,-1,5,14,0,-1,0,14,16,-1,0,16,1,-1,1,16,18,-1,1,18,23,-1,23,18,20,-1,24,25,26,-1,26,25,27,-1,26,27,28,-1,29,30,26,-1,26,30,31,-1,26,31,24,-1,28,32,26,-1,26,32,33,-1,26,33,34,-1,34,35,26,-1,26,35,36,-1,26,36,29,-1,37,38,39,-1,37,39,40,-1,41,42,11,-1,11,42,8,-1,11,8,13,-1,13,8,6,-1,13,6,15,-1,15,6,4,-1,15,4,17,-1,17,4,2,-1,17,2,39,-1,39,2,3,-1,39,3,40,-1,43,24,31,-1,31,44,43,-1,43,44,18,-1,43,18,39,-1,39,18,16,-1,39,16,17,-1,45,41,11,-1,10,22,46,-1,46,47,10,-1,10,47,48,-1,10,48,11,-1,11,48,49,-1,11,49,45,-1,50,21,9,-1,8,42,9,-1,9,42,51,-1,9,51,52,-1,52,53,9,-1,9,53,54,-1,9,54,50,-1,55,38,37,-1,56,57,37,-1,19,58,20,-1,20,58,56,-1,57,59,37,-1,37,59,60,-1,37,60,55,-1,56,37,20,-1,20,37,40,-1,20,40,23,-1,23,40,3,-1,23,3,1,-1,61,62,63,-1,64,65,66,-1,67,68,63,-1,63,68,69,-1,70,61,64,-1,64,61,63,-1,64,63,71,-1,71,63,69,-1,67,72,68,-1,68,72,73,-1,68,73,74,-1,74,73,75,-1,66,76,64,-1,64,76,77,-1,64,77,70,-1,78,79,80,-1,81,82,78,-1,81,78,83,-1,83,78,80,-1,83,80,84,-1,84,80,85,-1,84,85,86,-1,86,85,87,-1,87,85,88,-1,87,88,89,-1,90,91,92,-1,89,93,87,-1,87,93,90,-1,87,90,94,-1,94,90,92,-1,89,88,61,-1,61,88,62,-1,73,72,78,-1,78,72,79,-1,89,61,70,-1,89,70,93,-1,93,70,77,-1,93,77,90,-1,90,77,76,-1,90,76,91,-1,91,76,66,-1,91,66,92,-1,92,66,65,-1,92,65,94,-1,94,65,64,-1,94,64,87,-1,73,78,82,-1,73,82,75,-1,75,82,81,-1,75,81,74,-1,74,81,83,-1,74,83,68,-1,68,83,84,-1,68,84,69,-1,69,84,86,-1,69,86,71,-1,71,86,87,-1,71,87,64,-1,95,96,97,-1,97,96,98,-1,95,97,99,-1,99,97,100,-1,99,100,101,-1,101,100,102,-1,102,100,103,-1,102,103,104,-1,104,103,105,-1,105,103,106,-1,105,106,107,-1,107,106,108,-1,108,106,109,-1,108,109,110,-1,110,109,111,-1,111,109,112,-1,111,112,113,-1,113,112,114,-1,114,112,115,-1,114,115,116,-1,116,115,117,-1,117,115,118,-1,117,118,119,-1,119,118,120,-1,120,118,121,-1,120,121,122,-1,122,121,123,-1,123,121,124,-1,123,124,125,-1,125,124,126,-1,126,124,127,-1,126,127,128,-1,128,127,129,-1,129,127,130,-1,129,130,131,-1,132,133,134,-1,134,135,132,-1,132,135,136,-1,132,136,130,-1,130,136,137,-1,130,137,131,-1,138,139,140,-1,140,141,138,-1,138,141,142,-1,138,142,133,-1,133,142,143,-1,133,143,134,-1,144,145,146,-1,146,145,147,-1,146,147,139,-1,139,147,148,-1,139,148,140,-1,149,150,144,-1,144,150,151,-1,144,151,145,-1,152,153,149,-1,149,153,154,-1,149,154,150,-1,155,156,152,-1,152,156,157,-1,152,157,153,-1,158,159,155,-1,155,159,160,-1,155,160,156,-1,161,162,158,-1,158,162,163,-1,158,163,159,-1,96,164,98,-1,98,164,165,-1,98,165,161,-1,161,165,166,-1,161,166,162,-1,167,168,169,-1,170,171,169,-1,169,171,172,-1,169,172,167,-1,173,174,169,-1,169,174,175,-1,169,175,170,-1,176,177,169,-1,169,177,178,-1,169,178,173,-1,179,180,169,-1,169,180,181,-1,169,181,176,-1,182,183,169,-1,169,183,184,-1,169,184,179,-1,185,186,169,-1,169,186,187,-1,169,187,182,-1,188,189,169,-1,169,189,190,-1,169,190,185,-1,168,191,169,-1,169,191,192,-1,169,192,188,-1,136,135,193,-1,134,143,194,-1,142,141,195,-1,140,148,196,-1,147,145,197,-1,151,150,198,-1,154,153,199,-1,157,156,200,-1,160,159,201,-1,163,162,202,-1,166,165,203,-1,104,105,204,-1,107,108,205,-1,110,111,206,-1,113,114,207,-1,116,117,208,-1,119,120,209,-1,122,123,210,-1,125,126,211,-1,128,129,212,-1,213,181,180,-1,214,176,181,-1,177,176,215,-1,215,176,214,-1,215,214,216,-1,178,177,217,-1,217,177,215,-1,217,215,218,-1,218,215,216,-1,218,216,219,-1,173,178,220,-1,220,178,217,-1,220,217,221,-1,221,217,218,-1,221,218,222,-1,222,218,219,-1,222,219,223,-1,174,173,224,-1,224,173,220,-1,224,220,225,-1,225,220,221,-1,225,221,226,-1,226,221,222,-1,226,222,227,-1,227,222,223,-1,227,223,208,-1,228,229,230,-1,167,172,231,-1,231,172,232,-1,231,232,233,-1,233,232,234,-1,233,234,235,-1,235,234,236,-1,235,236,237,-1,237,236,238,-1,237,238,239,-1,239,238,212,-1,239,212,131,-1,131,212,129,-1,126,128,211,-1,211,128,212,-1,211,212,240,-1,240,212,238,-1,240,238,241,-1,241,238,236,-1,241,236,242,-1,242,236,234,-1,242,234,243,-1,243,234,232,-1,243,232,171,-1,171,232,172,-1,123,125,210,-1,210,125,211,-1,210,211,244,-1,244,211,240,-1,244,240,245,-1,245,240,241,-1,245,241,246,-1,246,241,242,-1,246,242,247,-1,247,242,243,-1,247,243,170,-1,170,243,171,-1,120,122,209,-1,209,122,210,-1,209,210,248,-1,248,210,244,-1,248,244,249,-1,249,244,245,-1,249,245,250,-1,250,245,246,-1,250,246,251,-1,251,246,247,-1,251,247,175,-1,175,247,170,-1,117,119,208,-1,208,119,209,-1,208,209,227,-1,227,209,248,-1,227,248,226,-1,226,248,249,-1,226,249,225,-1,225,249,250,-1,225,250,224,-1,224,250,251,-1,224,251,174,-1,174,251,175,-1,181,213,214,-1,214,213,252,-1,214,252,216,-1,216,252,253,-1,216,253,219,-1,219,253,254,-1,219,254,223,-1,223,254,207,-1,223,207,208,-1,208,207,114,-1,208,114,116,-1,180,255,213,-1,213,255,256,-1,213,256,252,-1,252,256,257,-1,252,257,253,-1,253,257,258,-1,253,258,254,-1,254,258,206,-1,254,206,207,-1,207,206,111,-1,207,111,113,-1,255,259,256,-1,256,259,260,-1,256,260,257,-1,257,260,261,-1,257,261,258,-1,258,261,205,-1,258,205,206,-1,206,205,108,-1,206,108,110,-1,259,262,260,-1,260,262,263,-1,260,263,261,-1,261,263,204,-1,261,204,205,-1,205,204,105,-1,205,105,107,-1,262,228,263,-1,263,228,230,-1,263,230,204,-1,204,230,102,-1,204,102,104,-1,164,96,264,-1,264,96,229,-1,264,229,265,-1,265,229,228,-1,265,228,266,-1,266,228,262,-1,266,262,267,-1,267,262,259,-1,267,259,268,-1,268,259,255,-1,268,255,179,-1,179,255,180,-1,96,95,229,-1,229,95,99,-1,229,99,230,-1,230,99,101,-1,230,101,102,-1,165,164,203,-1,203,164,264,-1,203,264,269,-1,269,264,265,-1,269,265,270,-1,270,265,266,-1,270,266,271,-1,271,266,267,-1,271,267,272,-1,272,267,268,-1,272,268,184,-1,184,268,179,-1,162,166,202,-1,202,166,203,-1,202,203,273,-1,273,203,269,-1,273,269,274,-1,274,269,270,-1,274,270,275,-1,275,270,271,-1,275,271,276,-1,276,271,272,-1,276,272,183,-1,183,272,184,-1,159,163,201,-1,201,163,202,-1,201,202,277,-1,277,202,273,-1,277,273,278,-1,278,273,274,-1,278,274,279,-1,279,274,275,-1,279,275,280,-1,280,275,276,-1,280,276,182,-1,182,276,183,-1,156,160,200,-1,200,160,201,-1,200,201,281,-1,281,201,277,-1,281,277,282,-1,282,277,278,-1,282,278,283,-1,283,278,279,-1,283,279,284,-1,284,279,280,-1,284,280,187,-1,187,280,182,-1,153,157,199,-1,199,157,200,-1,199,200,285,-1,285,200,281,-1,285,281,286,-1,286,281,282,-1,286,282,287,-1,287,282,283,-1,287,283,288,-1,288,283,284,-1,288,284,186,-1,186,284,187,-1,150,154,198,-1,198,154,199,-1,198,199,289,-1,289,199,285,-1,289,285,290,-1,290,285,286,-1,290,286,291,-1,291,286,287,-1,291,287,292,-1,292,287,288,-1,292,288,185,-1,185,288,186,-1,145,151,197,-1,197,151,198,-1,197,198,293,-1,293,198,289,-1,293,289,294,-1,294,289,290,-1,294,290,295,-1,295,290,291,-1,295,291,296,-1,296,291,292,-1,296,292,190,-1,190,292,185,-1,148,147,196,-1,196,147,197,-1,196,197,297,-1,297,197,293,-1,297,293,298,-1,298,293,294,-1,298,294,299,-1,299,294,295,-1,299,295,300,-1,300,295,296,-1,300,296,189,-1,189,296,190,-1,141,140,195,-1,195,140,196,-1,195,196,301,-1,301,196,297,-1,301,297,302,-1,302,297,298,-1,302,298,303,-1,303,298,299,-1,303,299,304,-1,304,299,300,-1,304,300,188,-1,188,300,189,-1,143,142,194,-1,194,142,195,-1,194,195,305,-1,305,195,301,-1,305,301,306,-1,306,301,302,-1,306,302,307,-1,307,302,303,-1,307,303,308,-1,308,303,304,-1,308,304,192,-1,192,304,188,-1,135,134,193,-1,193,134,194,-1,193,194,309,-1,309,194,305,-1,309,305,310,-1,310,305,306,-1,310,306,311,-1,311,306,307,-1,311,307,312,-1,312,307,308,-1,312,308,191,-1,191,308,192,-1,137,136,313,-1,313,136,193,-1,313,193,314,-1,314,193,309,-1,314,309,315,-1,315,309,310,-1,315,310,316,-1,316,310,311,-1,316,311,317,-1,317,311,312,-1,317,312,168,-1,168,312,191,-1,168,167,317,-1,317,167,231,-1,317,231,316,-1,316,231,233,-1,316,233,315,-1,315,233,235,-1,315,235,314,-1,314,235,237,-1,314,237,313,-1,313,237,239,-1,313,239,137,-1,137,239,131,-1,
        ]
    }
}
Shape{
    appearance Appearance {
        material  Material 	{
            diffuseColor 0.2980392156862745 0.2980392156862745 0.2980392156862745
            specularColor 0.09019607843137255 0.09019607843137255 0.09019607843137255
            ambientIntensity 0.298
            transparency 0.0
            shininess 0.5
        }
    }
    geometry IndexedFaceSet {
        ccw TRUE
        solid FALSE
        coord DEF co Coordinate {
            point [
                -1.4764 -3.3303 2.9134, -1.4764 -2.8579 2.9134, -1.4866 -2.8579 2.912, -1.4866 -3.3303 2.912, -1.4961 -2.8579 2.9081, -1.4961 -3.3303 2.9081, -1.5042 -2.8579 2.9019, -1.5042 -3.3303 2.9019, -1.5105 -2.8579 2.8937, -1.5105 -3.3303 2.8937, -1.5144 -2.8579 2.8842, -1.5144 -3.3303 2.8842, -1.5157 -2.8579 2.874, -1.5157 -3.3303 2.874, -1.4764 -3.3697 2.874, -1.4764 -3.3683 2.8842, -1.4862 -3.367 2.8842, -1.4862 -3.3474 2.9081, -1.4815 -3.3391 2.912, -1.4836 -3.3375 2.912, -1.4862 -3.333 2.912, -1.479 -3.3402 2.912, -1.4815 -3.3493 2.9081, -1.4836 -3.3572 2.9019, -1.4764 -3.3405 2.912, -1.4903 -3.3442 2.9081, -1.4852 -3.3354 2.912, -1.4934 -3.3402 2.9081, -1.4954 -3.3354 2.9081, -1.4764 -3.35 2.9081, -1.4764 -3.3582 2.9019, -1.4764 -3.3644 2.8937, -1.4903 -3.3544 2.9019, -1.4961 -3.35 2.9019, -1.5005 -3.3442 2.9019, -1.5033 -3.3375 2.9019, -1.4852 -3.3632 2.8937, -1.4934 -3.3598 2.8937, -1.5005 -3.3544 2.8937, -1.5059 -3.3474 2.8937, -1.5093 -3.3391 2.8937, -1.4954 -3.3632 2.8842, -1.5033 -3.3572 2.8842, -1.5093 -3.3493 2.8842, -1.5131 -3.3402 2.8842, -1.4866 -3.3683 2.874, -1.4961 -3.3644 2.874, -1.5042 -3.3582 2.874, -1.5105 -3.35 2.874, -1.5144 -3.3405 2.874, -1.4866 1.276 0.0013, -1.4764 1.276 0.0, -1.4764 -1.0468 0.0, -1.4764 -1.246 0.0, -1.4764 -3.3303 0.0, -1.4866 -3.3303 0.0013, -1.4961 -3.3303 0.0053, -1.4961 1.276 0.0053, -1.5042 -3.3303 0.0115, -1.5042 1.276 0.0115, -1.5105 -3.3303 0.0197, -1.5105 1.276 0.0197, -1.5144 -3.3303 0.0292, -1.5144 1.276 0.0292, -1.5157 -3.3303 0.0394, -1.5157 1.276 0.0394, -1.5144 -3.3405 0.0394, -1.5105 -3.35 0.0394, -1.5042 -3.3582 0.0394, -1.4961 -3.3644 0.0394, -1.4866 -3.3683 0.0394, -1.4764 -3.3697 0.0394, 0.4134 -3.3303 2.9134, 0.4134 -3.3405 2.912, 0.4134 -3.35 2.9081, 0.4134 -3.3582 2.9019, 0.4134 -3.3644 2.8937, 0.4134 -3.3683 2.8842, 0.4134 -3.3697 2.874, 0.4134 -2.8579 2.9134, 0.4236 -3.3303 2.912, 0.4236 -2.8579 2.912, 0.4331 -3.3303 2.9081, 0.4331 -2.8579 2.9081, 0.4412 -3.3303 2.9019, 0.4412 -2.8579 2.9019, 0.4475 -3.3303 2.8937, 0.4475 -2.8579 2.8937, 0.4514 -3.3303 2.8842, 0.4514 -2.8579 2.8842, 0.4528 -3.3303 2.874, 0.4528 -2.8579 2.874, -1.4862 -3.367 0.0292, -1.4954 -3.3632 0.0292, -1.4852 -3.3632 0.0197, -1.4934 -3.3598 0.0197, -1.4836 -3.3572 0.0115, -1.4903 -3.3544 0.0115, -1.4815 -3.3493 0.0053, -1.4862 -3.3474 0.0053, -1.479 -3.3402 0.0013, -1.4815 -3.3391 0.0013, -1.5033 -3.3572 0.0292, -1.5005 -3.3544 0.0197, -1.4961 -3.35 0.0115, -1.4903 -3.3442 0.0053, -1.4836 -3.3375 0.0013, -1.4764 -3.3683 0.0292, -1.4764 -3.3644 0.0197, -1.4764 -3.3582 0.0115, -1.4764 -3.35 0.0053, -1.4764 -3.3405 0.0013, -1.5093 -3.3493 0.0292, -1.5131 -3.3402 0.0292, -1.5059 -3.3474 0.0197, -1.5093 -3.3391 0.0197, -1.5005 -3.3442 0.0115, -1.5033 -3.3375 0.0115, -1.4934 -3.3402 0.0053, -1.4954 -3.3354 0.0053, -1.4852 -3.3354 0.0013, -1.4862 -3.333 0.0013, 0.4501 -3.3402 2.8842, 0.4304 -3.3402 2.9081, 0.4222 -3.3354 2.912, 0.4206 -3.3375 2.912, 0.416 -3.3402 2.912, 0.4232 -3.333 2.912, 0.4324 -3.3354 2.9081, 0.4403 -3.3375 2.9019, 0.4273 -3.3442 2.9081, 0.4185 -3.3391 2.912, 0.4232 -3.3474 2.9081, 0.4185 -3.3493 2.9081, 0.4375 -3.3442 2.9019, 0.4331 -3.35 2.9019, 0.4273 -3.3544 2.9019, 0.4206 -3.3572 2.9019, 0.4463 -3.3391 2.8937, 0.4429 -3.3474 2.8937, 0.4375 -3.3544 2.8937, 0.4304 -3.3598 2.8937, 0.4222 -3.3632 2.8937, 0.4463 -3.3493 2.8842, 0.4403 -3.3572 2.8842, 0.4324 -3.3632 2.8842, 0.4232 -3.367 2.8842, 0.4514 -3.3405 2.874, 0.4475 -3.35 2.874, 0.4412 -3.3582 2.874, 0.4331 -3.3644 2.874, 0.4236 -3.3683 2.874, -1.2535 -3.3303 0.0, -0.8458 -3.3303 0.0, -0.661 -3.3303 0.0, -0.517 -3.3303 0.0, 0.4134 -3.3405 0.0013, -0.3346 -3.3303 0.0, 0.4134 -3.3303 0.0, 0.4134 -3.35 0.0053, 0.4134 -3.3582 0.0115, 0.4134 -3.3644 0.0197, 0.4134 -3.3683 0.0292, 0.4134 -3.3697 0.0394, 0.4236 -3.3683 0.0394, 0.4331 -3.3644 0.0394, 0.4412 -3.3582 0.0394, 0.4475 -3.35 0.0394, 0.4514 -3.3405 0.0394, 0.4528 -3.3303 0.0394, 0.4501 -3.3402 0.0292, 0.4463 -3.3493 0.0292, 0.4463 -3.3391 0.0197, 0.4429 -3.3474 0.0197, 0.4403 -3.3375 0.0115, 0.4375 -3.3442 0.0115, 0.4324 -3.3354 0.0053, 0.4304 -3.3402 0.0053, 0.4232 -3.333 0.0013, 0.4222 -3.3354 0.0013, 0.4403 -3.3572 0.0292, 0.4375 -3.3544 0.0197, 0.4331 -3.35 0.0115, 0.4273 -3.3442 0.0053, 0.4206 -3.3375 0.0013, 0.4514 -3.3303 0.0292, 0.4475 -3.3303 0.0197, 0.4412 -3.3303 0.0115, 0.4331 -3.3303 0.0053, 0.4236 -3.3303 0.0013, 0.4324 -3.3632 0.0292, 0.4232 -3.367 0.0292, 0.4304 -3.3598 0.0197, 0.4222 -3.3632 0.0197, 0.4273 -3.3544 0.0115, 0.4206 -3.3572 0.0115, 0.4232 -3.3474 0.0053, 0.4185 -3.3493 0.0053, 0.4185 -3.3391 0.0013, 0.416 -3.3402 0.0013, 0.4134 -1.0468 0.0, 0.4134 1.276 0.0, 0.4236 1.276 0.0013, 0.4134 -1.246 0.0, 0.4331 1.276 0.0053, 0.4412 1.276 0.0115, 0.4475 1.276 0.0197, 0.4514 1.276 0.0292, 0.4528 1.276 0.0394
            ]
        }
        coordIndex [
            0,1,2,-1,0,2,3,-1,3,2,4,-1,3,4,5,-1,5,4,6,-1,5,6,7,-1,7,6,8,-1,7,8,9,-1,9,8,10,-1,9,10,11,-1,11,10,12,-1,11,12,13,-1,14,15,16,-1,17,18,19,-1,0,3,20,-1,19,18,0,-1,21,0,18,-1,21,18,22,-1,22,18,17,-1,22,17,23,-1,24,0,21,-1,25,26,27,-1,27,26,20,-1,27,20,28,-1,28,20,3,-1,28,3,5,-1,24,21,29,-1,29,21,22,-1,29,22,30,-1,30,22,23,-1,30,23,31,-1,32,25,33,-1,33,25,27,-1,33,27,34,-1,34,27,28,-1,34,28,35,-1,35,28,5,-1,35,5,7,-1,36,32,37,-1,37,32,33,-1,37,33,38,-1,38,33,34,-1,38,34,39,-1,39,34,35,-1,39,35,40,-1,40,35,7,-1,40,7,9,-1,15,36,16,-1,16,36,37,-1,16,37,41,-1,41,37,38,-1,41,38,42,-1,42,38,39,-1,42,39,43,-1,43,39,40,-1,43,40,44,-1,44,40,9,-1,44,9,11,-1,14,16,45,-1,45,16,41,-1,45,41,46,-1,46,41,42,-1,46,42,47,-1,47,42,43,-1,47,43,48,-1,48,43,44,-1,48,44,49,-1,49,44,11,-1,49,11,13,-1,26,0,20,-1,15,31,36,-1,36,31,23,-1,36,23,32,-1,32,23,17,-1,32,17,25,-1,25,17,19,-1,25,19,26,-1,26,19,0,-1,50,51,52,-1,53,54,55,-1,53,55,52,-1,52,55,50,-1,50,55,56,-1,50,56,57,-1,57,56,58,-1,57,58,59,-1,59,58,60,-1,59,60,61,-1,61,60,62,-1,61,62,63,-1,63,62,64,-1,63,64,65,-1,13,64,66,-1,13,66,49,-1,49,66,67,-1,49,67,48,-1,48,67,68,-1,48,68,47,-1,47,68,69,-1,47,69,46,-1,46,69,70,-1,46,70,45,-1,45,70,71,-1,45,71,14,-1,72,0,24,-1,72,24,73,-1,73,24,29,-1,73,29,74,-1,74,29,30,-1,74,30,75,-1,75,30,31,-1,75,31,76,-1,76,31,15,-1,76,15,77,-1,77,15,14,-1,77,14,78,-1,79,72,80,-1,79,80,81,-1,81,80,82,-1,81,82,83,-1,83,82,84,-1,83,84,85,-1,85,84,86,-1,85,86,87,-1,87,86,88,-1,87,88,89,-1,89,88,90,-1,89,90,91,-1,70,69,92,-1,92,69,93,-1,92,93,94,-1,94,93,95,-1,94,95,96,-1,96,95,97,-1,96,97,98,-1,98,97,99,-1,98,99,100,-1,100,99,101,-1,100,101,54,-1,69,68,93,-1,93,68,102,-1,93,102,95,-1,95,102,103,-1,95,103,97,-1,97,103,104,-1,97,104,99,-1,99,104,105,-1,99,105,101,-1,101,105,106,-1,101,106,54,-1,71,70,107,-1,107,70,92,-1,107,92,108,-1,108,92,94,-1,108,94,109,-1,109,94,96,-1,109,96,110,-1,110,96,98,-1,110,98,111,-1,111,98,100,-1,111,100,54,-1,67,66,112,-1,112,66,113,-1,112,113,114,-1,114,113,115,-1,114,115,116,-1,116,115,117,-1,116,117,118,-1,118,117,119,-1,118,119,120,-1,120,119,121,-1,120,121,54,-1,66,64,113,-1,113,64,62,-1,113,62,115,-1,115,62,60,-1,115,60,117,-1,117,60,58,-1,117,58,119,-1,119,58,56,-1,119,56,121,-1,121,56,55,-1,121,55,54,-1,68,67,102,-1,102,67,112,-1,102,112,103,-1,103,112,114,-1,103,114,104,-1,104,114,116,-1,104,116,105,-1,105,116,118,-1,105,118,106,-1,106,118,120,-1,106,120,54,-1,90,88,122,-1,123,124,125,-1,72,73,126,-1,125,124,72,-1,127,72,124,-1,127,124,128,-1,128,124,123,-1,128,123,129,-1,80,72,127,-1,130,131,132,-1,132,131,126,-1,132,126,133,-1,133,126,73,-1,133,73,74,-1,80,127,82,-1,82,127,128,-1,82,128,84,-1,84,128,129,-1,84,129,86,-1,134,130,135,-1,135,130,132,-1,135,132,136,-1,136,132,133,-1,136,133,137,-1,137,133,74,-1,137,74,75,-1,138,134,139,-1,139,134,135,-1,139,135,140,-1,140,135,136,-1,140,136,141,-1,141,136,137,-1,141,137,142,-1,142,137,75,-1,142,75,76,-1,88,138,122,-1,122,138,139,-1,122,139,143,-1,143,139,140,-1,143,140,144,-1,144,140,141,-1,144,141,145,-1,145,141,142,-1,145,142,146,-1,146,142,76,-1,146,76,77,-1,90,122,147,-1,147,122,143,-1,147,143,148,-1,148,143,144,-1,148,144,149,-1,149,144,145,-1,149,145,150,-1,150,145,146,-1,150,146,151,-1,151,146,77,-1,151,77,78,-1,131,72,126,-1,88,86,138,-1,138,86,129,-1,138,129,134,-1,134,129,123,-1,134,123,130,-1,130,123,125,-1,130,125,131,-1,131,125,72,-1,54,152,111,-1,111,152,153,-1,111,153,154,-1,154,155,156,-1,156,155,157,-1,156,157,158,-1,154,156,111,-1,111,156,159,-1,111,159,110,-1,110,159,160,-1,110,160,109,-1,109,160,161,-1,109,161,108,-1,108,161,162,-1,108,162,107,-1,107,162,163,-1,107,163,71,-1,78,163,164,-1,78,164,151,-1,151,164,165,-1,151,165,150,-1,150,165,166,-1,150,166,149,-1,149,166,167,-1,149,167,148,-1,148,167,168,-1,148,168,147,-1,147,168,169,-1,147,169,90,-1,168,167,170,-1,170,167,171,-1,170,171,172,-1,172,171,173,-1,172,173,174,-1,174,173,175,-1,174,175,176,-1,176,175,177,-1,176,177,178,-1,178,177,179,-1,178,179,158,-1,167,166,171,-1,171,166,180,-1,171,180,173,-1,173,180,181,-1,173,181,175,-1,175,181,182,-1,175,182,177,-1,177,182,183,-1,177,183,179,-1,179,183,184,-1,179,184,158,-1,169,168,185,-1,185,168,170,-1,185,170,186,-1,186,170,172,-1,186,172,187,-1,187,172,174,-1,187,174,188,-1,188,174,176,-1,188,176,189,-1,189,176,178,-1,189,178,158,-1,165,164,190,-1,190,164,191,-1,190,191,192,-1,192,191,193,-1,192,193,194,-1,194,193,195,-1,194,195,196,-1,196,195,197,-1,196,197,198,-1,198,197,199,-1,198,199,158,-1,164,163,191,-1,191,163,162,-1,191,162,193,-1,193,162,161,-1,193,161,195,-1,195,161,160,-1,195,160,197,-1,197,160,159,-1,197,159,199,-1,199,159,156,-1,199,156,158,-1,166,165,180,-1,180,165,190,-1,180,190,181,-1,181,190,192,-1,181,192,182,-1,182,192,194,-1,182,194,183,-1,183,194,196,-1,183,196,184,-1,184,196,198,-1,184,198,158,-1,200,201,202,-1,158,203,189,-1,189,203,200,-1,200,202,189,-1,189,202,204,-1,189,204,188,-1,188,204,205,-1,188,205,187,-1,187,205,206,-1,187,206,186,-1,186,206,207,-1,186,207,185,-1,185,207,208,-1,185,208,169,-1,
        ]
    }
}
Shape{
    appearance Appearance {
        material  Material 	{
            diffuseColor 1.0 1.0 1.0
            specularColor 0.5019607843137255 0.5019607843137255 0.5019607843137255
            ambientIntensity 1.0
            transparency 0.0
            shininess 0.5
        }
    }
    geometry IndexedFaceSet {
        ccw TRUE
        solid FALSE
        coord DEF co Coordinate {
            point [
                -0.9539 -1.048 0.0004, -1.0307 -1.2448 0.0004, -0.9539 -1.048 0.0, -1.0307 -1.2448 0.0, -1.0019 -1.2448 0.0004, -1.0019 -1.2448 0.0, -0.982 -1.1896 0.0004, -0.982 -1.1896 0.0, -0.9006 -1.1896 0.0004, -0.9006 -1.1896 0.0, -0.8819 -1.2448 0.0004, -0.8819 -1.2448 0.0, -0.853 -1.2448 0.0004, -0.853 -1.2448 0.0, -0.9275 -1.048 0.0004, -0.9275 -1.048 0.0, -0.9073 -1.168 0.0004, -0.9731 -1.168 0.0004, -0.9367 -1.0858 0.0004, -0.9386 -1.0789 0.0004, -0.9398 -1.072 0.0004, -0.9404 -1.072 0.0004, -0.9417 -1.0789 0.0004, -0.9435 -1.0858 0.0004, -0.9073 -1.168 0.0, -0.9731 -1.168 0.0, -0.9367 -1.0858 0.0, -0.9386 -1.0789 0.0, -0.9398 -1.072 0.0, -0.9404 -1.072 0.0, -0.9417 -1.0789 0.0, -0.9435 -1.0858 0.0, -0.7337 -1.2448 0.0004, -0.6802 -1.2448 0.0004, -0.7337 -1.2448 0.0, -0.6802 -1.2448 0.0, -0.6802 -1.048 0.0004, -0.6802 -1.048 0.0, -0.7358 -1.048 0.0004, -0.7358 -1.048 0.0, -0.8386 -1.1439 0.0004, -0.8386 -1.1439 0.0, -0.8372 -1.1254 0.0, -0.8372 -1.1254 0.0004, -0.8319 -1.106 0.0, -0.8319 -1.106 0.0004, -0.8228 -1.0891 0.0, -0.8228 -1.0891 0.0004, -0.8089 -1.0736 0.0, -0.8089 -1.0736 0.0004, -0.8087 -1.0734 0.0, -0.8087 -1.0734 0.0004, -0.7872 -1.0591 0.0, -0.7872 -1.0591 0.0004, -0.7642 -1.051 0.0, -0.7642 -1.051 0.0004, -0.7581 -1.2427 0.0, -0.7581 -1.2427 0.0004, -0.7808 -1.2359 0.0, -0.7808 -1.2359 0.0004, -0.8013 -1.224 0.0, -0.8013 -1.224 0.0004, -0.8175 -1.2085 0.0, -0.8175 -1.2085 0.0004, -0.8288 -1.1909 0.0, -0.8288 -1.1909 0.0004, -0.8359 -1.1703 0.0, -0.8359 -1.1703 0.0004, -0.7991 -1.0972 0.0004, -0.7896 -1.087 0.0004, -0.7752 -1.0777 0.0004, -0.7589 -1.072 0.0004, -0.7356 -1.0696 0.0004, -0.7066 -1.0696 0.0004, -0.7066 -1.2232 0.0004, -0.7346 -1.2232 0.0004, -0.7553 -1.2213 0.0004, -0.7719 -1.2161 0.0004, -0.7853 -1.2081 0.0004, -0.7964 -1.1972 0.0004, -0.8047 -1.1837 0.0004, -0.8104 -1.1651 0.0004, -0.8122 -1.1445 0.0004, -0.8106 -1.1249 0.0004, -0.806 -1.1093 0.0004, -0.7356 -1.0696 0.0, -0.7066 -1.0696 0.0, -0.7589 -1.072 0.0, -0.7752 -1.0777 0.0, -0.7896 -1.087 0.0, -0.7991 -1.0972 0.0, -0.806 -1.1093 0.0, -0.8106 -1.1249 0.0, -0.8122 -1.1445 0.0, -0.8104 -1.1651 0.0, -0.8047 -1.1837 0.0, -0.7964 -1.1972 0.0, -0.7853 -1.2081 0.0, -0.7719 -1.2161 0.0, -0.7553 -1.2213 0.0, -0.7346 -1.2232 0.0, -0.7066 -1.2232 0.0, -0.6418 -1.2232 0.0004, -0.6418 -1.2448 0.0004, -0.6418 -1.2232 0.0, -0.6418 -1.2448 0.0, -0.5362 -1.2448 0.0004, -0.5362 -1.2448 0.0, -0.5362 -1.048 0.0004, -0.5362 -1.048 0.0, -0.637 -1.048 0.0004, -0.637 -1.048 0.0, -0.637 -1.0696 0.0004, -0.637 -1.0696 0.0, -0.5626 -1.0696 0.0004, -0.5626 -1.0696 0.0, -0.5626 -1.1344 0.0004, -0.5626 -1.1344 0.0, -0.6322 -1.1344 0.0004, -0.6322 -1.1344 0.0, -0.6322 -1.156 0.0004, -0.6322 -1.156 0.0, -0.5626 -1.156 0.0004, -0.5626 -1.156 0.0, -0.5626 -1.2232 0.0004, -0.5626 -1.2232 0.0, -0.4978 -1.213 0.0004, -0.4978 -1.2346 0.0004, -0.4978 -1.213 0.0, -0.4978 -1.2346 0.0, -0.4768 -1.2432 0.0004, -0.4436 -1.2472 0.0004, -0.4436 -1.2472 0.0, -0.449 -1.2471 0.0, -0.449 -1.2471 0.0004, -0.4569 -1.246 0.0, -0.4768 -1.2432 0.0, -0.432 -1.246 0.0, -0.4193 -1.2447 0.0004, -0.4193 -1.2447 0.0, -0.4003 -1.2381 0.0004, -0.4003 -1.2381 0.0, -0.3844 -1.228 0.0004, -0.3844 -1.228 0.0, -0.3696 -1.2124 0.0004, -0.3696 -1.2124 0.0, -0.3591 -1.1937 0.0004, -0.3591 -1.1937 0.0, -0.3532 -1.1729 0.0004, -0.3532 -1.1729 0.0, -0.3513 -1.1501 0.0004, -0.3513 -1.1501 0.0, -0.4317 -1.0472 0.0004, -0.4514 -1.0456 0.0004, -0.4367 -1.0468 0.0, -0.4514 -1.0456 0.0, -0.4317 -1.0472 0.0, -0.4097 -1.0535 0.0, -0.4097 -1.0535 0.0004, -0.391 -1.0643 0.0, -0.391 -1.0643 0.0004, -0.3732 -1.0814 0.0, -0.3732 -1.0814 0.0004, -0.3617 -1.0998 0.0, -0.3617 -1.0998 0.0004, -0.3542 -1.1221 0.0, -0.3542 -1.1221 0.0004, -0.4688 -1.0468 0.0, -0.475 -1.0472 0.0004, -0.475 -1.0472 0.0, -0.4978 -1.0534 0.0004, -0.4978 -1.0534 0.0, -0.4978 -1.0798 0.0004, -0.4978 -1.0798 0.0, -0.4517 -1.0672 0.0004, -0.4517 -1.0672 0.0, -0.4756 -1.0703 0.0, -0.4756 -1.0703 0.0004, -0.3777 -1.1485 0.0004, -0.3777 -1.1485 0.0, -0.3787 -1.1332 0.0, -0.3787 -1.1332 0.0004, -0.3839 -1.1121 0.0, -0.3839 -1.1121 0.0004, -0.392 -1.0969 0.0, -0.392 -1.0969 0.0004, -0.4039 -1.0838 0.0, -0.4039 -1.0838 0.0004, -0.4175 -1.0747 0.0, -0.4175 -1.0747 0.0004, -0.4323 -1.0693 0.0, -0.4323 -1.0693 0.0004, -0.4472 -1.2256 0.0004, -0.4472 -1.2256 0.0, -0.4289 -1.2235 0.0, -0.4289 -1.2235 0.0004, -0.4145 -1.2183 0.0, -0.4145 -1.2183 0.0004, -0.4024 -1.2101 0.0, -0.4024 -1.2101 0.0004, -0.3932 -1.2004 0.0, -0.3932 -1.2004 0.0004, -0.3851 -1.1867 0.0, -0.3851 -1.1867 0.0004, -0.3797 -1.1698 0.0, -0.3797 -1.1698 0.0004, -0.4942 -1.215 0.0, -0.4942 -1.215 0.0004, -0.4734 -1.2227 0.0, -0.4734 -1.2227 0.0004, -0.3345 -1.2232 0.0004, -0.3345 -1.2448 0.0004, -0.3345 -1.2232 0.0, -0.3345 -1.2448 0.0, -0.2337 -1.2448 0.0004, -0.2337 -1.2448 0.0, -0.2337 -1.048 0.0004, -0.2337 -1.048 0.0, -0.2601 -1.048 0.0004, -0.2601 -1.048 0.0, -0.2601 -1.2232 0.0004, -0.2601 -1.2232 0.0
            ]
        }
        coordIndex [
            0,1,2,-1,2,1,3,-1,1,4,3,-1,3,4,5,-1,4,6,5,-1,5,6,7,-1,6,8,7,-1,7,8,9,-1,8,10,9,-1,9,10,11,-1,10,12,11,-1,11,12,13,-1,12,14,13,-1,13,14,15,-1,14,0,15,-1,15,0,2,-1,16,8,17,-1,17,8,6,-1,18,14,16,-1,16,14,12,-1,16,12,8,-1,8,12,10,-1,18,19,14,-1,14,19,20,-1,14,20,0,-1,0,20,21,-1,0,21,22,-1,22,23,0,-1,0,23,17,-1,0,17,1,-1,1,17,6,-1,1,6,4,-1,16,17,24,-1,24,17,25,-1,18,16,26,-1,26,16,24,-1,18,26,27,-1,18,27,19,-1,19,27,28,-1,19,28,20,-1,21,20,29,-1,29,20,28,-1,21,29,30,-1,21,30,22,-1,22,30,31,-1,22,31,23,-1,17,23,25,-1,25,23,31,-1,32,33,34,-1,34,33,35,-1,33,36,35,-1,35,36,37,-1,36,38,37,-1,37,38,39,-1,40,41,42,-1,40,42,43,-1,43,42,44,-1,43,44,45,-1,45,44,46,-1,45,46,47,-1,47,46,48,-1,47,48,49,-1,49,48,50,-1,49,50,51,-1,51,50,52,-1,51,52,53,-1,53,52,54,-1,53,54,55,-1,55,54,39,-1,55,39,38,-1,32,34,56,-1,32,56,57,-1,57,56,58,-1,57,58,59,-1,59,58,60,-1,59,60,61,-1,61,60,62,-1,61,62,63,-1,63,62,64,-1,63,64,65,-1,65,64,66,-1,65,66,67,-1,67,66,41,-1,67,41,40,-1,45,47,68,-1,68,47,49,-1,68,49,69,-1,69,49,51,-1,69,51,70,-1,70,51,53,-1,70,53,71,-1,71,53,55,-1,71,55,72,-1,72,55,38,-1,72,38,73,-1,73,38,36,-1,73,36,74,-1,74,36,33,-1,74,33,75,-1,75,33,32,-1,75,32,76,-1,76,32,57,-1,76,57,77,-1,77,57,59,-1,77,59,78,-1,78,59,61,-1,78,61,79,-1,79,61,63,-1,79,63,80,-1,80,63,65,-1,80,65,81,-1,81,65,67,-1,81,67,82,-1,82,67,40,-1,82,40,83,-1,83,40,43,-1,83,43,84,-1,84,43,45,-1,84,45,68,-1,72,73,85,-1,85,73,86,-1,72,85,87,-1,72,87,71,-1,71,87,88,-1,71,88,70,-1,70,88,89,-1,70,89,69,-1,69,89,90,-1,69,90,68,-1,68,90,91,-1,68,91,84,-1,84,91,92,-1,84,92,83,-1,83,92,93,-1,83,93,82,-1,82,93,94,-1,82,94,81,-1,81,94,95,-1,81,95,80,-1,80,95,96,-1,80,96,79,-1,79,96,97,-1,79,97,78,-1,78,97,98,-1,78,98,77,-1,77,98,99,-1,77,99,76,-1,76,99,100,-1,76,100,75,-1,74,75,101,-1,101,75,100,-1,73,74,86,-1,86,74,101,-1,102,103,104,-1,104,103,105,-1,103,106,105,-1,105,106,107,-1,106,108,107,-1,107,108,109,-1,108,110,109,-1,109,110,111,-1,110,112,111,-1,111,112,113,-1,112,114,113,-1,113,114,115,-1,114,116,115,-1,115,116,117,-1,116,118,117,-1,117,118,119,-1,118,120,119,-1,119,120,121,-1,120,122,121,-1,121,122,123,-1,122,124,123,-1,123,124,125,-1,124,102,125,-1,125,102,104,-1,106,103,102,-1,102,124,106,-1,106,124,122,-1,106,122,108,-1,112,110,114,-1,114,110,108,-1,114,108,116,-1,116,108,122,-1,116,122,118,-1,118,122,120,-1,126,127,128,-1,128,127,129,-1,129,127,130,-1,131,132,133,-1,131,133,134,-1,134,133,135,-1,134,135,130,-1,130,135,136,-1,130,136,129,-1,132,131,137,-1,137,131,138,-1,137,138,139,-1,139,138,140,-1,139,140,141,-1,141,140,142,-1,141,142,143,-1,143,142,144,-1,143,144,145,-1,145,144,146,-1,145,146,147,-1,147,146,148,-1,147,148,149,-1,149,148,150,-1,149,150,151,-1,152,153,154,-1,154,153,155,-1,154,156,152,-1,152,156,157,-1,152,157,158,-1,158,157,159,-1,158,159,160,-1,160,159,161,-1,160,161,162,-1,162,161,163,-1,162,163,164,-1,164,163,165,-1,164,165,166,-1,166,165,151,-1,166,151,150,-1,155,153,167,-1,167,153,168,-1,167,168,169,-1,169,168,170,-1,169,170,171,-1,170,172,171,-1,171,172,173,-1,174,175,176,-1,174,176,177,-1,177,176,173,-1,177,173,172,-1,178,179,180,-1,178,180,181,-1,181,180,182,-1,181,182,183,-1,183,182,184,-1,183,184,185,-1,185,184,186,-1,185,186,187,-1,187,186,188,-1,187,188,189,-1,189,188,190,-1,189,190,191,-1,191,190,175,-1,191,175,174,-1,192,193,194,-1,192,194,195,-1,195,194,196,-1,195,196,197,-1,197,196,198,-1,197,198,199,-1,199,198,200,-1,199,200,201,-1,201,200,202,-1,201,202,203,-1,203,202,204,-1,203,204,205,-1,205,204,179,-1,205,179,178,-1,126,128,206,-1,126,206,207,-1,207,206,208,-1,207,208,209,-1,209,208,193,-1,209,193,192,-1,195,131,192,-1,192,131,134,-1,192,134,209,-1,209,134,130,-1,209,130,207,-1,207,130,127,-1,207,127,126,-1,172,170,177,-1,177,170,168,-1,177,168,174,-1,174,168,153,-1,174,153,191,-1,191,153,152,-1,191,152,189,-1,189,152,158,-1,189,158,187,-1,187,158,160,-1,187,160,185,-1,185,160,162,-1,185,162,183,-1,183,162,164,-1,183,164,181,-1,181,164,166,-1,181,166,178,-1,178,166,150,-1,178,150,205,-1,205,150,148,-1,205,148,203,-1,203,148,146,-1,203,146,201,-1,201,146,144,-1,201,144,199,-1,199,144,142,-1,199,142,197,-1,197,142,140,-1,197,140,195,-1,195,140,138,-1,195,138,131,-1,210,211,212,-1,212,211,213,-1,211,214,213,-1,213,214,215,-1,214,216,215,-1,215,216,217,-1,216,218,217,-1,217,218,219,-1,218,220,219,-1,219,220,221,-1,220,210,221,-1,221,210,212,-1,218,216,220,-1,220,216,214,-1,220,214,210,-1,210,214,211,-1,
        ]
    }
}
Shape{
    appearance Appearance {
        material  Material 	{
            diffuseColor 0.2980392156862745 0.2980392156862745 0.2980392156862745
            specularColor 0.09019607843137255 0.09019607843137255 0.09019607843137255
            ambientIntensity 0.298
            transparency 0.0
            shininess 0.5
        }
    }
    geometry IndexedFaceSet {
        ccw TRUE
        solid FALSE
        coord DEF co Coordinate {
            point [
                -0.9073 -1.168 0.0, -0.9731 -1.168 0.0, -0.9367 -1.0858 0.0, -0.9435 -1.0858 0.0, -0.9386 -1.0789 0.0, -0.9417 -1.0789 0.0, -0.9398 -1.072 0.0, -0.9404 -1.072 0.0, -0.7066 -1.0696 0.0, -0.7066 -1.2232 0.0, -0.7356 -1.0696 0.0, -0.7346 -1.2232 0.0, -0.7553 -1.2213 0.0, -0.8122 -1.1445 0.0, -0.8106 -1.1249 0.0, -0.806 -1.1093 0.0, -0.7589 -1.072 0.0, -0.7719 -1.2161 0.0, -0.7853 -1.2081 0.0, -0.7964 -1.1972 0.0, -0.8047 -1.1837 0.0, -0.8104 -1.1651 0.0, -0.7991 -1.0972 0.0, -0.7896 -1.087 0.0, -0.7752 -1.0777 0.0, -1.4848 -2.8579 2.4258, -1.4848 0.5673 2.4258, -1.4978 0.5673 2.4133, -1.4978 -2.8579 2.4133, -1.5076 0.5673 2.3982, -1.5076 -2.8579 2.3982, -1.5137 0.5673 2.3812, -1.5137 -2.8579 2.3812, -1.5157 0.5673 2.3632, -1.5157 -2.8579 2.3632, 0.4528 -2.8579 2.3632, 0.4528 0.5673 2.3632, 0.4507 0.5673 2.3812, 0.4507 -2.8579 2.3812, 0.4446 0.5673 2.3982, 0.4446 -2.8579 2.3982, 0.4348 0.5673 2.4133, 0.4348 -2.8579 2.4133, 0.4218 0.5673 2.4258, 0.4218 -2.8579 2.4258, 0.4119 1.2963 0.003, 0.4105 1.3057 0.0058, 0.4191 1.3084 0.0081, 0.4497 1.2963 0.0409, 0.4514 1.2906 0.0401, 0.4498 1.2922 0.0303, 0.4079 1.3151 0.011, 0.4062 1.3214 0.0145, 0.4131 1.3242 0.0174, 0.4418 1.3151 0.0449, 0.4469 1.3057 0.0423, 0.4446 1.3084 0.0336, 0.4016 1.3312 0.0236, 0.3989 1.337 0.0289, 0.4037 1.339 0.0321, 0.3934 1.3433 0.0399, 0.388 1.3496 0.0508, 0.3904 1.3503 0.053, 0.3928 1.3507 0.0553, 0.374 1.3547 0.0787, 0.3975 1.3507 0.06, 0.3952 1.3508 0.0576, 0.3997 1.3503 0.0624, 0.3942 1.351 0.0686, 0.3841 1.351 0.0586, 0.4019 1.3496 0.0648, 0.4129 1.3433 0.0593, 0.4206 1.339 0.0491, 0.4084 1.3402 0.0358, 0.4128 1.3406 0.0399, 0.417 1.3402 0.0444, 0.4238 1.337 0.0538, 0.4292 1.3312 0.0511, 0.4353 1.3242 0.0397, 0.4198 1.326 0.0217, 0.4258 1.3266 0.0269, 0.4311 1.326 0.033, 0.4383 1.3214 0.0466, 0.4273 1.31 0.0123, 0.4346 1.3105 0.0182, 0.4405 1.31 0.0254, 0.4127 1.2906 0.0014, 0.4225 1.2922 0.003, 0.4317 1.2932 0.007, 0.4396 1.2935 0.0132, 0.4458 1.2932 0.0211, 0.4134 1.276 0.0, 0.4236 1.276 0.0013, 0.4331 1.276 0.0053, 0.4412 1.276 0.0115, 0.4475 1.276 0.0197, 0.4514 1.276 0.0292, 0.4528 1.276 0.0394, 0.0197 1.3442 0.0394, 0.0387 1.352 0.0584, 0.0591 1.3547 0.0787, 0.0034 1.3317 0.0231, -0.0034 1.3239 0.0163, -0.0197 1.276 0.0, -0.019 1.2863 0.0007, -0.017 1.2964 0.0027, -0.0137 1.3061 0.006, -0.0091 1.3154 0.0106, 0.4528 1.276 0.5906, 0.4521 1.2863 0.5899, 0.4501 1.2964 0.5879, 0.4468 1.3061 0.5846, 0.4422 1.3154 0.58, 0.4365 1.3239 0.5743, 0.4297 1.3317 0.5675, 0.4134 1.3442 0.5512, 0.3944 1.352 0.5322, 0.374 1.3547 0.5118, 0.0197 1.3442 0.5512, 0.0387 1.352 0.5322, 0.0591 1.3547 0.5118, -0.0197 1.276 0.5906, -0.019 1.2863 0.5899, -0.017 1.2964 0.5879, -0.0137 1.3061 0.5846, -0.0091 1.3154 0.58, -0.0034 1.3239 0.5743, 0.0034 1.3317 0.5675, -1.4764 1.3442 0.5512, -1.4574 1.352 0.5322, -1.4572 1.351 0.0686, -1.437 1.3547 0.5118, -1.437 1.3547 0.0787, -1.4649 1.3496 0.0648, -1.4759 1.3433 0.0593, -1.4927 1.3317 0.5675, -1.4868 1.337 0.0538, -1.4922 1.3312 0.0511, -1.4995 1.3239 0.5743, -1.5013 1.3214 0.0466, -1.5048 1.3151 0.0449, -1.5157 1.276 0.0394, -1.5157 1.276 0.5906, -1.5144 1.2906 0.0401, -1.5151 1.2863 0.5899, -1.5127 1.2963 0.0409, -1.5131 1.2964 0.5879, -1.5099 1.3057 0.0423, -1.5098 1.3061 0.5846, -1.5052 1.3154 0.58, -1.5076 1.3084 0.0336, -1.4749 1.2963 0.003, -1.4757 1.2906 0.0014, -1.4855 1.2922 0.003, -1.4983 1.3242 0.0397, -1.4709 1.3151 0.011, -1.4735 1.3057 0.0058, -1.4821 1.3084 0.0081, -1.4836 1.339 0.0491, -1.4627 1.3503 0.0624, -1.4605 1.3507 0.06, -1.4558 1.3507 0.0553, -1.4582 1.3508 0.0576, -1.4534 1.3503 0.053, -1.4471 1.351 0.0586, -1.451 1.3496 0.0508, -1.4564 1.3433 0.0399, -1.4667 1.339 0.0321, -1.4799 1.3402 0.0444, -1.4758 1.3406 0.0399, -1.4714 1.3402 0.0358, -1.4619 1.337 0.0289, -1.4646 1.3312 0.0236, -1.4761 1.3242 0.0174, -1.4941 1.326 0.033, -1.4888 1.3266 0.0269, -1.4828 1.326 0.0217, -1.4692 1.3214 0.0145, -1.5034 1.31 0.0254, -1.4976 1.3105 0.0182, -1.4903 1.31 0.0123, -1.5128 1.2922 0.0303, -1.5088 1.2932 0.0211, -1.5026 1.2935 0.0132, -1.4947 1.2932 0.007, -1.5144 1.276 0.0292, -1.5105 1.276 0.0197, -1.5042 1.276 0.0115, -1.4961 1.276 0.0053, -1.4866 1.276 0.0013, -1.4764 1.276 0.0, -1.0827 1.3442 0.5512, -1.1017 1.352 0.5322, -1.122 1.3547 0.5118, -1.0433 1.276 0.5906, -1.044 1.2863 0.5899, -1.046 1.2964 0.5879, -1.0493 1.3061 0.5846, -1.0539 1.3154 0.58, -1.0596 1.3239 0.5743, -1.0664 1.3317 0.5675, -1.0433 1.276 0.0, -1.2535 1.276 0.0, -1.044 1.2863 0.0007, -1.046 1.2964 0.0027, -1.0493 1.3061 0.006, -1.0539 1.3154 0.0106, -1.0596 1.3239 0.0163, -1.0664 1.3317 0.0231, -1.0827 1.3442 0.0394, -1.1017 1.352 0.0584, -1.122 1.3547 0.0787, -1.5157 0.8626 2.6681, -1.5157 0.5673 2.6681, -1.5131 0.5673 2.6885, -1.5131 0.8626 2.6885, -1.5052 0.5673 2.7075, -1.5052 0.8626 2.7075, -1.4927 0.5673 2.7238, -1.4927 0.8626 2.7238, -1.4764 0.5673 2.7363, -1.4764 0.8626 2.7363, -1.4574 0.5673 2.7441, -1.4574 0.8626 2.7441, -1.437 0.5673 2.7468, -1.437 0.8626 2.7468, 0.374 0.8626 2.7468, 0.374 0.5673 2.7468, 0.3944 0.5673 2.7441, 0.3944 0.8626 2.7441, 0.4134 0.5673 2.7363, 0.4134 0.8626 2.7363, 0.4297 0.5673 2.7238, 0.4297 0.8626 2.7238, 0.4422 0.5673 2.7075, 0.4422 0.8626 2.7075, 0.4501 0.5673 2.6885, 0.4501 0.8626 2.6885, 0.4528 0.5673 2.6681, 0.4528 0.8626 2.6681
            ]
        }
        coordIndex [
            0,1,2,-1,2,1,3,-1,2,3,4,-1,4,3,5,-1,4,5,6,-1,6,5,7,-1,8,9,10,-1,10,9,11,-1,10,11,12,-1,13,14,10,-1,10,14,15,-1,10,15,16,-1,12,17,10,-1,10,17,18,-1,10,18,19,-1,19,20,10,-1,10,20,21,-1,10,21,13,-1,22,23,15,-1,15,23,24,-1,15,24,16,-1,25,26,27,-1,25,27,28,-1,28,27,29,-1,28,29,30,-1,30,29,31,-1,30,31,32,-1,32,31,33,-1,32,33,34,-1,35,36,37,-1,35,37,38,-1,38,37,39,-1,38,39,40,-1,40,39,41,-1,40,41,42,-1,42,41,43,-1,42,43,44,-1,45,46,47,-1,48,49,50,-1,51,52,53,-1,54,55,56,-1,57,58,59,-1,60,61,62,-1,63,62,64,-1,65,66,64,-1,65,64,67,-1,68,67,64,-1,61,69,62,-1,62,69,64,-1,66,63,64,-1,70,71,72,-1,58,60,59,-1,59,60,62,-1,59,62,73,-1,73,62,63,-1,73,63,74,-1,74,63,66,-1,74,66,75,-1,75,66,65,-1,75,65,72,-1,72,65,67,-1,72,67,70,-1,70,67,68,-1,76,77,78,-1,52,57,53,-1,53,57,59,-1,53,59,79,-1,79,59,73,-1,79,73,80,-1,80,73,74,-1,80,74,81,-1,81,74,75,-1,81,75,78,-1,78,75,72,-1,78,72,76,-1,76,72,71,-1,54,56,82,-1,46,51,47,-1,47,51,53,-1,47,53,83,-1,83,53,79,-1,83,79,84,-1,84,79,80,-1,84,80,85,-1,85,80,81,-1,85,81,56,-1,56,81,78,-1,56,78,82,-1,82,78,77,-1,86,45,87,-1,87,45,47,-1,87,47,88,-1,88,47,83,-1,88,83,89,-1,89,83,84,-1,89,84,90,-1,90,84,85,-1,90,85,50,-1,50,85,56,-1,50,56,48,-1,48,56,55,-1,91,86,92,-1,92,86,87,-1,92,87,93,-1,93,87,88,-1,93,88,94,-1,94,88,89,-1,94,89,95,-1,95,89,90,-1,95,90,96,-1,96,90,50,-1,96,50,97,-1,97,50,49,-1,98,99,69,-1,69,99,100,-1,69,100,64,-1,69,61,98,-1,98,61,60,-1,98,60,101,-1,60,58,101,-1,101,58,57,-1,101,57,102,-1,102,57,52,-1,102,52,51,-1,91,103,86,-1,86,103,104,-1,86,104,45,-1,45,104,105,-1,45,105,46,-1,46,105,106,-1,46,106,51,-1,51,106,107,-1,51,107,102,-1,108,97,49,-1,108,49,109,-1,109,49,48,-1,109,48,110,-1,110,48,55,-1,110,55,111,-1,111,55,54,-1,111,54,112,-1,112,54,113,-1,113,54,82,-1,113,82,114,-1,82,77,114,-1,114,77,76,-1,114,76,115,-1,76,71,115,-1,115,71,70,-1,115,70,116,-1,70,68,116,-1,116,68,64,-1,116,64,117,-1,101,118,98,-1,98,118,119,-1,98,119,99,-1,99,119,120,-1,99,120,100,-1,103,121,104,-1,104,121,122,-1,104,122,105,-1,105,122,123,-1,105,123,106,-1,106,123,124,-1,106,124,107,-1,107,124,125,-1,107,125,102,-1,102,125,126,-1,102,126,101,-1,101,126,127,-1,101,127,118,-1,127,126,113,-1,113,126,125,-1,113,125,112,-1,112,125,124,-1,112,124,111,-1,111,124,123,-1,111,123,110,-1,110,123,122,-1,110,122,109,-1,109,122,121,-1,109,121,108,-1,113,114,127,-1,127,114,115,-1,127,115,118,-1,118,115,116,-1,118,116,119,-1,119,116,117,-1,119,117,120,-1,128,129,130,-1,130,129,131,-1,130,131,132,-1,130,133,128,-1,128,133,134,-1,128,134,135,-1,134,136,135,-1,135,136,137,-1,135,137,138,-1,138,137,139,-1,138,139,140,-1,141,142,143,-1,143,142,144,-1,143,144,145,-1,145,144,146,-1,145,146,147,-1,147,146,148,-1,147,148,140,-1,140,148,149,-1,140,149,138,-1,145,147,150,-1,151,152,153,-1,140,139,154,-1,155,156,157,-1,137,136,158,-1,134,133,159,-1,160,159,132,-1,161,162,132,-1,161,132,163,-1,164,163,132,-1,133,130,159,-1,159,130,132,-1,162,160,132,-1,165,166,167,-1,136,134,158,-1,158,134,159,-1,158,159,168,-1,168,159,160,-1,168,160,169,-1,169,160,162,-1,169,162,170,-1,170,162,161,-1,170,161,167,-1,167,161,163,-1,167,163,165,-1,165,163,164,-1,171,172,173,-1,139,137,154,-1,154,137,158,-1,154,158,174,-1,174,158,168,-1,174,168,175,-1,175,168,169,-1,175,169,176,-1,176,169,170,-1,176,170,173,-1,173,170,167,-1,173,167,171,-1,171,167,166,-1,155,157,177,-1,147,140,150,-1,150,140,154,-1,150,154,178,-1,178,154,174,-1,178,174,179,-1,179,174,175,-1,179,175,180,-1,180,175,176,-1,180,176,157,-1,157,176,173,-1,157,173,177,-1,177,173,172,-1,143,145,181,-1,181,145,150,-1,181,150,182,-1,182,150,178,-1,182,178,183,-1,183,178,179,-1,183,179,184,-1,184,179,180,-1,184,180,153,-1,153,180,157,-1,153,157,151,-1,151,157,156,-1,141,143,185,-1,185,143,181,-1,185,181,186,-1,186,181,182,-1,186,182,187,-1,187,182,183,-1,187,183,188,-1,188,183,184,-1,188,184,189,-1,189,184,153,-1,189,153,190,-1,190,153,152,-1,135,191,128,-1,128,191,192,-1,128,192,129,-1,129,192,193,-1,129,193,131,-1,142,194,144,-1,144,194,195,-1,144,195,146,-1,146,195,196,-1,146,196,148,-1,148,196,197,-1,148,197,149,-1,149,197,198,-1,149,198,138,-1,138,198,199,-1,138,199,135,-1,135,199,200,-1,135,200,191,-1,201,202,203,-1,203,202,204,-1,190,152,202,-1,202,152,151,-1,202,151,204,-1,204,151,156,-1,204,156,205,-1,205,156,155,-1,205,155,206,-1,206,155,207,-1,207,155,177,-1,207,177,208,-1,177,172,208,-1,208,172,171,-1,208,171,209,-1,171,166,209,-1,209,166,165,-1,209,165,210,-1,165,164,210,-1,210,164,132,-1,210,132,211,-1,211,193,192,-1,211,192,210,-1,210,192,191,-1,210,191,209,-1,209,191,200,-1,209,200,208,-1,208,200,207,-1,207,200,199,-1,207,199,206,-1,196,205,197,-1,197,205,206,-1,197,206,198,-1,198,206,199,-1,194,201,195,-1,195,201,203,-1,195,203,196,-1,196,203,204,-1,196,204,205,-1,212,213,214,-1,212,214,215,-1,215,214,216,-1,215,216,217,-1,217,216,218,-1,217,218,219,-1,219,218,220,-1,219,220,221,-1,221,220,222,-1,221,222,223,-1,223,222,224,-1,223,224,225,-1,226,227,228,-1,226,228,229,-1,229,228,230,-1,229,230,231,-1,231,230,232,-1,231,232,233,-1,233,232,234,-1,233,234,235,-1,235,234,236,-1,235,236,237,-1,237,236,238,-1,237,238,239,-1,
        ]
    }
}