#VRML V2.0 utf8
# 3D model generated by easyeda2kicad.py (https://github.com/uPesy/easyeda2kicad.py)

Shape{
    appearance Appearance {
        material  Material 	{
            diffuseColor 0.2980392156862745 0.2980392156862745 0.2980392156862745
            specularColor 0.09019607843137255 0.09019607843137255 0.09019607843137255
            ambientIntensity 0.298
            transparency 0.0
            shininess 0.5
        }
    }
    geometry IndexedFaceSet {
        ccw TRUE
        solid FALSE
        coord DEF co Coordinate {
            point [
                1.2676 0.111 0.5984, 1.2676 0.111 0.4016, 1.2676 0.5047 0.5984, 1.2676 0.763 0.4016, 1.2676 0.5047 0.7953, 1.2676 0.9449 0.7165, 1.2676 0.9449 0.7953, -0.8741 0.111 0.6898, -1.2678 0.111 0.6898, -0.8741 0.111 0.5984, -1.2678 0.111 0.4016, -1.2678 0.9449 0.7953, -1.2678 0.9449 0.7165, -1.2678 0.5047 0.7953, -1.2678 0.763 0.4016, -0.8741 0.5047 0.7953, -0.8741 0.5047 0.5984
            ]
        }
        coordIndex [
            0,1,2,-1,2,1,3,-1,2,3,4,-1,4,3,5,-1,4,5,6,-1,7,8,9,-1,9,8,10,-1,9,10,0,-1,0,10,1,-1,11,12,13,-1,13,12,14,-1,13,14,8,-1,8,14,10,-1,12,11,5,-1,5,11,6,-1,3,1,14,-1,14,1,10,-1,4,6,15,-1,15,6,11,-1,15,11,13,-1,13,8,15,-1,15,8,7,-1,2,16,0,-1,0,16,9,-1,15,7,16,-1,16,7,9,-1,16,2,15,-1,15,2,4,-1,5,3,12,-1,12,3,14,-1,
        ]
    }
}
Shape{
    appearance Appearance {
        material  Material 	{
            diffuseColor 0.9686274509803922 0.8784313725490196 0.6
            specularColor 0.6784313725490196 0.615686274509804 0.4196078431372549
            ambientIntensity 0.8737
            transparency 0.0
            shininess 0.5
        }
    }
    geometry IndexedFaceSet {
        ccw TRUE
        solid FALSE
        coord DEF co Coordinate {
            point [
                0.62 0.7087 0.0, 0.62 0.4173 0.0, 0.561 0.7087 0.0, 0.561 0.4173 0.0, 0.62 0.7087 0.0591, 0.561 0.7087 0.0591, 0.62 0.4567 0.0591, 0.561 0.4567 0.0591, 0.62 0.4567 0.0939, 0.561 0.4567 0.0939, 0.62 0.3976 0.0939, 0.561 0.3976 0.0939, 0.62 0.3976 0.0197, 0.561 0.3976 0.0197, 0.561 0.3981 0.0153, 0.62 0.3981 0.0153, 0.561 0.3996 0.0111, 0.62 0.3996 0.0111, 0.561 0.4019 0.0074, 0.62 0.4019 0.0074, 0.561 0.405 0.0043, 0.62 0.405 0.0043, 0.561 0.4088 0.0019, 0.62 0.4088 0.0019, 0.561 0.4129 0.0005, 0.62 0.4129 0.0005, 0.2263 0.7087 0.0, 0.2263 0.4173 0.0, 0.1673 0.7087 0.0, 0.1673 0.4173 0.0, 0.2263 0.7087 0.0591, 0.1673 0.7087 0.0591, 0.2263 0.4567 0.0591, 0.1673 0.4567 0.0591, 0.2263 0.4567 0.0939, 0.1673 0.4567 0.0939, 0.2263 0.3976 0.0939, 0.1673 0.3976 0.0939, 0.2263 0.3976 0.0197, 0.1673 0.3976 0.0197, 0.1673 0.3981 0.0153, 0.2263 0.3981 0.0153, 0.1673 0.3996 0.0111, 0.2263 0.3996 0.0111, 0.1673 0.4019 0.0074, 0.2263 0.4019 0.0074, 0.1673 0.405 0.0043, 0.2263 0.405 0.0043, 0.1673 0.4088 0.0019, 0.2263 0.4088 0.0019, 0.1673 0.4129 0.0005, 0.2263 0.4129 0.0005, -0.1674 0.7087 0.0, -0.1674 0.4173 0.0, -0.2264 0.7087 0.0, -0.2264 0.4173 0.0, -0.1674 0.7087 0.0591, -0.2264 0.7087 0.0591, -0.1674 0.4567 0.0591, -0.2264 0.4567 0.0591, -0.1674 0.4567 0.0939, -0.2264 0.4567 0.0939, -0.1674 0.3976 0.0939, -0.2264 0.3976 0.0939, -0.1674 0.3976 0.0197, -0.2264 0.3976 0.0197, -0.2264 0.3981 0.0153, -0.1674 0.3981 0.0153, -0.2264 0.3996 0.0111, -0.1674 0.3996 0.0111, -0.2264 0.4019 0.0074, -0.1674 0.4019 0.0074, -0.2264 0.405 0.0043, -0.1674 0.405 0.0043, -0.2264 0.4088 0.0019, -0.1674 0.4088 0.0019, -0.2264 0.4129 0.0005, -0.1674 0.4129 0.0005, -0.5611 0.7087 0.0, -0.5611 0.4173 0.0, -0.6201 0.7087 0.0, -0.6201 0.4173 0.0, -0.5611 0.7087 0.0591, -0.6201 0.7087 0.0591, -0.5611 0.4567 0.0591, -0.6201 0.4567 0.0591, -0.5611 0.4567 0.0939, -0.6201 0.4567 0.0939, -0.5611 0.3976 0.0939, -0.6201 0.3976 0.0939, -0.5611 0.3976 0.0197, -0.6201 0.3976 0.0197, -0.6201 0.3981 0.0153, -0.5611 0.3981 0.0153, -0.6201 0.3996 0.0111, -0.5611 0.3996 0.0111, -0.6201 0.4019 0.0074, -0.5611 0.4019 0.0074, -0.6201 0.405 0.0043, -0.5611 0.405 0.0043, -0.6201 0.4088 0.0019, -0.5611 0.4088 0.0019, -0.6201 0.4129 0.0005, -0.5611 0.4129 0.0005
            ]
        }
        coordIndex [
            0,1,2,-1,2,1,3,-1,4,0,5,-1,5,0,2,-1,6,4,7,-1,7,4,5,-1,8,6,9,-1,9,6,7,-1,10,8,11,-1,11,8,9,-1,12,10,13,-1,13,10,11,-1,12,13,14,-1,12,14,15,-1,15,14,16,-1,15,16,17,-1,17,16,18,-1,17,18,19,-1,19,18,20,-1,19,20,21,-1,21,20,22,-1,21,22,23,-1,23,22,24,-1,23,24,25,-1,25,24,3,-1,25,3,1,-1,0,4,1,-1,1,4,6,-1,8,10,6,-1,6,10,12,-1,6,12,15,-1,15,17,6,-1,6,17,19,-1,6,19,21,-1,21,23,6,-1,6,23,25,-1,6,25,1,-1,11,9,13,-1,13,9,7,-1,18,16,7,-1,7,16,14,-1,7,14,13,-1,5,2,7,-1,7,2,3,-1,7,3,24,-1,24,22,7,-1,7,22,20,-1,7,20,18,-1,26,27,28,-1,28,27,29,-1,30,26,31,-1,31,26,28,-1,32,30,33,-1,33,30,31,-1,34,32,35,-1,35,32,33,-1,36,34,37,-1,37,34,35,-1,38,36,39,-1,39,36,37,-1,38,39,40,-1,38,40,41,-1,41,40,42,-1,41,42,43,-1,43,42,44,-1,43,44,45,-1,45,44,46,-1,45,46,47,-1,47,46,48,-1,47,48,49,-1,49,48,50,-1,49,50,51,-1,51,50,29,-1,51,29,27,-1,26,30,27,-1,27,30,32,-1,34,36,32,-1,32,36,38,-1,32,38,41,-1,41,43,32,-1,32,43,45,-1,32,45,47,-1,47,49,32,-1,32,49,51,-1,32,51,27,-1,37,35,39,-1,39,35,33,-1,44,42,33,-1,33,42,40,-1,33,40,39,-1,31,28,33,-1,33,28,29,-1,33,29,50,-1,50,48,33,-1,33,48,46,-1,33,46,44,-1,52,53,54,-1,54,53,55,-1,56,52,57,-1,57,52,54,-1,58,56,59,-1,59,56,57,-1,60,58,61,-1,61,58,59,-1,62,60,63,-1,63,60,61,-1,64,62,65,-1,65,62,63,-1,64,65,66,-1,64,66,67,-1,67,66,68,-1,67,68,69,-1,69,68,70,-1,69,70,71,-1,71,70,72,-1,71,72,73,-1,73,72,74,-1,73,74,75,-1,75,74,76,-1,75,76,77,-1,77,76,55,-1,77,55,53,-1,52,56,53,-1,53,56,58,-1,60,62,58,-1,58,62,64,-1,58,64,67,-1,67,69,58,-1,58,69,71,-1,58,71,73,-1,73,75,58,-1,58,75,77,-1,58,77,53,-1,63,61,65,-1,65,61,59,-1,70,68,59,-1,59,68,66,-1,59,66,65,-1,57,54,59,-1,59,54,55,-1,59,55,76,-1,76,74,59,-1,59,74,72,-1,59,72,70,-1,78,79,80,-1,80,79,81,-1,82,78,83,-1,83,78,80,-1,84,82,85,-1,85,82,83,-1,86,84,87,-1,87,84,85,-1,88,86,89,-1,89,86,87,-1,90,88,91,-1,91,88,89,-1,90,91,92,-1,90,92,93,-1,93,92,94,-1,93,94,95,-1,95,94,96,-1,95,96,97,-1,97,96,98,-1,97,98,99,-1,99,98,100,-1,99,100,101,-1,101,100,102,-1,101,102,103,-1,103,102,81,-1,103,81,79,-1,78,82,79,-1,79,82,84,-1,86,88,84,-1,84,88,90,-1,84,90,93,-1,93,95,84,-1,84,95,97,-1,84,97,99,-1,99,101,84,-1,84,101,103,-1,84,103,79,-1,89,87,91,-1,91,87,85,-1,96,94,85,-1,85,94,92,-1,85,92,91,-1,83,80,85,-1,85,80,81,-1,85,81,102,-1,102,100,85,-1,85,100,98,-1,85,98,96,-1,
        ]
    }
}
Shape{
    appearance Appearance {
        material  Material 	{
            diffuseColor 0.6666666666666666 0.6980392156862745 0.7686274509803922
            specularColor 0.3333333333333333 0.34901960784313724 0.3843137254901961
            ambientIntensity 0.6967
            transparency 0.0
            shininess 0.5
        }
    }
    geometry IndexedFaceSet {
        ccw TRUE
        solid FALSE
        coord DEF co Coordinate {
            point [
                -1.189 -0.9252 0.0866, -1.189 -0.2953 0.0866, -1.5906 -0.8465 0.0866, -1.5119 -0.2953 0.0866, -1.5906 -0.374 0.0866, -1.5119 -0.9252 0.0866, -1.5891 -0.8618 0.0866, -1.5846 -0.8766 0.0866, -1.5272 -0.9237 0.0866, -1.542 -0.9192 0.0866, -1.5556 -0.9119 0.0866, -1.5891 -0.3587 0.0866, -1.5272 -0.2968 0.0866, -1.542 -0.3013 0.0866, -1.5774 -0.8902 0.0866, -1.5676 -0.9021 0.0866, -1.5556 -0.3086 0.0866, -1.5676 -0.3183 0.0866, -1.5846 -0.3439 0.0866, -1.5774 -0.3303 0.0866, -1.189 -0.2953 0.0394, -1.5119 -0.2953 0.0, -1.2284 -0.2953 0.0, -1.2182 -0.2953 0.0013, -1.1904 -0.2953 0.0292, -1.1943 -0.2953 0.0197, -1.2006 -0.2953 0.0115, -1.2087 -0.2953 0.0053, -1.5906 -0.374 0.0, -1.5891 -0.3587 0.0, -1.5846 -0.3439 0.0, -1.5774 -0.3303 0.0, -1.5676 -0.3183 0.0, -1.5556 -0.3086 0.0, -1.542 -0.3013 0.0, -1.5272 -0.2968 0.0, -1.5906 -0.8465 0.0, -1.5119 -0.9252 0.0, -1.5272 -0.9237 0.0, -1.542 -0.9192 0.0, -1.5556 -0.9119 0.0, -1.5676 -0.9021 0.0, -1.5774 -0.8902 0.0, -1.5846 -0.8766 0.0, -1.5891 -0.8618 0.0, -1.189 -0.9252 0.0394, -1.2284 -0.9252 0.0, -1.2087 -0.9252 0.0053, -1.2006 -0.9252 0.0115, -1.2182 -0.9252 0.0013, -1.1943 -0.9252 0.0197, -1.1904 -0.9252 0.0292
            ]
        }
        coordIndex [
            0,1,2,-1,2,1,3,-1,2,3,4,-1,0,2,5,-1,5,2,6,-1,5,6,7,-1,8,5,9,-1,9,5,10,-1,4,3,11,-1,11,3,12,-1,11,12,13,-1,7,14,5,-1,5,14,15,-1,5,15,10,-1,13,16,11,-1,11,16,17,-1,11,17,18,-1,18,17,19,-1,3,1,20,-1,21,3,22,-1,22,3,20,-1,22,20,23,-1,23,20,24,-1,24,25,23,-1,23,25,26,-1,23,26,27,-1,28,4,11,-1,28,11,29,-1,29,11,18,-1,29,18,30,-1,30,18,19,-1,30,19,31,-1,31,19,17,-1,31,17,32,-1,32,17,16,-1,32,16,33,-1,33,16,13,-1,33,13,34,-1,34,13,12,-1,34,12,35,-1,35,12,3,-1,35,3,21,-1,36,2,28,-1,28,2,4,-1,37,5,8,-1,37,8,38,-1,38,8,9,-1,38,9,39,-1,39,9,10,-1,39,10,40,-1,40,10,15,-1,40,15,41,-1,41,15,14,-1,41,14,42,-1,42,14,7,-1,42,7,43,-1,43,7,6,-1,43,6,44,-1,44,6,2,-1,44,2,36,-1,0,5,45,-1,45,5,37,-1,45,37,46,-1,47,48,49,-1,49,48,50,-1,49,50,46,-1,46,50,51,-1,46,51,45,-1,20,1,45,-1,45,1,0,-1,21,22,46,-1,44,36,37,-1,37,36,46,-1,35,21,29,-1,46,36,21,-1,21,36,28,-1,21,28,29,-1,38,39,37,-1,37,39,40,-1,37,40,41,-1,41,42,37,-1,37,42,43,-1,37,43,44,-1,32,29,31,-1,31,29,30,-1,32,33,29,-1,29,33,34,-1,29,34,35,-1,46,22,23,-1,46,23,49,-1,49,23,27,-1,49,27,47,-1,47,27,26,-1,47,26,48,-1,48,26,25,-1,48,25,50,-1,50,25,24,-1,50,24,51,-1,51,24,20,-1,51,20,45,-1,
        ]
    }
}
Shape{
    appearance Appearance {
        material  Material 	{
            diffuseColor 0.9686274509803922 0.8784313725490196 0.6
            specularColor 0.6784313725490196 0.615686274509804 0.4196078431372549
            ambientIntensity 0.8737
            transparency 0.0
            shininess 0.5
        }
    }
    geometry IndexedFaceSet {
        ccw TRUE
        solid FALSE
        coord DEF co Coordinate {
            point [
                0.62 -0.2401 0.2953, 0.62 -0.2401 0.294, 0.62 -0.0831 0.2953, 0.62 -0.0241 0.2953, 0.62 -0.0831 0.5459, 0.62 -0.0241 0.6049, 0.62 -1.0733 0.5459, 0.62 -1.1032 0.6049, 0.62 -1.0964 0.5144, 0.62 -1.109 0.597, 0.62 -1.2123 0.5996, 0.62 -1.117 0.6028, 0.62 -1.1349 0.6651, 0.62 -1.1133 0.606, 0.62 0.1632 0.6651, 0.62 0.1041 0.606, 0.62 0.1632 0.2953, 0.62 0.1041 0.2953, 0.62 0.4567 0.0591, 0.62 0.7087 0.0591, 0.62 0.4567 0.1414, 0.62 -0.2401 0.1414, 0.62 -0.2401 0.2218, 0.62 -1.2255 0.2218, 0.62 -1.1527 0.294, 0.62 -1.2755 0.2628, 0.62 -1.1527 0.3202, 0.62 -1.1919 0.3889, 0.62 0.7087 0.1203, 0.62 0.6933 0.1201, 0.62 0.646 0.1552, 0.62 0.6418 0.17, 0.62 0.6415 0.1853, 0.62 0.6452 0.2003, 0.62 0.6764 0.2328, 0.62 0.6764 0.2953, 0.62 0.6632 0.2248, 0.62 0.6526 0.2137, 0.62 0.6784 0.1239, 0.62 0.665 0.1313, 0.62 0.6539 0.142, 0.561 -0.2401 0.1414, 0.561 -0.0241 0.2953, 0.561 0.4567 0.1414, 0.561 0.1041 0.2953, 0.561 0.6933 0.1201, 0.561 0.7087 0.1203, 0.561 0.7087 0.0591, 0.561 -0.2401 0.2953, 0.561 -0.0831 0.2953, 0.561 -0.2401 0.294, 0.561 -0.2401 0.2218, 0.561 -1.1527 0.294, 0.561 -1.2255 0.2218, 0.561 -1.1527 0.3202, 0.561 -1.2755 0.2628, 0.561 -1.1919 0.3889, 0.561 0.6632 0.2248, 0.561 0.6526 0.2137, 0.561 0.6452 0.2003, 0.561 0.6764 0.2328, 0.561 0.6764 0.2953, 0.561 0.1632 0.2953, 0.561 0.1632 0.6651, 0.561 0.1041 0.606, 0.561 -1.1349 0.6651, 0.561 -1.1133 0.606, 0.561 -1.2123 0.5996, 0.561 -1.117 0.6028, 0.561 -1.0964 0.5144, 0.561 -1.109 0.597, 0.561 -1.0733 0.5459, 0.561 -1.1032 0.6049, 0.561 -0.0831 0.5459, 0.561 -0.0241 0.6049, 0.561 0.646 0.1552, 0.561 0.4567 0.0591, 0.561 0.6418 0.17, 0.561 0.6415 0.1853, 0.561 0.6539 0.142, 0.561 0.665 0.1313, 0.561 0.6784 0.1239
            ]
        }
        coordIndex [
            0,1,2,-1,2,1,3,-1,2,3,4,-1,4,3,5,-1,4,5,6,-1,6,5,7,-1,6,7,8,-1,8,7,9,-1,8,9,10,-1,10,9,11,-1,10,11,12,-1,12,11,13,-1,12,13,14,-1,14,13,15,-1,14,15,16,-1,16,15,17,-1,18,19,20,-1,20,19,17,-1,20,17,21,-1,21,17,3,-1,21,3,22,-1,22,3,1,-1,22,1,23,-1,23,1,24,-1,23,24,25,-1,25,24,26,-1,25,26,27,-1,19,28,29,-1,30,31,17,-1,17,31,32,-1,17,32,16,-1,16,32,33,-1,34,35,36,-1,36,35,16,-1,36,16,37,-1,37,16,33,-1,29,38,19,-1,19,38,39,-1,19,39,17,-1,17,39,40,-1,17,40,30,-1,41,42,43,-1,43,42,44,-1,45,46,47,-1,48,49,50,-1,50,49,51,-1,50,51,52,-1,52,51,53,-1,52,53,54,-1,54,53,55,-1,54,55,56,-1,57,58,43,-1,43,58,59,-1,60,57,61,-1,61,57,43,-1,61,43,62,-1,62,43,44,-1,62,44,63,-1,63,44,64,-1,63,64,65,-1,65,64,66,-1,65,66,67,-1,67,66,68,-1,67,68,69,-1,69,68,70,-1,69,70,71,-1,71,70,72,-1,71,72,73,-1,73,72,74,-1,73,74,49,-1,49,74,42,-1,49,42,51,-1,51,42,41,-1,75,76,77,-1,77,76,43,-1,77,43,78,-1,78,43,59,-1,75,79,76,-1,76,79,80,-1,76,80,47,-1,47,80,81,-1,47,81,45,-1,6,8,71,-1,71,8,69,-1,4,6,73,-1,73,6,71,-1,2,4,49,-1,49,4,73,-1,50,52,1,-1,1,52,24,-1,26,24,54,-1,54,24,52,-1,27,26,56,-1,56,26,54,-1,25,27,55,-1,55,27,56,-1,23,25,53,-1,53,25,55,-1,22,23,51,-1,51,23,53,-1,62,63,16,-1,16,63,14,-1,12,14,65,-1,65,14,63,-1,10,12,67,-1,67,12,65,-1,8,10,69,-1,69,10,67,-1,9,7,70,-1,70,7,72,-1,7,5,72,-1,72,5,74,-1,74,5,42,-1,42,5,3,-1,15,64,17,-1,17,64,44,-1,15,13,64,-1,64,13,66,-1,13,11,66,-1,66,11,68,-1,11,9,68,-1,68,9,70,-1,3,17,42,-1,42,17,44,-1,60,34,57,-1,57,34,36,-1,57,36,58,-1,58,36,37,-1,58,37,59,-1,59,37,33,-1,59,33,78,-1,78,33,32,-1,78,32,77,-1,77,32,31,-1,77,31,75,-1,75,31,30,-1,75,30,79,-1,79,30,40,-1,79,40,80,-1,80,40,39,-1,80,39,81,-1,81,39,38,-1,81,38,45,-1,45,38,29,-1,45,29,46,-1,46,29,28,-1,60,61,34,-1,34,61,35,-1,41,43,21,-1,21,43,20,-1,43,76,20,-1,20,76,18,-1,76,47,18,-1,18,47,19,-1,47,46,19,-1,19,46,28,-1,35,61,16,-1,16,61,62,-1,41,21,51,-1,51,21,22,-1,0,48,1,-1,1,48,50,-1,48,0,49,-1,49,0,2,-1,
        ]
    }
}
Shape{
    appearance Appearance {
        material  Material 	{
            diffuseColor 1.0 1.0 1.0
            specularColor 0.5019607843137255 0.5019607843137255 0.5019607843137255
            ambientIntensity 1.0
            transparency 0.0
            shininess 0.5
        }
    }
    geometry IndexedFaceSet {
        ccw TRUE
        solid FALSE
        coord DEF co Coordinate {
            point [
                -1.2875 -1.3386 0.5787, -1.2875 -0.9252 0.5787, -1.504 -1.3386 0.5787, -1.504 -0.9252 0.5787, -1.504 -1.3386 0.6772, -1.504 -0.9252 0.6772, -1.2875 -1.3386 0.0866, -1.2875 -0.9252 0.0866, -1.5827 -0.9698 0.5817, -1.5827 -0.9698 0.6866, -1.5827 -0.4874 0.6866, -1.5827 -0.2769 0.4785, -1.5827 -0.2734 0.4781, -1.5827 -0.2935 0.4781, -1.5827 -0.2149 0.6858, -1.5827 -0.221 0.6866, -1.5827 -0.1891 0.6866, -1.5827 -0.1843 0.6866, -1.5827 -0.1843 0.7165, -1.5827 -0.1073 0.7165, -1.5827 0.1446 0.6937, -1.5827 0.1183 0.7039, -1.5827 0.5512 0.7165, -1.5827 0.0901 0.7074, -1.5827 0.0666 0.7049, -1.5827 -0.2265 0.6872, -1.5827 -0.2266 0.6872, -1.5827 -0.2421 0.7513, -1.5827 -0.2351 0.6866, -1.5827 -0.1969 0.7165, -1.5827 -0.1891 0.7165, -1.5827 -0.1969 0.7513, -1.5827 -0.1969 0.7953, -1.5827 -0.3121 0.522, -1.5827 -0.3222 0.493, -1.5827 -0.325 0.4929, -1.5827 -0.3871 0.4781, -1.5827 -0.3871 0.4788, -1.5827 -0.3618 0.4788, -1.5827 -0.3618 0.5589, -1.5827 -0.351 0.536, -1.5827 -0.3282 0.4781, -1.5827 -0.3235 0.4883, -1.5827 -0.3237 0.4883, -1.5827 -0.3242 0.4902, -1.5827 -0.3406 0.536, -1.5827 -0.3121 0.5817, -1.5827 -0.3073 0.536, -1.5827 -0.2961 0.536, -1.5827 -0.3182 0.4781, -1.5827 -0.3185 0.4789, -1.5827 -0.3121 0.4951, -1.5827 -0.2935 0.4464, -1.5827 -0.2982 0.4527, -1.5827 -0.2982 0.4616, -1.5827 -0.3002 0.4609, -1.5827 -0.3038 0.4604, -1.5827 -0.3041 0.4604, -1.5827 -0.3065 0.4608, -1.5827 -0.3087 0.4617, -1.5827 -0.3102 0.4627, -1.5827 -0.3121 0.4648, -1.5827 -0.3121 0.4781, -1.5827 -0.3121 0.4649, -1.5827 -0.3141 0.4685, -1.5827 -0.3121 0.4537, -1.5827 -0.309 0.4524, -1.5827 -0.3121 0.4464, -1.5827 -0.3046 0.4518, -1.5827 -0.3024 0.4519, -1.5827 -0.3871 0.4464, -1.5827 -0.3163 0.4564, -1.5827 -0.3129 0.454, -1.5827 -0.325 0.4701, -1.5827 -0.3204 0.4612, -1.5827 -0.1964 0.5056, -1.5827 -0.1983 0.5222, -1.5827 -0.1944 0.5024, -1.5827 -0.1932 0.4987, -1.5827 -0.2421 0.4781, -1.5827 -0.2387 0.4788, -1.5827 -0.2286 0.4788, -1.5827 -0.2205 0.5288, -1.5827 -0.217 0.5291, -1.5827 -0.2117 0.5128, -1.5827 -0.2421 0.5817, -1.5827 -0.2377 0.5241, -1.5827 -0.2387 0.5156, -1.5827 -0.1993 0.5084, -1.5827 -0.2033 0.5106, -1.5827 -0.2052 0.5266, -1.5827 -0.2115 0.5286, -1.5827 -0.201 0.4796, -1.5827 -0.1976 0.4819, -1.5827 -0.1891 0.4781, -1.5827 -0.1966 0.4829, -1.5827 -0.1945 0.4859, -1.5827 -0.2286 0.4876, -1.5827 -0.2284 0.4876, -1.5827 -0.2268 0.4853, -1.5827 -0.2237 0.4819, -1.5827 -0.1933 0.4893, -1.5827 -0.1927 0.4941, -1.5827 -0.1891 0.5817, -1.5827 -0.1983 0.532, -1.5827 -0.2286 0.5151, -1.5827 -0.2283 0.5195, -1.5827 -0.2273 0.5231, -1.5827 -0.2261 0.5252, -1.5827 -0.2003 0.5331, -1.5827 -0.2078 0.536, -1.5827 -0.218 0.5373, -1.5827 -0.225 0.5365, -1.5827 -0.229 0.5351, -1.5827 -0.2322 0.5331, -1.5827 -0.2246 0.5268, -1.5827 -0.2228 0.528, -1.5827 -0.2339 0.5314, -1.5827 -0.236 0.5283, -1.5827 -0.2163 0.4781, -1.5827 -0.216 0.478, -1.5827 -0.2421 0.4464, -1.5827 -0.2108 0.4774, -1.5827 -0.1891 0.4464, -1.5827 -0.205 0.4781, -1.5827 -0.2048 0.4781, -1.5827 -0.2421 0.6078, -1.5827 -0.2441 0.6084, -1.5827 -0.2569 0.5817, -1.5827 -0.2455 0.6091, -1.5827 -0.2455 0.619, -1.5827 -0.2286 0.6138, -1.5827 -0.2376 0.6155, -1.5827 -0.2421 0.6746, -1.5827 -0.2421 0.6175, -1.5827 -0.2446 0.6736, -1.5827 -0.2455 0.6731, -1.5827 -0.2569 0.6866, -1.5827 -0.2365 0.6767, -1.5827 -0.2266 0.6779, -1.5827 -0.1964 0.6449, -1.5827 -0.2058 0.6205, -1.5827 -0.2111 0.6168, -1.5827 -0.2048 0.669, -1.5827 -0.2004 0.6629, -1.5827 -0.2103 0.6735, -1.5827 -0.2165 0.6764, -1.5827 -0.2235 0.6778, -1.5827 -0.1977 0.656, -1.5827 -0.1965 0.642, -1.5827 -0.1978 0.634, -1.5827 -0.2168 0.6146, -1.5827 -0.2248 0.6137, -1.5827 -0.2003 0.6275, -1.5827 -0.2042 0.6221, -1.5827 -0.2371 0.6864, -1.5827 -0.2421 0.6866, -1.5827 -0.2421 0.6849, -1.5827 -0.2455 0.684, -1.5827 -0.1891 0.6628, -1.5827 -0.1913 0.6679, -1.5827 -0.1971 0.6754, -1.5827 -0.199 0.6773, -1.5827 -0.2065 0.6825, -1.5827 -0.1875 0.659, -1.5827 -0.1891 0.6262, -1.5827 -0.1871 0.6312, -1.5827 -0.1843 0.5817, -1.5827 -0.1855 0.6443, -1.5827 -0.1857 0.6485, -1.5827 -0.2098 0.6065, -1.5827 -0.2023 0.61, -1.5827 -0.1958 0.6154, -1.5827 -0.1904 0.6229, -1.5827 -0.2355 0.6056, -1.5827 -0.2233 0.6045, -1.5827 -0.2185 0.6047, -1.5827 -0.3046 0.6149, -1.5827 -0.3046 0.6058, -1.5827 -0.2935 0.5817, -1.5827 -0.3028 0.6767, -1.5827 -0.3121 0.6866, -1.5827 -0.3028 0.6859, -1.5827 -0.2935 0.6866, -1.5827 -0.2935 0.6859, -1.5827 -0.3005 0.651, -1.5827 -0.3005 0.6419, -1.5827 -0.2935 0.6149, -1.5827 -0.2935 0.6419, -1.5827 -0.2719 0.6419, -1.5827 -0.2719 0.6149, -1.5827 -0.2935 0.6767, -1.5827 -0.2935 0.651, -1.5827 -0.2719 0.6767, -1.5827 -0.2719 0.651, -1.5827 -0.2615 0.6859, -1.5827 -0.2615 0.6058, -1.5827 -0.2935 0.6058, -1.5827 -0.4418 0.6277, -1.5827 -0.4124 0.6277, -1.5827 -0.45 0.6058, -1.5827 -0.4124 0.5817, -1.5827 -0.4614 0.6058, -1.5827 -0.4874 0.5817, -1.5827 -0.4309 0.6859, -1.5827 -0.3893 0.6058, -1.5827 -0.3871 0.5817, -1.5827 -0.4008 0.6058, -1.5827 -0.4085 0.6277, -1.5827 -0.2522 0.4808, -1.5827 -0.2522 0.4911, -1.5827 -0.2523 0.5205, -1.5827 -0.2527 0.5241, -1.5827 -0.2539 0.5136, -1.5827 -0.2527 0.5166, -1.5827 -0.2559 0.4889, -1.5827 -0.2569 0.4885, -1.5827 -0.2569 0.5097, -1.5827 -0.2552 0.5115, -1.5827 -0.2568 0.5098, -1.5827 -0.2569 0.4792, -1.5827 -0.2569 0.4781, -1.5827 -0.2593 0.4783, -1.5827 -0.2613 0.4781, -1.5827 -0.2678 0.4774, -1.5827 -0.2569 0.4464, -1.5827 -0.2612 0.5342, -1.5827 -0.2666 0.5363, -1.5827 -0.2875 0.5038, -1.5827 -0.2894 0.501, -1.5827 -0.2881 0.525, -1.5827 -0.2587 0.5327, -1.5827 -0.2539 0.5273, -1.5827 -0.2557 0.53, -1.5827 -0.2569 0.5311, -1.5827 -0.2746 0.5373, -1.5827 -0.2904 0.4981, -1.5827 -0.2909 0.4943, -1.5827 -0.2904 0.4903, -1.5827 -0.2892 0.4871, -1.5827 -0.2873 0.4845, -1.5827 -0.2881 0.5347, -1.5827 -0.2816 0.5367, -1.5827 -0.2844 0.482, -1.5827 -0.2821 0.4806, -1.5827 -0.2736 0.5291, -1.5827 -0.2706 0.5289, -1.5827 -0.2626 0.5214, -1.5827 -0.2679 0.5282, -1.5827 -0.2657 0.527, -1.5827 -0.2627 0.5201, -1.5827 -0.2631 0.5185, -1.5827 -0.2639 0.5172, -1.5827 -0.2648 0.5161, -1.5827 -0.2684 0.5139, -1.5827 -0.2806 0.5283, -1.5827 -0.2746 0.5112, -1.5827 -0.2863 0.5261, -1.5827 -0.2785 0.5096, -1.5827 -0.2851 0.5059, -1.5827 -0.2642 0.5257, -1.5827 -0.2633 0.5244, -1.5827 -0.2628 0.523, -1.5827 -0.2621 0.4864, -1.5827 -0.2675 0.5039, -1.5827 -0.2615 0.5067, -1.5827 -0.2687 0.4856, -1.5827 -0.2692 0.4856, -1.5827 -0.2741 0.5012, -1.5827 -0.2743 0.4862, -1.5827 -0.2806 0.4934, -1.5827 -0.2805 0.4946, -1.5827 -0.2769 0.4871, -1.5827 -0.2778 0.4877, -1.5827 -0.279 0.4887, -1.5827 -0.2799 0.49, -1.5827 -0.2804 0.4914, -1.5827 -0.28 0.4962, -1.5827 -0.2792 0.4975, -1.5827 -0.278 0.4988, -1.5827 -0.3871 0.5589, -1.5827 -0.3871 0.524, -1.5827 -0.4008 0.524, -1.5827 -0.403 0.5496, -1.5827 -0.403 0.5589, -1.5827 -0.4124 0.4781, -1.5827 -0.4008 0.5148, -1.5827 -0.4049 0.4788, -1.5827 -0.4049 0.4879, -1.5827 -0.3871 0.4879, -1.5827 -0.3871 0.5148, -1.5827 -0.3721 0.5148, -1.5827 -0.3721 0.4879, -1.5827 -0.3871 0.5496, -1.5827 -0.3721 0.5496, -1.5827 -0.3721 0.524, -1.5827 0.038 0.6948, -1.5827 0.0257 0.6866, -1.5827 -0.1073 0.6866, -1.5827 0.0126 0.6778, -1.5827 -0.0059 0.6563, -1.5827 -0.0181 0.6328, -1.5827 -0.0212 0.6317, -1.5827 -0.0381 0.6233, -1.5827 0.2841 0.5978, -1.5827 0.5512 0.6866, -1.5827 0.2873 0.5817, -1.5827 0.5512 0.5817, -1.5827 0.2885 0.5753, -1.5827 0.1561 0.6866, -1.5827 0.1584 0.6852, -1.5827 0.2746 0.6181, -1.5827 0.262 0.6339, -1.5827 0.2572 0.6384, -1.5827 0.2381 0.6513, -1.5827 0.2169 0.659, -1.5827 0.1965 0.6612, -1.5827 0.1718 0.6737, -1.5827 0.19 0.6609, -1.5827 0.1834 0.6601, -1.5827 0.2193 0.4796, -1.5827 0.2288 0.4826, -1.5827 0.5512 0.4781, -1.5827 0.2491 0.4932, -1.5827 0.2648 0.507, -1.5827 0.2667 0.5092, -1.5827 0.2788 0.5275, -1.5827 0.2865 0.5488, -1.5827 0.2887 0.569, -1.5827 0.194 0.4486, -1.5827 0.2051 0.457, -1.5827 0.5512 0.4464, -1.5827 0.2136 0.4675, -1.5827 0.2186 0.4781, -1.5827 -0.1073 0.0866, -1.5827 0.1514 0.4426, -1.5827 0.1652 0.4409, -1.5827 0.5512 0.0866, -1.5827 0.1674 0.441, -1.5827 0.1809 0.4431, -1.5827 0.1887 0.4464, -1.5827 0.1119 0.4781, -1.5827 0.1119 0.478, -1.5827 -0.1073 0.4464, -1.5827 0.1186 0.4653, -1.5827 0.1274 0.4554, -1.5827 0.1387 0.4475, -1.5827 0.1416 0.4464, -1.5827 -0.0645 0.5194, -1.5827 -0.0534 0.5041, -1.5827 -0.1073 0.4781, -1.5827 0.039 0.5118, -1.5827 0.0351 0.5133, -1.5827 0.0286 0.5457, -1.5827 0.1225 0.536, -1.5827 0.0462 0.5759, -1.5827 0.1324 0.5451, -1.5827 0.1445 0.5515, -1.5827 -0.0535 0.6102, -1.5827 -0.065 0.5939, -1.5827 -0.1073 0.5817, -1.5827 -0.0699 0.5817, -1.5827 -0.0719 0.5765, -1.5827 -0.0389 0.5626, -1.5827 -0.0362 0.5735, -1.5827 -0.0319 0.5817, -1.5827 0.2515 0.5817, -1.5827 0.0425 0.5093, -1.5827 -0.0375 0.4908, -1.5827 -0.0201 0.4824, -1.5827 -0.0016 0.4785, -1.5827 0.0309 0.5138, -1.5827 0.0303 0.5138, -1.5827 0.0286 0.5134, -1.5827 0.032 0.4785, -1.5827 0.035 0.479, -1.5827 0.2481 0.5475, -1.5827 0.2413 0.5359, -1.5827 0.2124 0.5301, -1.5827 0.2311 0.5254, -1.5827 0.2187 0.5178, -1.5827 0.1913 0.5489, -1.5827 0.203 0.5408, -1.5827 0.2529 0.5702, -1.5827 0.2522 0.5615, -1.5827 0.0388 0.4804, -1.5827 0.0425 0.483, -1.5827 0.044 0.4845, -1.5827 0.1788 0.5537, -1.5827 0.1652 0.5554, -1.5827 0.1583 0.5549, -1.5827 -0.0745 0.5582, -1.5827 -0.0744 0.556, -1.5827 -0.0717 0.5374, -1.5827 -0.0276 0.5275, -1.5827 -0.0339 0.5364, -1.5827 -0.0378 0.5466, -1.5827 -0.0392 0.5576, -1.5827 0.0485 0.4962, -1.5827 0.0484 0.4979, -1.5827 0.1083 0.5036, -1.5827 0.0474 0.5022, -1.5827 0.0453 0.5062, -1.5827 0.0465 0.4881, -1.5827 0.048 0.492, -1.5827 0.1086 0.492, -1.5827 0.1083 0.4979, -1.5827 0.0274 0.5132, -1.5827 0.0018 0.5132, -1.5827 -0.0083 0.5152, -1.5827 -0.0184 0.5198, -1.5827 -0.0268 0.5267, -1.5827 0.0335 0.6502, -1.5827 0.0368 0.6533, -1.5827 0.1658 0.6186, -1.5827 0.021 0.6346, -1.5827 0.1699 0.6208, -1.5827 0.1827 0.6255, -1.5827 -0.031 0.5833, -1.5827 -0.0243 0.5907, -1.5827 0.0052 0.602, -1.5827 -0.0155 0.5969, -1.5827 -0.0056 0.6007, -1.5827 0.0098 0.602, -1.5827 0.0127 0.616, -1.5827 0.0529 0.6643, -1.5827 0.0708 0.671, -1.5827 0.1575 0.6359, -1.5827 0.0895 0.6732, -1.5827 0.2158 0.6235, -1.5827 0.2285 0.6168, -1.5827 0.2018 0.6268, -1.5827 0.2384 0.608, -1.5827 0.2463 0.5966, -1.5827 0.1105 0.6705, -1.5827 0.1291 0.6629, -1.5827 0.1449 0.6513, -1.5827 0.1959 0.6271, -1.5827 0.2512 0.5839, -1.5827 -1.378 0.6866, -1.5827 -1.378 0.5817, -1.5827 -1.378 0.4781, -1.5827 -0.9698 0.4781, -1.5827 -0.501 0.4788, -1.5827 -0.4896 0.4788, -1.5827 -0.4874 0.4781, -1.5827 -0.5502 0.4788, -1.5827 -0.5421 0.5007, -1.5827 -0.5087 0.5007, -1.5827 -0.5201 0.5589, -1.5827 -0.5312 0.5589, -1.5827 -0.5617 0.4788, -1.5827 -0.4124 0.6866, -1.5827 -0.4198 0.6859, -1.5827 -0.4124 0.6664, -1.5827 -0.483 0.5054, -1.5827 -0.4791 0.4971, -1.5827 -0.4731 0.49, -1.5827 -0.4648 0.484, -1.5827 -0.4557 0.4805, -1.5827 -0.442 0.4788, -1.5827 -0.42 0.4788, -1.5827 -0.42 0.5589, -1.5827 -0.4428 0.5589, -1.5827 -0.455 0.5575, -1.5827 -0.4647 0.554, -1.5827 -0.4731 0.5483, -1.5827 -0.4759 0.5455, -1.5827 -0.4808 0.5386, -1.5827 -0.4838 0.5309, -1.5827 -0.4852 0.5198, -1.5827 -0.4849 0.5148, -1.5827 -0.4124 0.4464, -1.5827 -0.4874 0.4464, -1.5827 -0.9698 0.4464, -1.5827 -1.378 0.4464, -1.5827 -0.3197 0.6058, -1.5827 -0.3847 0.6418, -1.5827 -0.3827 0.6324, -1.5827 -0.3788 0.6241, -1.5827 -0.3728 0.617, -1.5827 -0.3806 0.6656, -1.5827 -0.3835 0.658, -1.5827 -0.3871 0.6866, -1.5827 -0.3849 0.6469, -1.5827 -0.3645 0.6111, -1.5827 -0.3554 0.6075, -1.5827 -0.3417 0.6058, -1.5827 -0.3197 0.6859, -1.5827 -0.3425 0.6859, -1.5827 -0.3548 0.6845, -1.5827 -0.3644 0.681, -1.5827 -0.3728 0.6753, -1.5827 -0.3756 0.6726, -1.5827 -0.2935 0.0866, -1.5827 -0.3121 0.0866, -1.5827 -0.3871 0.0866, -1.5827 -0.4124 0.0866, -1.5827 -0.4874 0.0866, -1.5827 -0.9698 0.0866, -1.5827 -1.378 0.0866, -1.5827 -0.2421 0.0866, -1.5827 -0.2569 0.0866, -1.5827 -0.22 0.4795, -1.5827 -0.2569 0.7513, -1.5827 -0.2935 0.7513, -1.5827 -0.3121 0.7513, -1.5827 -0.3871 0.7513, -1.5827 -0.4124 0.7513, -1.5827 -0.4874 0.7513, -1.5827 -0.9698 0.7513, -1.5827 -1.378 0.7513, -1.5827 -0.2421 0.7953, -1.5827 -0.2569 0.7953, -1.5827 -0.2935 0.7953, -1.5827 -0.3121 0.7953, -1.5827 -0.3871 0.7953, -1.5827 -0.4124 0.7953, -1.5827 -0.4874 0.7953, -1.5827 -0.9698 0.7953, -1.5827 -1.378 0.7953, -1.5827 -0.1843 0.4464, -1.5827 -0.1843 0.0866, -1.5827 -0.1891 0.0866, -1.5827 -0.1843 0.4781, -1.5827 -0.1813 0.5589, -1.5827 -0.1813 0.5496, -1.5827 -0.1831 0.4879, -1.5827 -0.1831 0.4788, -1.5827 -0.14 0.4788, -1.5827 -0.14 0.5589, -1.5827 -0.1504 0.5148, -1.5827 -0.1504 0.4879, -1.5827 -0.179 0.5148, -1.5827 -0.179 0.524, -1.5827 -0.1504 0.524, -1.5827 -0.1504 0.5496, -1.5827 -0.1504 0.6859, -1.5827 -0.1504 0.6149, -1.5827 -0.1823 0.6149, -1.5827 -0.1823 0.6058, -1.5827 -0.14 0.6058, -1.5827 -0.14 0.6859, 1.1889 0.111 0.7953, 1.0708 0.111 0.7953, 1.1889 -0.1969 0.7953, -0.6772 -1.2598 0.7953, -1.189 0.111 0.7953, -1.189 -0.1969 0.7953, 1.5826 -1.378 0.7953, 1.5826 -0.1969 0.7953, 0.7952 -1.378 0.7953, 0.6771 -1.2598 0.7953, -1.0709 0.111 0.7953, -0.8741 0.2094 0.7953, -1.0709 0.2094 0.7953, 1.0708 0.2094 0.7953, 0.8739 0.2094 0.7953, 0.8739 0.3078 0.7953, -0.8741 0.3078 0.7953, -0.7953 -1.378 0.7953, -1.1201 0.111 0.4016, -1.2678 0.111 0.4016, -1.1201 0.111 0.5591, -1.2678 0.111 0.7165, -1.0709 0.111 0.5591, -1.189 0.111 0.7165, -1.2875 -0.2953 0.0866, -1.189 -0.2953 0.0866, -1.189 -0.9252 0.0866, -1.3268 -1.378 0.0866, -1.189 -0.1969 0.0866, -1.2875 -0.1969 0.0866, -1.189 0.4331 0.0866, -1.189 0.5512 0.0866
            ]
        }
        coordIndex [
            0,1,2,-1,2,1,3,-1,2,3,4,-1,4,3,5,-1,6,7,0,-1,0,7,1,-1,8,9,10,-1,11,12,13,-1,14,15,16,-1,17,18,19,-1,20,21,22,-1,22,21,23,-1,22,23,19,-1,19,23,24,-1,25,26,27,-1,27,26,28,-1,15,29,16,-1,16,29,30,-1,16,30,18,-1,15,25,29,-1,29,25,27,-1,29,27,31,-1,31,27,32,-1,33,34,35,-1,36,37,38,-1,39,40,38,-1,38,40,41,-1,38,41,36,-1,42,43,34,-1,34,43,44,-1,34,44,35,-1,35,45,33,-1,33,45,46,-1,33,46,47,-1,47,46,48,-1,49,50,51,-1,52,53,54,-1,55,56,13,-1,56,57,13,-1,13,57,58,-1,13,58,59,-1,59,60,13,-1,13,60,61,-1,13,61,62,-1,62,61,63,-1,62,63,64,-1,65,66,67,-1,67,66,68,-1,67,68,52,-1,52,68,69,-1,52,69,53,-1,70,71,67,-1,67,71,72,-1,67,72,65,-1,41,73,70,-1,70,73,74,-1,70,74,71,-1,75,76,77,-1,77,76,78,-1,79,80,81,-1,82,83,84,-1,85,86,87,-1,75,88,76,-1,76,88,89,-1,76,89,90,-1,90,89,84,-1,90,84,91,-1,91,84,83,-1,92,93,94,-1,94,93,95,-1,94,95,96,-1,97,98,81,-1,81,98,99,-1,81,99,100,-1,96,101,94,-1,94,101,102,-1,94,102,103,-1,103,102,78,-1,103,78,104,-1,104,78,76,-1,105,106,84,-1,84,106,107,-1,84,107,108,-1,104,109,103,-1,103,109,110,-1,103,110,85,-1,85,110,111,-1,111,112,85,-1,85,112,113,-1,85,113,114,-1,108,115,84,-1,84,115,116,-1,84,116,82,-1,114,117,85,-1,85,117,118,-1,85,118,86,-1,119,120,121,-1,120,122,123,-1,123,122,124,-1,123,124,94,-1,94,124,125,-1,94,125,92,-1,126,85,127,-1,127,85,128,-1,127,128,129,-1,129,128,130,-1,131,132,133,-1,133,132,134,-1,133,134,135,-1,135,134,130,-1,135,130,136,-1,136,130,128,-1,136,128,137,-1,138,139,140,-1,133,141,142,-1,143,144,145,-1,145,144,146,-1,139,147,140,-1,140,147,146,-1,140,146,148,-1,148,146,144,-1,138,140,133,-1,133,140,149,-1,133,149,150,-1,142,151,133,-1,133,151,152,-1,133,152,131,-1,150,153,133,-1,133,153,154,-1,133,154,141,-1,28,155,156,-1,156,155,157,-1,156,157,137,-1,137,157,158,-1,137,158,136,-1,159,160,16,-1,16,160,161,-1,161,162,16,-1,16,162,163,-1,16,163,14,-1,18,17,16,-1,16,17,164,-1,16,164,159,-1,165,166,167,-1,167,166,168,-1,167,168,17,-1,17,168,169,-1,17,169,164,-1,170,171,103,-1,103,171,172,-1,103,172,173,-1,126,174,85,-1,85,174,175,-1,85,175,103,-1,103,175,176,-1,103,176,170,-1,177,178,46,-1,46,178,179,-1,46,179,48,-1,48,179,13,-1,48,13,51,-1,51,13,62,-1,51,62,49,-1,49,62,64,-1,180,181,182,-1,182,181,183,-1,182,183,184,-1,185,186,177,-1,177,186,187,-1,186,188,187,-1,187,188,189,-1,187,189,190,-1,180,191,192,-1,192,191,193,-1,192,193,194,-1,184,183,195,-1,195,183,137,-1,195,137,196,-1,196,137,128,-1,196,128,197,-1,198,199,200,-1,200,199,201,-1,200,201,202,-1,202,201,203,-1,202,203,204,-1,205,206,207,-1,207,206,201,-1,207,201,208,-1,208,201,199,-1,79,209,210,-1,211,212,85,-1,213,214,210,-1,215,216,217,-1,213,210,218,-1,214,211,210,-1,210,211,85,-1,210,85,79,-1,79,85,87,-1,79,87,80,-1,215,217,210,-1,210,217,219,-1,210,219,218,-1,220,221,222,-1,222,221,223,-1,224,223,225,-1,225,223,221,-1,225,221,79,-1,79,221,220,-1,79,220,209,-1,224,225,12,-1,12,225,52,-1,12,52,13,-1,13,52,54,-1,13,54,55,-1,226,227,128,-1,228,229,230,-1,226,128,231,-1,212,232,85,-1,85,232,233,-1,85,233,128,-1,128,233,234,-1,128,234,231,-1,227,235,128,-1,128,235,179,-1,128,179,197,-1,197,179,178,-1,236,237,13,-1,237,238,13,-1,13,238,239,-1,13,239,240,-1,229,236,230,-1,230,236,13,-1,230,13,241,-1,241,13,179,-1,241,179,242,-1,242,179,235,-1,240,243,13,-1,13,243,244,-1,13,244,11,-1,245,246,247,-1,247,246,248,-1,247,248,249,-1,247,250,245,-1,245,250,251,-1,245,251,252,-1,252,253,245,-1,245,253,254,-1,245,254,255,-1,255,254,256,-1,255,256,257,-1,257,256,258,-1,257,258,230,-1,230,258,259,-1,230,259,228,-1,260,261,249,-1,249,261,262,-1,249,262,247,-1,263,264,216,-1,216,264,265,-1,216,265,217,-1,263,266,264,-1,264,266,267,-1,264,267,268,-1,268,267,269,-1,268,270,271,-1,269,272,268,-1,268,272,273,-1,268,273,274,-1,274,275,268,-1,268,275,276,-1,268,276,270,-1,271,277,268,-1,268,277,278,-1,268,278,279,-1,45,40,46,-1,46,40,39,-1,46,39,206,-1,206,39,280,-1,206,280,201,-1,281,282,283,-1,280,284,201,-1,201,284,283,-1,201,283,285,-1,285,283,282,-1,285,282,286,-1,37,36,287,-1,287,36,285,-1,287,285,288,-1,288,285,286,-1,288,286,289,-1,286,290,289,-1,289,290,291,-1,289,291,292,-1,283,293,281,-1,281,293,294,-1,281,294,295,-1,296,297,298,-1,298,297,299,-1,298,299,300,-1,300,301,298,-1,298,301,302,-1,298,302,303,-1,304,305,306,-1,306,305,307,-1,306,307,308,-1,20,22,309,-1,309,22,305,-1,309,305,310,-1,304,311,305,-1,305,311,312,-1,305,312,313,-1,313,314,305,-1,305,314,315,-1,305,315,310,-1,310,315,316,-1,310,316,317,-1,317,316,318,-1,317,318,319,-1,320,321,322,-1,321,323,322,-1,322,323,324,-1,322,324,325,-1,325,326,322,-1,322,326,327,-1,322,327,307,-1,307,327,328,-1,307,328,308,-1,329,330,331,-1,331,330,332,-1,331,332,322,-1,322,332,333,-1,322,333,320,-1,334,335,336,-1,334,336,337,-1,336,338,337,-1,337,338,339,-1,337,339,331,-1,331,339,340,-1,331,340,329,-1,341,342,343,-1,343,342,344,-1,344,345,343,-1,343,345,346,-1,343,346,347,-1,348,349,350,-1,351,352,353,-1,354,355,356,-1,356,355,357,-1,303,358,298,-1,298,358,359,-1,298,359,360,-1,360,359,361,-1,360,361,362,-1,363,364,355,-1,355,364,365,-1,355,365,366,-1,351,353,367,-1,349,368,350,-1,350,368,369,-1,350,369,370,-1,352,371,353,-1,353,371,372,-1,353,372,373,-1,374,375,341,-1,376,377,378,-1,378,377,379,-1,378,379,380,-1,381,366,382,-1,382,366,383,-1,382,383,378,-1,378,383,384,-1,378,384,376,-1,375,385,341,-1,341,385,386,-1,341,386,387,-1,381,388,366,-1,366,388,389,-1,366,389,355,-1,355,389,390,-1,355,390,357,-1,362,391,360,-1,360,391,392,-1,360,392,350,-1,350,392,393,-1,350,393,348,-1,394,395,353,-1,353,395,396,-1,353,396,355,-1,355,396,397,-1,355,397,363,-1,398,399,400,-1,400,399,401,-1,400,401,353,-1,353,401,402,-1,353,402,367,-1,387,403,341,-1,341,403,404,-1,341,404,405,-1,405,404,398,-1,405,398,406,-1,406,398,400,-1,373,407,353,-1,353,407,408,-1,353,408,409,-1,409,410,353,-1,353,410,411,-1,353,411,394,-1,412,413,414,-1,412,414,415,-1,365,414,366,-1,366,414,416,-1,366,416,417,-1,418,419,420,-1,420,419,421,-1,420,421,422,-1,418,420,365,-1,365,420,423,-1,365,423,414,-1,414,423,424,-1,414,424,415,-1,413,425,414,-1,414,425,426,-1,414,426,427,-1,427,426,428,-1,429,430,431,-1,431,430,432,-1,431,432,433,-1,434,435,428,-1,428,435,436,-1,428,436,427,-1,417,437,366,-1,366,437,431,-1,366,431,438,-1,438,431,433,-1,439,9,440,-1,440,9,8,-1,440,8,441,-1,441,8,442,-1,443,444,445,-1,446,447,448,-1,445,444,203,-1,203,444,449,-1,203,449,450,-1,448,443,446,-1,446,443,445,-1,446,445,451,-1,451,445,442,-1,451,442,450,-1,450,442,8,-1,450,8,203,-1,203,8,10,-1,203,10,204,-1,204,10,452,-1,204,452,453,-1,453,452,454,-1,455,456,445,-1,445,456,457,-1,445,457,458,-1,458,459,445,-1,445,459,460,-1,445,460,285,-1,285,460,461,-1,285,461,201,-1,461,462,201,-1,201,462,463,-1,201,463,203,-1,203,463,464,-1,203,464,465,-1,465,466,203,-1,203,466,467,-1,203,467,468,-1,468,469,203,-1,203,469,470,-1,203,470,445,-1,445,470,471,-1,445,471,455,-1,41,70,36,-1,36,70,472,-1,36,472,285,-1,285,472,473,-1,285,473,445,-1,445,473,474,-1,445,474,442,-1,442,474,475,-1,442,475,441,-1,192,185,180,-1,180,185,177,-1,180,177,181,-1,181,177,46,-1,181,46,476,-1,477,478,206,-1,206,478,479,-1,206,479,480,-1,481,482,483,-1,483,482,484,-1,480,485,206,-1,206,485,486,-1,206,486,46,-1,46,486,487,-1,46,487,476,-1,476,488,181,-1,181,488,489,-1,181,489,483,-1,483,489,490,-1,483,490,491,-1,491,492,483,-1,483,492,493,-1,483,493,481,-1,454,452,205,-1,205,452,483,-1,205,483,206,-1,206,483,484,-1,206,484,477,-1,225,494,52,-1,52,494,495,-1,52,495,67,-1,67,495,496,-1,67,496,70,-1,70,496,497,-1,70,497,472,-1,472,497,498,-1,472,498,473,-1,473,498,499,-1,473,499,474,-1,474,499,500,-1,474,500,475,-1,120,123,121,-1,121,123,501,-1,121,501,502,-1,100,503,81,-1,81,503,119,-1,81,119,79,-1,79,119,121,-1,79,121,225,-1,225,121,502,-1,225,502,494,-1,28,156,27,-1,27,156,137,-1,27,137,504,-1,504,137,183,-1,504,183,505,-1,505,183,181,-1,505,181,506,-1,506,181,483,-1,506,483,507,-1,507,483,452,-1,507,452,508,-1,508,452,10,-1,508,10,509,-1,509,10,9,-1,509,9,510,-1,510,9,439,-1,510,439,511,-1,32,27,512,-1,512,27,504,-1,512,504,513,-1,513,504,505,-1,513,505,514,-1,514,505,506,-1,514,506,515,-1,515,506,507,-1,515,507,516,-1,516,507,508,-1,516,508,517,-1,517,508,509,-1,517,509,518,-1,518,509,510,-1,518,510,519,-1,519,510,511,-1,519,511,520,-1,521,522,523,-1,173,165,103,-1,103,165,167,-1,103,167,94,-1,94,167,524,-1,94,524,123,-1,522,343,334,-1,334,343,347,-1,334,347,335,-1,522,521,343,-1,343,521,350,-1,343,350,341,-1,341,350,370,-1,341,370,374,-1,525,526,167,-1,167,526,527,-1,167,527,524,-1,524,527,528,-1,524,528,529,-1,525,167,530,-1,530,167,360,-1,530,360,529,-1,529,360,350,-1,529,350,524,-1,524,350,521,-1,524,521,123,-1,123,521,523,-1,123,523,501,-1,531,532,533,-1,533,532,527,-1,533,527,534,-1,534,527,526,-1,534,526,535,-1,535,526,536,-1,24,296,19,-1,19,296,298,-1,19,298,17,-1,17,298,537,-1,537,538,17,-1,17,538,539,-1,17,539,167,-1,167,539,540,-1,167,540,360,-1,360,540,541,-1,360,541,298,-1,298,541,542,-1,298,542,537,-1,543,544,545,-1,545,544,546,-1,547,548,546,-1,549,550,551,-1,551,550,545,-1,551,545,552,-1,552,545,546,-1,547,546,553,-1,553,546,554,-1,553,554,555,-1,32,512,548,-1,548,512,513,-1,544,556,546,-1,546,556,557,-1,546,557,554,-1,554,557,558,-1,554,558,559,-1,513,514,548,-1,548,514,515,-1,548,515,516,-1,520,560,519,-1,519,560,546,-1,519,546,518,-1,518,546,548,-1,518,548,517,-1,517,548,516,-1,561,562,563,-1,563,562,564,-1,563,564,565,-1,565,564,566,-1,565,566,553,-1,553,566,547,-1,567,568,569,-1,570,500,499,-1,567,569,498,-1,498,569,7,-1,498,7,499,-1,499,7,6,-1,499,6,570,-1,571,572,573,-1,573,572,337,-1,573,337,574,-1,498,497,567,-1,567,497,496,-1,567,496,495,-1,495,494,567,-1,567,494,502,-1,567,502,572,-1,572,502,501,-1,572,501,523,-1,523,522,572,-1,572,522,334,-1,572,334,337,-1,
        ]
    }
}
Shape{
    appearance Appearance {
        material  Material 	{
            diffuseColor 0.6666666666666666 0.6980392156862745 0.7686274509803922
            specularColor 0.3333333333333333 0.34901960784313724 0.3843137254901961
            ambientIntensity 0.6967
            transparency 0.0
            shininess 0.5
        }
    }
    geometry IndexedFaceSet {
        ccw TRUE
        solid FALSE
        coord DEF co Coordinate {
            point [
                1.5905 -0.374 0.0866, 1.5878 -0.3536 0.0866, 1.5826 -0.3397 0.0866, 1.5905 -0.8465 0.0866, 1.5826 -0.8808 0.0866, 1.5878 -0.8668 0.0866, 1.5117 -0.9252 0.0, 1.5117 -0.9252 0.0866, 1.2283 -0.9252 0.0, 1.2873 -0.9252 0.0866, 1.2181 -0.9252 0.0013, 1.5039 -0.9252 0.5787, 1.5039 -0.9252 0.6772, 1.2873 -0.9252 0.5787, 1.2676 -0.9252 0.6772, 1.2473 -0.9252 0.6745, 1.1902 -0.9252 0.0292, 1.1942 -0.9252 0.0197, 1.2283 -0.9252 0.6666, 1.212 -0.9252 0.6541, 1.1995 -0.9252 0.6378, 1.1916 -0.9252 0.6188, 1.1889 -0.9252 0.5984, 1.1889 -0.9252 0.0394, 1.2004 -0.9252 0.0115, 1.2086 -0.9252 0.0053, 1.5905 -0.8465 0.0, 1.5878 -0.8668 0.0, 1.5799 -0.8858 0.0, 1.5799 -0.8858 0.0866, 1.5674 -0.9021 0.0866, 1.5674 -0.9021 0.0, 1.5511 -0.9147 0.0866, 1.5511 -0.9147 0.0, 1.5321 -0.9225 0.0866, 1.5321 -0.9225 0.0, 1.5905 -0.374 0.0, 1.5117 -0.2953 0.0, 1.5117 -0.2953 0.0866, 1.5321 -0.298 0.0866, 1.5321 -0.298 0.0, 1.5511 -0.3058 0.0866, 1.5511 -0.3058 0.0, 1.5674 -0.3183 0.0866, 1.5674 -0.3183 0.0, 1.5799 -0.3347 0.0866, 1.5799 -0.3347 0.0, 1.5878 -0.3536 0.0, 1.5039 -0.2953 0.6772, 1.5039 -0.2953 0.5787, 1.2676 -0.2953 0.6772, 1.2873 -0.2953 0.5787, 1.2473 -0.2953 0.6745, 1.2283 -0.2953 0.6666, 1.2873 -0.2953 0.0866, 1.2283 -0.2953 0.0, 1.2181 -0.2953 0.0013, 1.1916 -0.2953 0.6188, 1.1995 -0.2953 0.6378, 1.212 -0.2953 0.6541, 1.2086 -0.2953 0.0053, 1.2004 -0.2953 0.0115, 1.1942 -0.2953 0.0197, 1.1902 -0.2953 0.0292, 1.1889 -0.2953 0.0394, 1.1889 -0.2953 0.5984, 1.589 -0.3587 0.0, 1.589 -0.8618 0.0, 1.5845 -0.8766 0.0, 1.5772 -0.8902 0.0, 1.5271 -0.9237 0.0, 1.5555 -0.9119 0.0, 1.5419 -0.9192 0.0, 1.5271 -0.2968 0.0, 1.5419 -0.3013 0.0, 1.5555 -0.3086 0.0, 1.5772 -0.3303 0.0, 1.5845 -0.3439 0.0
            ]
        }
        coordIndex [
            0,1,2,-1,0,2,3,-1,3,2,4,-1,3,4,5,-1,6,7,8,-1,8,7,9,-1,8,9,10,-1,11,12,13,-1,13,12,14,-1,13,14,15,-1,16,17,9,-1,15,18,13,-1,13,18,19,-1,13,19,20,-1,20,21,13,-1,13,21,22,-1,13,22,9,-1,9,22,23,-1,9,23,16,-1,17,24,9,-1,9,24,25,-1,9,25,10,-1,26,3,5,-1,26,5,27,-1,27,5,4,-1,27,4,28,-1,4,29,28,-1,28,29,30,-1,28,30,31,-1,31,30,32,-1,31,32,33,-1,33,32,34,-1,33,34,35,-1,35,34,7,-1,35,7,6,-1,36,0,26,-1,26,0,3,-1,37,38,39,-1,37,39,40,-1,40,39,41,-1,40,41,42,-1,42,41,43,-1,42,43,44,-1,44,43,45,-1,44,45,46,-1,46,45,2,-1,46,2,47,-1,2,1,47,-1,47,1,0,-1,47,0,36,-1,48,49,50,-1,50,49,51,-1,50,51,52,-1,52,51,53,-1,38,37,54,-1,54,37,55,-1,54,55,56,-1,57,58,51,-1,51,58,59,-1,51,59,53,-1,56,60,54,-1,54,60,61,-1,54,61,62,-1,62,63,54,-1,54,63,64,-1,54,64,51,-1,51,64,65,-1,51,65,57,-1,66,36,37,-1,37,36,6,-1,37,6,55,-1,55,6,8,-1,36,26,6,-1,6,26,67,-1,6,67,68,-1,68,69,6,-1,6,69,31,-1,6,31,70,-1,70,31,71,-1,70,71,72,-1,37,73,66,-1,66,73,74,-1,66,74,75,-1,75,44,66,-1,66,44,76,-1,66,76,77,-1,55,8,10,-1,55,10,56,-1,56,10,25,-1,56,25,60,-1,60,25,24,-1,60,24,61,-1,61,24,17,-1,61,17,62,-1,62,17,16,-1,62,16,63,-1,63,16,23,-1,63,23,64,-1,
        ]
    }
}
Shape{
    appearance Appearance {
        material  Material 	{
            diffuseColor 1.0 1.0 1.0
            specularColor 0.8784313725490196 0.8784313725490196 0.8784313725490196
            ambientIntensity 1.0
            transparency 0.0
            shininess 0.5
        }
    }
    geometry IndexedFaceSet {
        ccw TRUE
        solid FALSE
        coord DEF co Coordinate {
            point [
                1.1889 -0.2953 0.5984, 1.1889 -0.9252 0.5984, 1.1916 -0.9252 0.6188, 1.1916 -0.2953 0.6188, 1.1995 -0.9252 0.6378, 1.1995 -0.2953 0.6378, 1.212 -0.9252 0.6541, 1.212 -0.2953 0.6541, 1.2283 -0.9252 0.6666, 1.2283 -0.2953 0.6666, 1.2473 -0.9252 0.6745, 1.2473 -0.2953 0.6745, 1.2676 -0.9252 0.6772, 1.2676 -0.2953 0.6772
            ]
        }
        coordIndex [
            0,1,2,-1,0,2,3,-1,3,2,4,-1,3,4,5,-1,5,4,6,-1,5,6,7,-1,7,6,8,-1,7,8,9,-1,9,8,10,-1,9,10,11,-1,11,10,12,-1,11,12,13,-1,
        ]
    }
}
Shape{
    appearance Appearance {
        material  Material 	{
            diffuseColor 1.0 1.0 1.0
            specularColor 0.5019607843137255 0.5019607843137255 0.5019607843137255
            ambientIntensity 1.0
            transparency 0.0
            shininess 0.5
        }
    }
    geometry IndexedFaceSet {
        ccw TRUE
        solid FALSE
        coord DEF co Coordinate {
            point [
                1.2873 -1.3386 0.5787, 1.2873 -0.9252 0.5787, 1.2873 -1.3386 0.0866, 1.2873 -0.9252 0.0866, 1.2873 -0.2953 0.5787, 1.2873 -0.1969 0.5787, 1.2873 -0.2953 0.0866, 1.2873 -0.1969 0.0866, 1.5511 -0.9147 0.0866, 1.5674 -0.9021 0.0866, 1.5826 -1.378 0.0866, 1.5799 -0.8858 0.0866, 1.5826 -0.8808 0.0866, 1.3267 -1.378 0.0866, 1.5117 -0.9252 0.0866, 1.5321 -0.9225 0.0866, 1.1889 0.5512 0.0866, 1.5826 0.5512 0.0866, 1.1889 0.4331 0.0866, 1.1889 -0.1969 0.0866, 1.5117 -0.2953 0.0866, 1.5321 -0.298 0.0866, 1.5511 -0.3058 0.0866, 1.5826 -0.3397 0.0866, 1.5799 -0.3347 0.0866, 1.5674 -0.3183 0.0866, 1.5039 -1.3386 0.6772, 1.5039 -0.9252 0.6772, 1.5039 -1.3386 0.5787, 1.5039 -0.9252 0.5787, 1.5039 -0.1969 0.6772, 1.5039 -0.1969 0.5787, 1.5039 -0.2953 0.6772, 1.5039 -0.2953 0.5787, 1.2676 -0.9252 0.6772, 1.1889 -0.1969 0.6772, 1.2676 -0.2953 0.6772, 1.1889 -1.3386 0.6772, 0.2598 -1.2598 0.5591, 0.2598 0.3078 0.5591, 0.5275 -1.2598 0.5591, 0.5275 0.3078 0.5591, -0.1339 -1.2598 0.5591, -0.1339 0.3078 0.5591, 0.1338 -1.2598 0.5591, 0.1338 0.3078 0.5591, -0.5276 -1.2598 0.5591, -0.5276 0.3078 0.5591, -0.2599 -1.2598 0.5591, -0.2599 0.3078 0.5591, 0.2598 -1.378 0.3622, 0.5275 -1.378 0.3622, 0.2598 0.5512 0.3622, 0.5275 0.5512 0.3622, 0.1338 0.5512 0.3622, -0.1339 0.5512 0.3622, 0.1338 -1.378 0.3622, -0.1339 -1.378 0.3622, -0.2599 0.5512 0.3622, -0.5276 0.5512 0.3622, -0.2599 -1.378 0.3622, -0.5276 -1.378 0.3622, 0.8739 0.2094 0.5591, 1.0708 0.2094 0.5591, 1.0708 0.111 0.5591, 1.12 -1.378 0.5591, 0.7952 -1.378 0.5591, 1.12 0.111 0.5591, 0.6771 -1.2598 0.5591, 0.6535 -1.2598 0.5591, 0.6535 0.3078 0.5591, 0.8739 0.3078 0.5591, 1.12 -1.3386 0.3622, 1.12 0.5512 0.3622, 0.6535 -1.3386 0.3622, 0.6535 0.5512 0.3622, -0.6536 0.1968 0.1965, -0.6536 0.1968 0.1178, -0.5276 0.1968 0.1965, -0.5276 0.1968 0.1178, -0.6536 -1.378 0.1965, -0.5276 -1.378 0.1965, -0.6536 -1.378 0.1178, -0.5276 -1.378 0.1178, -0.2599 0.1968 0.1965, -0.2599 0.1968 0.1178, -0.1339 0.1968 0.1965, -0.1339 0.1968 0.1178, -0.2599 -1.378 0.1965, -0.1339 -1.378 0.1965, -0.2599 -1.378 0.1178, -0.1339 -1.378 0.1178, -1.5827 0.5512 0.4464, -1.5827 0.5512 0.4781, -1.5138 0.5512 0.4409, 1.3169 0.5512 0.2047, 1.2676 0.5512 0.4016, 1.3169 0.5512 0.4409, 1.2676 0.5512 0.7165, 1.5137 0.5512 0.4409, 1.5826 0.5512 0.7165, -1.5827 0.5512 0.7165, -1.2678 0.5512 0.7165, -1.5827 0.5512 0.6866, -1.5827 0.5512 0.5817, -1.317 0.5512 0.4409, -1.2678 0.5512 0.4016, -1.317 0.5512 0.2047, -1.1201 0.5512 0.4016, -1.1201 0.5512 0.3622, -1.5827 0.5512 0.0866, -1.5138 0.5512 0.2047, -1.189 0.5512 0.0866, -1.189 0.5512 0.2047, -0.6536 0.5512 0.3622, -0.5276 0.5512 0.2555, -0.2599 0.5512 0.2555, -0.6536 0.5512 0.2555, 1.1889 0.5512 0.2047, -0.1339 0.5512 0.2555, 0.5275 0.5512 0.2555, 0.6535 0.5512 0.2555, 0.2598 0.5512 0.2555, 0.1338 0.5512 0.2555, 1.5137 0.5512 0.2047, 1.12 0.5512 0.4016, 1.12 0.111 0.4016, 1.12 -1.378 0.3228, -1.0709 0.111 0.5591, -1.0709 0.2094 0.5591, -0.8741 0.2094 0.5591, -0.756 -1.3386 0.5591, -1.1201 -1.3386 0.5591, -0.6772 -1.2598 0.5591, -1.1201 0.111 0.5591, -0.6536 -1.2598 0.5591, -0.8741 0.3078 0.5591, -0.6536 0.3078 0.5591, -1.1201 -1.378 0.5984, -1.1201 -1.378 0.3622, -1.1201 0.111 0.4016, 1.5826 -1.378 0.7953, 1.5826 -0.1969 0.7165, 1.5826 -0.1969 0.7953, -1.3268 -1.378 0.4409, -1.3268 -1.378 0.5394, -1.5138 -1.378 0.4409, -1.5434 -1.378 0.5394, -1.5434 -1.378 0.7165, -1.5827 -1.378 0.7513, -1.5827 -1.378 0.6866, -1.3268 -1.378 0.0866, -1.3268 -1.378 0.2047, -1.5827 -1.378 0.0866, -1.5138 -1.378 0.2047, -1.5827 -1.378 0.4464, -1.5827 -1.378 0.4781, -1.5827 -1.378 0.5817, -1.5827 -1.378 0.7953, -1.1497 -1.378 0.7165, -0.7953 -1.378 0.7953, -1.1497 -1.378 0.0079, 1.1495 -1.378 0.0079, -0.7953 -1.378 0.5984, -0.5276 -1.378 0.2555, -0.6536 -1.378 0.3622, -0.6536 -1.378 0.2555, 0.6535 -1.378 0.2555, 0.5275 -1.378 0.2555, 0.2598 -1.378 0.1178, 0.1338 -1.378 0.1178, 0.2598 -1.378 0.2555, 0.6535 -1.378 0.3228, 0.1338 -1.378 0.2555, -0.1339 -1.378 0.2555, -0.2599 -1.378 0.2555, 0.5275 -1.378 0.1178, 0.5275 -1.378 0.1965, 0.2598 -1.378 0.1965, 0.1338 -1.378 0.1965, 1.1495 -1.378 0.7165, 0.7952 -1.378 0.7953, 0.6535 -1.378 0.1178, 0.6535 -1.378 0.1965, 1.5432 -1.378 0.5394, 1.5432 -1.378 0.7165, 1.3267 -1.378 0.2047, 1.5137 -1.378 0.2047, 1.5137 -1.378 0.4409, 1.3267 -1.378 0.4409, 1.3267 -1.378 0.5394, -1.189 -1.3386 0.0079, -1.189 0.4331 0.0079, 1.1889 0.4331 0.0079, 1.1889 -1.3386 0.0079, -1.189 -0.9252 0.5984, -1.189 -1.3386 0.6772, -1.189 -0.1969 0.6772, -1.189 -0.1969 0.0866, -1.189 -0.2953 0.0866, -1.189 -0.2953 0.5984, -1.189 -0.9252 0.0866, -1.189 0.4331 0.0866, 1.1889 -0.2953 0.0394, 1.1889 -0.9252 0.0394, 1.1889 -0.9252 0.5984, 1.1889 -0.2953 0.5984, -1.317 -1.3681 0.2047, -1.317 -1.3681 0.4409, 1.3169 -1.3681 0.4409, 1.3169 -1.3681 0.2047, 1.1889 0.4331 0.2047, -1.189 0.4331 0.2047, 1.2676 0.111 0.4016, 1.2676 0.111 0.7165, -1.2678 0.111 0.4016, -1.2678 0.111 0.7165, 1.1889 0.111 0.7165, 1.1889 0.111 0.7953, 1.0708 0.111 0.7953, 1.0708 0.2094 0.7953, 0.8739 0.2094 0.7953, 0.8739 0.3078 0.7953, 0.6535 0.3078 0.6886, 0.5275 0.3078 0.6886, 0.1338 0.3078 0.6886, -0.1339 0.3078 0.6886, 0.2598 0.3078 0.6886, -0.8741 0.3078 0.7953, -0.2599 0.3078 0.6886, -0.6536 0.3078 0.6886, -0.5276 0.3078 0.6886, -0.8741 0.2094 0.7953, -1.0709 0.2094 0.7953, -1.0709 0.111 0.7953, 0.6535 0.1968 0.1965, 0.6535 0.1968 0.1178, 0.5275 0.1968 0.1178, 0.5275 0.1968 0.1965, 0.2598 0.1968 0.1965, 0.2598 0.1968 0.1178, 0.1338 0.1968 0.1178, 0.1338 0.1968 0.1965, 0.5275 -1.2598 0.6886, 0.6535 -1.2598 0.6886, -0.6536 -1.2598 0.6886, -0.5276 -1.2598 0.6886, -0.2599 -1.2598 0.6886, -0.1339 -1.2598 0.6886, 0.1338 -1.2598 0.6886, 0.2598 -1.2598 0.6886
            ]
        }
        coordIndex [
            0,1,2,-1,2,1,3,-1,4,5,6,-1,6,5,7,-1,8,9,10,-1,10,9,11,-1,10,11,12,-1,2,3,13,-1,13,3,14,-1,13,14,10,-1,10,14,15,-1,10,15,8,-1,16,17,18,-1,18,17,7,-1,18,7,19,-1,6,7,20,-1,20,7,17,-1,20,17,21,-1,21,17,22,-1,23,24,17,-1,17,24,25,-1,17,25,22,-1,26,27,28,-1,28,27,29,-1,30,31,32,-1,32,31,33,-1,28,29,0,-1,0,29,1,-1,33,31,4,-1,4,31,5,-1,34,27,26,-1,35,30,32,-1,32,36,35,-1,35,36,34,-1,35,34,37,-1,37,34,26,-1,38,39,40,-1,40,39,41,-1,42,43,44,-1,44,43,45,-1,46,47,48,-1,48,47,49,-1,50,51,52,-1,52,51,53,-1,54,55,56,-1,56,55,57,-1,58,59,60,-1,60,59,61,-1,62,63,64,-1,65,66,67,-1,67,66,68,-1,67,68,64,-1,64,68,69,-1,64,69,62,-1,62,69,70,-1,62,70,71,-1,72,73,74,-1,74,73,75,-1,76,77,78,-1,78,77,79,-1,76,78,80,-1,80,78,81,-1,77,76,82,-1,82,76,80,-1,79,77,83,-1,83,77,82,-1,78,79,81,-1,81,79,83,-1,84,85,86,-1,86,85,87,-1,84,86,88,-1,88,86,89,-1,85,84,90,-1,90,84,88,-1,87,85,91,-1,91,85,90,-1,86,87,89,-1,89,87,91,-1,92,93,94,-1,95,96,97,-1,97,96,98,-1,97,98,99,-1,99,98,100,-1,99,100,17,-1,101,102,103,-1,103,102,104,-1,93,104,94,-1,94,104,102,-1,94,102,105,-1,105,102,106,-1,105,106,107,-1,107,106,108,-1,107,108,109,-1,92,94,110,-1,110,94,111,-1,110,111,112,-1,112,111,107,-1,112,107,113,-1,113,107,109,-1,113,109,114,-1,59,58,115,-1,115,58,116,-1,114,117,113,-1,113,117,115,-1,113,115,118,-1,118,115,116,-1,118,116,119,-1,120,121,118,-1,122,52,53,-1,53,120,122,-1,122,120,118,-1,122,118,123,-1,123,118,119,-1,123,119,54,-1,54,119,55,-1,17,16,118,-1,118,95,17,-1,17,95,124,-1,17,124,99,-1,121,75,118,-1,118,75,73,-1,118,73,95,-1,95,73,125,-1,95,125,96,-1,65,67,126,-1,125,73,126,-1,126,73,72,-1,126,72,65,-1,65,72,127,-1,128,129,130,-1,131,132,133,-1,133,132,134,-1,133,134,135,-1,136,137,130,-1,130,137,135,-1,130,135,128,-1,128,135,134,-1,132,138,139,-1,109,108,140,-1,109,140,139,-1,139,140,134,-1,139,134,132,-1,141,10,12,-1,17,100,23,-1,23,100,142,-1,23,142,12,-1,12,142,143,-1,12,143,141,-1,144,145,146,-1,146,145,147,-1,148,149,150,-1,148,150,147,-1,151,152,153,-1,153,152,154,-1,153,154,155,-1,155,154,146,-1,155,146,156,-1,156,146,147,-1,156,147,157,-1,157,147,150,-1,149,148,158,-1,158,148,159,-1,158,159,160,-1,82,161,83,-1,83,161,162,-1,163,160,138,-1,138,160,159,-1,138,159,139,-1,139,159,161,-1,139,161,80,-1,80,161,82,-1,60,61,164,-1,165,139,166,-1,166,139,80,-1,166,80,164,-1,164,80,81,-1,164,81,60,-1,89,167,168,-1,162,169,170,-1,51,50,168,-1,168,50,171,-1,168,171,89,-1,127,172,167,-1,56,57,173,-1,173,57,174,-1,175,88,174,-1,174,88,89,-1,174,89,173,-1,173,89,171,-1,176,177,178,-1,177,127,178,-1,178,127,167,-1,178,167,179,-1,179,167,89,-1,179,89,170,-1,170,89,91,-1,170,91,162,-1,162,91,90,-1,162,90,83,-1,83,90,88,-1,83,88,81,-1,81,88,175,-1,81,175,60,-1,180,181,66,-1,66,65,180,-1,180,65,127,-1,180,127,162,-1,178,169,176,-1,176,169,162,-1,176,162,182,-1,182,162,127,-1,182,127,183,-1,183,127,177,-1,184,10,141,-1,181,180,141,-1,141,180,185,-1,141,185,184,-1,186,13,187,-1,187,13,10,-1,187,10,188,-1,188,10,184,-1,188,184,189,-1,189,184,190,-1,191,192,161,-1,161,192,193,-1,161,193,162,-1,162,193,194,-1,195,196,197,-1,196,195,191,-1,198,199,197,-1,197,199,200,-1,197,200,195,-1,195,201,191,-1,191,201,199,-1,191,199,192,-1,192,199,198,-1,192,198,202,-1,18,19,193,-1,193,19,203,-1,193,203,194,-1,194,203,204,-1,194,204,37,-1,37,204,205,-1,37,205,35,-1,35,205,206,-1,35,206,19,-1,19,206,203,-1,114,109,165,-1,165,109,139,-1,94,146,111,-1,111,146,154,-1,207,107,152,-1,152,107,111,-1,152,111,154,-1,208,105,207,-1,207,105,107,-1,105,208,94,-1,94,208,144,-1,94,144,146,-1,124,187,99,-1,99,187,188,-1,209,97,189,-1,189,97,99,-1,189,99,188,-1,210,95,209,-1,209,95,97,-1,95,210,124,-1,124,210,186,-1,124,186,187,-1,211,212,118,-1,118,212,113,-1,202,112,212,-1,212,112,113,-1,211,118,18,-1,18,118,16,-1,212,211,202,-1,202,211,18,-1,202,18,192,-1,192,18,193,-1,96,213,98,-1,98,213,214,-1,215,106,216,-1,216,106,102,-1,213,126,214,-1,214,126,67,-1,214,67,217,-1,217,67,64,-1,217,64,218,-1,218,64,219,-1,220,219,63,-1,63,219,64,-1,221,220,62,-1,62,220,63,-1,222,221,71,-1,71,221,62,-1,71,70,222,-1,222,70,223,-1,222,223,224,-1,45,43,225,-1,225,43,226,-1,41,39,224,-1,224,39,227,-1,224,227,222,-1,222,227,225,-1,222,225,228,-1,228,225,226,-1,228,226,229,-1,137,136,230,-1,230,136,228,-1,230,228,231,-1,231,228,229,-1,231,229,47,-1,47,229,49,-1,232,228,130,-1,130,228,136,-1,233,232,129,-1,129,232,130,-1,234,233,128,-1,128,233,129,-1,213,96,126,-1,126,96,125,-1,140,108,215,-1,215,108,106,-1,235,236,183,-1,183,236,182,-1,236,237,182,-1,182,237,176,-1,237,238,176,-1,176,238,177,-1,238,235,177,-1,177,235,183,-1,238,237,235,-1,235,237,236,-1,239,240,178,-1,178,240,169,-1,240,241,169,-1,169,241,170,-1,241,242,170,-1,170,242,179,-1,242,239,179,-1,179,239,178,-1,242,241,239,-1,239,241,240,-1,243,224,244,-1,244,224,223,-1,40,41,243,-1,243,41,224,-1,244,223,69,-1,69,223,70,-1,167,121,168,-1,168,121,120,-1,75,121,74,-1,74,121,167,-1,74,167,172,-1,168,120,51,-1,51,120,53,-1,245,230,246,-1,246,230,231,-1,135,137,245,-1,245,137,230,-1,246,231,46,-1,46,231,47,-1,247,229,248,-1,248,229,226,-1,48,49,247,-1,247,49,229,-1,248,226,42,-1,42,226,43,-1,249,225,250,-1,250,225,227,-1,44,45,249,-1,249,45,225,-1,250,227,38,-1,38,227,39,-1,164,61,115,-1,115,61,59,-1,117,114,166,-1,166,114,165,-1,115,117,164,-1,164,117,166,-1,174,57,119,-1,119,57,55,-1,116,58,175,-1,175,58,60,-1,119,116,174,-1,174,116,175,-1,171,50,122,-1,122,50,52,-1,123,54,173,-1,173,54,56,-1,122,123,171,-1,171,123,173,-1,
        ]
    }
}
Shape{
    appearance Appearance {
        material  Material 	{
            diffuseColor 0.0 0.0 0.0
            specularColor 0.0 0.0 0.0
            ambientIntensity 0.0
            transparency 0.0
            shininess 0.5
        }
    }
    geometry IndexedFaceSet {
        ccw TRUE
        solid FALSE
        coord DEF co Coordinate {
            point [
                -1.5867 -0.1823 0.6149, -1.5867 -0.1823 0.6058, -1.5827 -0.1823 0.6149, -1.5827 -0.1823 0.6058, -1.5867 -0.1504 0.6149, -1.5827 -0.1504 0.6149, -1.5867 -0.1504 0.6859, -1.5827 -0.1504 0.6859, -1.5867 -0.14 0.6859, -1.5827 -0.14 0.6859, -1.5867 -0.14 0.6058, -1.5827 -0.14 0.6058, -1.5827 -0.2455 0.6091, -1.5867 -0.2455 0.6091, -1.5867 -0.2441 0.6084, -1.5867 -0.2233 0.6045, -1.5827 -0.2233 0.6045, -1.5827 -0.2355 0.6056, -1.5867 -0.2355 0.6056, -1.5827 -0.2421 0.6078, -1.5827 -0.2441 0.6084, -1.5867 -0.2455 0.619, -1.5827 -0.2455 0.619, -1.5827 -0.2421 0.6175, -1.5867 -0.2376 0.6155, -1.5827 -0.2376 0.6155, -1.5827 -0.2286 0.6138, -1.5867 -0.2286 0.6138, -1.5827 -0.2248 0.6137, -1.5867 -0.2248 0.6137, -1.5827 -0.2168 0.6146, -1.5867 -0.2168 0.6146, -1.5827 -0.2111 0.6168, -1.5867 -0.2111 0.6168, -1.5827 -0.2058 0.6205, -1.5867 -0.2058 0.6205, -1.5827 -0.2042 0.6221, -1.5867 -0.2042 0.6221, -1.5827 -0.2003 0.6275, -1.5867 -0.2003 0.6275, -1.5827 -0.1978 0.634, -1.5867 -0.1978 0.634, -1.5827 -0.1965 0.642, -1.5867 -0.1965 0.642, -1.5827 -0.1964 0.6449, -1.5867 -0.1964 0.6449, -1.5827 -0.1977 0.656, -1.5867 -0.1977 0.656, -1.5827 -0.2004 0.6629, -1.5867 -0.2004 0.6629, -1.5827 -0.2048 0.669, -1.5867 -0.2048 0.669, -1.5827 -0.2103 0.6735, -1.5867 -0.2103 0.6735, -1.5827 -0.2165 0.6764, -1.5867 -0.2165 0.6764, -1.5827 -0.2235 0.6778, -1.5867 -0.2235 0.6778, -1.5827 -0.2266 0.6779, -1.5867 -0.2266 0.6779, -1.5827 -0.2365 0.6767, -1.5827 -0.2421 0.6746, -1.5867 -0.2446 0.6736, -1.5867 -0.2365 0.6767, -1.5827 -0.2446 0.6736, -1.5827 -0.2455 0.6731, -1.5867 -0.2455 0.6731, -1.5867 -0.2455 0.684, -1.5827 -0.2455 0.684, -1.5827 -0.2265 0.6872, -1.5867 -0.2265 0.6872, -1.5867 -0.2266 0.6872, -1.5827 -0.2421 0.6849, -1.5867 -0.2371 0.6864, -1.5827 -0.2371 0.6864, -1.5827 -0.2351 0.6866, -1.5827 -0.2266 0.6872, -1.5827 -0.221 0.6866, -1.5867 -0.2149 0.6858, -1.5827 -0.2149 0.6858, -1.5827 -0.2065 0.6825, -1.5867 -0.2065 0.6825, -1.5827 -0.199 0.6773, -1.5867 -0.199 0.6773, -1.5827 -0.1971 0.6754, -1.5867 -0.1971 0.6754, -1.5827 -0.1913 0.6679, -1.5827 -0.1891 0.6628, -1.5867 -0.1875 0.659, -1.5867 -0.1913 0.6679, -1.5827 -0.1875 0.659, -1.5827 -0.1857 0.6485, -1.5867 -0.1857 0.6485, -1.5827 -0.1855 0.6443, -1.5867 -0.1855 0.6443, -1.5827 -0.1871 0.6312, -1.5827 -0.1891 0.6262, -1.5867 -0.1904 0.6229, -1.5867 -0.1871 0.6312, -1.5827 -0.1904 0.6229, -1.5827 -0.1958 0.6154, -1.5867 -0.1958 0.6154, -1.5827 -0.2023 0.61, -1.5867 -0.2023 0.61, -1.5827 -0.2098 0.6065, -1.5867 -0.2098 0.6065, -1.5827 -0.2185 0.6047, -1.5867 -0.2185 0.6047, -1.5867 -0.3046 0.6149, -1.5867 -0.3046 0.6058, -1.5827 -0.3046 0.6149, -1.5827 -0.3046 0.6058, -1.5827 -0.2719 0.6149, -1.5867 -0.2719 0.6149, -1.5827 -0.2935 0.6149, -1.5867 -0.2719 0.6419, -1.5827 -0.2719 0.6419, -1.5867 -0.3005 0.6419, -1.5827 -0.2935 0.6419, -1.5827 -0.3005 0.6419, -1.5867 -0.3005 0.651, -1.5827 -0.3005 0.651, -1.5827 -0.2719 0.651, -1.5867 -0.2719 0.651, -1.5827 -0.2935 0.651, -1.5867 -0.2719 0.6767, -1.5827 -0.2719 0.6767, -1.5867 -0.3028 0.6767, -1.5827 -0.2935 0.6767, -1.5827 -0.3028 0.6767, -1.5867 -0.3028 0.6859, -1.5827 -0.3028 0.6859, -1.5827 -0.2615 0.6859, -1.5867 -0.2615 0.6859, -1.5827 -0.2935 0.6859, -1.5867 -0.2615 0.6058, -1.5827 -0.2615 0.6058, -1.5827 -0.2935 0.6058, -1.5867 -0.3728 0.617, -1.5867 -0.3646 0.6225, -1.5867 -0.3645 0.6111, -1.5867 -0.3595 0.6189, -1.5867 -0.3554 0.6075, -1.5867 -0.3529 0.6163, -1.5867 -0.3417 0.6058, -1.5867 -0.3417 0.6149, -1.5867 -0.3197 0.6058, -1.5867 -0.33 0.6149, -1.5867 -0.3197 0.6859, -1.5867 -0.33 0.6767, -1.5867 -0.3425 0.6859, -1.5867 -0.3421 0.6767, -1.5867 -0.3548 0.6845, -1.5867 -0.3524 0.6755, -1.5867 -0.3644 0.681, -1.5867 -0.3594 0.673, -1.5867 -0.3728 0.6753, -1.5867 -0.3652 0.6691, -1.5867 -0.3756 0.6726, -1.5867 -0.3674 0.667, -1.5867 -0.3806 0.6656, -1.5867 -0.3705 0.6625, -1.5867 -0.3835 0.658, -1.5867 -0.3728 0.6567, -1.5867 -0.3849 0.6469, -1.5867 -0.374 0.6466, -1.5867 -0.3847 0.6418, -1.5867 -0.3736 0.6402, -1.5867 -0.3827 0.6324, -1.5867 -0.3719 0.6332, -1.5867 -0.3788 0.6241, -1.5867 -0.3689 0.6274, -1.5867 -0.3655 0.6233, -1.5827 -0.3417 0.6058, -1.5827 -0.3197 0.6058, -1.5827 -0.3554 0.6075, -1.5827 -0.3645 0.6111, -1.5827 -0.3728 0.617, -1.5827 -0.3788 0.6241, -1.5827 -0.3827 0.6324, -1.5827 -0.3847 0.6418, -1.5827 -0.3849 0.6469, -1.5827 -0.3835 0.658, -1.5827 -0.3806 0.6656, -1.5827 -0.3756 0.6726, -1.5827 -0.3728 0.6753, -1.5827 -0.3644 0.681, -1.5827 -0.3548 0.6845, -1.5827 -0.3425 0.6859, -1.5827 -0.3197 0.6859, -1.5827 -0.3421 0.6767, -1.5827 -0.33 0.6767, -1.5827 -0.33 0.6149, -1.5827 -0.3417 0.6149, -1.5827 -0.3655 0.6233, -1.5827 -0.3646 0.6225, -1.5827 -0.3595 0.6189, -1.5827 -0.3529 0.6163, -1.5827 -0.374 0.6466, -1.5827 -0.3736 0.6402, -1.5827 -0.3719 0.6332, -1.5827 -0.3689 0.6274, -1.5827 -0.3652 0.6691, -1.5827 -0.3674 0.667, -1.5827 -0.3705 0.6625, -1.5827 -0.3728 0.6567, -1.5827 -0.3524 0.6755, -1.5827 -0.3594 0.673
            ]
        }
        coordIndex [
            0,1,2,-1,2,1,3,-1,4,0,5,-1,5,0,2,-1,6,4,7,-1,7,4,5,-1,8,6,9,-1,9,6,7,-1,10,8,11,-1,11,8,9,-1,1,10,3,-1,3,10,11,-1,6,8,4,-1,4,8,10,-1,4,10,0,-1,0,10,1,-1,12,13,14,-1,15,16,17,-1,15,17,18,-1,18,17,19,-1,18,19,14,-1,14,19,20,-1,14,20,12,-1,21,13,22,-1,22,13,12,-1,21,22,23,-1,21,23,24,-1,23,25,24,-1,24,25,26,-1,24,26,27,-1,27,26,28,-1,27,28,29,-1,29,28,30,-1,29,30,31,-1,31,30,32,-1,31,32,33,-1,33,32,34,-1,33,34,35,-1,35,34,36,-1,35,36,37,-1,37,36,38,-1,37,38,39,-1,39,38,40,-1,39,40,41,-1,41,40,42,-1,41,42,43,-1,43,42,44,-1,43,44,45,-1,45,44,46,-1,45,46,47,-1,47,46,48,-1,47,48,49,-1,49,48,50,-1,49,50,51,-1,51,50,52,-1,51,52,53,-1,53,52,54,-1,53,54,55,-1,55,54,56,-1,55,56,57,-1,57,56,58,-1,57,58,59,-1,59,58,60,-1,61,62,60,-1,60,62,63,-1,60,63,59,-1,61,64,62,-1,62,64,65,-1,62,65,66,-1,67,66,68,-1,68,66,65,-1,69,70,71,-1,67,68,72,-1,67,72,73,-1,72,74,73,-1,73,74,75,-1,73,75,71,-1,71,75,76,-1,71,76,69,-1,70,69,77,-1,70,77,78,-1,77,79,78,-1,78,79,80,-1,78,80,81,-1,81,80,82,-1,81,82,83,-1,83,82,84,-1,83,84,85,-1,85,84,86,-1,87,88,86,-1,86,88,89,-1,86,89,85,-1,87,90,88,-1,88,90,91,-1,88,91,92,-1,92,91,93,-1,92,93,94,-1,94,93,95,-1,96,97,95,-1,95,97,98,-1,95,98,94,-1,96,99,97,-1,97,99,100,-1,97,100,101,-1,101,100,102,-1,101,102,103,-1,103,102,104,-1,103,104,105,-1,105,104,106,-1,105,106,107,-1,107,106,16,-1,107,16,15,-1,62,66,67,-1,53,83,51,-1,51,83,85,-1,51,85,49,-1,49,85,89,-1,49,89,47,-1,62,67,63,-1,63,67,73,-1,63,73,59,-1,59,73,71,-1,59,71,57,-1,57,71,70,-1,57,70,55,-1,55,70,78,-1,55,78,53,-1,53,78,81,-1,53,81,83,-1,94,45,92,-1,92,45,47,-1,92,47,88,-1,88,47,89,-1,13,21,14,-1,14,21,24,-1,14,24,18,-1,18,24,27,-1,18,27,15,-1,15,27,29,-1,15,29,107,-1,107,29,31,-1,107,31,105,-1,105,31,33,-1,105,33,103,-1,103,33,35,-1,103,35,101,-1,101,35,37,-1,101,37,97,-1,97,37,39,-1,97,39,98,-1,98,39,41,-1,98,41,94,-1,94,41,43,-1,94,43,45,-1,108,109,110,-1,110,109,111,-1,112,113,114,-1,114,113,108,-1,114,108,110,-1,115,113,116,-1,116,113,112,-1,115,116,117,-1,117,116,118,-1,117,118,119,-1,120,117,121,-1,121,117,119,-1,122,123,124,-1,124,123,120,-1,124,120,121,-1,125,123,126,-1,126,123,122,-1,125,126,127,-1,127,126,128,-1,127,128,129,-1,130,127,131,-1,131,127,129,-1,132,133,134,-1,134,133,130,-1,134,130,131,-1,135,133,136,-1,136,133,132,-1,135,136,109,-1,109,136,137,-1,109,137,111,-1,117,120,115,-1,115,120,123,-1,109,108,135,-1,135,108,113,-1,127,130,125,-1,125,130,133,-1,125,133,123,-1,123,133,135,-1,123,135,115,-1,115,135,113,-1,138,139,140,-1,140,139,141,-1,140,141,142,-1,142,141,143,-1,142,143,144,-1,144,143,145,-1,144,145,146,-1,146,145,147,-1,146,147,148,-1,148,147,149,-1,148,149,150,-1,150,149,151,-1,150,151,152,-1,152,151,153,-1,152,153,154,-1,154,153,155,-1,154,155,156,-1,156,155,157,-1,156,157,158,-1,158,157,159,-1,158,159,160,-1,160,159,161,-1,160,161,162,-1,162,161,163,-1,162,163,164,-1,164,163,165,-1,164,165,166,-1,166,165,167,-1,166,167,168,-1,168,167,169,-1,168,169,170,-1,170,169,171,-1,170,171,138,-1,138,171,172,-1,138,172,139,-1,144,146,173,-1,173,146,174,-1,144,173,175,-1,144,175,142,-1,142,175,176,-1,142,176,140,-1,140,176,177,-1,140,177,138,-1,138,177,178,-1,138,178,170,-1,170,178,179,-1,170,179,168,-1,168,179,180,-1,168,180,166,-1,166,180,181,-1,166,181,164,-1,164,181,182,-1,164,182,162,-1,162,182,183,-1,162,183,160,-1,160,183,184,-1,160,184,158,-1,158,184,185,-1,158,185,156,-1,156,185,186,-1,156,186,154,-1,154,186,187,-1,154,187,152,-1,152,187,188,-1,152,188,150,-1,148,150,189,-1,189,150,188,-1,146,148,174,-1,174,148,189,-1,151,149,190,-1,190,149,191,-1,149,147,191,-1,191,147,192,-1,147,145,192,-1,192,145,193,-1,172,194,195,-1,172,195,139,-1,139,195,196,-1,139,196,141,-1,141,196,197,-1,141,197,143,-1,143,197,193,-1,143,193,145,-1,165,198,199,-1,165,199,167,-1,167,199,200,-1,167,200,169,-1,169,200,201,-1,169,201,171,-1,171,201,194,-1,171,194,172,-1,157,202,203,-1,157,203,159,-1,159,203,204,-1,159,204,161,-1,161,204,205,-1,161,205,163,-1,163,205,198,-1,163,198,165,-1,151,190,206,-1,151,206,153,-1,153,206,207,-1,153,207,155,-1,155,207,202,-1,155,202,157,-1,
        ]
    }
}
Shape{
    appearance Appearance {
        material  Material 	{
            diffuseColor 1.0 1.0 1.0
            specularColor 0.5019607843137255 0.5019607843137255 0.5019607843137255
            ambientIntensity 1.0
            transparency 0.0
            shininess 0.5
        }
    }
    geometry IndexedFaceSet {
        ccw TRUE
        solid FALSE
        coord DEF co Coordinate {
            point [
                -1.5827 -0.33 0.6767, -1.5827 -0.33 0.6149, -1.5827 -0.3421 0.6767, -1.5827 -0.3417 0.6149, -1.5827 -0.3646 0.6225, -1.5827 -0.3655 0.6233, -1.5827 -0.3689 0.6274, -1.5827 -0.3529 0.6163, -1.5827 -0.3595 0.6189, -1.5827 -0.3719 0.6332, -1.5827 -0.3736 0.6402, -1.5827 -0.374 0.6466, -1.5827 -0.3594 0.673, -1.5827 -0.3524 0.6755, -1.5827 -0.3652 0.6691, -1.5827 -0.3674 0.667, -1.5827 -0.3728 0.6567, -1.5827 -0.3705 0.6625
            ]
        }
        coordIndex [
            0,1,2,-1,2,1,3,-1,4,5,2,-1,2,5,6,-1,3,7,2,-1,2,7,8,-1,2,8,4,-1,6,9,2,-1,2,9,10,-1,2,10,11,-1,12,13,14,-1,14,13,2,-1,14,2,15,-1,11,16,2,-1,2,16,17,-1,2,17,15,-1,
        ]
    }
}
Shape{
    appearance Appearance {
        material  Material 	{
            diffuseColor 0.0 0.0 0.0
            specularColor 0.0 0.0 0.0
            ambientIntensity 0.0
            transparency 0.0
            shininess 0.5
        }
    }
    geometry IndexedFaceSet {
        ccw TRUE
        solid FALSE
        coord DEF co Coordinate {
            point [
                -1.5867 -0.4117 0.6368, -1.5867 -0.4237 0.67, -1.5867 -0.4198 0.6859, -1.5867 -0.3893 0.6058, -1.5867 -0.4008 0.6058, -1.5867 -0.4085 0.6277, -1.5867 -0.4244 0.6724, -1.5867 -0.425 0.6756, -1.5867 -0.4309 0.6859, -1.5867 -0.4253 0.6756, -1.5867 -0.4259 0.6723, -1.5867 -0.4265 0.67, -1.5867 -0.4386 0.6368, -1.5867 -0.4614 0.6058, -1.5867 -0.45 0.6058, -1.5867 -0.4418 0.6277, -1.5827 -0.4309 0.6859, -1.5827 -0.4614 0.6058, -1.5827 -0.4198 0.6859, -1.5827 -0.3893 0.6058, -1.5827 -0.4124 0.6664, -1.5827 -0.4008 0.6058, -1.5827 -0.4085 0.6277, -1.5827 -0.4418 0.6277, -1.5827 -0.4124 0.6277, -1.5827 -0.45 0.6058, -1.5827 -0.4117 0.6368, -1.5827 -0.4386 0.6368, -1.5827 -0.4265 0.67, -1.5827 -0.4253 0.6756, -1.5827 -0.4259 0.6723, -1.5827 -0.425 0.6756, -1.5827 -0.4237 0.67, -1.5827 -0.4244 0.6724
            ]
        }
        coordIndex [
            0,1,2,-1,3,4,5,-1,1,6,2,-1,2,6,7,-1,2,7,8,-1,8,7,9,-1,8,9,10,-1,10,11,8,-1,8,11,12,-1,8,12,13,-1,14,13,15,-1,15,13,12,-1,15,12,5,-1,5,12,0,-1,5,0,3,-1,3,0,2,-1,8,13,16,-1,16,13,17,-1,2,8,18,-1,18,8,16,-1,19,3,20,-1,20,3,2,-1,20,2,18,-1,4,3,21,-1,21,3,19,-1,5,4,22,-1,22,4,21,-1,23,15,24,-1,24,15,5,-1,24,5,22,-1,14,15,25,-1,25,15,23,-1,13,14,17,-1,17,14,25,-1,0,12,26,-1,26,12,27,-1,12,11,27,-1,27,11,28,-1,9,29,30,-1,9,30,10,-1,10,30,28,-1,10,28,11,-1,9,7,29,-1,29,7,31,-1,1,32,33,-1,1,33,6,-1,6,33,31,-1,6,31,7,-1,1,0,32,-1,32,0,26,-1,
        ]
    }
}
Shape{
    appearance Appearance {
        material  Material 	{
            diffuseColor 1.0 1.0 1.0
            specularColor 0.5019607843137255 0.5019607843137255 0.5019607843137255
            ambientIntensity 1.0
            transparency 0.0
            shininess 0.5
        }
    }
    geometry IndexedFaceSet {
        ccw TRUE
        solid FALSE
        coord DEF co Coordinate {
            point [
                -1.5827 -0.4253 0.6756, -1.5827 -0.425 0.6756, -1.5827 -0.4259 0.6723, -1.5827 -0.4244 0.6724, -1.5827 -0.4265 0.67, -1.5827 -0.4237 0.67, -1.5827 -0.4386 0.6368, -1.5827 -0.4117 0.6368
            ]
        }
        coordIndex [
            0,1,2,-1,2,1,3,-1,2,3,4,-1,4,3,5,-1,4,5,6,-1,6,5,7,-1,
        ]
    }
}
Shape{
    appearance Appearance {
        material  Material 	{
            diffuseColor 0.0 0.0 0.0
            specularColor 0.0 0.0 0.0
            ambientIntensity 0.0
            transparency 0.0
            shininess 0.5
        }
    }
    geometry IndexedFaceSet {
        ccw TRUE
        solid FALSE
        coord DEF co Coordinate {
            point [
                -1.5867 -0.1831 0.4879, -1.5867 -0.1831 0.4788, -1.5827 -0.1831 0.4879, -1.5827 -0.1831 0.4788, -1.5867 -0.1504 0.4879, -1.5827 -0.1504 0.4879, -1.5867 -0.1504 0.5148, -1.5827 -0.1504 0.5148, -1.5867 -0.179 0.5148, -1.5827 -0.179 0.5148, -1.5867 -0.179 0.524, -1.5827 -0.179 0.524, -1.5867 -0.1504 0.524, -1.5827 -0.1504 0.524, -1.5867 -0.1504 0.5496, -1.5827 -0.1504 0.5496, -1.5867 -0.1813 0.5496, -1.5827 -0.1813 0.5496, -1.5867 -0.1813 0.5589, -1.5827 -0.1813 0.5589, -1.5867 -0.14 0.5589, -1.5827 -0.14 0.5589, -1.5867 -0.14 0.4788, -1.5827 -0.14 0.4788, -1.5867 -0.2286 0.4788, -1.5867 -0.2387 0.4788, -1.5867 -0.2286 0.4876, -1.5867 -0.2387 0.5156, -1.5867 -0.2286 0.5151, -1.5867 -0.2067 0.5031, -1.5867 -0.209 0.5042, -1.5867 -0.2152 0.5057, -1.5867 -0.2286 0.5075, -1.5867 -0.2286 0.502, -1.5867 -0.225 0.5365, -1.5867 -0.2228 0.528, -1.5867 -0.229 0.5351, -1.5867 -0.2246 0.5268, -1.5867 -0.2283 0.5195, -1.5867 -0.2377 0.5241, -1.5867 -0.2273 0.5231, -1.5867 -0.236 0.5283, -1.5867 -0.2261 0.5252, -1.5867 -0.2339 0.5314, -1.5867 -0.2322 0.5331, -1.5867 -0.1983 0.532, -1.5867 -0.1983 0.5222, -1.5867 -0.2003 0.5331, -1.5867 -0.2052 0.5266, -1.5867 -0.2078 0.536, -1.5867 -0.2115 0.5286, -1.5867 -0.218 0.5373, -1.5867 -0.217 0.5291, -1.5867 -0.2205 0.5288, -1.5867 -0.2286 0.5013, -1.5867 -0.228 0.4969, -1.5867 -0.2265 0.4933, -1.5867 -0.2284 0.4876, -1.5867 -0.2243 0.4903, -1.5867 -0.2268 0.4853, -1.5867 -0.2231 0.4891, -1.5867 -0.2237 0.4819, -1.5867 -0.2202 0.4872, -1.5867 -0.22 0.4795, -1.5867 -0.2172 0.4861, -1.5867 -0.216 0.478, -1.5867 -0.2134 0.4857, -1.5867 -0.2108 0.4774, -1.5867 -0.2101 0.486, -1.5867 -0.2048 0.4781, -1.5867 -0.2078 0.4869, -1.5867 -0.201 0.4796, -1.5867 -0.2058 0.4882, -1.5867 -0.1976 0.4819, -1.5867 -0.2049 0.4891, -1.5867 -0.2117 0.5128, -1.5867 -0.2033 0.5106, -1.5867 -0.2055 0.5022, -1.5867 -0.1993 0.5084, -1.5867 -0.2043 0.5007, -1.5867 -0.1964 0.5056, -1.5867 -0.2035 0.4988, -1.5867 -0.1944 0.5024, -1.5867 -0.203 0.4965, -1.5867 -0.1932 0.4987, -1.5867 -0.2029 0.4949, -1.5867 -0.1927 0.4941, -1.5867 -0.2031 0.4926, -1.5867 -0.1933 0.4893, -1.5867 -0.2038 0.4908, -1.5867 -0.1945 0.4859, -1.5867 -0.1966 0.4829, -1.5827 -0.218 0.5373, -1.5827 -0.2078 0.536, -1.5827 -0.2003 0.5331, -1.5827 -0.1983 0.532, -1.5827 -0.1983 0.5222, -1.5827 -0.2052 0.5266, -1.5827 -0.2115 0.5286, -1.5827 -0.217 0.5291, -1.5827 -0.2205 0.5288, -1.5827 -0.2228 0.528, -1.5827 -0.2246 0.5268, -1.5827 -0.2261 0.5252, -1.5827 -0.2273 0.5231, -1.5827 -0.2283 0.5195, -1.5827 -0.2286 0.5151, -1.5827 -0.2117 0.5128, -1.5827 -0.2033 0.5106, -1.5827 -0.1993 0.5084, -1.5827 -0.1964 0.5056, -1.5827 -0.1944 0.5024, -1.5827 -0.1932 0.4987, -1.5827 -0.1927 0.4941, -1.5827 -0.1933 0.4893, -1.5827 -0.1945 0.4859, -1.5827 -0.1966 0.4829, -1.5827 -0.1976 0.4819, -1.5827 -0.2108 0.4774, -1.5827 -0.205 0.4781, -1.5827 -0.2048 0.4781, -1.5827 -0.201 0.4796, -1.5827 -0.216 0.478, -1.5827 -0.2163 0.4781, -1.5827 -0.22 0.4795, -1.5827 -0.2237 0.4819, -1.5827 -0.2268 0.4853, -1.5827 -0.2284 0.4876, -1.5827 -0.2286 0.4876, -1.5827 -0.2286 0.4788, -1.5827 -0.2387 0.4788, -1.5827 -0.2387 0.5156, -1.5827 -0.2377 0.5241, -1.5827 -0.236 0.5283, -1.5827 -0.2339 0.5314, -1.5827 -0.2322 0.5331, -1.5827 -0.229 0.5351, -1.5827 -0.225 0.5365, -1.5827 -0.2055 0.5022, -1.5827 -0.2067 0.5031, -1.5827 -0.209 0.5042, -1.5827 -0.2152 0.5057, -1.5827 -0.2029 0.4949, -1.5827 -0.203 0.4965, -1.5827 -0.2035 0.4988, -1.5827 -0.2043 0.5007, -1.5827 -0.2058 0.4882, -1.5827 -0.2049 0.4891, -1.5827 -0.2038 0.4908, -1.5827 -0.2031 0.4926, -1.5827 -0.2134 0.4857, -1.5827 -0.2101 0.486, -1.5827 -0.2078 0.4869, -1.5827 -0.2243 0.4903, -1.5827 -0.2231 0.4891, -1.5827 -0.2202 0.4872, -1.5827 -0.2172 0.4861, -1.5827 -0.2286 0.502, -1.5827 -0.2286 0.5013, -1.5827 -0.228 0.4969, -1.5827 -0.2265 0.4933, -1.5827 -0.2286 0.5075
            ]
        }
        coordIndex [
            0,1,2,-1,2,1,3,-1,4,0,5,-1,5,0,2,-1,6,4,7,-1,7,4,5,-1,8,6,9,-1,9,6,7,-1,10,8,11,-1,11,8,9,-1,12,10,13,-1,13,10,11,-1,14,12,15,-1,15,12,13,-1,16,14,17,-1,17,14,15,-1,18,16,19,-1,19,16,17,-1,20,18,21,-1,21,18,19,-1,22,20,23,-1,23,20,21,-1,1,22,3,-1,3,22,23,-1,16,18,14,-1,14,18,20,-1,14,20,12,-1,1,0,22,-1,22,0,4,-1,22,4,6,-1,8,10,6,-1,6,10,12,-1,6,12,22,-1,22,12,20,-1,24,25,26,-1,26,25,27,-1,28,29,30,-1,31,32,27,-1,27,32,33,-1,34,35,36,-1,36,35,37,-1,30,31,28,-1,28,31,27,-1,28,27,38,-1,38,27,39,-1,38,39,40,-1,40,39,41,-1,40,41,42,-1,42,41,43,-1,42,43,37,-1,37,43,44,-1,37,44,36,-1,45,46,47,-1,47,46,48,-1,47,48,49,-1,49,48,50,-1,49,50,51,-1,51,50,52,-1,51,52,34,-1,34,52,53,-1,34,53,35,-1,33,54,27,-1,27,54,55,-1,27,55,26,-1,26,55,56,-1,26,56,57,-1,57,56,58,-1,57,58,59,-1,59,58,60,-1,59,60,61,-1,61,60,62,-1,61,62,63,-1,63,62,64,-1,63,64,65,-1,65,64,66,-1,65,66,67,-1,67,66,68,-1,67,68,69,-1,69,68,70,-1,69,70,71,-1,71,70,72,-1,71,72,73,-1,73,72,74,-1,28,75,29,-1,29,75,76,-1,29,76,77,-1,77,76,78,-1,77,78,79,-1,79,78,80,-1,79,80,81,-1,81,80,82,-1,81,82,83,-1,83,82,84,-1,83,84,85,-1,85,84,86,-1,85,86,87,-1,87,86,88,-1,87,88,89,-1,89,88,90,-1,89,90,74,-1,74,90,91,-1,74,91,73,-1,51,92,93,-1,51,93,49,-1,49,93,94,-1,49,94,47,-1,47,94,95,-1,47,95,45,-1,46,45,96,-1,96,45,95,-1,46,96,97,-1,46,97,48,-1,48,97,98,-1,48,98,50,-1,50,98,99,-1,50,99,52,-1,52,99,100,-1,52,100,53,-1,53,100,101,-1,53,101,35,-1,35,101,102,-1,35,102,37,-1,37,102,103,-1,37,103,42,-1,42,103,104,-1,42,104,40,-1,40,104,105,-1,40,105,38,-1,38,105,106,-1,38,106,28,-1,75,28,107,-1,107,28,106,-1,75,107,108,-1,75,108,76,-1,76,108,109,-1,76,109,78,-1,78,109,110,-1,78,110,80,-1,80,110,111,-1,80,111,82,-1,82,111,112,-1,82,112,84,-1,84,112,113,-1,84,113,86,-1,86,113,114,-1,86,114,88,-1,88,114,115,-1,88,115,90,-1,90,115,116,-1,90,116,91,-1,91,116,117,-1,91,117,73,-1,118,67,119,-1,119,67,69,-1,119,69,120,-1,120,69,71,-1,120,71,121,-1,121,71,73,-1,121,73,117,-1,67,118,122,-1,67,122,65,-1,65,122,123,-1,65,123,63,-1,123,124,63,-1,63,124,125,-1,63,125,61,-1,61,125,126,-1,61,126,59,-1,59,126,127,-1,59,127,57,-1,26,57,128,-1,128,57,127,-1,24,26,129,-1,129,26,128,-1,25,24,130,-1,130,24,129,-1,27,25,131,-1,131,25,130,-1,27,131,132,-1,27,132,39,-1,39,132,133,-1,39,133,41,-1,41,133,134,-1,41,134,43,-1,43,134,135,-1,43,135,44,-1,44,135,136,-1,44,136,36,-1,36,136,137,-1,36,137,34,-1,34,137,92,-1,34,92,51,-1,77,138,139,-1,77,139,29,-1,29,139,140,-1,29,140,30,-1,30,140,141,-1,30,141,31,-1,85,142,143,-1,85,143,83,-1,83,143,144,-1,83,144,81,-1,81,144,145,-1,81,145,79,-1,79,145,138,-1,79,138,77,-1,72,146,147,-1,72,147,74,-1,74,147,148,-1,74,148,89,-1,89,148,149,-1,89,149,87,-1,87,149,142,-1,87,142,85,-1,66,150,151,-1,66,151,68,-1,68,151,152,-1,68,152,70,-1,70,152,146,-1,70,146,72,-1,58,153,154,-1,58,154,60,-1,60,154,155,-1,60,155,62,-1,62,155,156,-1,62,156,64,-1,64,156,150,-1,64,150,66,-1,33,157,158,-1,33,158,54,-1,54,158,159,-1,54,159,55,-1,55,159,160,-1,55,160,56,-1,56,160,153,-1,56,153,58,-1,33,32,157,-1,157,32,161,-1,32,31,161,-1,161,31,141,-1,
        ]
    }
}
Shape{
    appearance Appearance {
        material  Material 	{
            diffuseColor 1.0 1.0 1.0
            specularColor 0.5019607843137255 0.5019607843137255 0.5019607843137255
            ambientIntensity 1.0
            transparency 0.0
            shininess 0.5
        }
    }
    geometry IndexedFaceSet {
        ccw TRUE
        solid FALSE
        coord DEF co Coordinate {
            point [
                -1.5827 -0.2286 0.5013, -1.5827 -0.2286 0.502, -1.5827 -0.2055 0.5022, -1.5827 -0.2286 0.5075, -1.5827 -0.2152 0.5057, -1.5827 -0.209 0.5042, -1.5827 -0.2067 0.5031, -1.5827 -0.228 0.4969, -1.5827 -0.2043 0.5007, -1.5827 -0.2265 0.4933, -1.5827 -0.2049 0.4891, -1.5827 -0.2058 0.4882, -1.5827 -0.2231 0.4891, -1.5827 -0.2038 0.4908, -1.5827 -0.2202 0.4872, -1.5827 -0.2172 0.4861, -1.5827 -0.2134 0.4857, -1.5827 -0.2035 0.4988, -1.5827 -0.203 0.4965, -1.5827 -0.2243 0.4903, -1.5827 -0.2029 0.4949, -1.5827 -0.2031 0.4926, -1.5827 -0.2078 0.4869, -1.5827 -0.2101 0.486
            ]
        }
        coordIndex [
            0,1,2,-1,1,3,4,-1,4,5,1,-1,1,5,6,-1,1,6,2,-1,0,2,7,-1,7,2,8,-1,7,8,9,-1,10,11,12,-1,10,12,13,-1,14,12,15,-1,15,12,16,-1,8,17,9,-1,9,17,18,-1,9,18,19,-1,19,18,20,-1,19,20,12,-1,12,20,21,-1,12,21,13,-1,11,22,12,-1,12,22,23,-1,12,23,16,-1,
        ]
    }
}
Shape{
    appearance Appearance {
        material  Material 	{
            diffuseColor 0.0 0.0 0.0
            specularColor 0.0 0.0 0.0
            ambientIntensity 0.0
            transparency 0.0
            shininess 0.5
        }
    }
    geometry IndexedFaceSet {
        ccw TRUE
        solid FALSE
        coord DEF co Coordinate {
            point [
                -1.5827 -0.2522 0.4911, -1.5867 -0.2522 0.4911, -1.5867 -0.2559 0.4889, -1.5867 -0.2687 0.4856, -1.5827 -0.2687 0.4856, -1.5827 -0.2621 0.4864, -1.5867 -0.2621 0.4864, -1.5827 -0.2569 0.4885, -1.5827 -0.2559 0.4889, -1.5867 -0.2522 0.4808, -1.5827 -0.2522 0.4808, -1.5867 -0.2593 0.4783, -1.5827 -0.2569 0.4792, -1.5827 -0.2678 0.4774, -1.5867 -0.2678 0.4774, -1.5827 -0.2613 0.4781, -1.5827 -0.2593 0.4783, -1.5867 -0.2769 0.4785, -1.5827 -0.2734 0.4781, -1.5827 -0.2769 0.4785, -1.5827 -0.2821 0.4806, -1.5867 -0.2821 0.4806, -1.5827 -0.2844 0.482, -1.5867 -0.2844 0.482, -1.5827 -0.2873 0.4845, -1.5867 -0.2873 0.4845, -1.5827 -0.2892 0.4871, -1.5867 -0.2892 0.4871, -1.5827 -0.2904 0.4903, -1.5867 -0.2904 0.4903, -1.5827 -0.2909 0.4943, -1.5867 -0.2909 0.4943, -1.5827 -0.2904 0.4981, -1.5867 -0.2904 0.4981, -1.5827 -0.2894 0.501, -1.5867 -0.2894 0.501, -1.5827 -0.2875 0.5038, -1.5867 -0.2875 0.5038, -1.5827 -0.2851 0.5059, -1.5867 -0.2851 0.5059, -1.5827 -0.2785 0.5096, -1.5867 -0.2785 0.5096, -1.5827 -0.2746 0.5112, -1.5867 -0.2746 0.5112, -1.5827 -0.2684 0.5139, -1.5867 -0.2684 0.5139, -1.5827 -0.2648 0.5161, -1.5867 -0.2648 0.5161, -1.5827 -0.2639 0.5172, -1.5867 -0.2639 0.5172, -1.5827 -0.2631 0.5185, -1.5867 -0.2631 0.5185, -1.5827 -0.2627 0.5201, -1.5867 -0.2627 0.5201, -1.5827 -0.2626 0.5214, -1.5867 -0.2626 0.5214, -1.5827 -0.2628 0.523, -1.5867 -0.2628 0.523, -1.5827 -0.2633 0.5244, -1.5867 -0.2633 0.5244, -1.5827 -0.2642 0.5257, -1.5867 -0.2642 0.5257, -1.5827 -0.2657 0.527, -1.5867 -0.2657 0.527, -1.5827 -0.2679 0.5282, -1.5867 -0.2679 0.5282, -1.5827 -0.2706 0.5289, -1.5867 -0.2706 0.5289, -1.5827 -0.2736 0.5291, -1.5867 -0.2736 0.5291, -1.5827 -0.2806 0.5283, -1.5867 -0.2806 0.5283, -1.5827 -0.2863 0.5261, -1.5867 -0.2863 0.5261, -1.5827 -0.2881 0.525, -1.5867 -0.2881 0.525, -1.5867 -0.2881 0.5347, -1.5827 -0.2881 0.5347, -1.5827 -0.2816 0.5367, -1.5867 -0.2816 0.5367, -1.5827 -0.2746 0.5373, -1.5867 -0.2746 0.5373, -1.5827 -0.2666 0.5363, -1.5867 -0.2666 0.5363, -1.5827 -0.2612 0.5342, -1.5867 -0.2612 0.5342, -1.5827 -0.2587 0.5327, -1.5867 -0.2587 0.5327, -1.5827 -0.2569 0.5311, -1.5867 -0.2557 0.53, -1.5827 -0.2557 0.53, -1.5827 -0.2539 0.5273, -1.5867 -0.2539 0.5273, -1.5827 -0.2527 0.5241, -1.5867 -0.2527 0.5241, -1.5827 -0.2523 0.5205, -1.5867 -0.2523 0.5205, -1.5827 -0.2527 0.5166, -1.5867 -0.2527 0.5166, -1.5827 -0.2539 0.5136, -1.5867 -0.2539 0.5136, -1.5827 -0.2552 0.5115, -1.5867 -0.2552 0.5115, -1.5827 -0.2675 0.5039, -1.5867 -0.2675 0.5039, -1.5867 -0.2615 0.5067, -1.5827 -0.2568 0.5098, -1.5867 -0.2568 0.5098, -1.5827 -0.2569 0.5097, -1.5827 -0.2615 0.5067, -1.5827 -0.2741 0.5012, -1.5867 -0.2741 0.5012, -1.5827 -0.278 0.4988, -1.5867 -0.278 0.4988, -1.5827 -0.2792 0.4975, -1.5867 -0.2792 0.4975, -1.5827 -0.28 0.4962, -1.5867 -0.28 0.4962, -1.5827 -0.2805 0.4946, -1.5867 -0.2805 0.4946, -1.5827 -0.2806 0.4934, -1.5867 -0.2806 0.4934, -1.5827 -0.2804 0.4914, -1.5867 -0.2804 0.4914, -1.5827 -0.2799 0.49, -1.5867 -0.2799 0.49, -1.5827 -0.279 0.4887, -1.5867 -0.279 0.4887, -1.5827 -0.2778 0.4877, -1.5867 -0.2778 0.4877, -1.5827 -0.2769 0.4871, -1.5867 -0.2769 0.4871, -1.5827 -0.2743 0.4862, -1.5867 -0.2743 0.4862, -1.5827 -0.2692 0.4856, -1.5867 -0.2692 0.4856, -1.5867 -0.3406 0.536, -1.5867 -0.351 0.536, -1.5827 -0.3406 0.536, -1.5827 -0.351 0.536, -1.5867 -0.325 0.4929, -1.5827 -0.325 0.4929, -1.5827 -0.3242 0.4902, -1.5867 -0.3242 0.4902, -1.5827 -0.3237 0.4883, -1.5867 -0.3237 0.4883, -1.5867 -0.3235 0.4883, -1.5827 -0.3235 0.4883, -1.5867 -0.3222 0.493, -1.5827 -0.3222 0.493, -1.5827 -0.3073 0.536, -1.5867 -0.3073 0.536, -1.5827 -0.3121 0.522, -1.5867 -0.2961 0.536, -1.5827 -0.2961 0.536, -1.5827 -0.3185 0.4789, -1.5867 -0.3185 0.4789, -1.5827 -0.3121 0.4951, -1.5827 -0.3141 0.4685, -1.5867 -0.3141 0.4685, -1.5827 -0.3182 0.4781, -1.5827 -0.3121 0.4649, -1.5867 -0.3121 0.4648, -1.5827 -0.3121 0.4648, -1.5827 -0.3102 0.4627, -1.5867 -0.3102 0.4627, -1.5827 -0.3087 0.4617, -1.5867 -0.3087 0.4617, -1.5827 -0.3065 0.4608, -1.5867 -0.3065 0.4608, -1.5827 -0.3041 0.4604, -1.5867 -0.3041 0.4604, -1.5827 -0.3038 0.4604, -1.5867 -0.3038 0.4604, -1.5827 -0.3002 0.4609, -1.5867 -0.3002 0.4609, -1.5827 -0.2982 0.4616, -1.5867 -0.2982 0.4616, -1.5867 -0.2982 0.4527, -1.5827 -0.2982 0.4527, -1.5827 -0.3024 0.4519, -1.5867 -0.3024 0.4519, -1.5827 -0.3046 0.4518, -1.5867 -0.3046 0.4518, -1.5827 -0.309 0.4524, -1.5867 -0.309 0.4524, -1.5827 -0.3121 0.4537, -1.5867 -0.3129 0.454, -1.5827 -0.3129 0.454, -1.5827 -0.3163 0.4564, -1.5867 -0.3163 0.4564, -1.5827 -0.3204 0.4612, -1.5867 -0.3204 0.4612, -1.5827 -0.325 0.4701, -1.5867 -0.325 0.4701, -1.5827 -0.3282 0.4781, -1.5867 -0.4049 0.4879, -1.5867 -0.4049 0.4788, -1.5827 -0.4049 0.4879, -1.5827 -0.4049 0.4788, -1.5827 -0.3721 0.4879, -1.5867 -0.3721 0.4879, -1.5827 -0.3871 0.4879, -1.5867 -0.3721 0.5148, -1.5827 -0.3721 0.5148, -1.5827 -0.4008 0.5148, -1.5867 -0.4008 0.5148, -1.5827 -0.3871 0.5148, -1.5867 -0.4008 0.524, -1.5827 -0.4008 0.524, -1.5827 -0.3721 0.524, -1.5867 -0.3721 0.524, -1.5827 -0.3871 0.524, -1.5867 -0.3721 0.5496, -1.5827 -0.3721 0.5496, -1.5827 -0.403 0.5496, -1.5867 -0.403 0.5496, -1.5827 -0.3871 0.5496, -1.5867 -0.403 0.5589, -1.5827 -0.403 0.5589, -1.5827 -0.3618 0.5589, -1.5867 -0.3618 0.5589, -1.5827 -0.3871 0.5589, -1.5867 -0.3618 0.4788, -1.5827 -0.3618 0.4788, -1.5827 -0.3871 0.4788, -1.5867 -0.4731 0.49, -1.5867 -0.4649 0.4955, -1.5867 -0.4648 0.484, -1.5867 -0.4597 0.4918, -1.5867 -0.4557 0.4805, -1.5867 -0.4531 0.4893, -1.5867 -0.442 0.4788, -1.5867 -0.4419 0.4879, -1.5867 -0.42 0.4788, -1.5867 -0.4303 0.4879, -1.5867 -0.42 0.5589, -1.5867 -0.4303 0.5496, -1.5867 -0.4428 0.5589, -1.5867 -0.4424 0.5496, -1.5867 -0.455 0.5575, -1.5867 -0.4527 0.5485, -1.5867 -0.4647 0.554, -1.5867 -0.4597 0.546, -1.5867 -0.4731 0.5483, -1.5867 -0.4655 0.5421, -1.5867 -0.4759 0.5455, -1.5867 -0.4677 0.54, -1.5867 -0.4808 0.5386, -1.5867 -0.4708 0.5355, -1.5867 -0.4838 0.5309, -1.5867 -0.4731 0.5297, -1.5867 -0.4852 0.5198, -1.5867 -0.4743 0.5196, -1.5867 -0.4849 0.5148, -1.5867 -0.4739 0.5132, -1.5867 -0.483 0.5054, -1.5867 -0.4721 0.5062, -1.5867 -0.4791 0.4971, -1.5867 -0.4692 0.5004, -1.5867 -0.4657 0.4963, -1.5827 -0.442 0.4788, -1.5827 -0.42 0.4788, -1.5827 -0.4557 0.4805, -1.5827 -0.4648 0.484, -1.5827 -0.4731 0.49, -1.5827 -0.4791 0.4971, -1.5827 -0.483 0.5054, -1.5827 -0.4849 0.5148, -1.5827 -0.4852 0.5198, -1.5827 -0.4838 0.5309, -1.5827 -0.4808 0.5386, -1.5827 -0.4759 0.5455, -1.5827 -0.4731 0.5483, -1.5827 -0.4647 0.554, -1.5827 -0.455 0.5575, -1.5827 -0.4428 0.5589, -1.5827 -0.42 0.5589, -1.5827 -0.4424 0.5496, -1.5827 -0.4303 0.5496, -1.5827 -0.4303 0.4879, -1.5827 -0.4419 0.4879, -1.5827 -0.4657 0.4963, -1.5827 -0.4649 0.4955, -1.5827 -0.4597 0.4918, -1.5827 -0.4531 0.4893, -1.5827 -0.4743 0.5196, -1.5827 -0.4739 0.5132, -1.5827 -0.4721 0.5062, -1.5827 -0.4692 0.5004, -1.5827 -0.4655 0.5421, -1.5827 -0.4677 0.54, -1.5827 -0.4708 0.5355, -1.5827 -0.4731 0.5297, -1.5827 -0.4527 0.5485, -1.5827 -0.4597 0.546
            ]
        }
        coordIndex [
            0,1,2,-1,3,4,5,-1,3,5,6,-1,6,5,7,-1,6,7,2,-1,2,7,8,-1,2,8,0,-1,9,1,10,-1,10,1,0,-1,9,10,11,-1,11,10,12,-1,13,14,15,-1,15,14,11,-1,15,11,16,-1,16,11,12,-1,14,13,17,-1,17,13,18,-1,18,19,17,-1,17,19,20,-1,17,20,21,-1,21,20,22,-1,21,22,23,-1,23,22,24,-1,23,24,25,-1,25,24,26,-1,25,26,27,-1,27,26,28,-1,27,28,29,-1,29,28,30,-1,29,30,31,-1,31,30,32,-1,31,32,33,-1,33,32,34,-1,33,34,35,-1,35,34,36,-1,35,36,37,-1,37,36,38,-1,37,38,39,-1,39,38,40,-1,39,40,41,-1,41,40,42,-1,41,42,43,-1,43,42,44,-1,43,44,45,-1,45,44,46,-1,45,46,47,-1,47,46,48,-1,47,48,49,-1,49,48,50,-1,49,50,51,-1,51,50,52,-1,51,52,53,-1,53,52,54,-1,53,54,55,-1,55,54,56,-1,55,56,57,-1,57,56,58,-1,57,58,59,-1,59,58,60,-1,59,60,61,-1,61,60,62,-1,61,62,63,-1,63,62,64,-1,63,64,65,-1,65,64,66,-1,65,66,67,-1,67,66,68,-1,67,68,69,-1,69,68,70,-1,69,70,71,-1,71,70,72,-1,71,72,73,-1,73,72,74,-1,73,74,75,-1,76,75,77,-1,77,75,74,-1,76,77,78,-1,76,78,79,-1,79,78,80,-1,79,80,81,-1,81,80,82,-1,81,82,83,-1,83,82,84,-1,83,84,85,-1,85,84,86,-1,85,86,87,-1,86,88,87,-1,87,88,89,-1,88,90,89,-1,89,90,91,-1,89,91,92,-1,92,91,93,-1,92,93,94,-1,94,93,95,-1,94,95,96,-1,96,95,97,-1,96,97,98,-1,98,97,99,-1,98,99,100,-1,100,99,101,-1,100,101,102,-1,103,104,105,-1,102,101,106,-1,102,106,107,-1,107,106,108,-1,107,108,105,-1,105,108,109,-1,105,109,103,-1,104,103,110,-1,104,110,111,-1,111,110,112,-1,111,112,113,-1,113,112,114,-1,113,114,115,-1,115,114,116,-1,115,116,117,-1,117,116,118,-1,117,118,119,-1,119,118,120,-1,119,120,121,-1,121,120,122,-1,121,122,123,-1,123,122,124,-1,123,124,125,-1,125,124,126,-1,125,126,127,-1,127,126,128,-1,127,128,129,-1,129,128,130,-1,129,130,131,-1,131,130,132,-1,131,132,133,-1,133,132,134,-1,133,134,135,-1,135,134,4,-1,135,4,3,-1,59,61,87,-1,87,61,85,-1,85,61,63,-1,85,63,83,-1,125,25,27,-1,111,43,104,-1,104,43,45,-1,125,27,123,-1,123,27,29,-1,123,29,121,-1,121,29,31,-1,121,31,119,-1,119,31,33,-1,119,33,117,-1,117,33,35,-1,117,35,115,-1,115,35,37,-1,115,37,113,-1,113,37,39,-1,113,39,111,-1,111,39,41,-1,111,41,43,-1,25,125,23,-1,23,125,127,-1,23,127,21,-1,14,3,11,-1,11,3,6,-1,11,6,9,-1,9,6,2,-1,9,2,1,-1,63,65,83,-1,83,65,67,-1,83,67,81,-1,81,67,69,-1,81,69,79,-1,79,69,71,-1,79,71,76,-1,76,71,73,-1,76,73,75,-1,127,129,21,-1,21,129,131,-1,21,131,17,-1,17,131,133,-1,17,133,14,-1,14,133,135,-1,14,135,3,-1,87,89,59,-1,59,89,92,-1,59,92,57,-1,57,92,94,-1,57,94,55,-1,55,94,96,-1,55,96,53,-1,53,96,98,-1,53,98,51,-1,51,98,100,-1,51,100,49,-1,49,100,102,-1,49,102,47,-1,47,102,107,-1,47,107,45,-1,45,107,105,-1,45,105,104,-1,136,137,138,-1,138,137,139,-1,140,136,141,-1,141,136,138,-1,140,141,142,-1,140,142,143,-1,143,142,144,-1,143,144,145,-1,146,145,147,-1,147,145,144,-1,148,146,149,-1,149,146,147,-1,150,151,152,-1,152,151,148,-1,152,148,149,-1,153,151,154,-1,154,151,150,-1,155,156,157,-1,157,156,153,-1,157,153,154,-1,158,159,160,-1,160,159,156,-1,160,156,155,-1,158,161,159,-1,159,161,162,-1,161,163,162,-1,162,163,164,-1,162,164,165,-1,165,164,166,-1,165,166,167,-1,167,166,168,-1,167,168,169,-1,169,168,170,-1,169,170,171,-1,171,170,172,-1,171,172,173,-1,173,172,174,-1,173,174,175,-1,175,174,176,-1,175,176,177,-1,178,177,179,-1,179,177,176,-1,178,179,180,-1,178,180,181,-1,181,180,182,-1,181,182,183,-1,183,182,184,-1,183,184,185,-1,185,184,186,-1,185,186,187,-1,186,188,187,-1,187,188,189,-1,187,189,190,-1,190,189,191,-1,190,191,192,-1,192,191,193,-1,192,193,194,-1,139,137,195,-1,195,137,194,-1,195,194,193,-1,143,145,194,-1,137,136,194,-1,194,136,140,-1,194,140,143,-1,151,153,148,-1,148,153,156,-1,148,156,146,-1,145,146,194,-1,194,146,156,-1,194,156,192,-1,156,159,192,-1,192,159,162,-1,192,162,190,-1,190,162,165,-1,190,165,187,-1,187,165,167,-1,187,167,185,-1,185,167,169,-1,185,169,183,-1,183,169,171,-1,183,171,181,-1,181,171,173,-1,181,173,178,-1,178,173,175,-1,178,175,177,-1,196,197,198,-1,198,197,199,-1,200,201,202,-1,202,201,196,-1,202,196,198,-1,203,201,204,-1,204,201,200,-1,205,206,207,-1,207,206,203,-1,207,203,204,-1,208,206,209,-1,209,206,205,-1,210,211,212,-1,212,211,208,-1,212,208,209,-1,213,211,214,-1,214,211,210,-1,215,216,217,-1,217,216,213,-1,217,213,214,-1,218,216,219,-1,219,216,215,-1,220,221,222,-1,222,221,218,-1,222,218,219,-1,223,221,224,-1,224,221,220,-1,199,197,225,-1,225,197,223,-1,225,223,224,-1,223,197,196,-1,196,201,223,-1,223,201,203,-1,223,203,221,-1,216,218,213,-1,213,218,221,-1,213,221,211,-1,211,221,203,-1,211,203,208,-1,208,203,206,-1,226,227,228,-1,228,227,229,-1,228,229,230,-1,230,229,231,-1,230,231,232,-1,232,231,233,-1,232,233,234,-1,234,233,235,-1,234,235,236,-1,236,235,237,-1,236,237,238,-1,238,237,239,-1,238,239,240,-1,240,239,241,-1,240,241,242,-1,242,241,243,-1,242,243,244,-1,244,243,245,-1,244,245,246,-1,246,245,247,-1,246,247,248,-1,248,247,249,-1,248,249,250,-1,250,249,251,-1,250,251,252,-1,252,251,253,-1,252,253,254,-1,254,253,255,-1,254,255,256,-1,256,255,257,-1,256,257,258,-1,258,257,259,-1,258,259,226,-1,226,259,260,-1,226,260,227,-1,232,234,261,-1,261,234,262,-1,232,261,263,-1,232,263,230,-1,230,263,264,-1,230,264,228,-1,228,264,265,-1,228,265,226,-1,226,265,266,-1,226,266,258,-1,258,266,267,-1,258,267,256,-1,256,267,268,-1,256,268,254,-1,254,268,269,-1,254,269,252,-1,252,269,270,-1,252,270,250,-1,250,270,271,-1,250,271,248,-1,248,271,272,-1,248,272,246,-1,246,272,273,-1,246,273,244,-1,244,273,274,-1,244,274,242,-1,242,274,275,-1,242,275,240,-1,240,275,276,-1,240,276,238,-1,236,238,277,-1,277,238,276,-1,234,236,262,-1,262,236,277,-1,239,237,278,-1,278,237,279,-1,237,235,279,-1,279,235,280,-1,235,233,280,-1,280,233,281,-1,260,282,283,-1,260,283,227,-1,227,283,284,-1,227,284,229,-1,229,284,285,-1,229,285,231,-1,231,285,281,-1,231,281,233,-1,253,286,287,-1,253,287,255,-1,255,287,288,-1,255,288,257,-1,257,288,289,-1,257,289,259,-1,259,289,282,-1,259,282,260,-1,245,290,291,-1,245,291,247,-1,247,291,292,-1,247,292,249,-1,249,292,293,-1,249,293,251,-1,251,293,286,-1,251,286,253,-1,239,278,294,-1,239,294,241,-1,241,294,295,-1,241,295,243,-1,243,295,290,-1,243,290,245,-1,
        ]
    }
}
Shape{
    appearance Appearance {
        material  Material 	{
            diffuseColor 1.0 1.0 1.0
            specularColor 0.5019607843137255 0.5019607843137255 0.5019607843137255
            ambientIntensity 1.0
            transparency 0.0
            shininess 0.5
        }
    }
    geometry IndexedFaceSet {
        ccw TRUE
        solid FALSE
        coord DEF co Coordinate {
            point [
                -1.5827 -0.4303 0.5496, -1.5827 -0.4303 0.4879, -1.5827 -0.4424 0.5496, -1.5827 -0.4419 0.4879, -1.5827 -0.4649 0.4955, -1.5827 -0.4657 0.4963, -1.5827 -0.4692 0.5004, -1.5827 -0.4531 0.4893, -1.5827 -0.4597 0.4918, -1.5827 -0.4721 0.5062, -1.5827 -0.4739 0.5132, -1.5827 -0.4743 0.5196, -1.5827 -0.4597 0.546, -1.5827 -0.4527 0.5485, -1.5827 -0.4655 0.5421, -1.5827 -0.4677 0.54, -1.5827 -0.4731 0.5297, -1.5827 -0.4708 0.5355
            ]
        }
        coordIndex [
            0,1,2,-1,2,1,3,-1,4,5,2,-1,2,5,6,-1,3,7,2,-1,2,7,8,-1,2,8,4,-1,6,9,2,-1,2,9,10,-1,2,10,11,-1,12,13,14,-1,14,13,2,-1,14,2,15,-1,11,16,2,-1,2,16,17,-1,2,17,15,-1,
        ]
    }
}
Shape{
    appearance Appearance {
        material  Material 	{
            diffuseColor 0.0 0.0 0.0
            specularColor 0.0 0.0 0.0
            ambientIntensity 0.0
            transparency 0.0
            shininess 0.5
        }
    }
    geometry IndexedFaceSet {
        ccw TRUE
        solid FALSE
        coord DEF co Coordinate {
            point [
                -1.5867 -0.512 0.5097, -1.5867 -0.524 0.543, -1.5867 -0.5201 0.5589, -1.5867 -0.4896 0.4788, -1.5867 -0.501 0.4788, -1.5867 -0.5087 0.5007, -1.5867 -0.5247 0.5454, -1.5867 -0.5253 0.5486, -1.5867 -0.5312 0.5589, -1.5867 -0.5255 0.5486, -1.5867 -0.5262 0.5452, -1.5867 -0.5268 0.543, -1.5867 -0.5389 0.5097, -1.5867 -0.5617 0.4788, -1.5867 -0.5502 0.4788, -1.5867 -0.5421 0.5007, -1.5827 -0.5312 0.5589, -1.5827 -0.5617 0.4788, -1.5827 -0.5201 0.5589, -1.5827 -0.4896 0.4788, -1.5827 -0.501 0.4788, -1.5827 -0.5087 0.5007, -1.5827 -0.5421 0.5007, -1.5827 -0.5502 0.4788, -1.5827 -0.512 0.5097, -1.5827 -0.5389 0.5097, -1.5827 -0.5268 0.543, -1.5827 -0.5255 0.5486, -1.5827 -0.5262 0.5452, -1.5827 -0.5253 0.5486, -1.5827 -0.524 0.543, -1.5827 -0.5247 0.5454
            ]
        }
        coordIndex [
            0,1,2,-1,3,4,5,-1,1,6,2,-1,2,6,7,-1,2,7,8,-1,8,7,9,-1,8,9,10,-1,10,11,8,-1,8,11,12,-1,8,12,13,-1,14,13,15,-1,15,13,12,-1,15,12,5,-1,5,12,0,-1,5,0,3,-1,3,0,2,-1,8,13,16,-1,16,13,17,-1,2,8,18,-1,18,8,16,-1,3,2,19,-1,19,2,18,-1,4,3,20,-1,20,3,19,-1,5,4,21,-1,21,4,20,-1,15,5,22,-1,22,5,21,-1,14,15,23,-1,23,15,22,-1,13,14,17,-1,17,14,23,-1,0,12,24,-1,24,12,25,-1,12,11,25,-1,25,11,26,-1,9,27,28,-1,9,28,10,-1,10,28,26,-1,10,26,11,-1,9,7,27,-1,27,7,29,-1,1,30,31,-1,1,31,6,-1,6,31,29,-1,6,29,7,-1,1,0,30,-1,30,0,24,-1,
        ]
    }
}
Shape{
    appearance Appearance {
        material  Material 	{
            diffuseColor 1.0 1.0 1.0
            specularColor 0.5019607843137255 0.5019607843137255 0.5019607843137255
            ambientIntensity 1.0
            transparency 0.0
            shininess 0.5
        }
    }
    geometry IndexedFaceSet {
        ccw TRUE
        solid FALSE
        coord DEF co Coordinate {
            point [
                -1.5827 -0.5255 0.5486, -1.5827 -0.5253 0.5486, -1.5827 -0.5262 0.5452, -1.5827 -0.5247 0.5454, -1.5827 -0.5268 0.543, -1.5827 -0.524 0.543, -1.5827 -0.5389 0.5097, -1.5827 -0.512 0.5097
            ]
        }
        coordIndex [
            0,1,2,-1,2,1,3,-1,2,3,4,-1,4,3,5,-1,4,5,6,-1,6,5,7,-1,
        ]
    }
}
Shape{
    appearance Appearance {
        material  Material 	{
            diffuseColor 0.0 0.0 0.0
            specularColor 0.0 0.0 0.0
            ambientIntensity 0.0
            transparency 0.0
            shininess 0.5
        }
    }
    geometry IndexedFaceSet {
        ccw TRUE
        solid FALSE
        coord DEF co Coordinate {
            point [
                -1.5867 0.2136 0.4675, -1.5867 0.2051 0.457, -1.5867 0.2187 0.5178, -1.5867 0.0286 0.5457, -1.5867 0.0462 0.5759, -1.5867 0.1225 0.536, -1.5867 0.161 0.519, -1.5867 0.1557 0.5171, -1.5867 -0.0392 0.5576, -1.5867 -0.0378 0.5466, -1.5867 -0.0717 0.5374, -1.5867 0.1511 0.514, -1.5867 0.1475 0.5099, -1.5867 0.1083 0.5036, -1.5867 0.2311 0.5254, -1.5867 0.2288 0.4826, -1.5867 0.2193 0.4796, -1.5867 0.145 0.5052, -1.5867 0.1437 0.4999, -1.5867 0.1083 0.4979, -1.5867 0.1437 0.4948, -1.5867 0.1806 0.4808, -1.5867 0.1761 0.4776, -1.5867 0.194 0.4486, -1.5867 0.1708 0.4757, -1.5867 0.0098 0.602, -1.5867 0.0052 0.602, -1.5867 -0.0181 0.6328, -1.5867 -0.0056 0.6007, -1.5867 -0.0212 0.6317, -1.5867 -0.0155 0.5969, -1.5867 -0.0381 0.6233, -1.5867 -0.0535 0.6102, -1.5867 0.1699 0.6208, -1.5867 0.1658 0.6186, -1.5867 0.1834 0.6601, -1.5867 0.1575 0.6359, -1.5867 0.1718 0.6737, -1.5867 0.1449 0.6513, -1.5867 0.1584 0.6852, -1.5867 0.1291 0.6629, -1.5867 0.1446 0.6937, -1.5867 0.1706 0.519, -1.5867 0.1788 0.5537, -1.5867 0.1756 0.5172, -1.5867 0.1913 0.5489, -1.5867 0.1802 0.5142, -1.5867 0.203 0.5408, -1.5867 0.1839 0.5101, -1.5867 0.2124 0.5301, -1.5867 0.1865 0.5052, -1.5867 0.1878 0.4997, -1.5867 -0.0645 0.5194, -1.5867 -0.0339 0.5364, -1.5867 -0.0534 0.5041, -1.5867 0.0126 0.6778, -1.5867 0.0335 0.6502, -1.5867 -0.0059 0.6563, -1.5867 0.021 0.6346, -1.5867 0.0127 0.616, -1.5867 0.2413 0.5359, -1.5867 0.2648 0.507, -1.5867 0.2491 0.4932, -1.5867 0.2512 0.5839, -1.5867 0.2885 0.5753, -1.5867 0.2529 0.5702, -1.5867 0.2887 0.569, -1.5867 0.2522 0.5615, -1.5867 0.2865 0.5488, -1.5867 0.2481 0.5475, -1.5867 0.2788 0.5275, -1.5867 0.2667 0.5092, -1.5867 0.1445 0.5515, -1.5867 0.1583 0.5549, -1.5867 0.1652 0.5554, -1.5867 -0.0243 0.5907, -1.5867 -0.031 0.5833, -1.5867 -0.065 0.5939, -1.5867 -0.0362 0.5735, -1.5867 -0.0719 0.5765, -1.5867 -0.0389 0.5626, -1.5867 -0.0745 0.5582, -1.5867 -0.0744 0.556, -1.5867 -0.0276 0.5275, -1.5867 -0.0268 0.5267, -1.5867 -0.0375 0.4908, -1.5867 -0.0184 0.5198, -1.5867 -0.0201 0.4824, -1.5867 -0.0083 0.5152, -1.5867 -0.0016 0.4785, -1.5867 0.0018 0.5132, -1.5867 0.032 0.4785, -1.5867 0.0274 0.5132, -1.5867 0.035 0.479, -1.5867 0.1183 0.7039, -1.5867 0.1105 0.6705, -1.5867 0.0901 0.7074, -1.5867 0.0895 0.6732, -1.5867 0.0666 0.7049, -1.5867 0.0708 0.671, -1.5867 0.038 0.6948, -1.5867 0.0529 0.6643, -1.5867 0.0368 0.6533, -1.5867 0.1827 0.6255, -1.5867 0.19 0.6609, -1.5867 0.1959 0.6271, -1.5867 0.1965 0.6612, -1.5867 0.2018 0.6268, -1.5867 0.2169 0.659, -1.5867 0.2158 0.6235, -1.5867 0.2381 0.6513, -1.5867 0.2285 0.6168, -1.5867 0.2572 0.6384, -1.5867 0.2384 0.608, -1.5867 0.262 0.6339, -1.5867 0.2463 0.5966, -1.5867 0.2746 0.6181, -1.5867 0.2841 0.5978, -1.5867 0.1842 0.4849, -1.5867 0.1866 0.4897, -1.5867 0.1878 0.4949, -1.5867 0.1658 0.5195, -1.5867 0.1324 0.5451, -1.5867 0.1809 0.4431, -1.5867 0.1674 0.441, -1.5867 0.1658 0.4751, -1.5867 0.1652 0.4409, -1.5867 0.1609 0.4756, -1.5867 0.1514 0.4426, -1.5867 0.1559 0.4774, -1.5867 0.1387 0.4475, -1.5867 0.1515 0.4803, -1.5867 0.1274 0.4554, -1.5867 0.1477 0.4844, -1.5867 0.1186 0.4653, -1.5867 0.1451 0.4893, -1.5867 0.1119 0.478, -1.5867 0.1086 0.492, -1.5867 0.0303 0.5138, -1.5867 0.044 0.4845, -1.5867 0.0425 0.483, -1.5867 0.0485 0.4962, -1.5867 0.048 0.492, -1.5867 0.0465 0.4881, -1.5867 0.0286 0.5134, -1.5867 0.0388 0.4804, -1.5867 0.0351 0.5133, -1.5867 0.039 0.5118, -1.5867 0.0484 0.4979, -1.5867 0.0425 0.5093, -1.5867 0.0453 0.5062, -1.5867 0.0474 0.5022, -1.5867 0.0309 0.5138, -1.5827 -0.0745 0.5582, -1.5827 -0.0719 0.5765, -1.5827 -0.0699 0.5817, -1.5827 -0.065 0.5939, -1.5827 -0.0535 0.6102, -1.5827 -0.0381 0.6233, -1.5827 -0.0212 0.6317, -1.5827 -0.0181 0.6328, -1.5827 -0.0059 0.6563, -1.5827 0.0126 0.6778, -1.5827 0.0257 0.6866, -1.5827 0.038 0.6948, -1.5827 0.0666 0.7049, -1.5827 0.0901 0.7074, -1.5827 0.1183 0.7039, -1.5827 0.1446 0.6937, -1.5827 0.1561 0.6866, -1.5827 0.1584 0.6852, -1.5827 0.1718 0.6737, -1.5827 0.1834 0.6601, -1.5827 0.19 0.6609, -1.5827 0.1965 0.6612, -1.5827 0.2169 0.659, -1.5827 0.2381 0.6513, -1.5827 0.2572 0.6384, -1.5827 0.262 0.6339, -1.5827 0.2841 0.5978, -1.5827 0.2746 0.6181, -1.5827 0.2873 0.5817, -1.5827 0.2885 0.5753, -1.5827 0.2887 0.569, -1.5827 0.2865 0.5488, -1.5827 0.2788 0.5275, -1.5827 0.2667 0.5092, -1.5827 0.2648 0.507, -1.5827 0.2491 0.4932, -1.5827 0.2288 0.4826, -1.5827 0.2193 0.4796, -1.5827 0.2186 0.4781, -1.5827 0.2136 0.4675, -1.5827 0.2051 0.457, -1.5827 0.194 0.4486, -1.5827 0.1887 0.4464, -1.5827 0.1809 0.4431, -1.5827 0.1674 0.441, -1.5827 0.1652 0.4409, -1.5827 0.1083 0.4979, -1.5827 0.1514 0.4426, -1.5827 0.1416 0.4464, -1.5827 0.1387 0.4475, -1.5827 0.1274 0.4554, -1.5827 0.1186 0.4653, -1.5827 0.1119 0.478, -1.5827 0.1119 0.4781, -1.5827 0.1086 0.492, -1.5827 0.1083 0.5036, -1.5827 0.0286 0.5457, -1.5827 0.0462 0.5759, -1.5827 0.1225 0.536, -1.5827 0.1324 0.5451, -1.5827 0.1445 0.5515, -1.5827 0.1583 0.5549, -1.5827 0.1652 0.5554, -1.5827 0.1788 0.5537, -1.5827 0.1913 0.5489, -1.5827 0.203 0.5408, -1.5827 0.2124 0.5301, -1.5827 0.2187 0.5178, -1.5827 0.2311 0.5254, -1.5827 0.2413 0.5359, -1.5827 0.2481 0.5475, -1.5827 0.2522 0.5615, -1.5827 0.2529 0.5702, -1.5827 0.2515 0.5817, -1.5827 0.2512 0.5839, -1.5827 0.2463 0.5966, -1.5827 0.2384 0.608, -1.5827 0.2285 0.6168, -1.5827 0.2158 0.6235, -1.5827 0.2018 0.6268, -1.5827 0.1959 0.6271, -1.5827 0.1827 0.6255, -1.5827 0.1699 0.6208, -1.5827 0.1658 0.6186, -1.5827 0.1575 0.6359, -1.5827 0.1449 0.6513, -1.5827 0.1291 0.6629, -1.5827 0.1105 0.6705, -1.5827 0.0895 0.6732, -1.5827 0.0708 0.671, -1.5827 0.0529 0.6643, -1.5827 0.0368 0.6533, -1.5827 0.0335 0.6502, -1.5827 0.021 0.6346, -1.5827 0.0127 0.616, -1.5827 0.0098 0.602, -1.5827 0.0052 0.602, -1.5827 -0.0056 0.6007, -1.5827 -0.0155 0.5969, -1.5827 -0.0243 0.5907, -1.5827 -0.031 0.5833, -1.5827 -0.0319 0.5817, -1.5827 -0.0362 0.5735, -1.5827 -0.0389 0.5626, -1.5827 -0.0392 0.5576, -1.5827 -0.0378 0.5466, -1.5827 -0.0339 0.5364, -1.5827 -0.0276 0.5275, -1.5827 -0.0268 0.5267, -1.5827 -0.0184 0.5198, -1.5827 -0.0083 0.5152, -1.5827 0.0018 0.5132, -1.5827 0.0274 0.5132, -1.5827 0.0286 0.5134, -1.5827 0.0303 0.5138, -1.5827 0.0309 0.5138, -1.5827 0.0351 0.5133, -1.5827 0.039 0.5118, -1.5827 0.0425 0.5093, -1.5827 0.0453 0.5062, -1.5827 0.0474 0.5022, -1.5827 0.0484 0.4979, -1.5827 0.0485 0.4962, -1.5827 0.048 0.492, -1.5827 0.0465 0.4881, -1.5827 0.044 0.4845, -1.5827 0.0425 0.483, -1.5827 0.0388 0.4804, -1.5827 0.035 0.479, -1.5827 0.032 0.4785, -1.5827 -0.0016 0.4785, -1.5827 -0.0201 0.4824, -1.5827 -0.0375 0.4908, -1.5827 -0.0534 0.5041, -1.5827 -0.0645 0.5194, -1.5827 -0.0717 0.5374, -1.5827 -0.0744 0.556, -1.5827 0.1658 0.5195, -1.5827 0.161 0.519, -1.5827 0.1557 0.5171, -1.5827 0.1511 0.514, -1.5827 0.1475 0.5099, -1.5827 0.145 0.5052, -1.5827 0.1437 0.4999, -1.5827 0.1437 0.4948, -1.5827 0.1451 0.4893, -1.5827 0.1477 0.4844, -1.5827 0.1515 0.4803, -1.5827 0.1559 0.4774, -1.5827 0.1609 0.4756, -1.5827 0.1658 0.4751, -1.5827 0.1708 0.4757, -1.5827 0.1761 0.4776, -1.5827 0.1806 0.4808, -1.5827 0.1842 0.4849, -1.5827 0.1866 0.4897, -1.5827 0.1878 0.4949, -1.5827 0.1878 0.4997, -1.5827 0.1865 0.5052, -1.5827 0.1839 0.5101, -1.5827 0.1802 0.5142, -1.5827 0.1756 0.5172, -1.5827 0.1706 0.519
            ]
        }
        coordIndex [
            0,1,2,-1,3,4,5,-1,6,7,3,-1,8,9,10,-1,7,11,3,-1,3,11,12,-1,3,12,13,-1,14,15,2,-1,2,15,16,-1,2,16,0,-1,12,17,13,-1,13,17,18,-1,13,18,19,-1,19,18,20,-1,21,1,22,-1,22,1,23,-1,22,23,24,-1,25,26,27,-1,27,26,28,-1,27,28,29,-1,29,28,30,-1,29,30,31,-1,31,30,32,-1,33,34,35,-1,35,34,36,-1,35,36,37,-1,37,36,38,-1,37,38,39,-1,39,38,40,-1,39,40,41,-1,42,43,44,-1,44,43,45,-1,44,45,46,-1,46,45,47,-1,46,47,48,-1,48,47,49,-1,48,49,50,-1,50,49,2,-1,50,2,51,-1,10,9,52,-1,52,9,53,-1,52,53,54,-1,55,56,57,-1,57,56,58,-1,57,58,27,-1,27,58,59,-1,27,59,25,-1,60,61,14,-1,14,61,62,-1,14,62,15,-1,63,64,65,-1,65,64,66,-1,65,66,67,-1,67,66,68,-1,67,68,69,-1,69,68,70,-1,69,70,60,-1,60,70,71,-1,60,71,61,-1,72,73,42,-1,42,73,74,-1,42,74,43,-1,30,75,32,-1,32,75,76,-1,32,76,77,-1,77,76,78,-1,77,78,79,-1,79,78,80,-1,79,80,81,-1,81,80,8,-1,81,8,82,-1,82,8,10,-1,53,83,54,-1,54,83,84,-1,54,84,85,-1,85,84,86,-1,85,86,87,-1,87,86,88,-1,87,88,89,-1,89,88,90,-1,89,90,91,-1,91,90,92,-1,91,92,93,-1,41,40,94,-1,94,40,95,-1,94,95,96,-1,96,95,97,-1,96,97,98,-1,98,97,99,-1,98,99,100,-1,100,99,101,-1,100,101,55,-1,55,101,102,-1,55,102,56,-1,33,35,103,-1,103,35,104,-1,103,104,105,-1,105,104,106,-1,105,106,107,-1,107,106,108,-1,107,108,109,-1,109,108,110,-1,109,110,111,-1,111,110,112,-1,111,112,113,-1,113,112,114,-1,113,114,115,-1,115,114,116,-1,115,116,63,-1,63,116,117,-1,63,117,64,-1,21,118,1,-1,1,118,119,-1,1,119,2,-1,2,119,120,-1,2,120,51,-1,6,3,121,-1,121,3,5,-1,121,5,42,-1,42,5,122,-1,42,122,72,-1,23,123,24,-1,24,123,124,-1,24,124,125,-1,125,124,126,-1,125,126,127,-1,127,126,128,-1,127,128,129,-1,129,128,130,-1,129,130,131,-1,131,130,132,-1,131,132,133,-1,133,132,134,-1,133,134,135,-1,135,134,136,-1,135,136,20,-1,20,136,137,-1,20,137,19,-1,138,139,140,-1,141,142,138,-1,138,142,143,-1,138,143,139,-1,92,144,93,-1,93,144,138,-1,93,138,145,-1,145,138,140,-1,146,147,148,-1,147,149,148,-1,148,149,150,-1,148,150,151,-1,141,138,148,-1,148,138,152,-1,148,152,146,-1,81,153,154,-1,81,154,79,-1,79,154,155,-1,79,155,77,-1,155,156,77,-1,77,156,157,-1,77,157,32,-1,32,157,158,-1,32,158,31,-1,31,158,159,-1,31,159,29,-1,29,159,160,-1,29,160,27,-1,27,160,161,-1,27,161,57,-1,57,161,162,-1,57,162,55,-1,100,55,163,-1,163,55,162,-1,163,164,100,-1,100,164,165,-1,100,165,98,-1,98,165,166,-1,98,166,96,-1,96,166,167,-1,96,167,94,-1,94,167,168,-1,94,168,41,-1,41,168,39,-1,39,168,169,-1,39,169,170,-1,39,170,171,-1,39,171,37,-1,37,171,172,-1,37,172,35,-1,35,172,173,-1,35,173,104,-1,104,173,174,-1,104,174,106,-1,106,174,175,-1,106,175,108,-1,108,175,176,-1,108,176,110,-1,110,176,177,-1,110,177,112,-1,112,177,178,-1,112,178,114,-1,179,116,180,-1,180,116,114,-1,180,114,178,-1,181,64,179,-1,179,64,117,-1,179,117,116,-1,181,182,64,-1,64,182,183,-1,64,183,66,-1,66,183,184,-1,66,184,68,-1,68,184,185,-1,68,185,70,-1,70,185,186,-1,70,186,71,-1,71,186,187,-1,71,187,61,-1,61,187,188,-1,61,188,62,-1,62,188,189,-1,62,189,15,-1,15,189,190,-1,15,190,16,-1,16,190,191,-1,16,191,0,-1,191,192,0,-1,0,192,193,-1,0,193,1,-1,1,193,194,-1,1,194,23,-1,23,194,195,-1,23,195,123,-1,195,196,123,-1,123,196,197,-1,123,197,124,-1,124,197,198,-1,124,198,126,-1,199,19,137,-1,126,198,200,-1,201,130,200,-1,200,130,128,-1,200,128,126,-1,201,202,130,-1,130,202,203,-1,130,203,132,-1,132,203,204,-1,132,204,134,-1,134,204,205,-1,134,205,136,-1,136,205,206,-1,136,206,137,-1,137,206,207,-1,137,207,199,-1,13,19,208,-1,208,19,199,-1,3,13,209,-1,209,13,208,-1,4,3,210,-1,210,3,209,-1,5,4,211,-1,211,4,210,-1,5,211,212,-1,5,212,122,-1,122,212,213,-1,122,213,72,-1,72,213,214,-1,72,214,73,-1,73,214,215,-1,73,215,74,-1,74,215,216,-1,74,216,43,-1,43,216,217,-1,43,217,45,-1,45,217,218,-1,45,218,47,-1,47,218,219,-1,47,219,49,-1,49,219,220,-1,49,220,2,-1,2,220,221,-1,2,221,14,-1,14,221,222,-1,14,222,60,-1,60,222,223,-1,60,223,69,-1,69,223,224,-1,69,224,67,-1,67,224,225,-1,67,225,65,-1,65,225,63,-1,63,225,226,-1,226,227,63,-1,63,227,228,-1,63,228,115,-1,115,228,229,-1,115,229,113,-1,113,229,230,-1,113,230,111,-1,111,230,231,-1,111,231,109,-1,109,231,232,-1,109,232,107,-1,107,232,233,-1,107,233,105,-1,105,233,234,-1,105,234,103,-1,103,234,235,-1,103,235,33,-1,33,235,236,-1,33,236,34,-1,34,236,237,-1,34,237,36,-1,36,237,238,-1,36,238,38,-1,38,238,239,-1,38,239,40,-1,40,239,240,-1,40,240,95,-1,95,240,241,-1,95,241,97,-1,97,241,242,-1,97,242,99,-1,99,242,243,-1,99,243,101,-1,101,243,244,-1,101,244,102,-1,102,244,245,-1,102,245,56,-1,56,245,246,-1,56,246,58,-1,58,246,247,-1,58,247,59,-1,59,247,248,-1,59,248,25,-1,26,25,249,-1,249,25,248,-1,26,249,250,-1,26,250,28,-1,28,250,251,-1,28,251,30,-1,30,251,252,-1,30,252,75,-1,75,252,253,-1,75,253,76,-1,76,253,254,-1,76,254,78,-1,254,255,78,-1,78,255,256,-1,78,256,80,-1,80,256,257,-1,80,257,8,-1,8,257,258,-1,8,258,9,-1,9,258,259,-1,9,259,53,-1,53,259,260,-1,53,260,83,-1,83,260,261,-1,83,261,84,-1,84,261,262,-1,84,262,86,-1,86,262,263,-1,86,263,88,-1,88,263,264,-1,88,264,90,-1,92,90,265,-1,265,90,264,-1,92,265,266,-1,92,266,144,-1,144,266,267,-1,144,267,138,-1,138,267,268,-1,138,268,152,-1,152,268,269,-1,152,269,146,-1,146,269,270,-1,146,270,147,-1,147,270,271,-1,147,271,149,-1,149,271,272,-1,149,272,150,-1,150,272,273,-1,150,273,151,-1,151,273,274,-1,151,274,148,-1,148,274,275,-1,148,275,141,-1,141,275,276,-1,141,276,142,-1,142,276,277,-1,142,277,143,-1,143,277,278,-1,143,278,139,-1,139,278,279,-1,139,279,140,-1,140,279,280,-1,140,280,145,-1,145,280,281,-1,145,281,93,-1,93,281,282,-1,93,282,91,-1,89,91,283,-1,283,91,282,-1,89,283,284,-1,89,284,87,-1,87,284,285,-1,87,285,85,-1,85,285,286,-1,85,286,54,-1,54,286,287,-1,54,287,52,-1,52,287,288,-1,52,288,10,-1,10,288,289,-1,10,289,82,-1,82,289,153,-1,82,153,81,-1,121,290,291,-1,121,291,6,-1,6,291,292,-1,6,292,7,-1,7,292,293,-1,7,293,11,-1,11,293,294,-1,11,294,12,-1,12,294,295,-1,12,295,17,-1,17,295,296,-1,17,296,18,-1,18,296,297,-1,18,297,20,-1,20,297,298,-1,20,298,135,-1,135,298,299,-1,135,299,133,-1,133,299,300,-1,133,300,131,-1,131,300,301,-1,131,301,129,-1,129,301,302,-1,129,302,127,-1,127,302,303,-1,127,303,125,-1,125,303,304,-1,125,304,24,-1,24,304,305,-1,24,305,22,-1,22,305,306,-1,22,306,21,-1,21,306,307,-1,21,307,118,-1,118,307,308,-1,118,308,119,-1,119,308,309,-1,119,309,120,-1,120,309,310,-1,120,310,51,-1,51,310,311,-1,51,311,50,-1,50,311,312,-1,50,312,48,-1,48,312,313,-1,48,313,46,-1,46,313,314,-1,46,314,44,-1,44,314,315,-1,44,315,42,-1,42,315,290,-1,42,290,121,-1,
        ]
    }
}
Shape{
    appearance Appearance {
        material  Material 	{
            diffuseColor 1.0 1.0 1.0
            specularColor 0.5019607843137255 0.5019607843137255 0.5019607843137255
            ambientIntensity 1.0
            transparency 0.0
            shininess 0.5
        }
    }
    geometry IndexedFaceSet {
        ccw TRUE
        solid FALSE
        coord DEF co Coordinate {
            point [
                -1.5827 0.1658 0.5195, -1.5827 0.1658 0.4751, -1.5827 0.1609 0.4756, -1.5827 0.1756 0.5172, -1.5827 0.1878 0.4997, -1.5827 0.1706 0.519, -1.5827 0.1878 0.4949, -1.5827 0.1437 0.4999, -1.5827 0.145 0.5052, -1.5827 0.1475 0.5099, -1.5827 0.1511 0.514, -1.5827 0.1866 0.4897, -1.5827 0.1842 0.4849, -1.5827 0.1806 0.4808, -1.5827 0.1557 0.5171, -1.5827 0.161 0.519, -1.5827 0.1802 0.5142, -1.5827 0.1839 0.5101, -1.5827 0.1865 0.5052, -1.5827 0.1761 0.4776, -1.5827 0.1708 0.4757, -1.5827 0.1559 0.4774, -1.5827 0.1515 0.4803, -1.5827 0.1437 0.4948, -1.5827 0.1477 0.4844, -1.5827 0.1451 0.4893, 1.5039 -0.1969 0.5787, 1.5039 -0.1969 0.6772, 1.2873 -0.1969 0.5787, 1.1889 -0.1969 0.6772, 1.2873 -0.1969 0.0866, 1.1889 -0.1969 0.0866, 1.1889 -0.1969 0.7953, 1.5826 -0.1969 0.7953, 1.1889 -0.1969 0.7165, 1.5826 -0.1969 0.7165, 1.1889 0.111 0.7165, 1.2676 0.111 0.7165, 1.2676 0.5512 0.7165, 1.5826 0.5512 0.7165, 1.1889 0.111 0.7953, -1.2875 -0.1969 0.5787, -1.504 -0.1969 0.5787, -1.2875 -0.2953 0.5787, -1.504 -0.2953 0.5787, -1.504 -0.2953 0.6772, -1.504 -0.1969 0.6772, -1.2678 -0.2953 0.6772, -1.189 -0.1969 0.6772, -1.2678 -0.9252 0.6772, -1.189 -1.3386 0.6772, -1.504 -0.9252 0.6772, -1.504 -1.3386 0.6772, -1.2875 -0.1969 0.0866, -1.2875 -0.2953 0.0866, -1.189 -0.1969 0.0866, -1.5827 -0.1969 0.7953, -1.189 -0.1969 0.7953, -1.5827 -0.1969 0.7513, -1.189 -0.1969 0.7165, -1.5827 -0.1969 0.7165, -1.2678 0.5512 0.7165, -1.5827 0.5512 0.7165, -1.2678 0.111 0.7165, -1.5827 -0.1073 0.7165, -1.5827 -0.1843 0.7165, -1.189 0.111 0.7165, -1.5827 -0.1891 0.7165, -1.189 0.111 0.7953
            ]
        }
        coordIndex [
            0,1,2,-1,3,4,5,-1,5,4,6,-1,5,6,0,-1,7,8,2,-1,2,8,9,-1,2,9,10,-1,6,11,0,-1,0,11,12,-1,0,12,13,-1,10,14,2,-1,2,14,15,-1,2,15,0,-1,3,16,4,-1,4,16,17,-1,4,17,18,-1,13,19,0,-1,0,19,20,-1,0,20,1,-1,2,21,7,-1,7,21,22,-1,7,22,23,-1,23,22,24,-1,23,24,25,-1,26,27,28,-1,28,27,29,-1,28,29,30,-1,30,29,31,-1,32,33,34,-1,34,33,35,-1,36,34,37,-1,37,34,35,-1,37,35,38,-1,38,35,39,-1,32,34,40,-1,40,34,36,-1,41,42,43,-1,43,42,44,-1,44,42,45,-1,45,42,46,-1,45,46,47,-1,47,46,48,-1,47,48,49,-1,49,48,50,-1,49,50,51,-1,51,50,52,-1,53,41,54,-1,54,41,43,-1,53,55,41,-1,41,55,48,-1,41,48,42,-1,42,48,46,-1,56,57,58,-1,58,57,59,-1,58,59,60,-1,61,62,63,-1,63,62,64,-1,63,64,65,-1,59,66,60,-1,60,66,63,-1,60,63,67,-1,67,63,65,-1,57,68,59,-1,59,68,66,-1,
        ]
    }
}
Shape{
    appearance Appearance {
        material  Material 	{
            diffuseColor 0.6666666666666666 0.6980392156862745 0.7686274509803922
            specularColor 0.3333333333333333 0.34901960784313724 0.3843137254901961
            ambientIntensity 0.6967
            transparency 0.0
            shininess 0.5
        }
    }
    geometry IndexedFaceSet {
        ccw TRUE
        solid FALSE
        coord DEF co Coordinate {
            point [
                -1.2678 -0.2953 0.6772, -1.2678 -0.9252 0.6772, -1.2474 -0.9252 0.6745, -1.2474 -0.2953 0.6745, -1.2284 -0.9252 0.6666, -1.2284 -0.2953 0.6666, -1.2121 -0.9252 0.6541, -1.2121 -0.2953 0.6541, -1.1996 -0.9252 0.6378, -1.1996 -0.2953 0.6378, -1.1917 -0.9252 0.6188, -1.1917 -0.2953 0.6188, -1.189 -0.9252 0.5984, -1.189 -0.2953 0.5984, -1.189 -0.2953 0.0866, -1.2875 -0.2953 0.0866, -1.2875 -0.2953 0.5787, -1.504 -0.2953 0.5787, -1.504 -0.2953 0.6772, -1.2875 -0.9252 0.0866, -1.189 -0.9252 0.0866, -1.2875 -0.9252 0.5787, -1.504 -0.9252 0.6772, -1.504 -0.9252 0.5787
            ]
        }
        coordIndex [
            0,1,2,-1,0,2,3,-1,3,2,4,-1,3,4,5,-1,5,4,6,-1,5,6,7,-1,7,6,8,-1,7,8,9,-1,9,8,10,-1,9,10,11,-1,11,10,12,-1,11,12,13,-1,14,15,13,-1,13,15,16,-1,17,18,16,-1,16,18,0,-1,7,9,16,-1,16,9,11,-1,16,11,13,-1,0,3,16,-1,16,3,5,-1,16,5,7,-1,19,20,21,-1,21,20,12,-1,21,12,10,-1,22,23,1,-1,1,23,21,-1,1,21,2,-1,2,21,4,-1,10,8,21,-1,21,8,6,-1,21,6,4,-1,
        ]
    }
}
Shape{
    appearance Appearance {
        material  Material 	{
            diffuseColor 1.0 1.0 1.0
            specularColor 0.5019607843137255 0.5019607843137255 0.5019607843137255
            ambientIntensity 1.0
            transparency 0.0
            shininess 0.5
        }
    }
    geometry IndexedFaceSet {
        ccw TRUE
        solid FALSE
        coord DEF co Coordinate {
            point [
                1.1889 -1.3386 0.6772, 1.1495 -1.378 0.7165, 1.1889 -1.3386 0.0079, 1.1495 -1.378 0.0079, 1.5039 -1.3386 0.6772, 1.5432 -1.378 0.7165, 1.5039 -1.3386 0.5787, 1.5432 -1.378 0.5394, 1.2873 -1.3386 0.5787, 1.3267 -1.378 0.5394, 1.3169 -1.3681 0.4409, 1.3267 -1.378 0.4409, 1.2873 -1.3386 0.0866, 1.3267 -1.378 0.0866, 1.3267 -1.378 0.2047, 1.3169 -1.3681 0.2047, -0.7953 -1.378 0.5984, -1.1201 -1.378 0.5984, -0.756 -1.3386 0.5591, -1.1201 -1.3386 0.5591, 0.6535 -1.3386 0.3622, 0.6535 -1.378 0.3228, 1.12 -1.3386 0.3622, 1.12 -1.378 0.3228, -1.1497 -1.378 0.7165, -1.189 -1.3386 0.6772, -1.1497 -1.378 0.0079, -1.189 -1.3386 0.0079, -1.5434 -1.378 0.7165, -1.504 -1.3386 0.6772, -1.5434 -1.378 0.5394, -1.504 -1.3386 0.5787, -1.3268 -1.378 0.5394, -1.2875 -1.3386 0.5787, -1.3268 -1.378 0.2047, -1.3268 -1.378 0.0866, -1.317 -1.3681 0.2047, -1.2875 -1.3386 0.0866, -1.317 -1.3681 0.4409, -1.3268 -1.378 0.4409, -0.6772 -1.2598 0.5591, -0.6536 -1.2598 0.5591, -0.6536 -1.2598 0.6886, -0.6772 -1.2598 0.7953, -0.5276 -1.2598 0.6886, 0.6771 -1.2598 0.7953, -0.1339 -1.2598 0.6886, -0.1339 -1.2598 0.5591, 0.1338 -1.2598 0.5591, 0.1338 -1.2598 0.6886, 0.2598 -1.2598 0.6886, -0.2599 -1.2598 0.6886, -0.2599 -1.2598 0.5591, -0.5276 -1.2598 0.5591, 0.6535 -1.2598 0.5591, 0.6771 -1.2598 0.5591, 0.6535 -1.2598 0.6886, 0.5275 -1.2598 0.6886, 0.5275 -1.2598 0.5591, 0.2598 -1.2598 0.5591, 0.7952 -1.378 0.7953, 0.7952 -1.378 0.5591, -0.7953 -1.378 0.7953
            ]
        }
        coordIndex [
            0,1,2,-1,2,1,3,-1,4,5,0,-1,0,5,1,-1,6,7,4,-1,4,7,5,-1,8,9,6,-1,6,9,7,-1,10,11,9,-1,12,13,14,-1,14,15,12,-1,12,15,10,-1,12,10,8,-1,8,10,9,-1,16,17,18,-1,18,17,19,-1,20,21,22,-1,22,21,23,-1,24,25,26,-1,26,25,27,-1,28,29,24,-1,24,29,25,-1,30,31,28,-1,28,31,29,-1,32,33,30,-1,30,33,31,-1,34,35,36,-1,36,35,37,-1,36,37,38,-1,38,37,33,-1,38,33,39,-1,39,33,32,-1,40,41,42,-1,40,42,43,-1,43,42,44,-1,43,44,45,-1,46,47,48,-1,49,50,45,-1,48,49,46,-1,46,49,45,-1,46,45,51,-1,51,45,44,-1,51,44,52,-1,52,44,53,-1,54,55,56,-1,56,55,45,-1,56,45,57,-1,57,45,50,-1,57,50,58,-1,58,50,59,-1,60,45,61,-1,61,45,55,-1,62,16,43,-1,43,16,18,-1,43,18,40,-1,
        ]
    }
}
Shape{
    appearance Appearance {
        material  Material 	{
            diffuseColor 0.9686274509803922 0.8784313725490196 0.6
            specularColor 0.6784313725490196 0.615686274509804 0.4196078431372549
            ambientIntensity 0.8737
            transparency 0.0
            shininess 0.5
        }
    }
    geometry IndexedFaceSet {
        ccw TRUE
        solid FALSE
        coord DEF co Coordinate {
            point [
                0.2263 -0.2401 0.2953, 0.2263 -0.2401 0.294, 0.2263 -0.0831 0.2953, 0.2263 -0.0241 0.2953, 0.2263 -0.0831 0.5459, 0.2263 -0.0241 0.6049, 0.2263 -1.0733 0.5459, 0.2263 -1.1032 0.6049, 0.2263 -1.0964 0.5144, 0.2263 -1.109 0.597, 0.2263 -1.2123 0.5996, 0.2263 -1.117 0.6028, 0.2263 -1.1349 0.6651, 0.2263 -1.1133 0.606, 0.2263 0.1632 0.6651, 0.2263 0.1041 0.606, 0.2263 0.1632 0.2953, 0.2263 0.1041 0.2953, 0.2263 0.4567 0.0591, 0.2263 0.7087 0.0591, 0.2263 0.4567 0.1414, 0.2263 -0.2401 0.1414, 0.2263 -0.2401 0.2218, 0.2263 -1.2255 0.2218, 0.2263 -1.1527 0.294, 0.2263 -1.2755 0.2628, 0.2263 -1.1527 0.3202, 0.2263 -1.1919 0.3889, 0.2263 0.7087 0.1203, 0.2263 0.6933 0.1201, 0.2263 0.646 0.1552, 0.2263 0.6418 0.17, 0.2263 0.6415 0.1853, 0.2263 0.6452 0.2003, 0.2263 0.6764 0.2328, 0.2263 0.6764 0.2953, 0.2263 0.6632 0.2248, 0.2263 0.6526 0.2137, 0.2263 0.6784 0.1239, 0.2263 0.665 0.1313, 0.2263 0.6539 0.142, 0.1673 -0.2401 0.1414, 0.1673 -0.0241 0.2953, 0.1673 0.4567 0.1414, 0.1673 0.1041 0.2953, 0.1673 0.6933 0.1201, 0.1673 0.7087 0.1203, 0.1673 0.7087 0.0591, 0.1673 -0.2401 0.2953, 0.1673 -0.0831 0.2953, 0.1673 -0.2401 0.294, 0.1673 -0.2401 0.2218, 0.1673 -1.1527 0.294, 0.1673 -1.2255 0.2218, 0.1673 -1.1527 0.3202, 0.1673 -1.2755 0.2628, 0.1673 -1.1919 0.3889, 0.1673 0.6632 0.2248, 0.1673 0.6526 0.2137, 0.1673 0.6452 0.2003, 0.1673 0.6764 0.2328, 0.1673 0.6764 0.2953, 0.1673 0.1632 0.2953, 0.1673 0.1632 0.6651, 0.1673 0.1041 0.606, 0.1673 -1.1349 0.6651, 0.1673 -1.1133 0.606, 0.1673 -1.2123 0.5996, 0.1673 -1.117 0.6028, 0.1673 -1.0964 0.5144, 0.1673 -1.109 0.597, 0.1673 -1.0733 0.5459, 0.1673 -1.1032 0.6049, 0.1673 -0.0831 0.5459, 0.1673 -0.0241 0.6049, 0.1673 0.646 0.1552, 0.1673 0.4567 0.0591, 0.1673 0.6418 0.17, 0.1673 0.6415 0.1853, 0.1673 0.6539 0.142, 0.1673 0.665 0.1313, 0.1673 0.6784 0.1239, -0.1674 -0.2401 0.2953, -0.1674 -0.2401 0.294, -0.1674 -0.0831 0.2953, -0.1674 -0.0241 0.2953, -0.1674 -0.0831 0.5459, -0.1674 -0.0241 0.6049, -0.1674 -1.0733 0.5459, -0.1674 -1.1032 0.6049, -0.1674 -1.0964 0.5144, -0.1674 -1.109 0.597, -0.1674 -1.2123 0.5996, -0.1674 -1.117 0.6028, -0.1674 -1.1349 0.6651, -0.1674 -1.1133 0.606, -0.1674 0.1632 0.6651, -0.1674 0.1041 0.606, -0.1674 0.1632 0.2953, -0.1674 0.1041 0.2953, -0.1674 0.4567 0.0591, -0.1674 0.7087 0.0591, -0.1674 0.4567 0.1414, -0.1674 -0.2401 0.1414, -0.1674 -0.2401 0.2218, -0.1674 -1.2255 0.2218, -0.1674 -1.1527 0.294, -0.1674 -1.2755 0.2628, -0.1674 -1.1527 0.3202, -0.1674 -1.1919 0.3889, -0.1674 0.7087 0.1203, -0.1674 0.6933 0.1201, -0.1674 0.646 0.1552, -0.1674 0.6418 0.17, -0.1674 0.6415 0.1853, -0.1674 0.6452 0.2003, -0.1674 0.6764 0.2328, -0.1674 0.6764 0.2953, -0.1674 0.6632 0.2248, -0.1674 0.6526 0.2137, -0.1674 0.6784 0.1239, -0.1674 0.665 0.1313, -0.1674 0.6539 0.142, -0.2264 -0.2401 0.1414, -0.2264 -0.0241 0.2953, -0.2264 0.4567 0.1414, -0.2264 0.1041 0.2953, -0.2264 0.6933 0.1201, -0.2264 0.7087 0.1203, -0.2264 0.7087 0.0591, -0.2264 -0.2401 0.2953, -0.2264 -0.0831 0.2953, -0.2264 -0.2401 0.294, -0.2264 -0.2401 0.2218, -0.2264 -1.1527 0.294, -0.2264 -1.2255 0.2218, -0.2264 -1.1527 0.3202, -0.2264 -1.2755 0.2628, -0.2264 -1.1919 0.3889, -0.2264 0.6632 0.2248, -0.2264 0.6526 0.2137, -0.2264 0.6452 0.2003, -0.2264 0.6764 0.2328, -0.2264 0.6764 0.2953, -0.2264 0.1632 0.2953, -0.2264 0.1632 0.6651, -0.2264 0.1041 0.606, -0.2264 -1.1349 0.6651, -0.2264 -1.1133 0.606, -0.2264 -1.2123 0.5996, -0.2264 -1.117 0.6028, -0.2264 -1.0964 0.5144, -0.2264 -1.109 0.597, -0.2264 -1.0733 0.5459, -0.2264 -1.1032 0.6049, -0.2264 -0.0831 0.5459, -0.2264 -0.0241 0.6049, -0.2264 0.646 0.1552, -0.2264 0.4567 0.0591, -0.2264 0.6418 0.17, -0.2264 0.6415 0.1853, -0.2264 0.6539 0.142, -0.2264 0.665 0.1313, -0.2264 0.6784 0.1239, -0.5611 -0.2401 0.2953, -0.5611 -0.2401 0.294, -0.5611 -0.0831 0.2953, -0.5611 -0.0241 0.2953, -0.5611 -0.0831 0.5459, -0.5611 -0.0241 0.6049, -0.5611 -1.0733 0.5459, -0.5611 -1.1032 0.6049, -0.5611 -1.0964 0.5144, -0.5611 -1.109 0.597, -0.5611 -1.2123 0.5996, -0.5611 -1.117 0.6028, -0.5611 -1.1349 0.6651, -0.5611 -1.1133 0.606, -0.5611 0.1632 0.6651, -0.5611 0.1041 0.606, -0.5611 0.1632 0.2953, -0.5611 0.1041 0.2953, -0.5611 0.4567 0.0591, -0.5611 0.7087 0.0591, -0.5611 0.4567 0.1414, -0.5611 -0.2401 0.1414, -0.5611 -0.2401 0.2218, -0.5611 -1.2255 0.2218, -0.5611 -1.1527 0.294, -0.5611 -1.2755 0.2628, -0.5611 -1.1527 0.3202, -0.5611 -1.1919 0.3889, -0.5611 0.7087 0.1203, -0.5611 0.6933 0.1201, -0.5611 0.646 0.1552, -0.5611 0.6418 0.17, -0.5611 0.6415 0.1853, -0.5611 0.6452 0.2003, -0.5611 0.6764 0.2328, -0.5611 0.6764 0.2953, -0.5611 0.6632 0.2248, -0.5611 0.6526 0.2137, -0.5611 0.6784 0.1239, -0.5611 0.665 0.1313, -0.5611 0.6539 0.142, -0.6201 -0.2401 0.1414, -0.6201 -0.0241 0.2953, -0.6201 0.4567 0.1414, -0.6201 0.1041 0.2953, -0.6201 0.6933 0.1201, -0.6201 0.7087 0.1203, -0.6201 0.7087 0.0591, -0.6201 -0.2401 0.2953, -0.6201 -0.0831 0.2953, -0.6201 -0.2401 0.294, -0.6201 -0.2401 0.2218, -0.6201 -1.1527 0.294, -0.6201 -1.2255 0.2218, -0.6201 -1.1527 0.3202, -0.6201 -1.2755 0.2628, -0.6201 -1.1919 0.3889, -0.6201 0.6632 0.2248, -0.6201 0.6526 0.2137, -0.6201 0.6452 0.2003, -0.6201 0.6764 0.2328, -0.6201 0.6764 0.2953, -0.6201 0.1632 0.2953, -0.6201 0.1632 0.6651, -0.6201 0.1041 0.606, -0.6201 -1.1349 0.6651, -0.6201 -1.1133 0.606, -0.6201 -1.2123 0.5996, -0.6201 -1.117 0.6028, -0.6201 -1.0964 0.5144, -0.6201 -1.109 0.597, -0.6201 -1.0733 0.5459, -0.6201 -1.1032 0.6049, -0.6201 -0.0831 0.5459, -0.6201 -0.0241 0.6049, -0.6201 0.646 0.1552, -0.6201 0.4567 0.0591, -0.6201 0.6418 0.17, -0.6201 0.6415 0.1853, -0.6201 0.6539 0.142, -0.6201 0.665 0.1313, -0.6201 0.6784 0.1239
            ]
        }
        coordIndex [
            0,1,2,-1,2,1,3,-1,2,3,4,-1,4,3,5,-1,4,5,6,-1,6,5,7,-1,6,7,8,-1,8,7,9,-1,8,9,10,-1,10,9,11,-1,10,11,12,-1,12,11,13,-1,12,13,14,-1,14,13,15,-1,14,15,16,-1,16,15,17,-1,18,19,20,-1,20,19,17,-1,20,17,21,-1,21,17,3,-1,21,3,22,-1,22,3,1,-1,22,1,23,-1,23,1,24,-1,23,24,25,-1,25,24,26,-1,25,26,27,-1,19,28,29,-1,30,31,17,-1,17,31,32,-1,17,32,16,-1,16,32,33,-1,34,35,36,-1,36,35,16,-1,36,16,37,-1,37,16,33,-1,29,38,19,-1,19,38,39,-1,19,39,17,-1,17,39,40,-1,17,40,30,-1,41,42,43,-1,43,42,44,-1,45,46,47,-1,48,49,50,-1,50,49,51,-1,50,51,52,-1,52,51,53,-1,52,53,54,-1,54,53,55,-1,54,55,56,-1,57,58,43,-1,43,58,59,-1,60,57,61,-1,61,57,43,-1,61,43,62,-1,62,43,44,-1,62,44,63,-1,63,44,64,-1,63,64,65,-1,65,64,66,-1,65,66,67,-1,67,66,68,-1,67,68,69,-1,69,68,70,-1,69,70,71,-1,71,70,72,-1,71,72,73,-1,73,72,74,-1,73,74,49,-1,49,74,42,-1,49,42,51,-1,51,42,41,-1,75,76,77,-1,77,76,43,-1,77,43,78,-1,78,43,59,-1,75,79,76,-1,76,79,80,-1,76,80,47,-1,47,80,81,-1,47,81,45,-1,6,8,71,-1,71,8,69,-1,4,6,73,-1,73,6,71,-1,2,4,49,-1,49,4,73,-1,50,52,1,-1,1,52,24,-1,26,24,54,-1,54,24,52,-1,27,26,56,-1,56,26,54,-1,25,27,55,-1,55,27,56,-1,23,25,53,-1,53,25,55,-1,22,23,51,-1,51,23,53,-1,62,63,16,-1,16,63,14,-1,12,14,65,-1,65,14,63,-1,10,12,67,-1,67,12,65,-1,8,10,69,-1,69,10,67,-1,9,7,70,-1,70,7,72,-1,7,5,72,-1,72,5,74,-1,74,5,42,-1,42,5,3,-1,15,64,17,-1,17,64,44,-1,15,13,64,-1,64,13,66,-1,13,11,66,-1,66,11,68,-1,11,9,68,-1,68,9,70,-1,3,17,42,-1,42,17,44,-1,60,34,57,-1,57,34,36,-1,57,36,58,-1,58,36,37,-1,58,37,59,-1,59,37,33,-1,59,33,78,-1,78,33,32,-1,78,32,77,-1,77,32,31,-1,77,31,75,-1,75,31,30,-1,75,30,79,-1,79,30,40,-1,79,40,80,-1,80,40,39,-1,80,39,81,-1,81,39,38,-1,81,38,45,-1,45,38,29,-1,45,29,46,-1,46,29,28,-1,60,61,34,-1,34,61,35,-1,41,43,21,-1,21,43,20,-1,43,76,20,-1,20,76,18,-1,76,47,18,-1,18,47,19,-1,47,46,19,-1,19,46,28,-1,35,61,16,-1,16,61,62,-1,41,21,51,-1,51,21,22,-1,0,48,1,-1,1,48,50,-1,48,0,49,-1,49,0,2,-1,82,83,84,-1,84,83,85,-1,84,85,86,-1,86,85,87,-1,86,87,88,-1,88,87,89,-1,88,89,90,-1,90,89,91,-1,90,91,92,-1,92,91,93,-1,92,93,94,-1,94,93,95,-1,94,95,96,-1,96,95,97,-1,96,97,98,-1,98,97,99,-1,100,101,102,-1,102,101,99,-1,102,99,103,-1,103,99,85,-1,103,85,104,-1,104,85,83,-1,104,83,105,-1,105,83,106,-1,105,106,107,-1,107,106,108,-1,107,108,109,-1,101,110,111,-1,112,113,99,-1,99,113,114,-1,99,114,98,-1,98,114,115,-1,116,117,118,-1,118,117,98,-1,118,98,119,-1,119,98,115,-1,111,120,101,-1,101,120,121,-1,101,121,99,-1,99,121,122,-1,99,122,112,-1,123,124,125,-1,125,124,126,-1,127,128,129,-1,130,131,132,-1,132,131,133,-1,132,133,134,-1,134,133,135,-1,134,135,136,-1,136,135,137,-1,136,137,138,-1,139,140,125,-1,125,140,141,-1,142,139,143,-1,143,139,125,-1,143,125,144,-1,144,125,126,-1,144,126,145,-1,145,126,146,-1,145,146,147,-1,147,146,148,-1,147,148,149,-1,149,148,150,-1,149,150,151,-1,151,150,152,-1,151,152,153,-1,153,152,154,-1,153,154,155,-1,155,154,156,-1,155,156,131,-1,131,156,124,-1,131,124,133,-1,133,124,123,-1,157,158,159,-1,159,158,125,-1,159,125,160,-1,160,125,141,-1,157,161,158,-1,158,161,162,-1,158,162,129,-1,129,162,163,-1,129,163,127,-1,88,90,153,-1,153,90,151,-1,86,88,155,-1,155,88,153,-1,84,86,131,-1,131,86,155,-1,132,134,83,-1,83,134,106,-1,108,106,136,-1,136,106,134,-1,109,108,138,-1,138,108,136,-1,107,109,137,-1,137,109,138,-1,105,107,135,-1,135,107,137,-1,104,105,133,-1,133,105,135,-1,144,145,98,-1,98,145,96,-1,94,96,147,-1,147,96,145,-1,92,94,149,-1,149,94,147,-1,90,92,151,-1,151,92,149,-1,91,89,152,-1,152,89,154,-1,89,87,154,-1,154,87,156,-1,156,87,124,-1,124,87,85,-1,97,146,99,-1,99,146,126,-1,97,95,146,-1,146,95,148,-1,95,93,148,-1,148,93,150,-1,93,91,150,-1,150,91,152,-1,85,99,124,-1,124,99,126,-1,142,116,139,-1,139,116,118,-1,139,118,140,-1,140,118,119,-1,140,119,141,-1,141,119,115,-1,141,115,160,-1,160,115,114,-1,160,114,159,-1,159,114,113,-1,159,113,157,-1,157,113,112,-1,157,112,161,-1,161,112,122,-1,161,122,162,-1,162,122,121,-1,162,121,163,-1,163,121,120,-1,163,120,127,-1,127,120,111,-1,127,111,128,-1,128,111,110,-1,142,143,116,-1,116,143,117,-1,123,125,103,-1,103,125,102,-1,125,158,102,-1,102,158,100,-1,158,129,100,-1,100,129,101,-1,129,128,101,-1,101,128,110,-1,117,143,98,-1,98,143,144,-1,123,103,133,-1,133,103,104,-1,82,130,83,-1,83,130,132,-1,130,82,131,-1,131,82,84,-1,164,165,166,-1,166,165,167,-1,166,167,168,-1,168,167,169,-1,168,169,170,-1,170,169,171,-1,170,171,172,-1,172,171,173,-1,172,173,174,-1,174,173,175,-1,174,175,176,-1,176,175,177,-1,176,177,178,-1,178,177,179,-1,178,179,180,-1,180,179,181,-1,182,183,184,-1,184,183,181,-1,184,181,185,-1,185,181,167,-1,185,167,186,-1,186,167,165,-1,186,165,187,-1,187,165,188,-1,187,188,189,-1,189,188,190,-1,189,190,191,-1,183,192,193,-1,194,195,181,-1,181,195,196,-1,181,196,180,-1,180,196,197,-1,198,199,200,-1,200,199,180,-1,200,180,201,-1,201,180,197,-1,193,202,183,-1,183,202,203,-1,183,203,181,-1,181,203,204,-1,181,204,194,-1,205,206,207,-1,207,206,208,-1,209,210,211,-1,212,213,214,-1,214,213,215,-1,214,215,216,-1,216,215,217,-1,216,217,218,-1,218,217,219,-1,218,219,220,-1,221,222,207,-1,207,222,223,-1,224,221,225,-1,225,221,207,-1,225,207,226,-1,226,207,208,-1,226,208,227,-1,227,208,228,-1,227,228,229,-1,229,228,230,-1,229,230,231,-1,231,230,232,-1,231,232,233,-1,233,232,234,-1,233,234,235,-1,235,234,236,-1,235,236,237,-1,237,236,238,-1,237,238,213,-1,213,238,206,-1,213,206,215,-1,215,206,205,-1,239,240,241,-1,241,240,207,-1,241,207,242,-1,242,207,223,-1,239,243,240,-1,240,243,244,-1,240,244,211,-1,211,244,245,-1,211,245,209,-1,170,172,235,-1,235,172,233,-1,168,170,237,-1,237,170,235,-1,166,168,213,-1,213,168,237,-1,214,216,165,-1,165,216,188,-1,190,188,218,-1,218,188,216,-1,191,190,220,-1,220,190,218,-1,189,191,219,-1,219,191,220,-1,187,189,217,-1,217,189,219,-1,186,187,215,-1,215,187,217,-1,226,227,180,-1,180,227,178,-1,176,178,229,-1,229,178,227,-1,174,176,231,-1,231,176,229,-1,172,174,233,-1,233,174,231,-1,173,171,234,-1,234,171,236,-1,171,169,236,-1,236,169,238,-1,238,169,206,-1,206,169,167,-1,179,228,181,-1,181,228,208,-1,179,177,228,-1,228,177,230,-1,177,175,230,-1,230,175,232,-1,175,173,232,-1,232,173,234,-1,167,181,206,-1,206,181,208,-1,224,198,221,-1,221,198,200,-1,221,200,222,-1,222,200,201,-1,222,201,223,-1,223,201,197,-1,223,197,242,-1,242,197,196,-1,242,196,241,-1,241,196,195,-1,241,195,239,-1,239,195,194,-1,239,194,243,-1,243,194,204,-1,243,204,244,-1,244,204,203,-1,244,203,245,-1,245,203,202,-1,245,202,209,-1,209,202,193,-1,209,193,210,-1,210,193,192,-1,224,225,198,-1,198,225,199,-1,205,207,185,-1,185,207,184,-1,207,240,184,-1,184,240,182,-1,240,211,182,-1,182,211,183,-1,211,210,183,-1,183,210,192,-1,199,225,180,-1,180,225,226,-1,205,185,215,-1,215,185,186,-1,164,212,165,-1,165,212,214,-1,212,164,213,-1,213,164,166,-1,
        ]
    }
}