#VRML V2.0 utf8
# 3D model generated by easyeda2kicad.py (https://github.com/uPesy/easyeda2kicad.py)

Shape{
    appearance Appearance {
        material  Material 	{
            diffuseColor 0.9686274509803922 0.8784313725490196 0.6
            specularColor 0.6784313725490196 0.615686274509804 0.4196078431372549
            ambientIntensity 0.8737
            transparency 0.0
            shininess 0.5
        }
    }
    geometry IndexedFaceSet {
        ccw TRUE
        solid FALSE
        coord DEF co Coordinate {
            point [
                1.496 0.5914 0.4187, 1.5354 0.5914 0.4187, 1.496 0.5997 0.4147, 1.5354 0.5997 0.4147, 1.5354 0.5645 0.4284, 1.496 0.5645 0.4284, 1.5354 0.5511 0.4332, 1.496 0.5511 0.4332, 1.5354 0.5369 0.435, 1.496 0.5369 0.435, 1.5354 0.5086 0.4386, 1.496 0.5086 0.4386, 1.5354 0.4801 0.436, 1.496 0.4801 0.436, 1.5354 0.4659 0.4347, 1.496 0.4659 0.4347, 1.5354 0.4523 0.4303, 1.496 0.4523 0.4303, 1.5354 0.4251 0.4216, 1.496 0.4251 0.4216, 1.5354 0.4004 0.4072, 1.496 0.4004 0.4072, 1.5354 0.388 0.4, 1.496 0.388 0.4, 1.5354 0.3776 0.3903, 1.496 0.3776 0.3903, 1.5354 0.3566 0.3709, 1.496 0.3566 0.3709, 1.4763 0.5853 0.3998, 1.4765 0.5871 0.4017, 1.4771 0.5916 0.3967, 1.4769 0.5883 0.403, 1.4777 0.5964 0.3944, 1.477 0.5885 0.4031, 1.4784 0.598 0.3936, 1.4777 0.5904 0.4052, 1.4784 0.5914 0.4061, 1.4806 0.6038 0.3908, 1.4784 0.5915 0.4062, 1.4799 0.5935 0.4084, 1.4807 0.5941 0.409, 1.4809 0.6045 0.3904, 1.4807 0.5942 0.409, 1.4838 0.6085 0.3885, 1.4832 0.5962 0.4111, 1.4837 0.5965 0.4114, 1.485 0.6101 0.3877, 1.4838 0.5965 0.4114, 1.4875 0.6122 0.3867, 1.4872 0.5982 0.4131, 1.4875 0.5982 0.4132, 1.4884 0.6129 0.3863, 1.4875 0.5982 0.4132, 1.49 0.6138 0.3859, 1.4916 0.6144 0.3856, 1.4914 0.5993 0.4143, 1.4916 0.5993 0.4143, 1.4929 0.6149 0.3854, 1.4917 0.5993 0.4143, 1.4957 0.6153 0.3852, 1.496 0.6153 0.3852, 1.5354 0.6153 0.3852, 1.5544 0.5917 0.3967, 1.5545 0.5884 0.403, 1.5551 0.5853 0.3998, 1.551 0.6036 0.3909, 1.5508 0.6038 0.3908, 1.553 0.5915 0.4062, 1.5391 0.5994 0.4144, 1.5398 0.5993 0.4143, 1.5381 0.615 0.3853, 1.5398 0.5993 0.4143, 1.5398 0.6144 0.3856, 1.5435 0.5984 0.4134, 1.5439 0.5982 0.4132, 1.5411 0.614 0.3858, 1.544 0.5982 0.4132, 1.544 0.6122 0.3867, 1.5477 0.5965 0.4114, 1.5477 0.6086 0.3884, 1.5477 0.5965 0.4114, 1.5473 0.6091 0.3882, 1.5476 0.5966 0.4115, 1.5442 0.6121 0.3867, 1.5526 0.5923 0.407, 1.5499 0.595 0.4099, 1.5507 0.5942 0.409, 1.5508 0.5941 0.409, 1.5544 0.589 0.4037, 1.5545 0.5885 0.4031, 1.5529 0.5979 0.3937, 1.5531 0.5914 0.4061, 1.5542 0.5943 0.3954, 1.5398 0.5912 0.4182, 1.5385 0.5913 0.4185, 1.5439 0.5905 0.4169, 1.543 0.5908 0.4174, 1.5476 0.5895 0.4148, 1.5471 0.5897 0.4152, 1.5507 0.5881 0.412, 1.55 0.5886 0.4129, 1.5531 0.5865 0.4087, 1.5529 0.5868 0.4092, 1.5546 0.5847 0.405, 1.5551 0.5828 0.401, 1.5545 0.5849 0.4053, 1.4763 0.5828 0.401, 1.4768 0.5841 0.4038, 1.4769 0.5847 0.4049, 1.477 0.585 0.4056, 1.478 0.5861 0.4078, 1.4784 0.5865 0.4087, 1.479 0.5871 0.4099, 1.4803 0.5879 0.4115, 1.4808 0.5881 0.412, 1.4821 0.5889 0.4135, 1.4829 0.5892 0.4141, 1.4839 0.5895 0.4147, 1.4862 0.5903 0.4163, 1.487 0.5904 0.4166, 1.4875 0.5905 0.4168, 1.4909 0.5911 0.4181, 1.4913 0.5912 0.4182, 1.4917 0.5912 0.4182, 1.5256 0.6728 0.3571, 1.5256 0.659 0.3288, 1.5059 0.6728 0.3571, 1.5059 0.659 0.3288, 1.496 0.3419 0.3541, 1.5354 0.3419 0.3541, 1.5493 0.361 0.3671, 1.55 0.3615 0.3667, 1.55 0.3811 0.3862, 1.5452 0.3587 0.3691, 1.5471 0.3595 0.3684, 1.5471 0.3794 0.3882, 1.5405 0.3572 0.3704, 1.543 0.3577 0.3699, 1.543 0.3778 0.39, 1.5385 0.3568 0.3708, 1.5385 0.377 0.3909, 1.5385 0.4 0.4079, 1.5385 0.4252 0.4214, 1.5385 0.452 0.4311, 1.5385 0.48 0.4368, 1.5385 0.5086 0.4384, 1.5385 0.537 0.4358, 1.5385 0.5648 0.4291, 1.5545 0.5603 0.4151, 1.5551 0.5586 0.4097, 1.5551 0.5465 0.4141, 1.5545 0.5346 0.4213, 1.5551 0.5337 0.4157, 1.5545 0.5083 0.4237, 1.5551 0.5082 0.4189, 1.5545 0.4819 0.4222, 1.5551 0.4826 0.4166, 1.5551 0.4698 0.4154, 1.5545 0.456 0.4169, 1.5551 0.4576 0.4115, 1.5545 0.4311 0.408, 1.5551 0.4331 0.4036, 1.5545 0.4078 0.3955, 1.5551 0.4108 0.3907, 1.5551 0.3997 0.3842, 1.5545 0.3866 0.3798, 1.5551 0.3903 0.3755, 1.543 0.4007 0.4068, 1.543 0.4257 0.4202, 1.543 0.4524 0.4299, 1.543 0.4802 0.4355, 1.543 0.5085 0.4371, 1.543 0.5368 0.4345, 1.543 0.5644 0.4279, 1.5471 0.4019 0.4048, 1.5471 0.4266 0.4181, 1.5471 0.453 0.4276, 1.5471 0.4805 0.4332, 1.5471 0.5085 0.4347, 1.5471 0.5364 0.4322, 1.5471 0.5637 0.4257, 1.55 0.4033 0.4026, 1.55 0.4277 0.4157, 1.55 0.4537 0.4251, 1.55 0.4808 0.4306, 1.55 0.5085 0.4321, 1.55 0.536 0.4296, 1.55 0.5629 0.4232, 1.5524 0.364 0.3644, 1.5529 0.3838 0.383, 1.5529 0.4055 0.3991, 1.5529 0.4294 0.4119, 1.5529 0.4548 0.4211, 1.5529 0.4814 0.4265, 1.5529 0.5084 0.428, 1.5529 0.5353 0.4255, 1.5529 0.5616 0.4192, 1.5551 0.3714 0.358, 1.5545 0.3678 0.3611, 1.5544 0.3676 0.3614, 1.5529 0.3646 0.364, 1.4838 0.3599 0.368, 1.487 0.3582 0.3695, 1.487 0.3783 0.3894, 1.4807 0.3622 0.366, 1.4828 0.3604 0.3676, 1.4828 0.3802 0.3872, 1.4766 0.5598 0.4135, 1.4913 0.5647 0.4288, 1.4913 0.537 0.4355, 1.4913 0.5086 0.438, 1.4913 0.4801 0.4365, 1.4913 0.4521 0.4308, 1.4913 0.4253 0.4211, 1.4913 0.4002 0.4076, 1.4875 0.3581 0.3696, 1.4913 0.357 0.3706, 1.4913 0.3772 0.3907, 1.4917 0.357 0.3706, 1.4766 0.3877 0.3785, 1.4763 0.3903 0.3755, 1.4763 0.3714 0.358, 1.4763 0.3997 0.3842, 1.4766 0.4087 0.3941, 1.4763 0.4108 0.3907, 1.4766 0.4318 0.4065, 1.4763 0.4331 0.4036, 1.4766 0.4565 0.4153, 1.4763 0.4576 0.4115, 1.4763 0.4698 0.4154, 1.4766 0.4821 0.4206, 1.4763 0.4826 0.4166, 1.4766 0.5083 0.422, 1.4763 0.5082 0.4189, 1.4766 0.5344 0.4197, 1.4763 0.5337 0.4157, 1.4763 0.5465 0.4141, 1.4763 0.5586 0.4097, 1.4766 0.3691 0.36, 1.4769 0.3681 0.3609, 1.4779 0.3848 0.3819, 1.4779 0.5612 0.4178, 1.4779 0.5351 0.4241, 1.4779 0.5084 0.4265, 1.4779 0.4816 0.425, 1.4779 0.4552 0.4197, 1.4779 0.43 0.4105, 1.4779 0.4063 0.3979, 1.4779 0.3657 0.363, 1.4784 0.365 0.3636, 1.4802 0.382 0.3851, 1.4802 0.5625 0.4218, 1.4802 0.5358 0.4282, 1.4802 0.5084 0.4306, 1.4802 0.481 0.4291, 1.4802 0.4541 0.4236, 1.4802 0.4283 0.4143, 1.4802 0.4041 0.4014, 1.4802 0.3626 0.3657, 1.4828 0.5633 0.4245, 1.4828 0.5362 0.431, 1.4828 0.5085 0.4335, 1.4828 0.4807 0.432, 1.4828 0.4534 0.4264, 1.4828 0.4271 0.417, 1.4828 0.4026 0.4038, 1.487 0.401 0.4062, 1.487 0.426 0.4196, 1.487 0.4526 0.4292, 1.487 0.4803 0.4348, 1.487 0.5085 0.4364, 1.487 0.5367 0.4338, 1.487 0.5642 0.4272, 1.5846 0.5828 0.401, 1.4468 0.6197 0.383, 1.4468 0.5828 0.401, 1.4483 0.6316 0.3772, 1.4527 0.6428 0.3718, 1.4597 0.6528 0.3669, 1.4691 0.6612 0.3628, 1.4803 0.6676 0.3597, 1.4927 0.6715 0.3578, 1.5846 0.6197 0.383, 1.5831 0.6316 0.3772, 1.5512 0.6676 0.3597, 1.5624 0.6612 0.3628, 1.5717 0.6528 0.3669, 1.5788 0.6428 0.3718, 1.5387 0.6715 0.3578, 1.46 0.632 0.3245, 1.4502 0.6116 0.3213, 1.4528 0.6186 0.3224, 1.4537 0.6212 0.3228, 1.4804 0.6517 0.3276, 1.4718 0.646 0.3267, 1.4692 0.6432 0.3263, 1.4618 0.6352 0.325, 1.4947 0.6577 0.3286, 1.4928 0.657 0.3285, 1.4827 0.6533 0.3279, 1.4483 0.6057 0.3242, 1.4468 0.5939 0.3299, 1.5288 0.6589 0.3288, 1.5387 0.657 0.3285, 1.5409 0.6566 0.3284, 1.5511 0.6518 0.3277, 1.5522 0.6513 0.3276, 1.5623 0.6433 0.3263, 1.5638 0.6421 0.3261, 1.5715 0.632 0.3245, 1.5734 0.6295 0.3241, 1.5783 0.6184 0.3224, 1.5812 0.6116 0.3213, 1.5831 0.6057 0.3242, 1.5846 0.5939 0.3299, 1.4784 0.352 0.3486, 1.4916 0.3424 0.3538, 1.4917 0.3424 0.3538, 1.4875 0.3438 0.3531, 1.4875 0.3437 0.3531, 1.4913 0.3425 0.3538, 1.4838 0.3459 0.3519, 1.4838 0.3459 0.352, 1.487 0.3439 0.353, 1.48 0.3494 0.35, 1.4806 0.3487 0.3504, 1.4807 0.3487 0.3504, 1.4829 0.3464 0.3517, 1.477 0.3557 0.3466, 1.4777 0.3532 0.3479, 1.4783 0.3521 0.3485, 1.4763 0.3596 0.3444, 1.4765 0.3573 0.3457, 1.4769 0.3559 0.3465, 1.4774 0.3532 0.3371, 1.4916 0.3295 0.3098, 1.496 0.3287 0.3088, 1.4943 0.3288 0.309, 1.4922 0.3292 0.3095, 1.4875 0.3318 0.3125, 1.4899 0.3302 0.3106, 1.4837 0.3356 0.3168, 1.4869 0.3322 0.3129, 1.4808 0.3407 0.3227, 1.4833 0.3361 0.3173, 1.4785 0.3465 0.3294, 1.4788 0.3446 0.3271, 1.5354 0.3287 0.3088, 1.5543 0.3551 0.3469, 1.5527 0.3467 0.3296, 1.5545 0.3559 0.3465, 1.5544 0.3531 0.337, 1.5549 0.3573 0.3457, 1.5549 0.3551 0.3392, 1.5551 0.3596 0.3444, 1.5537 0.3532 0.3479, 1.5531 0.3521 0.3485, 1.5513 0.3413 0.3234, 1.5523 0.3508 0.3492, 1.5508 0.3405 0.3224, 1.5515 0.3494 0.35, 1.5508 0.3487 0.3504, 1.5486 0.3366 0.318, 1.5493 0.3472 0.3512, 1.5477 0.3356 0.3168, 1.5485 0.3464 0.3517, 1.5477 0.3459 0.3519, 1.5446 0.3322 0.3129, 1.5452 0.3444 0.3528, 1.544 0.3318 0.3125, 1.5444 0.3439 0.353, 1.544 0.3438 0.3531, 1.542 0.3304 0.3109, 1.5405 0.3426 0.3538, 1.5398 0.3295 0.3097, 1.5402 0.3425 0.3538, 1.5398 0.3424 0.3538, 1.5397 0.3294 0.3097, 1.5376 0.3288 0.309, 1.5846 0.3714 0.358, 1.5846 0.3997 0.3842, 1.5846 0.4331 0.4036, 1.5846 0.4698 0.4154, 1.5846 0.5082 0.4189, 1.5846 0.5465 0.4141, 1.4468 0.3714 0.358, 1.4468 0.3997 0.3842, 1.4468 0.4331 0.4036, 1.4468 0.4698 0.4154, 1.4468 0.5082 0.4189, 1.4468 0.5465 0.4141, 1.4468 0.5569 0.3479, 1.5846 0.5569 0.3479, 1.5748 -1.1299 0.0591, 1.4567 -1.1299 0.0591, 1.5748 -1.2992 0.0591, 1.4567 -1.2992 0.0591, 1.4468 0.3085 0.2857, 1.5846 0.3085 0.2857, 1.5748 -1.2992 0.0, 1.4567 -1.2992 0.0, 1.4468 0.5277 0.3577, 1.5846 0.5277 0.3577, 1.4468 0.4969 0.3596, 1.5846 0.4969 0.3596, 1.4468 0.4667 0.3535, 1.5846 0.4667 0.3535, 1.4468 0.4391 0.3397, 1.5846 0.4391 0.3397, 1.4468 0.416 0.3193, 1.5846 0.416 0.3193, 1.4567 -1.1209 0.0601, 1.5748 -1.1209 0.0601, 1.4567 -1.1123 0.0632, 1.5748 -1.1123 0.0632, 1.4567 -1.1047 0.0682, 1.5748 -1.1047 0.0682, 1.4567 -1.0985 0.0747, 1.5748 -1.0985 0.0747, 1.4468 0.1942 0.221, 1.5846 0.1942 0.221, 1.4468 0.2265 0.2295, 1.5846 0.2265 0.2295, 1.4468 0.2569 0.2435, 1.5846 0.2569 0.2435, 1.4468 0.2845 0.2624, 1.5846 0.2845 0.2624, 1.4567 -1.1299 0.0, 1.5748 -1.1299 0.0, 1.5846 0.3531 0.2469, 1.4468 0.3531 0.2469, 1.5748 -1.0806 0.0984, 1.4567 -1.0806 0.0984, 1.5846 0.0895 0.2025, 1.4468 0.0895 0.2025, 1.6043 -0.1431 0.1615, 1.4271 -0.1431 0.1615, 1.6043 -0.2687 0.1393, 1.4271 -0.2687 0.1393, 1.4567 -1.0513 0.0392, 1.5748 -1.0513 0.0392, 1.5748 -1.067 0.0228, 1.4567 -1.067 0.0228, 1.5748 -1.086 0.0103, 1.4567 -1.086 0.0103, 1.5748 -1.1073 0.0026, 1.4567 -1.1073 0.0026, 1.5846 0.0998 0.1444, 1.6043 -0.1328 0.1033, 1.5846 0.2044 0.1628, 1.5846 0.2464 0.174, 1.5846 0.286 0.1921, 1.5846 0.3219 0.2166, 1.4468 0.3219 0.2166, 1.4468 0.286 0.1921, 1.4468 0.2464 0.174, 1.4468 0.2044 0.1628, 1.4468 0.0998 0.1444, 1.4271 -0.1328 0.1033, 1.5748 -1.002 0.1375, 1.4567 -1.002 0.1375, 1.4567 -1.0246 0.1349, 1.5748 -1.0246 0.1349, 1.4567 -1.046 0.1272, 1.5748 -1.046 0.1272, 1.4567 -1.065 0.1148, 1.5748 -1.065 0.1148, 1.4271 -0.2892 0.1375, 1.6043 -0.2892 0.1375, 1.4567 -1.0335 0.0628, 1.5748 -1.0335 0.0628, 1.4271 -0.2584 0.0812, 1.6043 -0.2584 0.0812, 1.4271 -0.7658 0.1375, 1.4567 -0.7658 0.1375, 1.6043 -0.7658 0.1375, 1.5748 -0.7658 0.1375, 1.4567 -0.7658 0.0785, 1.4271 -0.7658 0.0785, 1.4567 -1.0272 0.0694, 1.4567 -1.0196 0.0744, 1.4567 -1.0111 0.0774, 1.4567 -1.002 0.0785, 1.5748 -1.0272 0.0694, 1.5748 -1.0196 0.0744, 1.5748 -1.0111 0.0774, 1.5748 -1.002 0.0785, 1.5748 -0.7658 0.0785, 1.6043 -0.7658 0.0785, 1.6043 -0.2892 0.0785, 1.4271 -0.2892 0.0785, -0.2363 0.5914 0.4187, -0.1969 0.5914 0.4187, -0.2363 0.5997 0.4147, -0.1969 0.5997 0.4147, -0.1969 0.5645 0.4284, -0.2363 0.5645 0.4284, -0.1969 0.5511 0.4332, -0.2363 0.5511 0.4332, -0.1969 0.5369 0.435, -0.2363 0.5369 0.435, -0.1969 0.5086 0.4386, -0.2363 0.5086 0.4386, -0.1969 0.4801 0.436, -0.2363 0.4801 0.436, -0.1969 0.4659 0.4347, -0.2363 0.4659 0.4347, -0.1969 0.4523 0.4303, -0.2363 0.4523 0.4303, -0.1969 0.4251 0.4216, -0.2363 0.4251 0.4216, -0.1969 0.4004 0.4072, -0.2363 0.4004 0.4072, -0.1969 0.388 0.4, -0.2363 0.388 0.4, -0.1969 0.3776 0.3903, -0.2363 0.3776 0.3903, -0.1969 0.3566 0.3709, -0.2363 0.3566 0.3709, -0.2559 0.5853 0.3998, -0.2558 0.5871 0.4017, -0.2551 0.5916 0.3967, -0.2553 0.5883 0.403, -0.2545 0.5964 0.3944, -0.2553 0.5885 0.4031, -0.2539 0.598 0.3936, -0.2546 0.5904 0.4052, -0.2539 0.5914 0.4061, -0.2516 0.6038 0.3908, -0.2539 0.5915 0.4062, -0.2524 0.5935 0.4084, -0.2516 0.5941 0.409, -0.2514 0.6045 0.3904, -0.2516 0.5942 0.409, -0.2485 0.6085 0.3885, -0.2491 0.5962 0.4111, -0.2485 0.5965 0.4114, -0.2473 0.6101 0.3877, -0.2485 0.5965 0.4114, -0.2448 0.6122 0.3867, -0.2451 0.5982 0.4131, -0.2448 0.5982 0.4132, -0.2439 0.6129 0.3863, -0.2448 0.5982 0.4132, -0.2423 0.6138 0.3859, -0.2406 0.6144 0.3856, -0.2409 0.5993 0.4143, -0.2407 0.5993 0.4143, -0.2394 0.6149 0.3854, -0.2406 0.5993 0.4143, -0.2366 0.6153 0.3852, -0.2363 0.6153 0.3852, -0.1969 0.6153 0.3852, -0.1778 0.5917 0.3967, -0.1778 0.5884 0.403, -0.1772 0.5853 0.3998, -0.1813 0.6036 0.3909, -0.1814 0.6038 0.3908, -0.1792 0.5915 0.4062, -0.1931 0.5994 0.4144, -0.1925 0.5993 0.4143, -0.1942 0.615 0.3853, -0.1925 0.5993 0.4143, -0.1925 0.6144 0.3856, -0.1888 0.5984 0.4134, -0.1884 0.5982 0.4132, -0.1912 0.614 0.3858, -0.1883 0.5982 0.4132, -0.1883 0.6122 0.3867, -0.1846 0.5965 0.4114, -0.1846 0.6086 0.3884, -0.1846 0.5965 0.4114, -0.1849 0.6091 0.3882, -0.1847 0.5966 0.4115, -0.1881 0.6121 0.3867, -0.1797 0.5923 0.407, -0.1824 0.595 0.4099, -0.1816 0.5942 0.409, -0.1815 0.5941 0.409, -0.1779 0.589 0.4037, -0.1778 0.5885 0.4031, -0.1793 0.5979 0.3937, -0.1792 0.5914 0.4061, -0.1781 0.5943 0.3954, -0.1925 0.5912 0.4182, -0.1938 0.5913 0.4185, -0.1884 0.5905 0.4169, -0.1893 0.5908 0.4174, -0.1846 0.5895 0.4148, -0.1852 0.5897 0.4152, -0.1816 0.5881 0.412, -0.1823 0.5886 0.4129, -0.1792 0.5865 0.4087, -0.1794 0.5868 0.4092, -0.1777 0.5847 0.405, -0.1772 0.5828 0.401, -0.1778 0.5849 0.4053, -0.2559 0.5828 0.401, -0.2555 0.5841 0.4038, -0.2554 0.5847 0.4049, -0.2553 0.585 0.4056, -0.2543 0.5861 0.4078, -0.2539 0.5865 0.4087, -0.2533 0.5871 0.4099, -0.2519 0.5879 0.4115, -0.2515 0.5881 0.412, -0.2502 0.5889 0.4135, -0.2494 0.5892 0.4141, -0.2484 0.5895 0.4147, -0.2461 0.5903 0.4163, -0.2453 0.5904 0.4166, -0.2447 0.5905 0.4168, -0.2413 0.5911 0.4181, -0.241 0.5912 0.4182, -0.2406 0.5912 0.4182, -0.2067 0.6728 0.3571, -0.2067 0.659 0.3288, -0.2264 0.6728 0.3571, -0.2264 0.659 0.3288, -0.2363 0.3419 0.3541, -0.1969 0.3419 0.3541, -0.183 0.361 0.3671, -0.1823 0.3615 0.3667, -0.1823 0.3811 0.3862, -0.1871 0.3587 0.3691, -0.1852 0.3595 0.3684, -0.1852 0.3794 0.3882, -0.1918 0.3572 0.3704, -0.1893 0.3577 0.3699, -0.1893 0.3778 0.39, -0.1938 0.3568 0.3708, -0.1938 0.377 0.3909, -0.1938 0.4 0.4079, -0.1938 0.4252 0.4214, -0.1938 0.452 0.4311, -0.1938 0.48 0.4368, -0.1938 0.5086 0.4384, -0.1938 0.537 0.4358, -0.1938 0.5648 0.4291, -0.1778 0.5603 0.4151, -0.1772 0.5586 0.4097, -0.1772 0.5465 0.4141, -0.1778 0.5346 0.4213, -0.1772 0.5337 0.4157, -0.1778 0.5083 0.4237, -0.1772 0.5082 0.4189, -0.1778 0.4819 0.4222, -0.1772 0.4826 0.4166, -0.1772 0.4698 0.4154, -0.1778 0.456 0.4169, -0.1772 0.4576 0.4115, -0.1778 0.4311 0.408, -0.1772 0.4331 0.4036, -0.1778 0.4078 0.3955, -0.1772 0.4108 0.3907, -0.1772 0.3997 0.3842, -0.1778 0.3866 0.3798, -0.1772 0.3903 0.3755, -0.1893 0.4007 0.4068, -0.1893 0.4257 0.4202, -0.1893 0.4524 0.4299, -0.1893 0.4802 0.4355, -0.1893 0.5085 0.4371, -0.1893 0.5368 0.4345, -0.1893 0.5644 0.4279, -0.1852 0.4019 0.4048, -0.1852 0.4266 0.4181, -0.1852 0.453 0.4276, -0.1852 0.4805 0.4332, -0.1852 0.5085 0.4347, -0.1852 0.5364 0.4322, -0.1852 0.5637 0.4257, -0.1823 0.4033 0.4026, -0.1823 0.4277 0.4157, -0.1823 0.4537 0.4251, -0.1823 0.4808 0.4306, -0.1823 0.5085 0.4321, -0.1823 0.536 0.4296, -0.1823 0.5629 0.4232, -0.1799 0.364 0.3644, -0.1794 0.3838 0.383, -0.1794 0.4055 0.3991, -0.1794 0.4294 0.4119, -0.1794 0.4548 0.4211, -0.1794 0.4814 0.4265, -0.1794 0.5084 0.428, -0.1794 0.5353 0.4255, -0.1794 0.5616 0.4192, -0.1772 0.3714 0.358, -0.1778 0.3678 0.3611, -0.1779 0.3676 0.3614, -0.1794 0.3646 0.364, -0.2485 0.3599 0.368, -0.2453 0.3582 0.3695, -0.2453 0.3783 0.3894, -0.2516 0.3622 0.366, -0.2495 0.3604 0.3676, -0.2495 0.3802 0.3872, -0.2557 0.5598 0.4135, -0.241 0.5647 0.4288, -0.241 0.537 0.4355, -0.241 0.5086 0.438, -0.241 0.4801 0.4365, -0.241 0.4521 0.4308, -0.241 0.4253 0.4211, -0.241 0.4002 0.4076, -0.2448 0.3581 0.3696, -0.241 0.357 0.3706, -0.241 0.3772 0.3907, -0.2406 0.357 0.3706, -0.2557 0.3877 0.3785, -0.2559 0.3903 0.3755, -0.2559 0.3714 0.358, -0.2559 0.3997 0.3842, -0.2557 0.4087 0.3941, -0.2559 0.4108 0.3907, -0.2557 0.4318 0.4065, -0.2559 0.4331 0.4036, -0.2557 0.4565 0.4153, -0.2559 0.4576 0.4115, -0.2559 0.4698 0.4154, -0.2557 0.4821 0.4206, -0.2559 0.4826 0.4166, -0.2557 0.5083 0.422, -0.2559 0.5082 0.4189, -0.2557 0.5344 0.4197, -0.2559 0.5337 0.4157, -0.2559 0.5465 0.4141, -0.2559 0.5586 0.4097, -0.2557 0.3691 0.36, -0.2553 0.3681 0.3609, -0.2544 0.3848 0.3819, -0.2544 0.5612 0.4178, -0.2544 0.5351 0.4241, -0.2544 0.5084 0.4265, -0.2544 0.4816 0.425, -0.2544 0.4552 0.4197, -0.2544 0.43 0.4105, -0.2544 0.4063 0.3979, -0.2544 0.3657 0.363, -0.2539 0.365 0.3636, -0.2521 0.382 0.3851, -0.2521 0.5625 0.4218, -0.2521 0.5358 0.4282, -0.2521 0.5084 0.4306, -0.2521 0.481 0.4291, -0.2521 0.4541 0.4236, -0.2521 0.4283 0.4143, -0.2521 0.4041 0.4014, -0.2521 0.3626 0.3657, -0.2495 0.5633 0.4245, -0.2495 0.5362 0.431, -0.2495 0.5085 0.4335, -0.2495 0.4807 0.432, -0.2495 0.4534 0.4264, -0.2495 0.4271 0.417, -0.2495 0.4026 0.4038, -0.2453 0.401 0.4062, -0.2453 0.426 0.4196, -0.2453 0.4526 0.4292, -0.2453 0.4803 0.4348, -0.2453 0.5085 0.4364, -0.2453 0.5367 0.4338, -0.2453 0.5642 0.4272, -0.1477 0.5828 0.401, -0.2855 0.6197 0.383, -0.2855 0.5828 0.401, -0.284 0.6316 0.3772, -0.2796 0.6428 0.3718, -0.2726 0.6528 0.3669, -0.2632 0.6612 0.3628, -0.252 0.6676 0.3597, -0.2395 0.6715 0.3578, -0.1477 0.6197 0.383, -0.1491 0.6316 0.3772, -0.1811 0.6676 0.3597, -0.1699 0.6612 0.3628, -0.1606 0.6528 0.3669, -0.1535 0.6428 0.3718, -0.1936 0.6715 0.3578, -0.2723 0.632 0.3245, -0.2821 0.6116 0.3213, -0.2795 0.6186 0.3224, -0.2786 0.6212 0.3228, -0.2519 0.6517 0.3276, -0.2605 0.646 0.3267, -0.263 0.6432 0.3263, -0.2705 0.6352 0.325, -0.2376 0.6577 0.3286, -0.2395 0.657 0.3285, -0.2496 0.6533 0.3279, -0.284 0.6057 0.3242, -0.2855 0.5939 0.3299, -0.2035 0.6589 0.3288, -0.1936 0.657 0.3285, -0.1913 0.6566 0.3284, -0.1811 0.6518 0.3277, -0.1801 0.6513 0.3276, -0.17 0.6433 0.3263, -0.1685 0.6421 0.3261, -0.1608 0.632 0.3245, -0.1588 0.6295 0.3241, -0.154 0.6184 0.3224, -0.151 0.6116 0.3213, -0.1491 0.6057 0.3242, -0.1477 0.5939 0.3299, -0.2539 0.352 0.3486, -0.2407 0.3424 0.3538, -0.2406 0.3424 0.3538, -0.2448 0.3438 0.3531, -0.2448 0.3437 0.3531, -0.241 0.3425 0.3538, -0.2485 0.3459 0.3519, -0.2485 0.3459 0.352, -0.2453 0.3439 0.353, -0.2523 0.3494 0.35, -0.2516 0.3487 0.3504, -0.2516 0.3487 0.3504, -0.2494 0.3464 0.3517, -0.2553 0.3557 0.3466, -0.2546 0.3532 0.3479, -0.2539 0.3521 0.3485, -0.2559 0.3596 0.3444, -0.2558 0.3573 0.3457, -0.2554 0.3559 0.3465, -0.2549 0.3532 0.3371, -0.2406 0.3295 0.3098, -0.2363 0.3287 0.3088, -0.238 0.3288 0.309, -0.24 0.3292 0.3095, -0.2448 0.3318 0.3125, -0.2424 0.3302 0.3106, -0.2486 0.3356 0.3168, -0.2454 0.3322 0.3129, -0.2515 0.3407 0.3227, -0.249 0.3361 0.3173, -0.2538 0.3465 0.3294, -0.2534 0.3446 0.3271, -0.1969 0.3287 0.3088, -0.178 0.3551 0.3469, -0.1796 0.3467 0.3296, -0.1778 0.3559 0.3465, -0.1779 0.3531 0.337, -0.1774 0.3573 0.3457, -0.1774 0.3551 0.3392, -0.1772 0.3596 0.3444, -0.1785 0.3532 0.3479, -0.1792 0.3521 0.3485, -0.181 0.3413 0.3234, -0.18 0.3508 0.3492, -0.1815 0.3405 0.3224, -0.1808 0.3494 0.35, -0.1815 0.3487 0.3504, -0.1837 0.3366 0.318, -0.183 0.3472 0.3512, -0.1846 0.3356 0.3168, -0.1838 0.3464 0.3517, -0.1846 0.3459 0.3519, -0.1877 0.3322 0.3129, -0.1871 0.3444 0.3528, -0.1883 0.3318 0.3125, -0.1879 0.3439 0.353, -0.1883 0.3438 0.3531, -0.1903 0.3304 0.3109, -0.1918 0.3426 0.3538, -0.1925 0.3295 0.3097, -0.1921 0.3425 0.3538, -0.1925 0.3424 0.3538, -0.1926 0.3294 0.3097, -0.1947 0.3288 0.309, -0.1477 0.3714 0.358, -0.1477 0.3997 0.3842, -0.1477 0.4331 0.4036, -0.1477 0.4698 0.4154, -0.1477 0.5082 0.4189, -0.1477 0.5465 0.4141, -0.2855 0.3714 0.358, -0.2855 0.3997 0.3842, -0.2855 0.4331 0.4036, -0.2855 0.4698 0.4154, -0.2855 0.5082 0.4189, -0.2855 0.5465 0.4141, -0.2855 0.5569 0.3479, -0.1477 0.5569 0.3479, -0.1575 -1.1299 0.0591, -0.2756 -1.1299 0.0591, -0.1575 -1.2992 0.0591, -0.2756 -1.2992 0.0591, -0.2855 0.3085 0.2857, -0.1477 0.3085 0.2857, -0.1575 -1.2992 0.0, -0.2756 -1.2992 0.0, -0.2855 0.5277 0.3577, -0.1477 0.5277 0.3577, -0.2855 0.4969 0.3596, -0.1477 0.4969 0.3596, -0.2855 0.4667 0.3535, -0.1477 0.4667 0.3535, -0.2855 0.4391 0.3397, -0.1477 0.4391 0.3397, -0.2855 0.416 0.3193, -0.1477 0.416 0.3193, -0.2756 -1.1209 0.0601, -0.1575 -1.1209 0.0601, -0.2756 -1.1123 0.0632, -0.1575 -1.1123 0.0632, -0.2756 -1.1047 0.0682, -0.1575 -1.1047 0.0682, -0.2756 -1.0985 0.0747, -0.1575 -1.0985 0.0747, -0.2855 0.1942 0.221, -0.1477 0.1942 0.221, -0.2855 0.2265 0.2295, -0.1477 0.2265 0.2295, -0.2855 0.2569 0.2435, -0.1477 0.2569 0.2435, -0.2855 0.2845 0.2624, -0.1477 0.2845 0.2624, -0.2756 -1.1299 0.0, -0.1575 -1.1299 0.0, -0.1477 0.3531 0.2469, -0.2855 0.3531 0.2469, -0.1575 -1.0806 0.0984, -0.2756 -1.0806 0.0984, -0.1477 0.0895 0.2025, -0.2855 0.0895 0.2025, -0.128 -0.1431 0.1615, -0.3051 -0.1431 0.1615, -0.128 -0.2687 0.1393, -0.3051 -0.2687 0.1393, -0.2756 -1.0513 0.0392, -0.1575 -1.0513 0.0392, -0.1575 -1.067 0.0228, -0.2756 -1.067 0.0228, -0.1575 -1.086 0.0103, -0.2756 -1.086 0.0103, -0.1575 -1.1073 0.0026, -0.2756 -1.1073 0.0026, -0.1477 0.0998 0.1444, -0.128 -0.1328 0.1033, -0.1477 0.2044 0.1628, -0.1477 0.2464 0.174, -0.1477 0.286 0.1921, -0.1477 0.3219 0.2166, -0.2855 0.3219 0.2166, -0.2855 0.286 0.1921, -0.2855 0.2464 0.174, -0.2855 0.2044 0.1628, -0.2855 0.0998 0.1444, -0.3051 -0.1328 0.1033, -0.1575 -1.002 0.1375, -0.2756 -1.002 0.1375, -0.2756 -1.0246 0.1349, -0.1575 -1.0246 0.1349, -0.2756 -1.046 0.1272, -0.1575 -1.046 0.1272, -0.2756 -1.065 0.1148, -0.1575 -1.065 0.1148, -0.3051 -0.2892 0.1375, -0.128 -0.2892 0.1375, -0.2756 -1.0335 0.0628, -0.1575 -1.0335 0.0628, -0.3051 -0.2584 0.0812, -0.128 -0.2584 0.0812, -0.3051 -0.7658 0.1375, -0.2756 -0.7658 0.1375, -0.128 -0.7658 0.1375, -0.1575 -0.7658 0.1375, -0.2756 -0.7658 0.0785, -0.3051 -0.7658 0.0785, -0.2756 -1.0272 0.0694, -0.2756 -1.0196 0.0744, -0.2756 -1.0111 0.0774, -0.2756 -1.002 0.0785, -0.1575 -1.0272 0.0694, -0.1575 -1.0196 0.0744, -0.1575 -1.0111 0.0774, -0.1575 -1.002 0.0785, -0.1575 -0.7658 0.0785, -0.128 -0.7658 0.0785, -0.128 -0.2892 0.0785, -0.3051 -0.2892 0.0785, -1.5355 0.5914 0.4187, -1.4961 0.5914 0.4187, -1.5355 0.5997 0.4147, -1.4961 0.5997 0.4147, -1.4961 0.5645 0.4284, -1.5355 0.5645 0.4284, -1.4961 0.5511 0.4332, -1.5355 0.5511 0.4332, -1.4961 0.5369 0.435, -1.5355 0.5369 0.435, -1.4961 0.5086 0.4386, -1.5355 0.5086 0.4386, -1.4961 0.4801 0.436, -1.5355 0.4801 0.436, -1.4961 0.4659 0.4347, -1.5355 0.4659 0.4347, -1.4961 0.4523 0.4303, -1.5355 0.4523 0.4303, -1.4961 0.4251 0.4216, -1.5355 0.4251 0.4216, -1.4961 0.4004 0.4072, -1.5355 0.4004 0.4072, -1.4961 0.388 0.4, -1.5355 0.388 0.4, -1.4961 0.3776 0.3903, -1.5355 0.3776 0.3903, -1.4961 0.3566 0.3709, -1.5355 0.3566 0.3709, -1.5551 0.5853 0.3998, -1.555 0.5871 0.4017, -1.5544 0.5916 0.3967, -1.5546 0.5883 0.403, -1.5538 0.5964 0.3944, -1.5545 0.5885 0.4031, -1.5531 0.598 0.3936, -1.5538 0.5904 0.4052, -1.5531 0.5914 0.4061, -1.5509 0.6038 0.3908, -1.5531 0.5915 0.4062, -1.5516 0.5935 0.4084, -1.5508 0.5941 0.409, -1.5506 0.6045 0.3904, -1.5508 0.5942 0.409, -1.5477 0.6085 0.3885, -1.5483 0.5962 0.4111, -1.5478 0.5965 0.4114, -1.5465 0.6101 0.3877, -1.5477 0.5965 0.4114, -1.544 0.6122 0.3867, -1.5443 0.5982 0.4131, -1.544 0.5982 0.4132, -1.5431 0.6129 0.3863, -1.544 0.5982 0.4132, -1.5415 0.6138 0.3859, -1.5399 0.6144 0.3856, -1.5401 0.5993 0.4143, -1.5399 0.5993 0.4143, -1.5386 0.6149 0.3854, -1.5398 0.5993 0.4143, -1.5358 0.6153 0.3852, -1.5355 0.6153 0.3852, -1.4961 0.6153 0.3852, -1.4771 0.5917 0.3967, -1.477 0.5884 0.403, -1.4764 0.5853 0.3998, -1.4805 0.6036 0.3909, -1.4807 0.6038 0.3908, -1.4785 0.5915 0.4062, -1.4924 0.5994 0.4144, -1.4917 0.5993 0.4143, -1.4934 0.615 0.3853, -1.4917 0.5993 0.4143, -1.4917 0.6144 0.3856, -1.488 0.5984 0.4134, -1.4876 0.5982 0.4132, -1.4904 0.614 0.3858, -1.4875 0.5982 0.4132, -1.4875 0.6122 0.3867, -1.4838 0.5965 0.4114, -1.4838 0.6086 0.3884, -1.4838 0.5965 0.4114, -1.4841 0.6091 0.3882, -1.4839 0.5966 0.4115, -1.4873 0.6121 0.3867, -1.4789 0.5923 0.407, -1.4816 0.595 0.4099, -1.4808 0.5942 0.409, -1.4807 0.5941 0.409, -1.4771 0.589 0.4037, -1.477 0.5885 0.4031, -1.4786 0.5979 0.3937, -1.4784 0.5914 0.4061, -1.4773 0.5943 0.3954, -1.4917 0.5912 0.4182, -1.493 0.5913 0.4185, -1.4876 0.5905 0.4169, -1.4885 0.5908 0.4174, -1.4839 0.5895 0.4148, -1.4844 0.5897 0.4152, -1.4808 0.5881 0.412, -1.4815 0.5886 0.4129, -1.4784 0.5865 0.4087, -1.4786 0.5868 0.4092, -1.4769 0.5847 0.405, -1.4764 0.5828 0.401, -1.477 0.5849 0.4053, -1.5551 0.5828 0.401, -1.5547 0.5841 0.4038, -1.5546 0.5847 0.4049, -1.5545 0.585 0.4056, -1.5535 0.5861 0.4078, -1.5531 0.5865 0.4087, -1.5525 0.5871 0.4099, -1.5512 0.5879 0.4115, -1.5507 0.5881 0.412, -1.5494 0.5889 0.4135, -1.5486 0.5892 0.4141, -1.5476 0.5895 0.4147, -1.5453 0.5903 0.4163, -1.5445 0.5904 0.4166, -1.544 0.5905 0.4168, -1.5406 0.5911 0.4181, -1.5402 0.5912 0.4182, -1.5398 0.5912 0.4182, -1.5059 0.6728 0.3571, -1.5059 0.659 0.3288, -1.5256 0.6728 0.3571, -1.5256 0.659 0.3288, -1.5355 0.3419 0.3541, -1.4961 0.3419 0.3541, -1.4822 0.361 0.3671, -1.4815 0.3615 0.3667, -1.4815 0.3811 0.3862, -1.4863 0.3587 0.3691, -1.4844 0.3595 0.3684, -1.4844 0.3794 0.3882, -1.491 0.3572 0.3704, -1.4885 0.3577 0.3699, -1.4885 0.3778 0.39, -1.493 0.3568 0.3708, -1.493 0.377 0.3909, -1.493 0.4 0.4079, -1.493 0.4252 0.4214, -1.493 0.452 0.4311, -1.493 0.48 0.4368, -1.493 0.5086 0.4384, -1.493 0.537 0.4358, -1.493 0.5648 0.4291, -1.477 0.5603 0.4151, -1.4764 0.5586 0.4097, -1.4764 0.5465 0.4141, -1.477 0.5346 0.4213, -1.4764 0.5337 0.4157, -1.477 0.5083 0.4237, -1.4764 0.5082 0.4189, -1.477 0.4819 0.4222, -1.4764 0.4826 0.4166, -1.4764 0.4698 0.4154, -1.477 0.456 0.4169, -1.4764 0.4576 0.4115, -1.477 0.4311 0.408, -1.4764 0.4331 0.4036, -1.477 0.4078 0.3955, -1.4764 0.4108 0.3907, -1.4764 0.3997 0.3842, -1.477 0.3866 0.3798, -1.4764 0.3903 0.3755, -1.4885 0.4007 0.4068, -1.4885 0.4257 0.4202, -1.4885 0.4524 0.4299, -1.4885 0.4802 0.4355, -1.4885 0.5085 0.4371, -1.4885 0.5368 0.4345, -1.4885 0.5644 0.4279, -1.4844 0.4019 0.4048, -1.4844 0.4266 0.4181, -1.4844 0.453 0.4276, -1.4844 0.4805 0.4332, -1.4844 0.5085 0.4347, -1.4844 0.5364 0.4322, -1.4844 0.5637 0.4257, -1.4815 0.4033 0.4026, -1.4815 0.4277 0.4157, -1.4815 0.4537 0.4251, -1.4815 0.4808 0.4306, -1.4815 0.5085 0.4321, -1.4815 0.536 0.4296, -1.4815 0.5629 0.4232, -1.4791 0.364 0.3644, -1.4786 0.3838 0.383, -1.4786 0.4055 0.3991, -1.4786 0.4294 0.4119, -1.4786 0.4548 0.4211, -1.4786 0.4814 0.4265, -1.4786 0.5084 0.428, -1.4786 0.5353 0.4255, -1.4786 0.5616 0.4192, -1.4764 0.3714 0.358, -1.477 0.3678 0.3611, -1.4771 0.3676 0.3614, -1.4786 0.3646 0.364, -1.5477 0.3599 0.368, -1.5445 0.3582 0.3695, -1.5445 0.3783 0.3894, -1.5508 0.3622 0.366, -1.5487 0.3604 0.3676, -1.5487 0.3802 0.3872, -1.5549 0.5598 0.4135, -1.5402 0.5647 0.4288, -1.5402 0.537 0.4355, -1.5402 0.5086 0.438, -1.5402 0.4801 0.4365, -1.5402 0.4521 0.4308, -1.5402 0.4253 0.4211, -1.5402 0.4002 0.4076, -1.544 0.3581 0.3696, -1.5402 0.357 0.3706, -1.5402 0.3772 0.3907, -1.5398 0.357 0.3706, -1.5549 0.3877 0.3785, -1.5551 0.3903 0.3755, -1.5551 0.3714 0.358, -1.5551 0.3997 0.3842, -1.5549 0.4087 0.3941, -1.5551 0.4108 0.3907, -1.5549 0.4318 0.4065, -1.5551 0.4331 0.4036, -1.5549 0.4565 0.4153, -1.5551 0.4576 0.4115, -1.5551 0.4698 0.4154, -1.5549 0.4821 0.4206, -1.5551 0.4826 0.4166, -1.5549 0.5083 0.422, -1.5551 0.5082 0.4189, -1.5549 0.5344 0.4197, -1.5551 0.5337 0.4157, -1.5551 0.5465 0.4141, -1.5551 0.5586 0.4097, -1.5549 0.3691 0.36, -1.5545 0.3681 0.3609, -1.5536 0.3848 0.3819, -1.5536 0.5612 0.4178, -1.5536 0.5351 0.4241, -1.5536 0.5084 0.4265, -1.5536 0.4816 0.425, -1.5536 0.4552 0.4197, -1.5536 0.43 0.4105, -1.5536 0.4063 0.3979, -1.5536 0.3657 0.363, -1.5531 0.365 0.3636, -1.5513 0.382 0.3851, -1.5513 0.5625 0.4218, -1.5513 0.5358 0.4282, -1.5513 0.5084 0.4306, -1.5513 0.481 0.4291, -1.5513 0.4541 0.4236, -1.5513 0.4283 0.4143, -1.5513 0.4041 0.4014, -1.5513 0.3626 0.3657, -1.5487 0.5633 0.4245, -1.5487 0.5362 0.431, -1.5487 0.5085 0.4335, -1.5487 0.4807 0.432, -1.5487 0.4534 0.4264, -1.5487 0.4271 0.417, -1.5487 0.4026 0.4038, -1.5445 0.401 0.4062, -1.5445 0.426 0.4196, -1.5445 0.4526 0.4292, -1.5445 0.4803 0.4348, -1.5445 0.5085 0.4364, -1.5445 0.5367 0.4338, -1.5445 0.5642 0.4272, -1.4469 0.5828 0.401, -1.5847 0.6197 0.383, -1.5847 0.5828 0.401, -1.5832 0.6316 0.3772, -1.5788 0.6428 0.3718, -1.5718 0.6528 0.3669, -1.5624 0.6612 0.3628, -1.5512 0.6676 0.3597, -1.5388 0.6715 0.3578, -1.4469 0.6197 0.383, -1.4484 0.6316 0.3772, -1.4803 0.6676 0.3597, -1.4691 0.6612 0.3628, -1.4598 0.6528 0.3669, -1.4527 0.6428 0.3718, -1.4928 0.6715 0.3578, -1.5715 0.632 0.3245, -1.5813 0.6116 0.3213, -1.5787 0.6186 0.3224, -1.5778 0.6212 0.3228, -1.5511 0.6517 0.3276, -1.5597 0.646 0.3267, -1.5622 0.6432 0.3263, -1.5697 0.6352 0.325, -1.5368 0.6577 0.3286, -1.5387 0.657 0.3285, -1.5488 0.6533 0.3279, -1.5832 0.6057 0.3242, -1.5847 0.5939 0.3299, -1.5027 0.6589 0.3288, -1.4928 0.657 0.3285, -1.4906 0.6566 0.3284, -1.4804 0.6518 0.3277, -1.4793 0.6513 0.3276, -1.4692 0.6433 0.3263, -1.4677 0.6421 0.3261, -1.46 0.632 0.3245, -1.4581 0.6295 0.3241, -1.4532 0.6184 0.3224, -1.4503 0.6116 0.3213, -1.4484 0.6057 0.3242, -1.4469 0.5939 0.3299, -1.5531 0.352 0.3486, -1.5399 0.3424 0.3538, -1.5398 0.3424 0.3538, -1.544 0.3438 0.3531, -1.544 0.3437 0.3531, -1.5402 0.3425 0.3538, -1.5477 0.3459 0.3519, -1.5477 0.3459 0.352, -1.5445 0.3439 0.353, -1.5515 0.3494 0.35, -1.5509 0.3487 0.3504, -1.5508 0.3487 0.3504, -1.5486 0.3464 0.3517, -1.5545 0.3557 0.3466, -1.5538 0.3532 0.3479, -1.5532 0.3521 0.3485, -1.5551 0.3596 0.3444, -1.555 0.3573 0.3457, -1.5546 0.3559 0.3465, -1.5541 0.3532 0.3371, -1.5399 0.3295 0.3098, -1.5355 0.3287 0.3088, -1.5372 0.3288 0.309, -1.5393 0.3292 0.3095, -1.544 0.3318 0.3125, -1.5416 0.3302 0.3106, -1.5478 0.3356 0.3168, -1.5446 0.3322 0.3129, -1.5507 0.3407 0.3227, -1.5482 0.3361 0.3173, -1.553 0.3465 0.3294, -1.5527 0.3446 0.3271, -1.4961 0.3287 0.3088, -1.4772 0.3551 0.3469, -1.4788 0.3467 0.3296, -1.477 0.3559 0.3465, -1.4771 0.3531 0.337, -1.4766 0.3573 0.3457, -1.4766 0.3551 0.3392, -1.4764 0.3596 0.3444, -1.4778 0.3532 0.3479, -1.4784 0.3521 0.3485, -1.4802 0.3413 0.3234, -1.4792 0.3508 0.3492, -1.4807 0.3405 0.3224, -1.48 0.3494 0.35, -1.4807 0.3487 0.3504, -1.4829 0.3366 0.318, -1.4822 0.3472 0.3512, -1.4838 0.3356 0.3168, -1.483 0.3464 0.3517, -1.4838 0.3459 0.3519, -1.4869 0.3322 0.3129, -1.4863 0.3444 0.3528, -1.4875 0.3318 0.3125, -1.4871 0.3439 0.353, -1.4875 0.3438 0.3531, -1.4895 0.3304 0.3109, -1.491 0.3426 0.3538, -1.4917 0.3295 0.3097, -1.4913 0.3425 0.3538, -1.4917 0.3424 0.3538, -1.4918 0.3294 0.3097, -1.4939 0.3288 0.309, -1.4469 0.3714 0.358, -1.4469 0.3997 0.3842, -1.4469 0.4331 0.4036, -1.4469 0.4698 0.4154, -1.4469 0.5082 0.4189, -1.4469 0.5465 0.4141, -1.5847 0.3714 0.358, -1.5847 0.3997 0.3842, -1.5847 0.4331 0.4036, -1.5847 0.4698 0.4154, -1.5847 0.5082 0.4189, -1.5847 0.5465 0.4141, -1.5847 0.5569 0.3479, -1.4469 0.5569 0.3479, -1.4567 -1.1299 0.0591, -1.5748 -1.1299 0.0591, -1.4567 -1.2992 0.0591, -1.5748 -1.2992 0.0591, -1.5847 0.3085 0.2857, -1.4469 0.3085 0.2857, -1.4567 -1.2992 0.0, -1.5748 -1.2992 0.0, -1.5847 0.5277 0.3577, -1.4469 0.5277 0.3577, -1.5847 0.4969 0.3596, -1.4469 0.4969 0.3596, -1.5847 0.4667 0.3535, -1.4469 0.4667 0.3535, -1.5847 0.4391 0.3397, -1.4469 0.4391 0.3397, -1.5847 0.416 0.3193, -1.4469 0.416 0.3193, -1.5748 -1.1209 0.0601, -1.4567 -1.1209 0.0601, -1.5748 -1.1123 0.0632, -1.4567 -1.1123 0.0632, -1.5748 -1.1047 0.0682, -1.4567 -1.1047 0.0682, -1.5748 -1.0985 0.0747, -1.4567 -1.0985 0.0747, -1.5847 0.1942 0.221, -1.4469 0.1942 0.221, -1.5847 0.2265 0.2295, -1.4469 0.2265 0.2295, -1.5847 0.2569 0.2435, -1.4469 0.2569 0.2435, -1.5847 0.2845 0.2624, -1.4469 0.2845 0.2624, -1.5748 -1.1299 0.0, -1.4567 -1.1299 0.0, -1.4469 0.3531 0.2469, -1.5847 0.3531 0.2469, -1.4567 -1.0806 0.0984, -1.5748 -1.0806 0.0984, -1.4469 0.0895 0.2025, -1.5847 0.0895 0.2025, -1.4272 -0.1431 0.1615, -1.6044 -0.1431 0.1615, -1.4272 -0.2687 0.1393, -1.6044 -0.2687 0.1393, -1.5748 -1.0513 0.0392, -1.4567 -1.0513 0.0392, -1.4567 -1.067 0.0228, -1.5748 -1.067 0.0228, -1.4567 -1.086 0.0103, -1.5748 -1.086 0.0103, -1.4567 -1.1073 0.0026, -1.5748 -1.1073 0.0026, -1.4469 0.0998 0.1444, -1.4272 -0.1328 0.1033, -1.4469 0.2044 0.1628, -1.4469 0.2464 0.174, -1.4469 0.286 0.1921, -1.4469 0.3219 0.2166, -1.5847 0.3219 0.2166, -1.5847 0.286 0.1921, -1.5847 0.2464 0.174, -1.5847 0.2044 0.1628, -1.5847 0.0998 0.1444, -1.6044 -0.1328 0.1033, -1.4567 -1.002 0.1375, -1.5748 -1.002 0.1375, -1.5748 -1.0246 0.1349, -1.4567 -1.0246 0.1349, -1.5748 -1.046 0.1272, -1.4567 -1.046 0.1272, -1.5748 -1.065 0.1148, -1.4567 -1.065 0.1148, -1.6044 -0.2892 0.1375, -1.4272 -0.2892 0.1375, -1.5748 -1.0335 0.0628, -1.4567 -1.0335 0.0628, -1.6044 -0.2584 0.0812, -1.4272 -0.2584 0.0812, -1.6044 -0.7658 0.1375, -1.5748 -0.7658 0.1375, -1.4272 -0.7658 0.1375, -1.4567 -0.7658 0.1375, -1.5748 -0.7658 0.0785, -1.6044 -0.7658 0.0785, -1.5748 -1.0272 0.0694, -1.5748 -1.0196 0.0744, -1.5748 -1.0111 0.0774, -1.5748 -1.002 0.0785, -1.4567 -1.0272 0.0694, -1.4567 -1.0196 0.0744, -1.4567 -1.0111 0.0774, -1.4567 -1.002 0.0785, -1.4567 -0.7658 0.0785, -1.4272 -0.7658 0.0785, -1.4272 -0.2892 0.0785, -1.6044 -0.2892 0.0785, 0.2155 0.4449 0.423, 0.2549 0.4449 0.423, 0.2155 0.4544 0.4185, 0.2549 0.4544 0.4185, 0.1986 0.4407 0.414, 0.1979 0.4464 0.4098, 0.1975 0.4399 0.4123, 0.1965 0.444 0.4072, 0.1966 0.4386 0.4098, 0.1964 0.4434 0.4066, 0.1962 0.438 0.4083, 0.1959 0.4404 0.4033, 0.1959 0.4365 0.4052, 0.2017 0.4424 0.4177, 0.2002 0.449 0.4127, 0.1999 0.4416 0.416, 0.1985 0.4474 0.4109, 0.1983 0.4472 0.4106, 0.2058 0.4524 0.4164, 0.2035 0.4514 0.4153, 0.2058 0.4438 0.4205, 0.2032 0.4513 0.4151, 0.2023 0.4427 0.4184, 0.2017 0.4502 0.414, 0.201 0.4499 0.4136, 0.207 0.4529 0.4169, 0.2065 0.444 0.421, 0.2076 0.4532 0.4172, 0.2105 0.4446 0.4223, 0.2105 0.4538 0.4179, 0.2108 0.4447 0.4224, 0.2112 0.4539 0.418, 0.2119 0.4541 0.4182, 0.1966 0.4471 0.4001, 0.2001 0.4599 0.3941, 0.2155 0.472 0.3883, 0.2111 0.4711 0.3887, 0.2112 0.4712 0.3887, 0.2139 0.4719 0.3884, 0.207 0.4687 0.3899, 0.2083 0.4697 0.3894, 0.2033 0.4648 0.3917, 0.2046 0.4666 0.3909, 0.2004 0.4606 0.3937, 0.1972 0.4517 0.398, 0.1979 0.4538 0.397, 0.2549 0.472 0.3883, 0.2746 0.4404 0.4033, 0.2741 0.4472 0.4001, 0.274 0.4434 0.4066, 0.2724 0.4537 0.397, 0.2726 0.4464 0.4098, 0.2739 0.444 0.4072, 0.274 0.448 0.3997, 0.2703 0.4598 0.3941, 0.2719 0.4474 0.4109, 0.2721 0.4472 0.4106, 0.271 0.4586 0.3947, 0.2672 0.4513 0.4151, 0.2688 0.4502 0.414, 0.2672 0.465 0.3917, 0.2694 0.4499 0.4136, 0.2703 0.449 0.4127, 0.2635 0.4529 0.4169, 0.2647 0.4524 0.4164, 0.2635 0.4688 0.3898, 0.267 0.4514 0.4153, 0.2671 0.4652 0.3915, 0.2603 0.4708 0.3889, 0.2593 0.4711 0.3888, 0.2629 0.4532 0.4172, 0.26 0.4538 0.4179, 0.2634 0.4688 0.3898, 0.2574 0.4717 0.3885, 0.2585 0.4541 0.4182, 0.2593 0.4539 0.418, 0.2581 0.4448 0.4227, 0.2626 0.4443 0.4216, 0.2647 0.4437 0.4205, 0.26 0.4446 0.4222, 0.2719 0.4407 0.414, 0.2694 0.4422 0.4172, 0.2688 0.4424 0.4177, 0.2667 0.4432 0.4194, 0.2746 0.4365 0.4052, 0.274 0.4386 0.4096, 0.2739 0.4387 0.4098, 0.2723 0.4404 0.4135, 0.2451 0.5148 0.368, 0.2451 0.5013 0.3395, 0.2254 0.5148 0.368, 0.2254 0.5013 0.3395, 0.2549 0.4193 0.432, 0.2155 0.4193 0.432, 0.2549 0.4062 0.4366, 0.2155 0.4062 0.4366, 0.2549 0.3931 0.4383, 0.2155 0.3931 0.4383, 0.2549 0.3662 0.4418, 0.2155 0.3662 0.4418, 0.2549 0.3654 0.4419, 0.2155 0.3654 0.4419, 0.2549 0.3391 0.4398, 0.2155 0.3391 0.4398, 0.2549 0.3245 0.4387, 0.2155 0.3245 0.4387, 0.2549 0.3125 0.4351, 0.2155 0.3125 0.4351, 0.2549 0.2865 0.4274, 0.2155 0.2865 0.4274, 0.2549 0.2851 0.427, 0.2155 0.2851 0.427, 0.2549 0.2621 0.4156, 0.2155 0.2621 0.4156, 0.2549 0.249 0.4074, 0.2155 0.249 0.4074, 0.2746 0.4042 0.4164, 0.2746 0.4137 0.4141, 0.274 0.4152 0.4188, 0.2667 0.4184 0.4291, 0.2549 0.2851 0.427, 0.2581 0.2622 0.4154, 0.2581 0.2866 0.4273, 0.2581 0.3124 0.4357, 0.2549 0.3654 0.4419, 0.2581 0.3391 0.4406, 0.2549 0.3245 0.4387, 0.2581 0.3662 0.4416, 0.2549 0.4062 0.4366, 0.2581 0.3932 0.439, 0.2581 0.4196 0.4326, 0.2626 0.4192 0.4314, 0.2694 0.4177 0.4268, 0.2723 0.4165 0.4229, 0.2626 0.2628 0.4143, 0.2626 0.2871 0.4261, 0.2667 0.264 0.4122, 0.2667 0.288 0.4239, 0.2694 0.2652 0.4101, 0.2694 0.2889 0.4217, 0.2723 0.2673 0.4066, 0.2723 0.2904 0.4178, 0.274 0.2694 0.4028, 0.274 0.292 0.4139, 0.2626 0.3392 0.4393, 0.2626 0.3661 0.4404, 0.2667 0.3395 0.4369, 0.2667 0.3661 0.438, 0.2694 0.3397 0.4345, 0.2694 0.366 0.4356, 0.2723 0.3402 0.4304, 0.2723 0.3659 0.4314, 0.274 0.3406 0.4261, 0.274 0.3657 0.4271, 0.2746 0.2719 0.3986, 0.2746 0.2939 0.4093, 0.2746 0.3032 0.4124, 0.2626 0.3127 0.4345, 0.2667 0.3133 0.4322, 0.2694 0.3138 0.4298, 0.2723 0.3149 0.4258, 0.274 0.3159 0.4217, 0.2746 0.3171 0.4169, 0.2746 0.3364 0.4204, 0.2746 0.3412 0.4213, 0.2746 0.3656 0.4222, 0.2746 0.3705 0.4218, 0.2626 0.393 0.4377, 0.2667 0.3926 0.4354, 0.2694 0.3922 0.433, 0.2723 0.3915 0.4289, 0.274 0.3908 0.4247, 0.2746 0.3899 0.4198, 0.2742 0.2615 0.3959, 0.2746 0.2638 0.3936, 0.2728 0.258 0.3992, 0.274 0.2602 0.3971, 0.274 0.2602 0.3971, 0.2698 0.2542 0.4026, 0.2704 0.2548 0.4021, 0.2722 0.2568 0.4003, 0.2723 0.257 0.4001, 0.2666 0.252 0.4045, 0.2669 0.2522 0.4044, 0.2689 0.2534 0.4033, 0.2694 0.2538 0.4029, 0.2652 0.2512 0.4054, 0.2627 0.2503 0.4062, 0.258 0.2493 0.4071, 0.2581 0.2493 0.4071, 0.2608 0.2497 0.4068, 0.2625 0.2503 0.4062, 0.2561 0.249 0.4074, 0.1976 0.258 0.3991, 0.1976 0.258 0.3992, 0.1975 0.268 0.4054, 0.2015 0.2534 0.4033, 0.2023 0.2528 0.4038, 0.2023 0.2646 0.4112, 0.2122 0.2493 0.4071, 0.2108 0.2623 0.4151, 0.2109 0.2494 0.407, 0.2108 0.2495 0.407, 0.2034 0.2522 0.4044, 0.2065 0.2507 0.4059, 0.2065 0.2632 0.4137, 0.2065 0.2507 0.4059, 0.2076 0.2504 0.4062, 0.203 0.2524 0.4042, 0.1999 0.2659 0.409, 0.1986 0.2563 0.4008, 0.2 0.2549 0.402, 0.2001 0.2548 0.402, 0.1959 0.2719 0.3986, 0.1959 0.2638 0.3936, 0.1962 0.2702 0.4016, 0.1959 0.2633 0.394, 0.1963 0.2615 0.3958, 0.1963 0.2613 0.396, 0.1967 0.2596 0.3976, 0.2065 0.419 0.4308, 0.2023 0.4181 0.428, 0.1999 0.4173 0.4256, 0.1975 0.4161 0.4217, 0.1962 0.4148 0.4174, 0.1962 0.3408 0.4247, 0.1962 0.3657 0.4257, 0.1959 0.3656 0.4222, 0.2108 0.4195 0.4323, 0.2108 0.3931 0.4387, 0.2108 0.3662 0.4413, 0.2108 0.3391 0.4402, 0.2108 0.3124 0.4354, 0.2108 0.2867 0.427, 0.1962 0.2926 0.4125, 0.1959 0.2939 0.4093, 0.1959 0.3412 0.4213, 0.1959 0.3364 0.4204, 0.1962 0.3163 0.4203, 0.1959 0.3171 0.4169, 0.1959 0.3032 0.4124, 0.1959 0.4137 0.4141, 0.1959 0.4042 0.4164, 0.1962 0.3905 0.4232, 0.1959 0.3899 0.4198, 0.1959 0.3705 0.4218, 0.1975 0.3913 0.4276, 0.1975 0.3658 0.4301, 0.1975 0.3403 0.4291, 0.1975 0.3152 0.4246, 0.1975 0.2909 0.4166, 0.1999 0.3919 0.4317, 0.1999 0.366 0.4342, 0.1999 0.3399 0.4332, 0.1999 0.3142 0.4286, 0.1999 0.2894 0.4204, 0.2023 0.3924 0.4342, 0.2023 0.366 0.4368, 0.2023 0.3396 0.4358, 0.2023 0.3135 0.4311, 0.2023 0.2884 0.4228, 0.2065 0.3928 0.4371, 0.2065 0.3661 0.4397, 0.2065 0.3393 0.4386, 0.2065 0.3128 0.4339, 0.2065 0.2873 0.4255, 0.1678 0.4733 0.3877, 0.1722 0.4846 0.3823, 0.1792 0.4947 0.3775, 0.1886 0.5031 0.3735, 0.1663 0.4365 0.4052, 0.1663 0.4614 0.3933, 0.2983 0.4846 0.3823, 0.2912 0.4947 0.3775, 0.1998 0.5095 0.3705, 0.2122 0.5134 0.3686, 0.3026 0.4733 0.3877, 0.3041 0.4614 0.3933, 0.2707 0.5095 0.3705, 0.2819 0.5031 0.3735, 0.2582 0.5134 0.3686, 0.3041 0.4365 0.4052, 0.2559 0.5001 0.3393, 0.2679 0.4958 0.3386, 0.2581 0.4993 0.3392, 0.2817 0.4855 0.3369, 0.2794 0.488 0.3373, 0.2791 0.4883 0.3374, 0.2706 0.494 0.3383, 0.2896 0.4769 0.3354, 0.291 0.4743 0.335, 0.2976 0.4628 0.333, 0.2982 0.461 0.3327, 0.3007 0.4539 0.3315, 0.3026 0.448 0.3343, 0.3041 0.4361 0.34, 0.1697 0.4539 0.3315, 0.1723 0.461 0.3327, 0.1729 0.4628 0.333, 0.1794 0.4743 0.335, 0.1809 0.4769 0.3354, 0.1888 0.4855 0.3369, 0.1999 0.494 0.3383, 0.1914 0.4883 0.3374, 0.191 0.488 0.3373, 0.2026 0.4958 0.3386, 0.2123 0.4993 0.3392, 0.2146 0.5001 0.3393, 0.1678 0.448 0.3343, 0.1663 0.4361 0.34, 0.2068 0.2302 0.3705, 0.2076 0.2296 0.3701, 0.2155 0.2263 0.3678, 0.2142 0.2264 0.3679, 0.2122 0.2269 0.3682, 0.2121 0.2269 0.3682, 0.2097 0.228 0.369, 0.2034 0.2343 0.3733, 0.2034 0.2344 0.3734, 0.2001 0.2412 0.3781, 0.1979 0.2493 0.3837, 0.199 0.2434 0.3796, 0.1959 0.2618 0.3923, 0.1963 0.258 0.3897, 0.196 0.2599 0.391, 0.2549 0.2263 0.3678, 0.2742 0.2579 0.3896, 0.2745 0.2599 0.391, 0.2746 0.2618 0.3923, 0.2733 0.2504 0.3844, 0.2728 0.249 0.3835, 0.2702 0.2412 0.3781, 0.269 0.2377 0.3757, 0.2669 0.2345 0.3734, 0.2649 0.2315 0.3714, 0.2627 0.2295 0.37, 0.262 0.2288 0.3695, 0.2616 0.2286 0.3694, 0.2581 0.2269 0.3682, 0.2593 0.2273 0.3685, 0.2571 0.2265 0.368, 0.3041 0.4043 0.4168, 0.3041 0.3705 0.422, 0.3041 0.3363 0.4207, 0.3041 0.303 0.4127, 0.3041 0.2719 0.3986, 0.1663 0.4043 0.4168, 0.1663 0.3705 0.422, 0.1663 0.3363 0.4207, 0.1663 0.303 0.4127, 0.1663 0.2719 0.3986, 0.3041 0.4111 0.3518, 0.1663 0.4111 0.3518, 0.1962 0.1057 0.2846, 0.3262 0.1057 0.2846, 0.3041 0.1668 0.3268, 0.3041 0.2599 0.391, 0.1663 0.232 0.3717, 0.1663 0.2599 0.391, 0.4134 -1.1299 0.0591, 0.2952 -1.1299 0.0591, 0.4134 -1.2992 0.0591, 0.2952 -1.2992 0.0591, 0.3041 0.3841 0.3609, 0.3041 0.3557 0.3632, 0.3041 0.3276 0.3586, 0.3041 0.3014 0.3474, 0.3041 0.2934 0.3424, 0.3041 0.2004 0.2782, 0.1663 0.3841 0.3609, 0.1663 0.3557 0.3632, 0.1663 0.2655 0.3231, 0.1663 0.2934 0.3424, 0.1663 0.3014 0.3474, 0.1663 0.3276 0.3586, 0.3262 0.1393 0.236, 0.1962 0.1393 0.236, 0.342 0.0644 0.262, 0.341 0.067 0.263, 0.208 0.0581 0.2595, 0.3325 0.0897 0.2745, 0.2003 0.0897 0.2745, 0.2019 0.0834 0.2712, 0.2052 0.0699 0.2643, 0.2053 0.0694 0.2641, 0.3339 0.086 0.2724, 0.3367 0.0786 0.2687, 0.3442 0.0581 0.2595, 0.2087 0.0547 0.2582, 0.2101 0.0492 0.2559, 0.3559 0.0247 0.2489, 0.3485 0.0462 0.2549, 0.2156 0.0247 0.2489, 0.3472 0.0497 0.2563, 0.2147 0.0289 0.2499, 0.2122 0.0399 0.2532, 0.2952 -1.2992 0.0, 0.4134 -1.2992 0.0, 0.2952 -1.1231 0.0597, 0.4134 -1.1231 0.0597, 0.2952 -1.1164 0.0614, 0.4134 -1.1164 0.0614, 0.2952 -1.1102 0.0643, 0.4134 -1.1102 0.0643, 0.3325 0.1192 0.2234, 0.3367 0.1054 0.2161, 0.3392 0.0971 0.2118, 0.342 0.0876 0.2078, 0.3442 0.0797 0.2045, 0.3459 0.0741 0.2022, 0.3472 0.0693 0.2006, 0.3525 0.0503 0.1945, 0.3559 0.038 0.1914, 0.3293 0.1294 0.2295, 0.3293 0.0978 0.2794, 0.3314 0.1227 0.2254, 0.3314 0.0925 0.2762, 0.1982 0.0978 0.2794, 0.1982 0.1294 0.2295, 0.2003 0.1192 0.2234, 0.2019 0.1114 0.2191, 0.2025 0.1081 0.2172, 0.2053 0.0937 0.2105, 0.2069 0.0855 0.2066, 0.208 0.0797 0.2045, 0.2087 0.0755 0.203, 0.2113 0.0621 0.198, 0.2122 0.057 0.1966, 0.2156 0.038 0.1914, 0.2854 -0.4445 0.1406, 0.4626 -0.4445 0.1406, 0.2854 -0.3251 0.1681, 0.4626 -0.3251 0.1681, 0.4134 -1.1299 0.0, 0.2952 -1.1299 0.0, 0.4134 -1.0806 0.0984, 0.2952 -1.0806 0.0984, 0.4134 -1.0985 0.0747, 0.2952 -1.0985 0.0747, 0.4626 -0.3118 0.1106, 0.2854 -0.3118 0.1106, 0.2854 -0.471 0.1375, 0.4626 -0.471 0.1375, 0.2952 -1.0513 0.0392, 0.4134 -1.0513 0.0392, 0.4134 -1.0647 0.0247, 0.2952 -1.0647 0.0247, 0.4134 -1.0807 0.0132, 0.2952 -1.0807 0.0132, 0.4134 -1.002 0.1375, 0.2952 -1.002 0.1375, 0.2952 -1.0191 0.1361, 0.4134 -1.0191 0.1361, 0.2952 -1.0357 0.1316, 0.4134 -1.0357 0.1316, 0.2952 -1.0513 0.1244, 0.4134 -1.0513 0.1244, 0.2854 -0.4312 0.083, 0.4626 -0.4312 0.083, 0.2854 -0.7658 0.1375, 0.2952 -0.7658 0.1375, 0.4626 -0.7658 0.1375, 0.4134 -0.7658 0.1375, 0.4134 -1.0335 0.0628, 0.2952 -1.0335 0.0628, 0.2952 -1.1128 0.0015, 0.2952 -1.0962 0.0059, 0.2952 -1.1038 0.0689, 0.2952 -1.0281 0.0686, 0.2952 -1.0673 0.1128, 0.2952 -1.0217 0.0732, 0.2952 -1.0155 0.0761, 0.2952 -1.0089 0.0779, 0.2952 -1.002 0.0785, 0.2952 -0.7658 0.0785, 0.2854 -0.7658 0.0785, 0.2854 -0.471 0.0785, 0.4626 -0.471 0.0785, 0.4626 -0.7658 0.0785, 0.4134 -0.7658 0.0785, 0.4134 -1.002 0.0785, 0.4134 -1.0089 0.0779, 0.4134 -1.0155 0.0761, 0.4134 -1.0217 0.0732, 0.4134 -1.0281 0.0686, 0.4134 -1.0673 0.1128, 0.4134 -1.1038 0.0689, 0.4134 -1.0962 0.0059, 0.4134 -1.1128 0.0015
            ]
        }
        coordIndex [
            0,1,2,-1,2,1,3,-1,1,0,4,-1,4,0,5,-1,4,5,6,-1,6,5,7,-1,6,7,8,-1,8,7,9,-1,8,9,10,-1,10,9,11,-1,10,11,12,-1,12,11,13,-1,12,13,14,-1,14,13,15,-1,14,15,16,-1,16,15,17,-1,16,17,18,-1,18,17,19,-1,18,19,20,-1,20,19,21,-1,20,21,22,-1,22,21,23,-1,22,23,24,-1,24,23,25,-1,24,25,26,-1,26,25,27,-1,28,29,30,-1,30,29,31,-1,30,31,32,-1,32,31,33,-1,32,33,34,-1,33,35,34,-1,34,35,36,-1,34,36,37,-1,37,36,38,-1,38,39,37,-1,37,39,40,-1,37,40,41,-1,41,40,42,-1,41,42,43,-1,42,44,43,-1,43,44,45,-1,43,45,46,-1,46,45,47,-1,46,47,48,-1,47,49,48,-1,48,49,50,-1,48,50,51,-1,51,50,52,-1,51,52,53,-1,53,52,54,-1,52,55,54,-1,54,55,56,-1,54,56,57,-1,57,56,58,-1,57,58,59,-1,59,58,2,-1,59,2,60,-1,61,60,3,-1,3,60,2,-1,62,63,64,-1,65,66,67,-1,3,68,61,-1,61,68,69,-1,61,69,70,-1,70,69,71,-1,70,71,72,-1,71,73,72,-1,72,73,74,-1,72,74,75,-1,75,74,76,-1,75,76,77,-1,78,79,80,-1,80,79,81,-1,76,82,77,-1,77,82,80,-1,77,80,83,-1,83,80,81,-1,67,66,84,-1,78,85,79,-1,79,85,86,-1,79,86,66,-1,66,86,87,-1,66,87,84,-1,88,89,90,-1,65,67,90,-1,90,67,91,-1,90,91,88,-1,63,62,89,-1,89,62,92,-1,89,92,90,-1,93,69,94,-1,94,69,68,-1,94,68,1,-1,1,68,3,-1,95,74,96,-1,96,74,73,-1,96,73,93,-1,93,73,71,-1,93,71,69,-1,97,80,98,-1,98,80,82,-1,98,82,95,-1,95,82,76,-1,95,76,74,-1,99,86,100,-1,100,86,85,-1,100,85,97,-1,97,85,78,-1,97,78,80,-1,101,67,102,-1,102,67,84,-1,102,84,99,-1,99,84,87,-1,99,87,86,-1,103,104,64,-1,64,63,103,-1,103,63,89,-1,103,89,105,-1,105,89,88,-1,105,88,101,-1,101,88,91,-1,101,91,67,-1,28,106,29,-1,29,106,107,-1,29,107,31,-1,31,107,108,-1,31,108,33,-1,33,108,109,-1,33,109,35,-1,35,109,110,-1,35,110,36,-1,36,110,111,-1,36,111,38,-1,38,111,112,-1,38,112,39,-1,39,112,113,-1,39,113,40,-1,40,113,114,-1,40,114,42,-1,42,114,115,-1,42,115,44,-1,44,115,116,-1,44,116,45,-1,45,116,117,-1,45,117,47,-1,47,117,118,-1,47,118,49,-1,49,118,119,-1,49,119,50,-1,50,119,120,-1,50,120,52,-1,121,122,56,-1,56,122,58,-1,121,56,120,-1,120,56,55,-1,120,55,52,-1,122,123,58,-1,58,123,0,-1,58,0,2,-1,124,125,126,-1,126,125,127,-1,27,128,26,-1,26,128,129,-1,130,131,132,-1,133,134,135,-1,136,137,138,-1,139,140,26,-1,26,140,24,-1,24,140,22,-1,22,140,141,-1,22,141,20,-1,20,141,142,-1,20,142,18,-1,18,142,143,-1,18,143,16,-1,16,143,14,-1,14,143,144,-1,14,144,12,-1,12,144,145,-1,12,145,10,-1,10,145,146,-1,10,146,8,-1,8,146,6,-1,6,146,147,-1,6,147,4,-1,4,147,94,-1,4,94,1,-1,148,149,104,-1,149,148,150,-1,150,148,151,-1,150,151,152,-1,152,151,153,-1,152,153,154,-1,154,153,155,-1,154,155,156,-1,156,155,157,-1,157,155,158,-1,157,158,159,-1,159,158,160,-1,159,160,161,-1,161,160,162,-1,161,162,163,-1,163,162,164,-1,164,162,165,-1,164,165,166,-1,139,136,140,-1,140,136,138,-1,140,138,141,-1,141,138,167,-1,141,167,142,-1,142,167,168,-1,142,168,143,-1,143,168,169,-1,143,169,144,-1,144,169,170,-1,144,170,145,-1,145,170,171,-1,145,171,146,-1,146,171,172,-1,146,172,147,-1,147,172,173,-1,137,133,138,-1,138,133,135,-1,138,135,167,-1,167,135,174,-1,167,174,168,-1,168,174,175,-1,168,175,169,-1,169,175,176,-1,169,176,170,-1,170,176,177,-1,170,177,171,-1,171,177,178,-1,171,178,172,-1,172,178,179,-1,172,179,173,-1,173,179,180,-1,173,180,98,-1,98,95,173,-1,173,95,96,-1,173,96,147,-1,147,96,93,-1,147,93,94,-1,134,130,135,-1,135,130,132,-1,135,132,174,-1,174,132,181,-1,174,181,175,-1,175,181,182,-1,175,182,176,-1,176,182,183,-1,176,183,177,-1,177,183,184,-1,177,184,178,-1,178,184,185,-1,178,185,179,-1,179,185,186,-1,179,186,180,-1,180,186,187,-1,131,188,132,-1,132,188,189,-1,132,189,181,-1,181,189,190,-1,181,190,182,-1,182,190,191,-1,182,191,183,-1,183,191,192,-1,183,192,184,-1,184,192,193,-1,184,193,185,-1,185,193,194,-1,185,194,186,-1,186,194,195,-1,186,195,187,-1,187,195,196,-1,187,196,102,-1,102,99,187,-1,187,99,100,-1,187,100,180,-1,180,100,97,-1,180,97,98,-1,197,166,198,-1,198,166,165,-1,198,165,199,-1,199,165,200,-1,188,200,189,-1,189,200,165,-1,189,165,190,-1,190,165,162,-1,190,162,191,-1,191,162,160,-1,191,160,192,-1,192,160,158,-1,192,158,193,-1,193,158,155,-1,193,155,194,-1,194,155,153,-1,194,153,195,-1,195,153,151,-1,195,151,196,-1,196,151,148,-1,104,103,148,-1,148,103,105,-1,148,105,196,-1,196,105,101,-1,196,101,102,-1,201,202,203,-1,204,205,206,-1,108,107,207,-1,123,122,208,-1,0,123,5,-1,5,123,208,-1,5,208,7,-1,7,208,209,-1,7,209,9,-1,9,209,210,-1,9,210,11,-1,11,210,211,-1,11,211,13,-1,13,211,15,-1,15,211,212,-1,15,212,17,-1,17,212,213,-1,17,213,19,-1,19,213,214,-1,19,214,21,-1,215,216,217,-1,217,216,218,-1,21,214,23,-1,23,214,217,-1,23,217,25,-1,25,217,218,-1,25,218,27,-1,219,220,221,-1,220,219,222,-1,222,219,223,-1,222,223,224,-1,224,223,225,-1,224,225,226,-1,226,225,227,-1,226,227,228,-1,228,227,229,-1,229,227,230,-1,229,230,231,-1,231,230,232,-1,231,232,233,-1,233,232,234,-1,233,234,235,-1,235,234,236,-1,236,234,207,-1,236,207,237,-1,237,207,107,-1,237,107,106,-1,238,239,240,-1,111,110,241,-1,241,110,109,-1,109,108,241,-1,241,108,207,-1,241,207,242,-1,242,207,234,-1,242,234,243,-1,243,234,232,-1,243,232,244,-1,244,232,230,-1,244,230,245,-1,245,230,227,-1,245,227,246,-1,246,227,225,-1,246,225,247,-1,247,225,223,-1,247,223,240,-1,240,223,219,-1,240,219,238,-1,238,219,221,-1,248,249,250,-1,114,113,251,-1,251,113,112,-1,112,111,251,-1,251,111,241,-1,251,241,252,-1,252,241,242,-1,252,242,253,-1,253,242,243,-1,253,243,254,-1,254,243,244,-1,254,244,255,-1,255,244,245,-1,255,245,256,-1,256,245,246,-1,256,246,257,-1,257,246,247,-1,257,247,250,-1,250,247,240,-1,250,240,248,-1,248,240,239,-1,204,206,258,-1,115,114,259,-1,259,114,251,-1,259,251,260,-1,260,251,252,-1,260,252,261,-1,261,252,253,-1,261,253,262,-1,262,253,254,-1,262,254,263,-1,263,254,255,-1,263,255,264,-1,264,255,256,-1,264,256,265,-1,265,256,257,-1,265,257,206,-1,206,257,250,-1,206,250,258,-1,258,250,249,-1,118,117,259,-1,259,117,116,-1,259,116,115,-1,205,201,206,-1,206,201,203,-1,206,203,265,-1,265,203,266,-1,265,266,264,-1,264,266,267,-1,264,267,263,-1,263,267,268,-1,263,268,262,-1,262,268,269,-1,262,269,261,-1,261,269,270,-1,261,270,260,-1,260,270,271,-1,260,271,259,-1,259,271,272,-1,259,272,118,-1,121,120,272,-1,272,120,119,-1,272,119,118,-1,122,121,208,-1,208,121,272,-1,208,272,209,-1,209,272,271,-1,209,271,210,-1,210,271,270,-1,210,270,211,-1,211,270,269,-1,211,269,212,-1,212,269,268,-1,212,268,213,-1,213,268,267,-1,213,267,214,-1,214,267,266,-1,214,266,217,-1,217,266,203,-1,217,203,215,-1,215,203,202,-1,64,104,273,-1,34,37,274,-1,106,28,275,-1,275,28,30,-1,275,30,274,-1,274,30,32,-1,274,32,34,-1,37,41,274,-1,274,41,43,-1,274,43,276,-1,276,43,46,-1,276,46,277,-1,277,46,48,-1,277,48,278,-1,278,48,51,-1,278,51,279,-1,51,53,279,-1,279,53,54,-1,279,54,280,-1,280,54,57,-1,280,57,281,-1,281,57,59,-1,281,59,60,-1,65,282,66,-1,66,282,283,-1,66,283,79,-1,61,70,284,-1,284,70,72,-1,284,72,285,-1,285,72,75,-1,285,75,286,-1,286,75,77,-1,286,77,287,-1,287,77,83,-1,287,83,283,-1,283,83,81,-1,283,81,79,-1,65,90,282,-1,282,90,92,-1,282,92,273,-1,273,92,62,-1,273,62,64,-1,284,288,61,-1,61,288,124,-1,61,124,60,-1,60,124,126,-1,60,126,281,-1,277,278,289,-1,290,276,291,-1,291,276,277,-1,291,277,292,-1,292,277,289,-1,279,280,293,-1,293,294,279,-1,279,294,295,-1,279,295,278,-1,278,295,296,-1,278,296,289,-1,281,126,127,-1,127,297,281,-1,281,297,298,-1,281,298,280,-1,280,298,299,-1,280,299,293,-1,290,300,276,-1,276,300,301,-1,276,301,274,-1,302,125,124,-1,302,124,303,-1,303,124,288,-1,303,288,304,-1,304,288,284,-1,304,284,305,-1,305,284,306,-1,306,284,285,-1,306,285,307,-1,307,285,308,-1,308,285,286,-1,308,286,309,-1,309,286,310,-1,310,286,287,-1,310,287,311,-1,311,287,312,-1,312,287,283,-1,312,283,313,-1,313,283,282,-1,313,282,314,-1,299,298,312,-1,296,295,312,-1,295,294,312,-1,312,294,293,-1,312,293,299,-1,125,302,312,-1,312,302,303,-1,312,303,304,-1,312,290,291,-1,298,297,312,-1,312,297,127,-1,312,127,125,-1,304,305,312,-1,312,305,306,-1,312,306,307,-1,309,310,311,-1,291,292,312,-1,312,292,289,-1,312,289,296,-1,308,309,307,-1,307,309,311,-1,307,311,312,-1,258,249,315,-1,128,27,218,-1,216,316,218,-1,218,316,317,-1,218,317,128,-1,202,318,215,-1,215,318,319,-1,215,319,216,-1,216,319,320,-1,216,320,316,-1,205,321,201,-1,201,321,322,-1,201,322,202,-1,202,322,323,-1,202,323,318,-1,315,324,258,-1,258,324,325,-1,258,325,204,-1,204,325,326,-1,204,326,205,-1,205,326,327,-1,205,327,321,-1,239,328,248,-1,248,328,329,-1,248,329,249,-1,249,329,330,-1,249,330,315,-1,221,331,238,-1,238,331,332,-1,238,332,239,-1,239,332,333,-1,239,333,328,-1,332,331,334,-1,317,316,335,-1,336,128,337,-1,337,128,317,-1,337,317,338,-1,338,317,335,-1,319,318,339,-1,316,320,335,-1,335,320,319,-1,335,319,340,-1,340,319,339,-1,322,321,341,-1,318,323,339,-1,339,323,322,-1,339,322,342,-1,342,322,341,-1,326,325,343,-1,321,327,341,-1,341,327,326,-1,341,326,344,-1,344,326,343,-1,315,330,345,-1,325,324,343,-1,343,324,315,-1,343,315,346,-1,346,315,345,-1,330,329,345,-1,345,329,328,-1,345,328,334,-1,334,328,333,-1,334,333,332,-1,128,336,129,-1,129,336,347,-1,348,349,350,-1,350,349,351,-1,350,351,352,-1,352,351,353,-1,352,353,354,-1,348,355,349,-1,349,355,356,-1,349,356,357,-1,357,356,358,-1,357,358,359,-1,358,360,359,-1,359,360,361,-1,359,361,362,-1,362,361,363,-1,362,363,364,-1,363,365,364,-1,364,365,366,-1,364,366,367,-1,367,366,368,-1,367,368,369,-1,368,370,369,-1,369,370,371,-1,369,371,372,-1,372,371,373,-1,372,373,374,-1,373,375,374,-1,374,375,376,-1,374,376,377,-1,377,376,129,-1,377,129,378,-1,378,129,347,-1,139,26,129,-1,354,197,352,-1,352,197,198,-1,352,198,350,-1,350,198,199,-1,188,356,200,-1,200,356,355,-1,200,355,199,-1,199,355,348,-1,199,348,350,-1,131,360,188,-1,188,360,358,-1,188,358,356,-1,134,365,130,-1,130,365,363,-1,130,363,131,-1,131,363,361,-1,131,361,360,-1,137,370,133,-1,133,370,368,-1,133,368,134,-1,134,368,366,-1,134,366,365,-1,129,376,139,-1,139,376,375,-1,139,375,136,-1,136,375,373,-1,136,373,137,-1,137,373,371,-1,137,371,370,-1,197,379,166,-1,166,379,380,-1,166,380,164,-1,164,380,163,-1,163,380,161,-1,161,380,381,-1,161,381,159,-1,159,381,382,-1,159,382,157,-1,157,382,156,-1,156,382,383,-1,156,383,154,-1,154,383,152,-1,152,383,384,-1,152,384,150,-1,150,384,149,-1,149,384,273,-1,149,273,104,-1,385,221,386,-1,386,221,220,-1,220,222,386,-1,386,222,224,-1,386,224,387,-1,224,226,387,-1,387,226,228,-1,387,228,388,-1,228,229,388,-1,388,229,231,-1,388,231,389,-1,231,233,389,-1,389,233,235,-1,389,235,390,-1,106,275,237,-1,237,275,390,-1,237,390,236,-1,236,390,235,-1,290,312,300,-1,300,312,313,-1,300,313,301,-1,301,313,314,-1,301,314,391,-1,391,314,392,-1,393,394,395,-1,395,394,396,-1,331,221,385,-1,337,338,397,-1,397,338,335,-1,369,372,398,-1,398,372,374,-1,398,374,377,-1,335,340,397,-1,397,340,339,-1,397,339,342,-1,379,197,354,-1,362,398,359,-1,359,398,357,-1,362,364,398,-1,398,364,367,-1,398,367,369,-1,377,378,398,-1,398,378,347,-1,398,347,397,-1,397,347,336,-1,397,336,337,-1,342,341,397,-1,397,341,344,-1,397,344,343,-1,354,353,379,-1,379,353,351,-1,379,351,398,-1,398,351,349,-1,398,349,357,-1,343,346,397,-1,397,346,345,-1,397,345,385,-1,385,345,334,-1,385,334,331,-1,395,396,399,-1,399,396,400,-1,391,392,401,-1,401,392,402,-1,401,402,403,-1,403,402,404,-1,403,404,405,-1,405,404,406,-1,405,406,407,-1,407,406,408,-1,407,408,409,-1,409,408,410,-1,394,393,411,-1,411,393,412,-1,411,412,413,-1,413,412,414,-1,413,414,415,-1,415,414,416,-1,415,416,417,-1,417,416,418,-1,419,420,421,-1,421,420,422,-1,421,422,423,-1,423,422,424,-1,423,424,425,-1,425,424,426,-1,425,426,397,-1,397,426,398,-1,400,427,399,-1,399,427,428,-1,429,430,410,-1,410,430,409,-1,418,431,417,-1,417,431,432,-1,420,419,433,-1,433,419,434,-1,433,434,435,-1,435,434,436,-1,435,436,437,-1,437,436,438,-1,439,440,441,-1,439,441,442,-1,442,441,443,-1,442,443,444,-1,444,443,445,-1,444,445,446,-1,446,445,428,-1,446,428,427,-1,447,433,448,-1,448,433,435,-1,314,282,392,-1,392,282,273,-1,392,273,402,-1,402,273,384,-1,402,384,404,-1,433,447,420,-1,420,447,449,-1,420,449,422,-1,422,449,450,-1,422,450,424,-1,424,450,451,-1,424,451,426,-1,426,451,452,-1,426,452,398,-1,398,452,429,-1,398,429,379,-1,379,429,410,-1,379,410,380,-1,380,410,408,-1,380,408,381,-1,381,408,406,-1,381,406,382,-1,382,406,404,-1,382,404,383,-1,383,404,384,-1,430,429,452,-1,430,452,453,-1,453,452,451,-1,453,451,454,-1,454,451,450,-1,454,450,455,-1,455,450,449,-1,455,449,456,-1,274,301,275,-1,275,301,391,-1,275,391,390,-1,390,391,401,-1,390,401,389,-1,389,401,403,-1,389,403,388,-1,388,403,405,-1,457,434,456,-1,456,434,419,-1,456,419,455,-1,455,419,421,-1,455,421,454,-1,454,421,423,-1,454,423,453,-1,453,423,425,-1,453,425,430,-1,430,425,397,-1,430,397,409,-1,409,397,385,-1,409,385,407,-1,407,385,386,-1,407,386,405,-1,405,386,387,-1,405,387,388,-1,436,434,458,-1,458,434,457,-1,459,460,461,-1,459,461,462,-1,462,461,463,-1,462,463,464,-1,464,463,465,-1,464,465,466,-1,466,465,432,-1,466,432,431,-1,467,468,438,-1,438,468,437,-1,469,470,439,-1,439,470,440,-1,456,449,457,-1,457,449,447,-1,457,447,458,-1,458,447,448,-1,458,448,471,-1,471,448,472,-1,467,473,468,-1,468,473,474,-1,475,468,476,-1,476,468,474,-1,476,474,459,-1,459,474,460,-1,477,474,478,-1,478,474,473,-1,400,396,427,-1,427,396,394,-1,427,394,446,-1,446,394,411,-1,446,411,444,-1,444,411,413,-1,444,413,442,-1,442,413,415,-1,442,415,439,-1,439,415,417,-1,439,417,469,-1,469,417,432,-1,469,432,479,-1,479,432,465,-1,479,465,480,-1,480,465,463,-1,480,463,481,-1,481,463,461,-1,481,461,482,-1,482,461,460,-1,482,460,477,-1,477,460,474,-1,470,469,483,-1,483,469,479,-1,483,479,484,-1,484,479,480,-1,484,480,485,-1,485,480,481,-1,485,481,486,-1,486,481,482,-1,487,476,486,-1,486,476,459,-1,486,459,485,-1,485,459,462,-1,485,462,484,-1,484,462,464,-1,484,464,483,-1,483,464,466,-1,483,466,470,-1,470,466,431,-1,470,431,440,-1,440,431,418,-1,440,418,441,-1,441,418,416,-1,441,416,443,-1,443,416,414,-1,443,414,445,-1,445,414,412,-1,445,412,428,-1,428,412,393,-1,428,393,399,-1,399,393,395,-1,488,475,487,-1,487,475,476,-1,475,488,468,-1,468,488,489,-1,468,489,437,-1,437,489,472,-1,437,472,435,-1,435,472,448,-1,472,489,471,-1,471,489,490,-1,436,458,438,-1,438,458,471,-1,438,471,467,-1,467,471,490,-1,467,490,473,-1,473,490,478,-1,477,478,490,-1,489,488,487,-1,486,482,487,-1,487,482,477,-1,487,477,489,-1,489,477,490,-1,491,492,493,-1,493,492,494,-1,492,491,495,-1,495,491,496,-1,495,496,497,-1,497,496,498,-1,497,498,499,-1,499,498,500,-1,499,500,501,-1,501,500,502,-1,501,502,503,-1,503,502,504,-1,503,504,505,-1,505,504,506,-1,505,506,507,-1,507,506,508,-1,507,508,509,-1,509,508,510,-1,509,510,511,-1,511,510,512,-1,511,512,513,-1,513,512,514,-1,513,514,515,-1,515,514,516,-1,515,516,517,-1,517,516,518,-1,519,520,521,-1,521,520,522,-1,521,522,523,-1,523,522,524,-1,523,524,525,-1,524,526,525,-1,525,526,527,-1,525,527,528,-1,528,527,529,-1,529,530,528,-1,528,530,531,-1,528,531,532,-1,532,531,533,-1,532,533,534,-1,533,535,534,-1,534,535,536,-1,534,536,537,-1,537,536,538,-1,537,538,539,-1,538,540,539,-1,539,540,541,-1,539,541,542,-1,542,541,543,-1,542,543,544,-1,544,543,545,-1,543,546,545,-1,545,546,547,-1,545,547,548,-1,548,547,549,-1,548,549,550,-1,550,549,493,-1,550,493,551,-1,552,551,494,-1,494,551,493,-1,553,554,555,-1,556,557,558,-1,494,559,552,-1,552,559,560,-1,552,560,561,-1,561,560,562,-1,561,562,563,-1,562,564,563,-1,563,564,565,-1,563,565,566,-1,566,565,567,-1,566,567,568,-1,569,570,571,-1,571,570,572,-1,567,573,568,-1,568,573,571,-1,568,571,574,-1,574,571,572,-1,558,557,575,-1,569,576,570,-1,570,576,577,-1,570,577,557,-1,557,577,578,-1,557,578,575,-1,579,580,581,-1,556,558,581,-1,581,558,582,-1,581,582,579,-1,554,553,580,-1,580,553,583,-1,580,583,581,-1,584,560,585,-1,585,560,559,-1,585,559,492,-1,492,559,494,-1,586,565,587,-1,587,565,564,-1,587,564,584,-1,584,564,562,-1,584,562,560,-1,588,571,589,-1,589,571,573,-1,589,573,586,-1,586,573,567,-1,586,567,565,-1,590,577,591,-1,591,577,576,-1,591,576,588,-1,588,576,569,-1,588,569,571,-1,592,558,593,-1,593,558,575,-1,593,575,590,-1,590,575,578,-1,590,578,577,-1,594,595,555,-1,555,554,594,-1,594,554,580,-1,594,580,596,-1,596,580,579,-1,596,579,592,-1,592,579,582,-1,592,582,558,-1,519,597,520,-1,520,597,598,-1,520,598,522,-1,522,598,599,-1,522,599,524,-1,524,599,600,-1,524,600,526,-1,526,600,601,-1,526,601,527,-1,527,601,602,-1,527,602,529,-1,529,602,603,-1,529,603,530,-1,530,603,604,-1,530,604,531,-1,531,604,605,-1,531,605,533,-1,533,605,606,-1,533,606,535,-1,535,606,607,-1,535,607,536,-1,536,607,608,-1,536,608,538,-1,538,608,609,-1,538,609,540,-1,540,609,610,-1,540,610,541,-1,541,610,611,-1,541,611,543,-1,612,613,547,-1,547,613,549,-1,612,547,611,-1,611,547,546,-1,611,546,543,-1,613,614,549,-1,549,614,491,-1,549,491,493,-1,615,616,617,-1,617,616,618,-1,518,619,517,-1,517,619,620,-1,621,622,623,-1,624,625,626,-1,627,628,629,-1,630,631,517,-1,517,631,515,-1,515,631,513,-1,513,631,632,-1,513,632,511,-1,511,632,633,-1,511,633,509,-1,509,633,634,-1,509,634,507,-1,507,634,505,-1,505,634,635,-1,505,635,503,-1,503,635,636,-1,503,636,501,-1,501,636,637,-1,501,637,499,-1,499,637,497,-1,497,637,638,-1,497,638,495,-1,495,638,585,-1,495,585,492,-1,639,640,595,-1,640,639,641,-1,641,639,642,-1,641,642,643,-1,643,642,644,-1,643,644,645,-1,645,644,646,-1,645,646,647,-1,647,646,648,-1,648,646,649,-1,648,649,650,-1,650,649,651,-1,650,651,652,-1,652,651,653,-1,652,653,654,-1,654,653,655,-1,655,653,656,-1,655,656,657,-1,630,627,631,-1,631,627,629,-1,631,629,632,-1,632,629,658,-1,632,658,633,-1,633,658,659,-1,633,659,634,-1,634,659,660,-1,634,660,635,-1,635,660,661,-1,635,661,636,-1,636,661,662,-1,636,662,637,-1,637,662,663,-1,637,663,638,-1,638,663,664,-1,628,624,629,-1,629,624,626,-1,629,626,658,-1,658,626,665,-1,658,665,659,-1,659,665,666,-1,659,666,660,-1,660,666,667,-1,660,667,661,-1,661,667,668,-1,661,668,662,-1,662,668,669,-1,662,669,663,-1,663,669,670,-1,663,670,664,-1,664,670,671,-1,664,671,589,-1,589,586,664,-1,664,586,587,-1,664,587,638,-1,638,587,584,-1,638,584,585,-1,625,621,626,-1,626,621,623,-1,626,623,665,-1,665,623,672,-1,665,672,666,-1,666,672,673,-1,666,673,667,-1,667,673,674,-1,667,674,668,-1,668,674,675,-1,668,675,669,-1,669,675,676,-1,669,676,670,-1,670,676,677,-1,670,677,671,-1,671,677,678,-1,622,679,623,-1,623,679,680,-1,623,680,672,-1,672,680,681,-1,672,681,673,-1,673,681,682,-1,673,682,674,-1,674,682,683,-1,674,683,675,-1,675,683,684,-1,675,684,676,-1,676,684,685,-1,676,685,677,-1,677,685,686,-1,677,686,678,-1,678,686,687,-1,678,687,593,-1,593,590,678,-1,678,590,591,-1,678,591,671,-1,671,591,588,-1,671,588,589,-1,688,657,689,-1,689,657,656,-1,689,656,690,-1,690,656,691,-1,679,691,680,-1,680,691,656,-1,680,656,681,-1,681,656,653,-1,681,653,682,-1,682,653,651,-1,682,651,683,-1,683,651,649,-1,683,649,684,-1,684,649,646,-1,684,646,685,-1,685,646,644,-1,685,644,686,-1,686,644,642,-1,686,642,687,-1,687,642,639,-1,595,594,639,-1,639,594,596,-1,639,596,687,-1,687,596,592,-1,687,592,593,-1,692,693,694,-1,695,696,697,-1,599,598,698,-1,614,613,699,-1,491,614,496,-1,496,614,699,-1,496,699,498,-1,498,699,700,-1,498,700,500,-1,500,700,701,-1,500,701,502,-1,502,701,702,-1,502,702,504,-1,504,702,506,-1,506,702,703,-1,506,703,508,-1,508,703,704,-1,508,704,510,-1,510,704,705,-1,510,705,512,-1,706,707,708,-1,708,707,709,-1,512,705,514,-1,514,705,708,-1,514,708,516,-1,516,708,709,-1,516,709,518,-1,710,711,712,-1,711,710,713,-1,713,710,714,-1,713,714,715,-1,715,714,716,-1,715,716,717,-1,717,716,718,-1,717,718,719,-1,719,718,720,-1,720,718,721,-1,720,721,722,-1,722,721,723,-1,722,723,724,-1,724,723,725,-1,724,725,726,-1,726,725,727,-1,727,725,698,-1,727,698,728,-1,728,698,598,-1,728,598,597,-1,729,730,731,-1,602,601,732,-1,732,601,600,-1,600,599,732,-1,732,599,698,-1,732,698,733,-1,733,698,725,-1,733,725,734,-1,734,725,723,-1,734,723,735,-1,735,723,721,-1,735,721,736,-1,736,721,718,-1,736,718,737,-1,737,718,716,-1,737,716,738,-1,738,716,714,-1,738,714,731,-1,731,714,710,-1,731,710,729,-1,729,710,712,-1,739,740,741,-1,605,604,742,-1,742,604,603,-1,603,602,742,-1,742,602,732,-1,742,732,743,-1,743,732,733,-1,743,733,744,-1,744,733,734,-1,744,734,745,-1,745,734,735,-1,745,735,746,-1,746,735,736,-1,746,736,747,-1,747,736,737,-1,747,737,748,-1,748,737,738,-1,748,738,741,-1,741,738,731,-1,741,731,739,-1,739,731,730,-1,695,697,749,-1,606,605,750,-1,750,605,742,-1,750,742,751,-1,751,742,743,-1,751,743,752,-1,752,743,744,-1,752,744,753,-1,753,744,745,-1,753,745,754,-1,754,745,746,-1,754,746,755,-1,755,746,747,-1,755,747,756,-1,756,747,748,-1,756,748,697,-1,697,748,741,-1,697,741,749,-1,749,741,740,-1,609,608,750,-1,750,608,607,-1,750,607,606,-1,696,692,697,-1,697,692,694,-1,697,694,756,-1,756,694,757,-1,756,757,755,-1,755,757,758,-1,755,758,754,-1,754,758,759,-1,754,759,753,-1,753,759,760,-1,753,760,752,-1,752,760,761,-1,752,761,751,-1,751,761,762,-1,751,762,750,-1,750,762,763,-1,750,763,609,-1,612,611,763,-1,763,611,610,-1,763,610,609,-1,613,612,699,-1,699,612,763,-1,699,763,700,-1,700,763,762,-1,700,762,701,-1,701,762,761,-1,701,761,702,-1,702,761,760,-1,702,760,703,-1,703,760,759,-1,703,759,704,-1,704,759,758,-1,704,758,705,-1,705,758,757,-1,705,757,708,-1,708,757,694,-1,708,694,706,-1,706,694,693,-1,555,595,764,-1,525,528,765,-1,597,519,766,-1,766,519,521,-1,766,521,765,-1,765,521,523,-1,765,523,525,-1,528,532,765,-1,765,532,534,-1,765,534,767,-1,767,534,537,-1,767,537,768,-1,768,537,539,-1,768,539,769,-1,769,539,542,-1,769,542,770,-1,542,544,770,-1,770,544,545,-1,770,545,771,-1,771,545,548,-1,771,548,772,-1,772,548,550,-1,772,550,551,-1,556,773,557,-1,557,773,774,-1,557,774,570,-1,552,561,775,-1,775,561,563,-1,775,563,776,-1,776,563,566,-1,776,566,777,-1,777,566,568,-1,777,568,778,-1,778,568,574,-1,778,574,774,-1,774,574,572,-1,774,572,570,-1,556,581,773,-1,773,581,583,-1,773,583,764,-1,764,583,553,-1,764,553,555,-1,775,779,552,-1,552,779,615,-1,552,615,551,-1,551,615,617,-1,551,617,772,-1,768,769,780,-1,781,767,782,-1,782,767,768,-1,782,768,783,-1,783,768,780,-1,770,771,784,-1,784,785,770,-1,770,785,786,-1,770,786,769,-1,769,786,787,-1,769,787,780,-1,772,617,618,-1,618,788,772,-1,772,788,789,-1,772,789,771,-1,771,789,790,-1,771,790,784,-1,781,791,767,-1,767,791,792,-1,767,792,765,-1,793,616,615,-1,793,615,794,-1,794,615,779,-1,794,779,795,-1,795,779,775,-1,795,775,796,-1,796,775,797,-1,797,775,776,-1,797,776,798,-1,798,776,799,-1,799,776,777,-1,799,777,800,-1,800,777,801,-1,801,777,778,-1,801,778,802,-1,802,778,803,-1,803,778,774,-1,803,774,804,-1,804,774,773,-1,804,773,805,-1,790,789,803,-1,787,786,803,-1,786,785,803,-1,803,785,784,-1,803,784,790,-1,616,793,803,-1,803,793,794,-1,803,794,795,-1,803,781,782,-1,789,788,803,-1,803,788,618,-1,803,618,616,-1,795,796,803,-1,803,796,797,-1,803,797,798,-1,800,801,802,-1,782,783,803,-1,803,783,780,-1,803,780,787,-1,799,800,798,-1,798,800,802,-1,798,802,803,-1,749,740,806,-1,619,518,709,-1,707,807,709,-1,709,807,808,-1,709,808,619,-1,693,809,706,-1,706,809,810,-1,706,810,707,-1,707,810,811,-1,707,811,807,-1,696,812,692,-1,692,812,813,-1,692,813,693,-1,693,813,814,-1,693,814,809,-1,806,815,749,-1,749,815,816,-1,749,816,695,-1,695,816,817,-1,695,817,696,-1,696,817,818,-1,696,818,812,-1,730,819,739,-1,739,819,820,-1,739,820,740,-1,740,820,821,-1,740,821,806,-1,712,822,729,-1,729,822,823,-1,729,823,730,-1,730,823,824,-1,730,824,819,-1,823,822,825,-1,808,807,826,-1,827,619,828,-1,828,619,808,-1,828,808,829,-1,829,808,826,-1,810,809,830,-1,807,811,826,-1,826,811,810,-1,826,810,831,-1,831,810,830,-1,813,812,832,-1,809,814,830,-1,830,814,813,-1,830,813,833,-1,833,813,832,-1,817,816,834,-1,812,818,832,-1,832,818,817,-1,832,817,835,-1,835,817,834,-1,806,821,836,-1,816,815,834,-1,834,815,806,-1,834,806,837,-1,837,806,836,-1,821,820,836,-1,836,820,819,-1,836,819,825,-1,825,819,824,-1,825,824,823,-1,619,827,620,-1,620,827,838,-1,839,840,841,-1,841,840,842,-1,841,842,843,-1,843,842,844,-1,843,844,845,-1,839,846,840,-1,840,846,847,-1,840,847,848,-1,848,847,849,-1,848,849,850,-1,849,851,850,-1,850,851,852,-1,850,852,853,-1,853,852,854,-1,853,854,855,-1,854,856,855,-1,855,856,857,-1,855,857,858,-1,858,857,859,-1,858,859,860,-1,859,861,860,-1,860,861,862,-1,860,862,863,-1,863,862,864,-1,863,864,865,-1,864,866,865,-1,865,866,867,-1,865,867,868,-1,868,867,620,-1,868,620,869,-1,869,620,838,-1,630,517,620,-1,845,688,843,-1,843,688,689,-1,843,689,841,-1,841,689,690,-1,679,847,691,-1,691,847,846,-1,691,846,690,-1,690,846,839,-1,690,839,841,-1,622,851,679,-1,679,851,849,-1,679,849,847,-1,625,856,621,-1,621,856,854,-1,621,854,622,-1,622,854,852,-1,622,852,851,-1,628,861,624,-1,624,861,859,-1,624,859,625,-1,625,859,857,-1,625,857,856,-1,620,867,630,-1,630,867,866,-1,630,866,627,-1,627,866,864,-1,627,864,628,-1,628,864,862,-1,628,862,861,-1,688,870,657,-1,657,870,871,-1,657,871,655,-1,655,871,654,-1,654,871,652,-1,652,871,872,-1,652,872,650,-1,650,872,873,-1,650,873,648,-1,648,873,647,-1,647,873,874,-1,647,874,645,-1,645,874,643,-1,643,874,875,-1,643,875,641,-1,641,875,640,-1,640,875,764,-1,640,764,595,-1,876,712,877,-1,877,712,711,-1,711,713,877,-1,877,713,715,-1,877,715,878,-1,715,717,878,-1,878,717,719,-1,878,719,879,-1,719,720,879,-1,879,720,722,-1,879,722,880,-1,722,724,880,-1,880,724,726,-1,880,726,881,-1,597,766,728,-1,728,766,881,-1,728,881,727,-1,727,881,726,-1,781,803,791,-1,791,803,804,-1,791,804,792,-1,792,804,805,-1,792,805,882,-1,882,805,883,-1,884,885,886,-1,886,885,887,-1,822,712,876,-1,828,829,888,-1,888,829,826,-1,860,863,889,-1,889,863,865,-1,889,865,868,-1,826,831,888,-1,888,831,830,-1,888,830,833,-1,870,688,845,-1,853,889,850,-1,850,889,848,-1,853,855,889,-1,889,855,858,-1,889,858,860,-1,868,869,889,-1,889,869,838,-1,889,838,888,-1,888,838,827,-1,888,827,828,-1,833,832,888,-1,888,832,835,-1,888,835,834,-1,845,844,870,-1,870,844,842,-1,870,842,889,-1,889,842,840,-1,889,840,848,-1,834,837,888,-1,888,837,836,-1,888,836,876,-1,876,836,825,-1,876,825,822,-1,886,887,890,-1,890,887,891,-1,882,883,892,-1,892,883,893,-1,892,893,894,-1,894,893,895,-1,894,895,896,-1,896,895,897,-1,896,897,898,-1,898,897,899,-1,898,899,900,-1,900,899,901,-1,885,884,902,-1,902,884,903,-1,902,903,904,-1,904,903,905,-1,904,905,906,-1,906,905,907,-1,906,907,908,-1,908,907,909,-1,910,911,912,-1,912,911,913,-1,912,913,914,-1,914,913,915,-1,914,915,916,-1,916,915,917,-1,916,917,888,-1,888,917,889,-1,891,918,890,-1,890,918,919,-1,920,921,901,-1,901,921,900,-1,909,922,908,-1,908,922,923,-1,911,910,924,-1,924,910,925,-1,924,925,926,-1,926,925,927,-1,926,927,928,-1,928,927,929,-1,930,931,932,-1,930,932,933,-1,933,932,934,-1,933,934,935,-1,935,934,936,-1,935,936,937,-1,937,936,919,-1,937,919,918,-1,938,924,939,-1,939,924,926,-1,805,773,883,-1,883,773,764,-1,883,764,893,-1,893,764,875,-1,893,875,895,-1,924,938,911,-1,911,938,940,-1,911,940,913,-1,913,940,941,-1,913,941,915,-1,915,941,942,-1,915,942,917,-1,917,942,943,-1,917,943,889,-1,889,943,920,-1,889,920,870,-1,870,920,901,-1,870,901,871,-1,871,901,899,-1,871,899,872,-1,872,899,897,-1,872,897,873,-1,873,897,895,-1,873,895,874,-1,874,895,875,-1,921,920,943,-1,921,943,944,-1,944,943,942,-1,944,942,945,-1,945,942,941,-1,945,941,946,-1,946,941,940,-1,946,940,947,-1,765,792,766,-1,766,792,882,-1,766,882,881,-1,881,882,892,-1,881,892,880,-1,880,892,894,-1,880,894,879,-1,879,894,896,-1,948,925,947,-1,947,925,910,-1,947,910,946,-1,946,910,912,-1,946,912,945,-1,945,912,914,-1,945,914,944,-1,944,914,916,-1,944,916,921,-1,921,916,888,-1,921,888,900,-1,900,888,876,-1,900,876,898,-1,898,876,877,-1,898,877,896,-1,896,877,878,-1,896,878,879,-1,927,925,949,-1,949,925,948,-1,950,951,952,-1,950,952,953,-1,953,952,954,-1,953,954,955,-1,955,954,956,-1,955,956,957,-1,957,956,923,-1,957,923,922,-1,958,959,929,-1,929,959,928,-1,960,961,930,-1,930,961,931,-1,947,940,948,-1,948,940,938,-1,948,938,949,-1,949,938,939,-1,949,939,962,-1,962,939,963,-1,958,964,959,-1,959,964,965,-1,966,959,967,-1,967,959,965,-1,967,965,950,-1,950,965,951,-1,968,965,969,-1,969,965,964,-1,891,887,918,-1,918,887,885,-1,918,885,937,-1,937,885,902,-1,937,902,935,-1,935,902,904,-1,935,904,933,-1,933,904,906,-1,933,906,930,-1,930,906,908,-1,930,908,960,-1,960,908,923,-1,960,923,970,-1,970,923,956,-1,970,956,971,-1,971,956,954,-1,971,954,972,-1,972,954,952,-1,972,952,973,-1,973,952,951,-1,973,951,968,-1,968,951,965,-1,961,960,974,-1,974,960,970,-1,974,970,975,-1,975,970,971,-1,975,971,976,-1,976,971,972,-1,976,972,977,-1,977,972,973,-1,978,967,977,-1,977,967,950,-1,977,950,976,-1,976,950,953,-1,976,953,975,-1,975,953,955,-1,975,955,974,-1,974,955,957,-1,974,957,961,-1,961,957,922,-1,961,922,931,-1,931,922,909,-1,931,909,932,-1,932,909,907,-1,932,907,934,-1,934,907,905,-1,934,905,936,-1,936,905,903,-1,936,903,919,-1,919,903,884,-1,919,884,890,-1,890,884,886,-1,979,966,978,-1,978,966,967,-1,966,979,959,-1,959,979,980,-1,959,980,928,-1,928,980,963,-1,928,963,926,-1,926,963,939,-1,963,980,962,-1,962,980,981,-1,927,949,929,-1,929,949,962,-1,929,962,958,-1,958,962,981,-1,958,981,964,-1,964,981,969,-1,968,969,981,-1,980,979,978,-1,977,973,978,-1,978,973,968,-1,978,968,980,-1,980,968,981,-1,982,983,984,-1,984,983,985,-1,983,982,986,-1,986,982,987,-1,986,987,988,-1,988,987,989,-1,988,989,990,-1,990,989,991,-1,990,991,992,-1,992,991,993,-1,992,993,994,-1,994,993,995,-1,994,995,996,-1,996,995,997,-1,996,997,998,-1,998,997,999,-1,998,999,1000,-1,1000,999,1001,-1,1000,1001,1002,-1,1002,1001,1003,-1,1002,1003,1004,-1,1004,1003,1005,-1,1004,1005,1006,-1,1006,1005,1007,-1,1006,1007,1008,-1,1008,1007,1009,-1,1010,1011,1012,-1,1012,1011,1013,-1,1012,1013,1014,-1,1014,1013,1015,-1,1014,1015,1016,-1,1015,1017,1016,-1,1016,1017,1018,-1,1016,1018,1019,-1,1019,1018,1020,-1,1020,1021,1019,-1,1019,1021,1022,-1,1019,1022,1023,-1,1023,1022,1024,-1,1023,1024,1025,-1,1024,1026,1025,-1,1025,1026,1027,-1,1025,1027,1028,-1,1028,1027,1029,-1,1028,1029,1030,-1,1029,1031,1030,-1,1030,1031,1032,-1,1030,1032,1033,-1,1033,1032,1034,-1,1033,1034,1035,-1,1035,1034,1036,-1,1034,1037,1036,-1,1036,1037,1038,-1,1036,1038,1039,-1,1039,1038,1040,-1,1039,1040,1041,-1,1041,1040,984,-1,1041,984,1042,-1,1043,1042,985,-1,985,1042,984,-1,1044,1045,1046,-1,1047,1048,1049,-1,985,1050,1043,-1,1043,1050,1051,-1,1043,1051,1052,-1,1052,1051,1053,-1,1052,1053,1054,-1,1053,1055,1054,-1,1054,1055,1056,-1,1054,1056,1057,-1,1057,1056,1058,-1,1057,1058,1059,-1,1060,1061,1062,-1,1062,1061,1063,-1,1058,1064,1059,-1,1059,1064,1062,-1,1059,1062,1065,-1,1065,1062,1063,-1,1049,1048,1066,-1,1060,1067,1061,-1,1061,1067,1068,-1,1061,1068,1048,-1,1048,1068,1069,-1,1048,1069,1066,-1,1070,1071,1072,-1,1047,1049,1072,-1,1072,1049,1073,-1,1072,1073,1070,-1,1045,1044,1071,-1,1071,1044,1074,-1,1071,1074,1072,-1,1075,1051,1076,-1,1076,1051,1050,-1,1076,1050,983,-1,983,1050,985,-1,1077,1056,1078,-1,1078,1056,1055,-1,1078,1055,1075,-1,1075,1055,1053,-1,1075,1053,1051,-1,1079,1062,1080,-1,1080,1062,1064,-1,1080,1064,1077,-1,1077,1064,1058,-1,1077,1058,1056,-1,1081,1068,1082,-1,1082,1068,1067,-1,1082,1067,1079,-1,1079,1067,1060,-1,1079,1060,1062,-1,1083,1049,1084,-1,1084,1049,1066,-1,1084,1066,1081,-1,1081,1066,1069,-1,1081,1069,1068,-1,1085,1086,1046,-1,1046,1045,1085,-1,1085,1045,1071,-1,1085,1071,1087,-1,1087,1071,1070,-1,1087,1070,1083,-1,1083,1070,1073,-1,1083,1073,1049,-1,1010,1088,1011,-1,1011,1088,1089,-1,1011,1089,1013,-1,1013,1089,1090,-1,1013,1090,1015,-1,1015,1090,1091,-1,1015,1091,1017,-1,1017,1091,1092,-1,1017,1092,1018,-1,1018,1092,1093,-1,1018,1093,1020,-1,1020,1093,1094,-1,1020,1094,1021,-1,1021,1094,1095,-1,1021,1095,1022,-1,1022,1095,1096,-1,1022,1096,1024,-1,1024,1096,1097,-1,1024,1097,1026,-1,1026,1097,1098,-1,1026,1098,1027,-1,1027,1098,1099,-1,1027,1099,1029,-1,1029,1099,1100,-1,1029,1100,1031,-1,1031,1100,1101,-1,1031,1101,1032,-1,1032,1101,1102,-1,1032,1102,1034,-1,1103,1104,1038,-1,1038,1104,1040,-1,1103,1038,1102,-1,1102,1038,1037,-1,1102,1037,1034,-1,1104,1105,1040,-1,1040,1105,982,-1,1040,982,984,-1,1106,1107,1108,-1,1108,1107,1109,-1,1009,1110,1008,-1,1008,1110,1111,-1,1112,1113,1114,-1,1115,1116,1117,-1,1118,1119,1120,-1,1121,1122,1008,-1,1008,1122,1006,-1,1006,1122,1004,-1,1004,1122,1123,-1,1004,1123,1002,-1,1002,1123,1124,-1,1002,1124,1000,-1,1000,1124,1125,-1,1000,1125,998,-1,998,1125,996,-1,996,1125,1126,-1,996,1126,994,-1,994,1126,1127,-1,994,1127,992,-1,992,1127,1128,-1,992,1128,990,-1,990,1128,988,-1,988,1128,1129,-1,988,1129,986,-1,986,1129,1076,-1,986,1076,983,-1,1130,1131,1086,-1,1131,1130,1132,-1,1132,1130,1133,-1,1132,1133,1134,-1,1134,1133,1135,-1,1134,1135,1136,-1,1136,1135,1137,-1,1136,1137,1138,-1,1138,1137,1139,-1,1139,1137,1140,-1,1139,1140,1141,-1,1141,1140,1142,-1,1141,1142,1143,-1,1143,1142,1144,-1,1143,1144,1145,-1,1145,1144,1146,-1,1146,1144,1147,-1,1146,1147,1148,-1,1121,1118,1122,-1,1122,1118,1120,-1,1122,1120,1123,-1,1123,1120,1149,-1,1123,1149,1124,-1,1124,1149,1150,-1,1124,1150,1125,-1,1125,1150,1151,-1,1125,1151,1126,-1,1126,1151,1152,-1,1126,1152,1127,-1,1127,1152,1153,-1,1127,1153,1128,-1,1128,1153,1154,-1,1128,1154,1129,-1,1129,1154,1155,-1,1119,1115,1120,-1,1120,1115,1117,-1,1120,1117,1149,-1,1149,1117,1156,-1,1149,1156,1150,-1,1150,1156,1157,-1,1150,1157,1151,-1,1151,1157,1158,-1,1151,1158,1152,-1,1152,1158,1159,-1,1152,1159,1153,-1,1153,1159,1160,-1,1153,1160,1154,-1,1154,1160,1161,-1,1154,1161,1155,-1,1155,1161,1162,-1,1155,1162,1080,-1,1080,1077,1155,-1,1155,1077,1078,-1,1155,1078,1129,-1,1129,1078,1075,-1,1129,1075,1076,-1,1116,1112,1117,-1,1117,1112,1114,-1,1117,1114,1156,-1,1156,1114,1163,-1,1156,1163,1157,-1,1157,1163,1164,-1,1157,1164,1158,-1,1158,1164,1165,-1,1158,1165,1159,-1,1159,1165,1166,-1,1159,1166,1160,-1,1160,1166,1167,-1,1160,1167,1161,-1,1161,1167,1168,-1,1161,1168,1162,-1,1162,1168,1169,-1,1113,1170,1114,-1,1114,1170,1171,-1,1114,1171,1163,-1,1163,1171,1172,-1,1163,1172,1164,-1,1164,1172,1173,-1,1164,1173,1165,-1,1165,1173,1174,-1,1165,1174,1166,-1,1166,1174,1175,-1,1166,1175,1167,-1,1167,1175,1176,-1,1167,1176,1168,-1,1168,1176,1177,-1,1168,1177,1169,-1,1169,1177,1178,-1,1169,1178,1084,-1,1084,1081,1169,-1,1169,1081,1082,-1,1169,1082,1162,-1,1162,1082,1079,-1,1162,1079,1080,-1,1179,1148,1180,-1,1180,1148,1147,-1,1180,1147,1181,-1,1181,1147,1182,-1,1170,1182,1171,-1,1171,1182,1147,-1,1171,1147,1172,-1,1172,1147,1144,-1,1172,1144,1173,-1,1173,1144,1142,-1,1173,1142,1174,-1,1174,1142,1140,-1,1174,1140,1175,-1,1175,1140,1137,-1,1175,1137,1176,-1,1176,1137,1135,-1,1176,1135,1177,-1,1177,1135,1133,-1,1177,1133,1178,-1,1178,1133,1130,-1,1086,1085,1130,-1,1130,1085,1087,-1,1130,1087,1178,-1,1178,1087,1083,-1,1178,1083,1084,-1,1183,1184,1185,-1,1186,1187,1188,-1,1090,1089,1189,-1,1105,1104,1190,-1,982,1105,987,-1,987,1105,1190,-1,987,1190,989,-1,989,1190,1191,-1,989,1191,991,-1,991,1191,1192,-1,991,1192,993,-1,993,1192,1193,-1,993,1193,995,-1,995,1193,997,-1,997,1193,1194,-1,997,1194,999,-1,999,1194,1195,-1,999,1195,1001,-1,1001,1195,1196,-1,1001,1196,1003,-1,1197,1198,1199,-1,1199,1198,1200,-1,1003,1196,1005,-1,1005,1196,1199,-1,1005,1199,1007,-1,1007,1199,1200,-1,1007,1200,1009,-1,1201,1202,1203,-1,1202,1201,1204,-1,1204,1201,1205,-1,1204,1205,1206,-1,1206,1205,1207,-1,1206,1207,1208,-1,1208,1207,1209,-1,1208,1209,1210,-1,1210,1209,1211,-1,1211,1209,1212,-1,1211,1212,1213,-1,1213,1212,1214,-1,1213,1214,1215,-1,1215,1214,1216,-1,1215,1216,1217,-1,1217,1216,1218,-1,1218,1216,1189,-1,1218,1189,1219,-1,1219,1189,1089,-1,1219,1089,1088,-1,1220,1221,1222,-1,1093,1092,1223,-1,1223,1092,1091,-1,1091,1090,1223,-1,1223,1090,1189,-1,1223,1189,1224,-1,1224,1189,1216,-1,1224,1216,1225,-1,1225,1216,1214,-1,1225,1214,1226,-1,1226,1214,1212,-1,1226,1212,1227,-1,1227,1212,1209,-1,1227,1209,1228,-1,1228,1209,1207,-1,1228,1207,1229,-1,1229,1207,1205,-1,1229,1205,1222,-1,1222,1205,1201,-1,1222,1201,1220,-1,1220,1201,1203,-1,1230,1231,1232,-1,1096,1095,1233,-1,1233,1095,1094,-1,1094,1093,1233,-1,1233,1093,1223,-1,1233,1223,1234,-1,1234,1223,1224,-1,1234,1224,1235,-1,1235,1224,1225,-1,1235,1225,1236,-1,1236,1225,1226,-1,1236,1226,1237,-1,1237,1226,1227,-1,1237,1227,1238,-1,1238,1227,1228,-1,1238,1228,1239,-1,1239,1228,1229,-1,1239,1229,1232,-1,1232,1229,1222,-1,1232,1222,1230,-1,1230,1222,1221,-1,1186,1188,1240,-1,1097,1096,1241,-1,1241,1096,1233,-1,1241,1233,1242,-1,1242,1233,1234,-1,1242,1234,1243,-1,1243,1234,1235,-1,1243,1235,1244,-1,1244,1235,1236,-1,1244,1236,1245,-1,1245,1236,1237,-1,1245,1237,1246,-1,1246,1237,1238,-1,1246,1238,1247,-1,1247,1238,1239,-1,1247,1239,1188,-1,1188,1239,1232,-1,1188,1232,1240,-1,1240,1232,1231,-1,1100,1099,1241,-1,1241,1099,1098,-1,1241,1098,1097,-1,1187,1183,1188,-1,1188,1183,1185,-1,1188,1185,1247,-1,1247,1185,1248,-1,1247,1248,1246,-1,1246,1248,1249,-1,1246,1249,1245,-1,1245,1249,1250,-1,1245,1250,1244,-1,1244,1250,1251,-1,1244,1251,1243,-1,1243,1251,1252,-1,1243,1252,1242,-1,1242,1252,1253,-1,1242,1253,1241,-1,1241,1253,1254,-1,1241,1254,1100,-1,1103,1102,1254,-1,1254,1102,1101,-1,1254,1101,1100,-1,1104,1103,1190,-1,1190,1103,1254,-1,1190,1254,1191,-1,1191,1254,1253,-1,1191,1253,1192,-1,1192,1253,1252,-1,1192,1252,1193,-1,1193,1252,1251,-1,1193,1251,1194,-1,1194,1251,1250,-1,1194,1250,1195,-1,1195,1250,1249,-1,1195,1249,1196,-1,1196,1249,1248,-1,1196,1248,1199,-1,1199,1248,1185,-1,1199,1185,1197,-1,1197,1185,1184,-1,1046,1086,1255,-1,1016,1019,1256,-1,1088,1010,1257,-1,1257,1010,1012,-1,1257,1012,1256,-1,1256,1012,1014,-1,1256,1014,1016,-1,1019,1023,1256,-1,1256,1023,1025,-1,1256,1025,1258,-1,1258,1025,1028,-1,1258,1028,1259,-1,1259,1028,1030,-1,1259,1030,1260,-1,1260,1030,1033,-1,1260,1033,1261,-1,1033,1035,1261,-1,1261,1035,1036,-1,1261,1036,1262,-1,1262,1036,1039,-1,1262,1039,1263,-1,1263,1039,1041,-1,1263,1041,1042,-1,1047,1264,1048,-1,1048,1264,1265,-1,1048,1265,1061,-1,1043,1052,1266,-1,1266,1052,1054,-1,1266,1054,1267,-1,1267,1054,1057,-1,1267,1057,1268,-1,1268,1057,1059,-1,1268,1059,1269,-1,1269,1059,1065,-1,1269,1065,1265,-1,1265,1065,1063,-1,1265,1063,1061,-1,1047,1072,1264,-1,1264,1072,1074,-1,1264,1074,1255,-1,1255,1074,1044,-1,1255,1044,1046,-1,1266,1270,1043,-1,1043,1270,1106,-1,1043,1106,1042,-1,1042,1106,1108,-1,1042,1108,1263,-1,1259,1260,1271,-1,1272,1258,1273,-1,1273,1258,1259,-1,1273,1259,1274,-1,1274,1259,1271,-1,1261,1262,1275,-1,1275,1276,1261,-1,1261,1276,1277,-1,1261,1277,1260,-1,1260,1277,1278,-1,1260,1278,1271,-1,1263,1108,1109,-1,1109,1279,1263,-1,1263,1279,1280,-1,1263,1280,1262,-1,1262,1280,1281,-1,1262,1281,1275,-1,1272,1282,1258,-1,1258,1282,1283,-1,1258,1283,1256,-1,1284,1107,1106,-1,1284,1106,1285,-1,1285,1106,1270,-1,1285,1270,1286,-1,1286,1270,1266,-1,1286,1266,1287,-1,1287,1266,1288,-1,1288,1266,1267,-1,1288,1267,1289,-1,1289,1267,1290,-1,1290,1267,1268,-1,1290,1268,1291,-1,1291,1268,1292,-1,1292,1268,1269,-1,1292,1269,1293,-1,1293,1269,1294,-1,1294,1269,1265,-1,1294,1265,1295,-1,1295,1265,1264,-1,1295,1264,1296,-1,1281,1280,1294,-1,1278,1277,1294,-1,1277,1276,1294,-1,1294,1276,1275,-1,1294,1275,1281,-1,1107,1284,1294,-1,1294,1284,1285,-1,1294,1285,1286,-1,1294,1272,1273,-1,1280,1279,1294,-1,1294,1279,1109,-1,1294,1109,1107,-1,1286,1287,1294,-1,1294,1287,1288,-1,1294,1288,1289,-1,1291,1292,1293,-1,1273,1274,1294,-1,1294,1274,1271,-1,1294,1271,1278,-1,1290,1291,1289,-1,1289,1291,1293,-1,1289,1293,1294,-1,1240,1231,1297,-1,1110,1009,1200,-1,1198,1298,1200,-1,1200,1298,1299,-1,1200,1299,1110,-1,1184,1300,1197,-1,1197,1300,1301,-1,1197,1301,1198,-1,1198,1301,1302,-1,1198,1302,1298,-1,1187,1303,1183,-1,1183,1303,1304,-1,1183,1304,1184,-1,1184,1304,1305,-1,1184,1305,1300,-1,1297,1306,1240,-1,1240,1306,1307,-1,1240,1307,1186,-1,1186,1307,1308,-1,1186,1308,1187,-1,1187,1308,1309,-1,1187,1309,1303,-1,1221,1310,1230,-1,1230,1310,1311,-1,1230,1311,1231,-1,1231,1311,1312,-1,1231,1312,1297,-1,1203,1313,1220,-1,1220,1313,1314,-1,1220,1314,1221,-1,1221,1314,1315,-1,1221,1315,1310,-1,1314,1313,1316,-1,1299,1298,1317,-1,1318,1110,1319,-1,1319,1110,1299,-1,1319,1299,1320,-1,1320,1299,1317,-1,1301,1300,1321,-1,1298,1302,1317,-1,1317,1302,1301,-1,1317,1301,1322,-1,1322,1301,1321,-1,1304,1303,1323,-1,1300,1305,1321,-1,1321,1305,1304,-1,1321,1304,1324,-1,1324,1304,1323,-1,1308,1307,1325,-1,1303,1309,1323,-1,1323,1309,1308,-1,1323,1308,1326,-1,1326,1308,1325,-1,1297,1312,1327,-1,1307,1306,1325,-1,1325,1306,1297,-1,1325,1297,1328,-1,1328,1297,1327,-1,1312,1311,1327,-1,1327,1311,1310,-1,1327,1310,1316,-1,1316,1310,1315,-1,1316,1315,1314,-1,1110,1318,1111,-1,1111,1318,1329,-1,1330,1331,1332,-1,1332,1331,1333,-1,1332,1333,1334,-1,1334,1333,1335,-1,1334,1335,1336,-1,1330,1337,1331,-1,1331,1337,1338,-1,1331,1338,1339,-1,1339,1338,1340,-1,1339,1340,1341,-1,1340,1342,1341,-1,1341,1342,1343,-1,1341,1343,1344,-1,1344,1343,1345,-1,1344,1345,1346,-1,1345,1347,1346,-1,1346,1347,1348,-1,1346,1348,1349,-1,1349,1348,1350,-1,1349,1350,1351,-1,1350,1352,1351,-1,1351,1352,1353,-1,1351,1353,1354,-1,1354,1353,1355,-1,1354,1355,1356,-1,1355,1357,1356,-1,1356,1357,1358,-1,1356,1358,1359,-1,1359,1358,1111,-1,1359,1111,1360,-1,1360,1111,1329,-1,1121,1008,1111,-1,1336,1179,1334,-1,1334,1179,1180,-1,1334,1180,1332,-1,1332,1180,1181,-1,1170,1338,1182,-1,1182,1338,1337,-1,1182,1337,1181,-1,1181,1337,1330,-1,1181,1330,1332,-1,1113,1342,1170,-1,1170,1342,1340,-1,1170,1340,1338,-1,1116,1347,1112,-1,1112,1347,1345,-1,1112,1345,1113,-1,1113,1345,1343,-1,1113,1343,1342,-1,1119,1352,1115,-1,1115,1352,1350,-1,1115,1350,1116,-1,1116,1350,1348,-1,1116,1348,1347,-1,1111,1358,1121,-1,1121,1358,1357,-1,1121,1357,1118,-1,1118,1357,1355,-1,1118,1355,1119,-1,1119,1355,1353,-1,1119,1353,1352,-1,1179,1361,1148,-1,1148,1361,1362,-1,1148,1362,1146,-1,1146,1362,1145,-1,1145,1362,1143,-1,1143,1362,1363,-1,1143,1363,1141,-1,1141,1363,1364,-1,1141,1364,1139,-1,1139,1364,1138,-1,1138,1364,1365,-1,1138,1365,1136,-1,1136,1365,1134,-1,1134,1365,1366,-1,1134,1366,1132,-1,1132,1366,1131,-1,1131,1366,1255,-1,1131,1255,1086,-1,1367,1203,1368,-1,1368,1203,1202,-1,1202,1204,1368,-1,1368,1204,1206,-1,1368,1206,1369,-1,1206,1208,1369,-1,1369,1208,1210,-1,1369,1210,1370,-1,1210,1211,1370,-1,1370,1211,1213,-1,1370,1213,1371,-1,1213,1215,1371,-1,1371,1215,1217,-1,1371,1217,1372,-1,1088,1257,1219,-1,1219,1257,1372,-1,1219,1372,1218,-1,1218,1372,1217,-1,1272,1294,1282,-1,1282,1294,1295,-1,1282,1295,1283,-1,1283,1295,1296,-1,1283,1296,1373,-1,1373,1296,1374,-1,1375,1376,1377,-1,1377,1376,1378,-1,1313,1203,1367,-1,1319,1320,1379,-1,1379,1320,1317,-1,1351,1354,1380,-1,1380,1354,1356,-1,1380,1356,1359,-1,1317,1322,1379,-1,1379,1322,1321,-1,1379,1321,1324,-1,1361,1179,1336,-1,1344,1380,1341,-1,1341,1380,1339,-1,1344,1346,1380,-1,1380,1346,1349,-1,1380,1349,1351,-1,1359,1360,1380,-1,1380,1360,1329,-1,1380,1329,1379,-1,1379,1329,1318,-1,1379,1318,1319,-1,1324,1323,1379,-1,1379,1323,1326,-1,1379,1326,1325,-1,1336,1335,1361,-1,1361,1335,1333,-1,1361,1333,1380,-1,1380,1333,1331,-1,1380,1331,1339,-1,1325,1328,1379,-1,1379,1328,1327,-1,1379,1327,1367,-1,1367,1327,1316,-1,1367,1316,1313,-1,1377,1378,1381,-1,1381,1378,1382,-1,1373,1374,1383,-1,1383,1374,1384,-1,1383,1384,1385,-1,1385,1384,1386,-1,1385,1386,1387,-1,1387,1386,1388,-1,1387,1388,1389,-1,1389,1388,1390,-1,1389,1390,1391,-1,1391,1390,1392,-1,1376,1375,1393,-1,1393,1375,1394,-1,1393,1394,1395,-1,1395,1394,1396,-1,1395,1396,1397,-1,1397,1396,1398,-1,1397,1398,1399,-1,1399,1398,1400,-1,1401,1402,1403,-1,1403,1402,1404,-1,1403,1404,1405,-1,1405,1404,1406,-1,1405,1406,1407,-1,1407,1406,1408,-1,1407,1408,1379,-1,1379,1408,1380,-1,1382,1409,1381,-1,1381,1409,1410,-1,1411,1412,1392,-1,1392,1412,1391,-1,1400,1413,1399,-1,1399,1413,1414,-1,1402,1401,1415,-1,1415,1401,1416,-1,1415,1416,1417,-1,1417,1416,1418,-1,1417,1418,1419,-1,1419,1418,1420,-1,1421,1422,1423,-1,1421,1423,1424,-1,1424,1423,1425,-1,1424,1425,1426,-1,1426,1425,1427,-1,1426,1427,1428,-1,1428,1427,1410,-1,1428,1410,1409,-1,1429,1415,1430,-1,1430,1415,1417,-1,1296,1264,1374,-1,1374,1264,1255,-1,1374,1255,1384,-1,1384,1255,1366,-1,1384,1366,1386,-1,1415,1429,1402,-1,1402,1429,1431,-1,1402,1431,1404,-1,1404,1431,1432,-1,1404,1432,1406,-1,1406,1432,1433,-1,1406,1433,1408,-1,1408,1433,1434,-1,1408,1434,1380,-1,1380,1434,1411,-1,1380,1411,1361,-1,1361,1411,1392,-1,1361,1392,1362,-1,1362,1392,1390,-1,1362,1390,1363,-1,1363,1390,1388,-1,1363,1388,1364,-1,1364,1388,1386,-1,1364,1386,1365,-1,1365,1386,1366,-1,1412,1411,1434,-1,1412,1434,1435,-1,1435,1434,1433,-1,1435,1433,1436,-1,1436,1433,1432,-1,1436,1432,1437,-1,1437,1432,1431,-1,1437,1431,1438,-1,1256,1283,1257,-1,1257,1283,1373,-1,1257,1373,1372,-1,1372,1373,1383,-1,1372,1383,1371,-1,1371,1383,1385,-1,1371,1385,1370,-1,1370,1385,1387,-1,1439,1416,1438,-1,1438,1416,1401,-1,1438,1401,1437,-1,1437,1401,1403,-1,1437,1403,1436,-1,1436,1403,1405,-1,1436,1405,1435,-1,1435,1405,1407,-1,1435,1407,1412,-1,1412,1407,1379,-1,1412,1379,1391,-1,1391,1379,1367,-1,1391,1367,1389,-1,1389,1367,1368,-1,1389,1368,1387,-1,1387,1368,1369,-1,1387,1369,1370,-1,1418,1416,1440,-1,1440,1416,1439,-1,1441,1442,1443,-1,1441,1443,1444,-1,1444,1443,1445,-1,1444,1445,1446,-1,1446,1445,1447,-1,1446,1447,1448,-1,1448,1447,1414,-1,1448,1414,1413,-1,1449,1450,1420,-1,1420,1450,1419,-1,1451,1452,1421,-1,1421,1452,1422,-1,1438,1431,1439,-1,1439,1431,1429,-1,1439,1429,1440,-1,1440,1429,1430,-1,1440,1430,1453,-1,1453,1430,1454,-1,1449,1455,1450,-1,1450,1455,1456,-1,1457,1450,1458,-1,1458,1450,1456,-1,1458,1456,1441,-1,1441,1456,1442,-1,1459,1456,1460,-1,1460,1456,1455,-1,1382,1378,1409,-1,1409,1378,1376,-1,1409,1376,1428,-1,1428,1376,1393,-1,1428,1393,1426,-1,1426,1393,1395,-1,1426,1395,1424,-1,1424,1395,1397,-1,1424,1397,1421,-1,1421,1397,1399,-1,1421,1399,1451,-1,1451,1399,1414,-1,1451,1414,1461,-1,1461,1414,1447,-1,1461,1447,1462,-1,1462,1447,1445,-1,1462,1445,1463,-1,1463,1445,1443,-1,1463,1443,1464,-1,1464,1443,1442,-1,1464,1442,1459,-1,1459,1442,1456,-1,1452,1451,1465,-1,1465,1451,1461,-1,1465,1461,1466,-1,1466,1461,1462,-1,1466,1462,1467,-1,1467,1462,1463,-1,1467,1463,1468,-1,1468,1463,1464,-1,1469,1458,1468,-1,1468,1458,1441,-1,1468,1441,1467,-1,1467,1441,1444,-1,1467,1444,1466,-1,1466,1444,1446,-1,1466,1446,1465,-1,1465,1446,1448,-1,1465,1448,1452,-1,1452,1448,1413,-1,1452,1413,1422,-1,1422,1413,1400,-1,1422,1400,1423,-1,1423,1400,1398,-1,1423,1398,1425,-1,1425,1398,1396,-1,1425,1396,1427,-1,1427,1396,1394,-1,1427,1394,1410,-1,1410,1394,1375,-1,1410,1375,1381,-1,1381,1375,1377,-1,1470,1457,1469,-1,1469,1457,1458,-1,1457,1470,1450,-1,1450,1470,1471,-1,1450,1471,1419,-1,1419,1471,1454,-1,1419,1454,1417,-1,1417,1454,1430,-1,1454,1471,1453,-1,1453,1471,1472,-1,1418,1440,1420,-1,1420,1440,1453,-1,1420,1453,1449,-1,1449,1453,1472,-1,1449,1472,1455,-1,1455,1472,1460,-1,1459,1460,1472,-1,1471,1470,1469,-1,1468,1464,1469,-1,1469,1464,1459,-1,1469,1459,1471,-1,1471,1459,1472,-1,1473,1474,1475,-1,1475,1474,1476,-1,1477,1478,1479,-1,1479,1478,1480,-1,1479,1480,1481,-1,1481,1480,1482,-1,1481,1482,1483,-1,1483,1482,1484,-1,1483,1484,1485,-1,1486,1487,1488,-1,1488,1487,1489,-1,1488,1489,1477,-1,1477,1489,1490,-1,1477,1490,1478,-1,1491,1492,1493,-1,1493,1492,1494,-1,1493,1494,1495,-1,1495,1494,1496,-1,1495,1496,1486,-1,1486,1496,1497,-1,1486,1497,1487,-1,1491,1493,1498,-1,1498,1493,1499,-1,1498,1499,1500,-1,1500,1499,1501,-1,1500,1501,1502,-1,1502,1501,1503,-1,1502,1503,1504,-1,1504,1503,1505,-1,1505,1503,1473,-1,1505,1473,1475,-1,1482,1506,1484,-1,1489,1487,1507,-1,1505,1475,1508,-1,1509,1504,1510,-1,1510,1504,1505,-1,1510,1505,1511,-1,1511,1505,1508,-1,1512,1498,1513,-1,1513,1498,1500,-1,1513,1500,1509,-1,1509,1500,1502,-1,1509,1502,1504,-1,1514,1494,1515,-1,1515,1494,1492,-1,1515,1492,1512,-1,1512,1492,1491,-1,1512,1491,1498,-1,1507,1487,1516,-1,1516,1487,1497,-1,1516,1497,1514,-1,1514,1497,1496,-1,1514,1496,1494,-1,1506,1482,1517,-1,1517,1482,1480,-1,1517,1480,1518,-1,1518,1480,1478,-1,1518,1478,1507,-1,1507,1478,1490,-1,1507,1490,1489,-1,1519,1508,1476,-1,1476,1508,1475,-1,1520,1521,1522,-1,1523,1524,1525,-1,1522,1521,1525,-1,1525,1521,1526,-1,1525,1526,1523,-1,1527,1528,1529,-1,1524,1523,1529,-1,1529,1523,1530,-1,1529,1530,1527,-1,1531,1532,1533,-1,1533,1532,1534,-1,1533,1534,1527,-1,1527,1534,1535,-1,1527,1535,1528,-1,1536,1537,1538,-1,1538,1537,1539,-1,1531,1533,1539,-1,1539,1533,1540,-1,1539,1540,1538,-1,1541,1542,1543,-1,1543,1542,1544,-1,1536,1538,1543,-1,1543,1538,1545,-1,1543,1545,1541,-1,1519,1476,1546,-1,1546,1476,1547,-1,1546,1547,1542,-1,1542,1547,1548,-1,1542,1548,1544,-1,1476,1474,1547,-1,1547,1474,1549,-1,1550,1551,1537,-1,1537,1536,1550,-1,1550,1536,1543,-1,1550,1543,1552,-1,1552,1543,1544,-1,1552,1544,1549,-1,1549,1544,1548,-1,1549,1548,1547,-1,1553,1528,1554,-1,1554,1528,1535,-1,1554,1535,1555,-1,1535,1534,1555,-1,1555,1534,1532,-1,1555,1532,1556,-1,1556,1532,1531,-1,1556,1531,1551,-1,1551,1531,1539,-1,1551,1539,1537,-1,1557,1520,1558,-1,1558,1520,1522,-1,1558,1522,1559,-1,1559,1522,1525,-1,1559,1525,1560,-1,1560,1525,1524,-1,1560,1524,1553,-1,1553,1524,1529,-1,1553,1529,1528,-1,1561,1562,1563,-1,1563,1562,1564,-1,1474,1473,1565,-1,1565,1473,1566,-1,1565,1566,1567,-1,1567,1566,1568,-1,1567,1568,1569,-1,1569,1568,1570,-1,1569,1570,1571,-1,1571,1570,1572,-1,1571,1572,1573,-1,1573,1572,1574,-1,1573,1574,1575,-1,1575,1574,1576,-1,1575,1576,1577,-1,1577,1576,1578,-1,1577,1578,1579,-1,1579,1578,1580,-1,1579,1580,1581,-1,1581,1580,1582,-1,1581,1582,1583,-1,1583,1582,1584,-1,1583,1584,1585,-1,1585,1584,1586,-1,1585,1586,1587,-1,1587,1586,1588,-1,1589,1590,1591,-1,1555,1556,1592,-1,1593,1585,1594,-1,1595,1581,1593,-1,1596,1579,1581,-1,1597,1575,1598,-1,1598,1575,1599,-1,1600,1571,1597,-1,1601,1569,1602,-1,1602,1569,1571,-1,1601,1603,1565,-1,1565,1603,1549,-1,1565,1549,1474,-1,1592,1556,1604,-1,1556,1551,1604,-1,1604,1551,1550,-1,1604,1550,1603,-1,1603,1550,1552,-1,1603,1552,1549,-1,1555,1592,1554,-1,1554,1592,1605,-1,1554,1605,1553,-1,1553,1605,1606,-1,1553,1606,1560,-1,1593,1594,1595,-1,1595,1594,1607,-1,1595,1607,1608,-1,1608,1607,1609,-1,1608,1609,1610,-1,1610,1609,1611,-1,1610,1611,1612,-1,1612,1611,1613,-1,1612,1613,1614,-1,1614,1613,1615,-1,1614,1615,1616,-1,1597,1598,1600,-1,1600,1598,1617,-1,1600,1617,1618,-1,1618,1617,1619,-1,1618,1619,1620,-1,1620,1619,1621,-1,1620,1621,1622,-1,1622,1621,1623,-1,1622,1623,1624,-1,1624,1623,1625,-1,1624,1625,1626,-1,1615,1627,1616,-1,1616,1627,1628,-1,1616,1628,1629,-1,1581,1595,1596,-1,1596,1595,1608,-1,1596,1608,1630,-1,1630,1608,1610,-1,1630,1610,1631,-1,1631,1610,1612,-1,1631,1612,1632,-1,1632,1612,1614,-1,1632,1614,1633,-1,1633,1614,1616,-1,1633,1616,1634,-1,1634,1616,1629,-1,1634,1629,1635,-1,1635,1625,1634,-1,1634,1625,1623,-1,1634,1623,1633,-1,1633,1623,1621,-1,1633,1621,1632,-1,1632,1621,1619,-1,1632,1619,1631,-1,1631,1619,1617,-1,1631,1617,1630,-1,1630,1617,1598,-1,1630,1598,1596,-1,1596,1598,1599,-1,1596,1599,1579,-1,1635,1636,1625,-1,1625,1636,1637,-1,1625,1637,1626,-1,1626,1637,1638,-1,1626,1638,1639,-1,1571,1600,1602,-1,1602,1600,1618,-1,1602,1618,1640,-1,1640,1618,1620,-1,1640,1620,1641,-1,1641,1620,1622,-1,1641,1622,1642,-1,1642,1622,1624,-1,1642,1624,1643,-1,1643,1624,1626,-1,1643,1626,1644,-1,1644,1626,1639,-1,1644,1639,1645,-1,1601,1602,1603,-1,1603,1602,1640,-1,1603,1640,1604,-1,1604,1640,1641,-1,1604,1641,1592,-1,1592,1641,1642,-1,1592,1642,1605,-1,1605,1642,1643,-1,1605,1643,1606,-1,1606,1643,1644,-1,1606,1644,1591,-1,1591,1644,1645,-1,1591,1645,1589,-1,1560,1606,1559,-1,1559,1606,1591,-1,1559,1591,1558,-1,1558,1591,1590,-1,1558,1590,1557,-1,1646,1647,1627,-1,1613,1648,1615,-1,1615,1648,1649,-1,1615,1649,1627,-1,1627,1649,1650,-1,1627,1650,1646,-1,1651,1652,1611,-1,1611,1652,1653,-1,1611,1653,1613,-1,1613,1653,1654,-1,1613,1654,1648,-1,1655,1656,1609,-1,1609,1656,1657,-1,1609,1657,1611,-1,1611,1657,1658,-1,1611,1658,1651,-1,1655,1609,1659,-1,1659,1609,1607,-1,1659,1607,1660,-1,1661,1662,1594,-1,1594,1662,1663,-1,1594,1663,1607,-1,1607,1663,1664,-1,1607,1664,1660,-1,1661,1594,1665,-1,1665,1594,1585,-1,1665,1585,1587,-1,1666,1667,1668,-1,1669,1670,1671,-1,1588,1586,1672,-1,1672,1586,1673,-1,1672,1673,1674,-1,1674,1673,1675,-1,1676,1677,1678,-1,1678,1677,1679,-1,1678,1679,1673,-1,1673,1679,1680,-1,1673,1680,1675,-1,1671,1670,1678,-1,1678,1670,1681,-1,1678,1681,1676,-1,1668,1667,1682,-1,1667,1683,1682,-1,1682,1683,1684,-1,1682,1684,1671,-1,1671,1684,1685,-1,1671,1685,1669,-1,1686,1687,1688,-1,1688,1687,1689,-1,1689,1690,1688,-1,1688,1690,1691,-1,1688,1691,1668,-1,1668,1691,1692,-1,1668,1692,1666,-1,1501,1499,1693,-1,1493,1495,1694,-1,1486,1488,1695,-1,1477,1479,1696,-1,1481,1483,1697,-1,1697,1483,1485,-1,1698,1699,1700,-1,1503,1701,1473,-1,1473,1701,1566,-1,1566,1701,1568,-1,1568,1701,1702,-1,1568,1702,1570,-1,1570,1702,1703,-1,1570,1703,1572,-1,1572,1703,1574,-1,1574,1703,1704,-1,1574,1704,1576,-1,1576,1704,1578,-1,1578,1704,1705,-1,1578,1705,1580,-1,1580,1705,1706,-1,1580,1706,1582,-1,1582,1706,1584,-1,1584,1706,1673,-1,1584,1673,1586,-1,1707,1708,1688,-1,1688,1708,1686,-1,1700,1709,1698,-1,1698,1709,1710,-1,1698,1710,1711,-1,1711,1710,1712,-1,1711,1712,1707,-1,1707,1712,1713,-1,1707,1713,1708,-1,1485,1714,1697,-1,1697,1714,1715,-1,1697,1715,1716,-1,1716,1715,1717,-1,1716,1717,1699,-1,1699,1717,1718,-1,1699,1718,1700,-1,1479,1481,1696,-1,1696,1481,1697,-1,1696,1697,1719,-1,1719,1697,1716,-1,1719,1716,1720,-1,1720,1716,1699,-1,1720,1699,1721,-1,1721,1699,1698,-1,1721,1698,1722,-1,1722,1698,1711,-1,1722,1711,1723,-1,1723,1711,1707,-1,1723,1707,1668,-1,1668,1707,1688,-1,1488,1477,1695,-1,1695,1477,1696,-1,1695,1696,1724,-1,1724,1696,1719,-1,1724,1719,1725,-1,1725,1719,1720,-1,1725,1720,1726,-1,1726,1720,1721,-1,1726,1721,1727,-1,1727,1721,1722,-1,1727,1722,1728,-1,1728,1722,1723,-1,1728,1723,1682,-1,1682,1723,1668,-1,1495,1486,1694,-1,1694,1486,1695,-1,1694,1695,1729,-1,1729,1695,1724,-1,1729,1724,1730,-1,1730,1724,1725,-1,1730,1725,1731,-1,1731,1725,1726,-1,1731,1726,1732,-1,1732,1726,1727,-1,1732,1727,1733,-1,1733,1727,1728,-1,1733,1728,1671,-1,1671,1728,1682,-1,1499,1493,1693,-1,1693,1493,1694,-1,1693,1694,1734,-1,1734,1694,1729,-1,1734,1729,1735,-1,1735,1729,1730,-1,1735,1730,1736,-1,1736,1730,1731,-1,1736,1731,1737,-1,1737,1731,1732,-1,1737,1732,1738,-1,1738,1732,1733,-1,1738,1733,1678,-1,1678,1733,1671,-1,1503,1501,1701,-1,1701,1501,1693,-1,1701,1693,1702,-1,1702,1693,1734,-1,1702,1734,1703,-1,1703,1734,1735,-1,1703,1735,1704,-1,1704,1735,1736,-1,1704,1736,1705,-1,1705,1736,1737,-1,1705,1737,1706,-1,1706,1737,1738,-1,1706,1738,1673,-1,1673,1738,1678,-1,1739,1516,1514,-1,1739,1514,1740,-1,1740,1514,1515,-1,1740,1515,1741,-1,1741,1515,1512,-1,1741,1512,1742,-1,1485,1484,1743,-1,1743,1484,1506,-1,1743,1506,1744,-1,1506,1517,1744,-1,1744,1517,1518,-1,1744,1518,1739,-1,1739,1518,1507,-1,1739,1507,1516,-1,1745,1746,1538,-1,1512,1513,1742,-1,1742,1513,1509,-1,1742,1509,1747,-1,1747,1509,1510,-1,1747,1510,1748,-1,1530,1523,1749,-1,1749,1523,1750,-1,1751,1542,1752,-1,1752,1542,1541,-1,1752,1541,1746,-1,1746,1541,1545,-1,1746,1545,1538,-1,1538,1540,1745,-1,1745,1540,1533,-1,1745,1533,1749,-1,1749,1533,1527,-1,1749,1527,1530,-1,1753,1519,1751,-1,1751,1519,1546,-1,1751,1546,1542,-1,1523,1526,1750,-1,1750,1526,1521,-1,1750,1521,1754,-1,1754,1521,1520,-1,1754,1520,1557,-1,1510,1511,1748,-1,1748,1511,1508,-1,1748,1508,1563,-1,1563,1508,1519,-1,1563,1519,1561,-1,1561,1519,1753,-1,1562,1561,1755,-1,1755,1561,1753,-1,1751,1756,1753,-1,1753,1756,1757,-1,1753,1757,1755,-1,1758,1759,1752,-1,1752,1759,1760,-1,1752,1760,1751,-1,1751,1760,1761,-1,1751,1761,1756,-1,1758,1752,1762,-1,1762,1752,1746,-1,1762,1746,1763,-1,1763,1746,1764,-1,1764,1746,1745,-1,1764,1745,1765,-1,1765,1745,1766,-1,1766,1745,1749,-1,1766,1749,1767,-1,1767,1749,1750,-1,1767,1750,1768,-1,1766,1769,1765,-1,1765,1769,1770,-1,1765,1770,1764,-1,1764,1770,1763,-1,1763,1770,1771,-1,1763,1771,1772,-1,1772,1773,1763,-1,1763,1773,1774,-1,1763,1774,1762,-1,1756,1761,1775,-1,1775,1761,1776,-1,1760,1759,1774,-1,1774,1759,1758,-1,1774,1758,1762,-1,1760,1774,1761,-1,1761,1774,1777,-1,1761,1777,1776,-1,1756,1775,1757,-1,1757,1775,1778,-1,1757,1778,1779,-1,1755,1757,1562,-1,1562,1757,1779,-1,1562,1779,1564,-1,1564,1779,1780,-1,1777,1774,1742,-1,1740,1770,1739,-1,1739,1770,1769,-1,1742,1774,1741,-1,1774,1773,1741,-1,1741,1773,1772,-1,1741,1772,1740,-1,1740,1772,1771,-1,1740,1771,1770,-1,1747,1775,1742,-1,1742,1775,1776,-1,1742,1776,1777,-1,1748,1563,1564,-1,1564,1780,1748,-1,1748,1780,1779,-1,1748,1779,1747,-1,1747,1779,1778,-1,1747,1778,1775,-1,1769,1781,1739,-1,1739,1781,1782,-1,1739,1782,1744,-1,1783,1784,1677,-1,1785,1588,1786,-1,1786,1588,1672,-1,1786,1672,1787,-1,1672,1674,1787,-1,1787,1674,1675,-1,1787,1675,1788,-1,1788,1675,1789,-1,1677,1784,1679,-1,1789,1675,1784,-1,1784,1675,1680,-1,1784,1680,1679,-1,1681,1670,1790,-1,1790,1670,1669,-1,1790,1669,1791,-1,1783,1677,1790,-1,1790,1677,1676,-1,1790,1676,1681,-1,1791,1669,1792,-1,1792,1669,1685,-1,1792,1685,1684,-1,1667,1666,1793,-1,1684,1683,1792,-1,1792,1683,1667,-1,1792,1667,1794,-1,1794,1667,1793,-1,1687,1795,1689,-1,1689,1795,1690,-1,1666,1692,1793,-1,1793,1692,1691,-1,1793,1691,1796,-1,1796,1691,1690,-1,1796,1690,1797,-1,1797,1690,1795,-1,1785,1798,1588,-1,1588,1798,1587,-1,1799,1800,1646,-1,1646,1800,1801,-1,1646,1801,1647,-1,1799,1646,1802,-1,1802,1646,1650,-1,1802,1650,1803,-1,1650,1649,1803,-1,1803,1649,1648,-1,1803,1648,1804,-1,1804,1648,1654,-1,1654,1653,1804,-1,1804,1653,1652,-1,1804,1652,1805,-1,1805,1652,1651,-1,1805,1651,1806,-1,1806,1651,1658,-1,1658,1657,1806,-1,1806,1657,1656,-1,1806,1656,1807,-1,1807,1656,1655,-1,1807,1655,1808,-1,1655,1659,1808,-1,1808,1659,1660,-1,1808,1660,1809,-1,1809,1660,1664,-1,1809,1664,1810,-1,1663,1811,1664,-1,1664,1811,1812,-1,1664,1812,1810,-1,1663,1662,1811,-1,1811,1662,1661,-1,1811,1661,1813,-1,1813,1661,1665,-1,1813,1665,1798,-1,1798,1665,1587,-1,1754,1557,1814,-1,1814,1557,1590,-1,1590,1589,1814,-1,1814,1589,1645,-1,1814,1645,1815,-1,1637,1816,1638,-1,1638,1816,1815,-1,1638,1815,1639,-1,1639,1815,1645,-1,1637,1636,1816,-1,1816,1636,1635,-1,1816,1635,1817,-1,1627,1818,1628,-1,1628,1818,1817,-1,1628,1817,1629,-1,1629,1817,1635,-1,1485,1743,1714,-1,1714,1743,1819,-1,1700,1718,1820,-1,1820,1718,1717,-1,1820,1717,1819,-1,1819,1717,1715,-1,1819,1715,1714,-1,1700,1820,1709,-1,1709,1820,1821,-1,1709,1821,1710,-1,1710,1821,1712,-1,1712,1821,1822,-1,1712,1822,1713,-1,1713,1822,1708,-1,1708,1822,1823,-1,1708,1823,1686,-1,1768,1824,1825,-1,1825,1782,1768,-1,1768,1782,1781,-1,1768,1781,1767,-1,1767,1781,1769,-1,1767,1769,1766,-1,1826,1827,1828,-1,1811,1813,1828,-1,1802,1829,1799,-1,1799,1829,1800,-1,1785,1786,1826,-1,1826,1786,1787,-1,1826,1787,1788,-1,1802,1803,1829,-1,1829,1803,1804,-1,1829,1804,1828,-1,1828,1804,1805,-1,1828,1805,1806,-1,1828,1813,1826,-1,1826,1813,1798,-1,1826,1798,1785,-1,1806,1807,1828,-1,1828,1807,1808,-1,1828,1808,1809,-1,1809,1810,1828,-1,1828,1810,1812,-1,1828,1812,1811,-1,1783,1830,1784,-1,1784,1830,1826,-1,1784,1826,1789,-1,1789,1826,1788,-1,1783,1790,1830,-1,1830,1790,1791,-1,1830,1791,1792,-1,1792,1794,1830,-1,1830,1794,1793,-1,1830,1793,1831,-1,1831,1793,1796,-1,1831,1796,1797,-1,1832,1833,1834,-1,1834,1833,1835,-1,1768,1750,1824,-1,1824,1750,1754,-1,1824,1754,1836,-1,1754,1814,1836,-1,1836,1814,1815,-1,1836,1815,1837,-1,1837,1815,1816,-1,1837,1816,1838,-1,1838,1816,1817,-1,1838,1817,1839,-1,1839,1817,1818,-1,1839,1818,1840,-1,1840,1818,1829,-1,1840,1829,1841,-1,1841,1829,1828,-1,1744,1782,1743,-1,1743,1782,1825,-1,1743,1825,1819,-1,1819,1825,1842,-1,1819,1842,1820,-1,1820,1842,1843,-1,1844,1830,1845,-1,1845,1830,1831,-1,1845,1831,1846,-1,1846,1831,1823,-1,1846,1823,1847,-1,1847,1823,1822,-1,1847,1822,1843,-1,1843,1822,1821,-1,1843,1821,1820,-1,1840,1845,1839,-1,1839,1845,1846,-1,1827,1848,1828,-1,1828,1848,1841,-1,1830,1844,1826,-1,1826,1844,1849,-1,1850,1851,1852,-1,1853,1854,1855,-1,1855,1856,1853,-1,1853,1856,1857,-1,1853,1857,1858,-1,1858,1857,1852,-1,1858,1852,1859,-1,1859,1852,1851,-1,1850,1852,1860,-1,1860,1852,1861,-1,1860,1861,1862,-1,1863,1864,1865,-1,1865,1864,1866,-1,1865,1866,1867,-1,1867,1866,1860,-1,1867,1860,1868,-1,1868,1860,1862,-1,1835,1869,1834,-1,1834,1869,1870,-1,1833,1832,1871,-1,1871,1832,1872,-1,1871,1872,1873,-1,1873,1872,1874,-1,1873,1874,1875,-1,1875,1874,1876,-1,1841,1848,1849,-1,1841,1849,1840,-1,1840,1849,1844,-1,1840,1844,1845,-1,1877,1858,1878,-1,1878,1858,1859,-1,1878,1859,1879,-1,1879,1859,1851,-1,1879,1851,1880,-1,1880,1851,1850,-1,1880,1850,1881,-1,1881,1850,1860,-1,1881,1860,1882,-1,1882,1860,1866,-1,1882,1866,1883,-1,1883,1866,1864,-1,1883,1864,1884,-1,1884,1864,1863,-1,1884,1863,1885,-1,1848,1827,1886,-1,1886,1827,1887,-1,1886,1887,1888,-1,1888,1887,1889,-1,1888,1889,1877,-1,1877,1889,1853,-1,1877,1853,1858,-1,1826,1849,1890,-1,1890,1849,1891,-1,1890,1891,1854,-1,1854,1891,1892,-1,1854,1892,1855,-1,1892,1893,1855,-1,1855,1893,1894,-1,1855,1894,1856,-1,1856,1894,1895,-1,1856,1895,1857,-1,1857,1895,1896,-1,1857,1896,1852,-1,1852,1896,1897,-1,1852,1897,1861,-1,1861,1897,1898,-1,1861,1898,1862,-1,1862,1898,1899,-1,1862,1899,1868,-1,1868,1899,1900,-1,1868,1900,1867,-1,1867,1900,1901,-1,1867,1901,1865,-1,1902,1903,1904,-1,1904,1903,1905,-1,1904,1905,1865,-1,1865,1905,1863,-1,1870,1869,1906,-1,1906,1869,1907,-1,1908,1909,1910,-1,1910,1909,1911,-1,1863,1905,1885,-1,1885,1905,1912,-1,1904,1865,1913,-1,1913,1865,1901,-1,1849,1848,1891,-1,1891,1848,1886,-1,1891,1886,1892,-1,1892,1886,1888,-1,1892,1888,1877,-1,1914,1915,1902,-1,1902,1915,1903,-1,1916,1917,1918,-1,1916,1918,1919,-1,1919,1918,1920,-1,1919,1920,1921,-1,1922,1923,1924,-1,1922,1924,1925,-1,1925,1924,1926,-1,1925,1926,1927,-1,1927,1926,1928,-1,1927,1928,1929,-1,1901,1885,1913,-1,1913,1885,1912,-1,1913,1912,1930,-1,1930,1912,1931,-1,1914,1932,1915,-1,1915,1932,1933,-1,1934,1915,1935,-1,1935,1915,1933,-1,1935,1933,1922,-1,1922,1933,1923,-1,1917,1916,1936,-1,1936,1916,1937,-1,1869,1835,1907,-1,1907,1835,1833,-1,1907,1833,1938,-1,1938,1833,1871,-1,1938,1871,1939,-1,1939,1871,1873,-1,1939,1873,1921,-1,1921,1873,1875,-1,1921,1875,1919,-1,1919,1875,1940,-1,1919,1940,1916,-1,1916,1940,1911,-1,1916,1911,1937,-1,1937,1911,1909,-1,1937,1909,1941,-1,1941,1909,1942,-1,1941,1942,1943,-1,1943,1942,1928,-1,1943,1928,1944,-1,1944,1928,1926,-1,1944,1926,1945,-1,1945,1926,1924,-1,1945,1924,1946,-1,1946,1924,1923,-1,1946,1923,1947,-1,1947,1923,1933,-1,1933,1932,1947,-1,1947,1932,1948,-1,1904,1913,1902,-1,1902,1913,1930,-1,1902,1930,1914,-1,1914,1930,1949,-1,1914,1949,1932,-1,1932,1949,1948,-1,1931,1950,1930,-1,1930,1950,1949,-1,1934,1951,1915,-1,1915,1951,1950,-1,1915,1950,1903,-1,1903,1950,1931,-1,1903,1931,1905,-1,1905,1931,1912,-1,1934,1935,1951,-1,1951,1935,1952,-1,1952,1935,1953,-1,1953,1935,1922,-1,1953,1922,1954,-1,1954,1922,1925,-1,1954,1925,1955,-1,1955,1925,1927,-1,1955,1927,1956,-1,1956,1927,1929,-1,1956,1929,1957,-1,1957,1929,1958,-1,1957,1958,1936,-1,1936,1958,1908,-1,1936,1908,1917,-1,1917,1908,1910,-1,1917,1910,1918,-1,1918,1910,1959,-1,1918,1959,1920,-1,1920,1959,1876,-1,1920,1876,1960,-1,1960,1876,1874,-1,1960,1874,1961,-1,1961,1874,1872,-1,1961,1872,1906,-1,1906,1872,1832,-1,1906,1832,1870,-1,1870,1832,1834,-1,1936,1937,1957,-1,1957,1937,1941,-1,1957,1941,1956,-1,1956,1941,1943,-1,1950,1951,1949,-1,1949,1951,1952,-1,1948,1949,1947,-1,1947,1949,1952,-1,1947,1952,1946,-1,1946,1952,1953,-1,1801,1800,1829,-1,1818,1627,1829,-1,1829,1627,1647,-1,1829,1647,1801,-1,1686,1823,1687,-1,1687,1823,1831,-1,1687,1831,1795,-1,1795,1831,1797,-1,1839,1846,1838,-1,1838,1846,1847,-1,1838,1847,1837,-1,1837,1847,1843,-1,1837,1843,1836,-1,1836,1843,1842,-1,1836,1842,1824,-1,1824,1842,1825,-1,1853,1889,1854,-1,1854,1889,1887,-1,1854,1887,1890,-1,1890,1887,1827,-1,1890,1827,1826,-1,1875,1876,1940,-1,1940,1876,1959,-1,1940,1959,1911,-1,1911,1959,1910,-1,1884,1885,1901,-1,1899,1881,1900,-1,1900,1881,1882,-1,1900,1882,1901,-1,1901,1882,1883,-1,1901,1883,1884,-1,1899,1898,1881,-1,1881,1898,1897,-1,1881,1897,1880,-1,1895,1877,1896,-1,1896,1877,1878,-1,1896,1878,1897,-1,1897,1878,1879,-1,1897,1879,1880,-1,1895,1894,1877,-1,1877,1894,1893,-1,1877,1893,1892,-1,1921,1920,1960,-1,1921,1960,1939,-1,1939,1960,1961,-1,1939,1961,1938,-1,1938,1961,1906,-1,1938,1906,1907,-1,1929,1928,1942,-1,1929,1942,1958,-1,1958,1942,1909,-1,1958,1909,1908,-1,1956,1943,1955,-1,1955,1943,1944,-1,1955,1944,1954,-1,1954,1944,1945,-1,1954,1945,1953,-1,1953,1945,1946,-1,
        ]
    }
}
Shape{
    appearance Appearance {
        material  Material 	{
            diffuseColor 0.2235294117647059 0.2235294117647059 0.2235294117647059
            specularColor 0.19607843137254902 0.19607843137254902 0.19607843137254902
            ambientIntensity 0.2235
            transparency 0.0
            shininess 0.5
        }
    }
    geometry IndexedFaceSet {
        ccw TRUE
        solid FALSE
        coord DEF co Coordinate {
            point [
                1.998 0.4921 0.0844, 1.998 0.7677 0.0844, 1.998 0.4921 0.3009, 1.998 0.7677 0.3009, -1.9981 0.7677 0.3009, -1.9981 0.7677 0.0844, -1.9981 0.4921 0.3009, -1.9981 0.4921 0.0844, 2.0767 0.2896 0.0844, 2.1358 0.1378 0.1435, 2.0767 -0.9055 0.0844, 2.1358 -0.9055 0.1435, 2.1358 0.1378 0.3009, 2.1358 0.7677 0.3009, 2.0767 0.7677 0.0844, 2.1358 0.7677 0.1435, 2.0767 1.4567 0.0844, 2.1358 1.4567 0.1435, -2.0768 -0.9055 0.0844, -2.1359 -0.9055 0.1435, -2.0768 0.2896 0.0844, -2.1359 0.1378 0.1435, -2.1359 0.1378 0.3009, -2.1359 0.7677 0.3009, -2.1359 0.7677 0.1435, -2.0768 0.7677 0.0844, -2.0768 1.4567 0.0844, -2.1359 1.4567 0.1435, 1.8405 1.4567 0.0844, 1.8405 -0.9055 0.0844, -1.8406 1.4567 0.0844, -1.8406 -0.9055 0.0844, 2.1358 -0.4528 0.36, 2.1358 -0.689 0.36, 2.1358 -0.689 0.2025, 2.1358 1.4567 0.5883, 2.1358 -0.374 0.5883, 2.1358 -0.374 0.3994, 2.1358 -0.7481 0.2025, 2.1358 -0.9055 0.2025, 2.2145 -0.4528 0.36, 2.2145 -0.374 0.3994, -2.1359 -0.9055 0.2025, -2.1359 -0.7481 0.2025, -2.1359 -0.689 0.2025, -2.1359 -0.689 0.36, -2.1359 1.4567 0.5883, -2.1359 -0.374 0.5883, -2.1359 -0.374 0.3994, -2.1359 -0.4528 0.36, -2.2146 -0.374 0.3994, -2.2146 -0.4528 0.36, 1.8405 -0.9055 0.0175, 1.8405 -0.7481 0.0175, 1.8405 1.1023 0.0175, 1.8405 1.4567 0.0175, -1.8406 -0.7481 0.0175, -1.8406 -0.9055 0.0175, -1.8406 1.1023 0.0175, -1.8406 1.4567 0.0175, 2.2145 -0.689 0.36, 2.2145 -0.374 0.675, 2.2145 -0.689 0.675, 1.9389 -0.374 0.5883, 1.9389 1.4567 0.5883, 1.9389 -0.374 0.675, 2.0177 -0.689 0.675, 1.9389 -0.5709 0.675, -1.939 1.4567 0.5883, -1.939 -0.374 0.5883, -2.2146 -0.374 0.675, -1.939 -0.374 0.675, -1.939 -0.5709 0.675, -2.2146 -0.689 0.675, -1.9784 -0.689 0.675, -2.2146 -0.689 0.36, -0.4331 -0.9055 0.0175, -0.8662 -0.9055 0.0175, -0.8662 -0.7481 0.0175, -0.364 1.119 0.0175, -0.3729 1.1023 0.0175, -0.4331 1.1023 0.0175, -0.3749 1.0986 0.0175, -0.3816 1.0765 0.0175, -0.3839 1.0534 0.0175, 0.8146 1.0765 0.0175, 0.8079 1.0986 0.0175, 0.8661 1.1023 0.0175, -0.4331 -0.7481 0.0175, -0.3839 -0.5906 0.0175, 0.8661 -0.7481 0.0175, 0.8169 -0.5906 0.0175, 0.8169 1.0534 0.0175, 0.7155 1.2005 0.0175, 0.6951 1.2115 0.0175, 0.8661 1.4567 0.0175, -0.2399 1.2182 0.0175, -0.2621 1.2115 0.0175, -0.4331 1.4567 0.0175, 0.8059 1.1023 0.0175, 0.797 1.119 0.0175, 0.7823 1.1369 0.0175, 0.7334 1.1858 0.0175, -0.2825 1.2005 0.0175, -0.3004 1.1858 0.0175, -0.3493 1.1369 0.0175, 0.6729 1.2182 0.0175, 0.6499 1.2204 0.0175, -0.2169 1.2204 0.0175, 0.8661 -0.9055 0.0175, 1.2992 -0.9055 0.0175, 1.2992 -0.7481 0.0175, -1.2992 -0.7481 0.0175, -1.8012 -0.9055 0.0175, -1.8012 -0.7481 0.0175, -1.2992 -0.9055 0.0175, 1.3484 0.8661 0.0175, 1.3484 -0.5906 0.0175, 1.4359 0.9802 0.0175, 1.4075 0.9684 0.0175, 1.2992 1.1023 0.0175, 1.383 0.9496 0.0175, 1.7588 0.8924 0.0175, 1.7501 0.9174 0.0175, 1.736 0.9398 0.0175, 1.7173 0.9585 0.0175, 1.6949 0.9725 0.0175, 1.67 0.9813 0.0175, 1.6437 0.9842 0.0175, 1.4665 0.9842 0.0175, 1.3642 0.9252 0.0175, 1.3524 0.8967 0.0175, 1.7618 -0.5906 0.0175, 1.7618 0.8661 0.0175, 1.247 0.8924 0.0175, 1.2383 0.9174 0.0175, 1.0072 0.9813 0.0175, 0.9822 0.9725 0.0175, 0.9598 0.9585 0.0175, 0.9411 0.9398 0.0175, 0.927 0.9174 0.0175, 1.25 0.8661 0.0175, 1.2242 0.9398 0.0175, 1.2055 0.9585 0.0175, 1.1831 0.9725 0.0175, 0.9183 0.8924 0.0175, 0.9153 0.8661 0.0175, 0.9153 -0.5906 0.0175, 1.25 -0.5906 0.0175, 1.1581 0.9813 0.0175, 1.1319 0.9842 0.0175, 1.0334 0.9842 0.0175, -0.817 0.8661 0.0175, -0.817 -0.5906 0.0175, -0.4823 -0.5906 0.0175, -0.6004 0.9842 0.0175, -0.8662 1.1023 0.0175, -0.6988 0.9842 0.0175, -0.7251 0.9813 0.0175, -0.7501 0.9725 0.0175, -0.7725 0.9585 0.0175, -0.7912 0.9398 0.0175, -0.8053 0.9174 0.0175, -0.814 0.8924 0.0175, -0.4823 0.8661 0.0175, -0.4863 0.8967 0.0175, -0.4981 0.9252 0.0175, -0.5169 0.9496 0.0175, -0.5414 0.9684 0.0175, -0.5699 0.9802 0.0175, -1.1625 0.9802 0.0175, -1.191 0.9684 0.0175, -1.2992 1.1023 0.0175, -1.2154 0.9496 0.0175, -1.2342 0.9252 0.0175, -0.9154 0.8661 0.0175, -0.9194 0.8967 0.0175, -1.246 0.8967 0.0175, -1.25 0.8661 0.0175, -1.25 -0.5906 0.0175, -0.9154 -0.5906 0.0175, -0.9312 0.9252 0.0175, -0.95 0.9496 0.0175, -0.9744 0.9684 0.0175, -1.0029 0.9802 0.0175, -1.0335 0.9842 0.0175, -1.1319 0.9842 0.0175, -1.7618 0.8661 0.0175, -1.7618 -0.5906 0.0175, -1.3602 0.9174 0.0175, -1.3742 0.9398 0.0175, -1.3929 0.9585 0.0175, -1.4153 0.9725 0.0175, -1.8012 1.1023 0.0175, -1.6743 0.9802 0.0175, -1.7028 0.9684 0.0175, -1.3485 -0.5906 0.0175, -1.3485 0.8661 0.0175, -1.3514 0.8924 0.0175, -1.7272 0.9496 0.0175, -1.746 0.9252 0.0175, -1.7578 0.8967 0.0175, -1.4403 0.9813 0.0175, -1.4666 0.9842 0.0175, -1.6437 0.9842 0.0175, 1.2992 1.4567 0.0175, -1.8012 1.4567 0.0175, -1.2992 1.4567 0.0175, -0.8662 1.4567 0.0175, -1.2992 -0.9055 0.2025, -1.9488 -0.9055 0.2025, 1.2992 -0.9055 0.2025, 0.8661 -0.9055 0.2025, -0.4331 -0.9055 0.2025, -0.8662 -0.9055 0.2025, 2.0177 -0.689 0.2025, 1.9389 -0.5709 0.2025, 1.9389 1.1023 0.2025, 1.9389 1.4567 0.2025, -1.939 1.4567 0.2025, 1.2992 1.4567 0.2025, -1.2992 1.4567 0.2025, 0.8661 1.4567 0.2025, -0.4331 1.4567 0.2025, -0.8662 1.4567 0.2025, -1.939 -0.5709 0.2025, -1.939 1.1023 0.2025, -1.9488 -0.6004 0.2025, -1.9784 -0.689 0.2025, 1.4665 0.9842 0.2025, 1.6437 0.9842 0.2025, 1.67 0.9813 0.2025, 1.6949 0.9725 0.2025, 1.7173 0.9585 0.2025, 1.736 0.9398 0.2025, 1.7501 0.9174 0.2025, 1.7588 0.8924 0.2025, 1.7618 0.8661 0.2025, 1.7618 -0.5906 0.2025, 1.3484 -0.5906 0.2025, 1.3484 0.8661 0.2025, 1.3524 0.8967 0.2025, 1.3642 0.9252 0.2025, 1.383 0.9496 0.2025, 1.4075 0.9684 0.2025, 1.4359 0.9802 0.2025, 0.9153 -0.5906 0.2025, 1.25 -0.5906 0.2025, 0.9153 0.8661 0.2025, 0.9183 0.8924 0.2025, 0.927 0.9174 0.2025, 0.9411 0.9398 0.2025, 0.9598 0.9585 0.2025, 0.9822 0.9725 0.2025, 1.0072 0.9813 0.2025, 1.0334 0.9842 0.2025, 1.1319 0.9842 0.2025, 1.1581 0.9813 0.2025, 1.1831 0.9725 0.2025, 1.2055 0.9585 0.2025, 1.2242 0.9398 0.2025, 1.2383 0.9174 0.2025, 1.247 0.8924 0.2025, 1.25 0.8661 0.2025, -0.3839 -0.5906 0.2025, -0.3839 1.0534 0.2025, -0.3493 1.1369 0.2025, -0.364 1.119 0.2025, -0.3729 1.1023 0.2025, -0.3749 1.0986 0.2025, -0.3816 1.0765 0.2025, -0.3004 1.1858 0.2025, -0.2825 1.2005 0.2025, -0.2621 1.2115 0.2025, -0.2399 1.2182 0.2025, -0.2169 1.2204 0.2025, 0.6499 1.2204 0.2025, 0.7334 1.1858 0.2025, 0.7155 1.2005 0.2025, 0.6951 1.2115 0.2025, 0.6729 1.2182 0.2025, 0.7823 1.1369 0.2025, 0.797 1.119 0.2025, 0.8059 1.1023 0.2025, 0.8079 1.0986 0.2025, 0.8146 1.0765 0.2025, 0.8169 1.0534 0.2025, 0.8169 -0.5906 0.2025, -0.817 -0.5906 0.2025, -0.4823 -0.5906 0.2025, -0.817 0.8661 0.2025, -0.814 0.8924 0.2025, -0.8053 0.9174 0.2025, -0.7912 0.9398 0.2025, -0.7725 0.9585 0.2025, -0.7501 0.9725 0.2025, -0.7251 0.9813 0.2025, -0.6988 0.9842 0.2025, -0.6004 0.9842 0.2025, -0.5699 0.9802 0.2025, -0.5414 0.9684 0.2025, -0.5169 0.9496 0.2025, -0.4981 0.9252 0.2025, -0.4863 0.8967 0.2025, -0.4823 0.8661 0.2025, -1.25 -0.5906 0.2025, -0.9154 -0.5906 0.2025, -1.25 0.8661 0.2025, -1.246 0.8967 0.2025, -1.2342 0.9252 0.2025, -1.2154 0.9496 0.2025, -1.191 0.9684 0.2025, -1.1625 0.9802 0.2025, -1.1319 0.9842 0.2025, -1.0335 0.9842 0.2025, -1.0029 0.9802 0.2025, -0.9744 0.9684 0.2025, -0.95 0.9496 0.2025, -0.9312 0.9252 0.2025, -0.9194 0.8967 0.2025, -0.9154 0.8661 0.2025, -1.7618 -0.5906 0.2025, -1.3485 -0.5906 0.2025, -1.7618 0.8661 0.2025, -1.7578 0.8967 0.2025, -1.746 0.9252 0.2025, -1.7272 0.9496 0.2025, -1.7028 0.9684 0.2025, -1.6743 0.9802 0.2025, -1.6437 0.9842 0.2025, -1.4666 0.9842 0.2025, -1.4403 0.9813 0.2025, -1.4153 0.9725 0.2025, -1.3929 0.9585 0.2025, -1.3742 0.9398 0.2025, -1.3602 0.9174 0.2025, -1.3514 0.8924 0.2025, -1.3485 0.8661 0.2025, 1.2992 -0.7481 0.2025, -1.2992 -0.7481 0.2025, -1.9488 -0.7481 0.2025, -1.2992 1.1023 0.2025, 1.2992 1.1023 0.2025, 0.8661 1.1023 0.2025, -0.4331 1.1023 0.2025, -0.8662 1.1023 0.2025, -0.4331 -0.7481 0.2025, 0.8661 -0.7481 0.2025, -0.8662 -0.7481 0.2025
            ]
        }
        coordIndex [
            0,1,2,-1,2,1,3,-1,4,5,6,-1,6,5,7,-1,8,9,10,-1,10,9,11,-1,0,2,8,-1,8,2,12,-1,8,12,9,-1,3,13,2,-1,2,13,12,-1,1,14,3,-1,3,14,15,-1,3,15,13,-1,16,17,14,-1,14,17,15,-1,18,19,20,-1,20,19,21,-1,21,22,20,-1,20,22,6,-1,20,6,7,-1,22,23,6,-1,6,23,4,-1,23,24,4,-1,4,24,25,-1,4,25,5,-1,25,24,26,-1,26,24,27,-1,0,8,10,-1,28,16,14,-1,14,1,28,-1,28,1,0,-1,28,0,29,-1,29,0,10,-1,25,26,5,-1,5,26,30,-1,5,30,7,-1,7,30,31,-1,7,31,20,-1,20,31,18,-1,32,33,34,-1,15,17,13,-1,13,17,35,-1,13,35,12,-1,12,35,36,-1,12,36,9,-1,9,36,37,-1,37,32,9,-1,9,32,34,-1,9,34,11,-1,11,34,38,-1,11,38,39,-1,40,32,41,-1,41,32,37,-1,42,43,19,-1,19,43,44,-1,19,44,21,-1,21,44,45,-1,27,24,46,-1,46,24,23,-1,46,23,47,-1,47,23,22,-1,47,22,48,-1,48,22,21,-1,48,21,49,-1,49,21,45,-1,50,48,51,-1,51,48,49,-1,52,53,29,-1,29,53,54,-1,29,54,28,-1,28,54,55,-1,56,57,31,-1,56,31,58,-1,58,31,30,-1,58,30,59,-1,60,33,40,-1,40,33,32,-1,41,61,40,-1,40,61,62,-1,40,62,60,-1,63,36,64,-1,64,36,35,-1,63,65,36,-1,36,65,61,-1,36,61,37,-1,37,61,41,-1,66,62,67,-1,67,62,61,-1,67,61,65,-1,68,46,69,-1,69,46,47,-1,48,50,47,-1,47,50,70,-1,47,70,69,-1,69,70,71,-1,71,70,72,-1,72,70,73,-1,72,73,74,-1,75,73,51,-1,51,73,70,-1,51,70,50,-1,51,49,75,-1,75,49,45,-1,76,77,78,-1,79,80,81,-1,80,82,81,-1,81,82,83,-1,81,83,84,-1,85,86,87,-1,88,89,90,-1,90,89,91,-1,90,91,87,-1,87,91,92,-1,87,92,85,-1,93,94,95,-1,96,97,98,-1,99,100,95,-1,100,101,95,-1,95,101,102,-1,95,102,93,-1,97,103,98,-1,98,103,104,-1,98,104,105,-1,94,106,95,-1,95,106,107,-1,95,107,98,-1,98,107,108,-1,98,108,96,-1,76,88,109,-1,109,88,90,-1,109,90,110,-1,110,90,111,-1,110,111,52,-1,52,111,53,-1,78,77,112,-1,57,56,113,-1,113,56,114,-1,113,114,115,-1,116,117,111,-1,118,119,120,-1,120,119,121,-1,122,123,54,-1,123,124,54,-1,54,124,125,-1,54,125,126,-1,126,127,54,-1,54,127,128,-1,54,128,120,-1,120,128,129,-1,120,129,118,-1,121,130,120,-1,120,130,131,-1,120,131,116,-1,111,117,53,-1,53,117,132,-1,53,132,54,-1,54,132,133,-1,54,133,122,-1,134,135,120,-1,136,137,87,-1,137,138,87,-1,87,138,139,-1,87,139,140,-1,116,111,120,-1,120,111,141,-1,120,141,134,-1,135,142,120,-1,120,142,143,-1,120,143,144,-1,140,145,87,-1,87,145,146,-1,87,146,90,-1,90,146,147,-1,90,147,111,-1,111,147,148,-1,111,148,141,-1,144,149,120,-1,120,149,150,-1,120,150,87,-1,87,150,151,-1,87,151,136,-1,152,153,78,-1,76,78,88,-1,88,78,153,-1,88,153,154,-1,81,155,156,-1,156,155,157,-1,156,157,158,-1,158,159,156,-1,156,159,160,-1,156,160,161,-1,161,162,156,-1,156,162,163,-1,156,163,152,-1,84,89,81,-1,81,89,88,-1,81,88,164,-1,164,88,154,-1,164,165,81,-1,81,165,166,-1,81,166,167,-1,167,168,81,-1,81,168,169,-1,81,169,155,-1,170,171,172,-1,172,171,173,-1,172,173,174,-1,152,78,156,-1,156,78,175,-1,156,175,176,-1,174,177,172,-1,172,177,178,-1,172,178,112,-1,112,178,179,-1,112,179,78,-1,78,179,180,-1,78,180,175,-1,176,181,156,-1,156,181,182,-1,156,182,183,-1,183,184,156,-1,156,184,185,-1,156,185,172,-1,172,185,186,-1,172,186,170,-1,187,188,114,-1,114,188,112,-1,114,112,115,-1,115,112,77,-1,189,190,172,-1,172,190,191,-1,172,191,192,-1,193,194,195,-1,188,196,112,-1,112,196,197,-1,112,197,172,-1,172,197,198,-1,172,198,189,-1,195,199,193,-1,193,199,200,-1,193,200,201,-1,192,202,172,-1,172,202,203,-1,172,203,193,-1,193,203,204,-1,193,204,194,-1,56,58,114,-1,114,58,193,-1,114,193,187,-1,187,193,201,-1,86,99,87,-1,87,99,95,-1,87,95,120,-1,120,95,205,-1,120,205,54,-1,54,205,55,-1,58,59,193,-1,193,59,206,-1,193,206,172,-1,172,206,207,-1,172,207,156,-1,156,207,208,-1,156,208,81,-1,81,208,98,-1,81,98,79,-1,79,98,105,-1,31,209,210,-1,42,19,210,-1,210,19,18,-1,210,18,31,-1,10,11,29,-1,29,11,39,-1,29,39,211,-1,52,29,110,-1,110,29,211,-1,110,211,109,-1,109,211,212,-1,109,212,76,-1,76,212,213,-1,76,213,77,-1,77,213,214,-1,77,214,115,-1,115,214,209,-1,115,209,113,-1,113,209,31,-1,113,31,57,-1,60,62,33,-1,33,62,66,-1,33,66,34,-1,34,66,215,-1,67,216,66,-1,66,216,215,-1,67,65,216,-1,216,65,63,-1,216,63,217,-1,217,63,64,-1,217,64,218,-1,46,68,27,-1,27,68,219,-1,220,218,28,-1,28,218,16,-1,16,218,17,-1,17,218,64,-1,17,64,35,-1,221,30,219,-1,219,30,26,-1,219,26,27,-1,28,55,220,-1,220,55,205,-1,220,205,222,-1,222,205,95,-1,222,95,223,-1,223,95,98,-1,223,98,224,-1,224,98,208,-1,224,208,221,-1,221,208,207,-1,221,207,30,-1,30,207,206,-1,30,206,59,-1,71,72,69,-1,69,72,225,-1,69,225,68,-1,68,225,226,-1,68,226,219,-1,225,72,227,-1,227,72,74,-1,227,74,228,-1,44,228,45,-1,45,228,74,-1,45,74,75,-1,75,74,73,-1,129,128,229,-1,229,128,230,-1,230,128,231,-1,231,128,127,-1,231,127,232,-1,232,127,126,-1,232,126,233,-1,233,126,125,-1,233,125,234,-1,234,125,124,-1,234,124,235,-1,235,124,123,-1,235,123,236,-1,236,123,122,-1,236,122,237,-1,237,122,133,-1,132,238,133,-1,133,238,237,-1,117,239,132,-1,132,239,238,-1,117,116,239,-1,239,116,240,-1,240,116,241,-1,241,116,131,-1,241,131,242,-1,242,131,130,-1,242,130,243,-1,243,130,121,-1,243,121,244,-1,244,121,119,-1,244,119,245,-1,245,119,118,-1,245,118,229,-1,229,118,129,-1,147,246,148,-1,148,246,247,-1,147,146,246,-1,246,146,248,-1,248,146,249,-1,249,146,145,-1,249,145,250,-1,250,145,140,-1,250,140,251,-1,251,140,139,-1,251,139,252,-1,252,139,138,-1,252,138,253,-1,253,138,137,-1,253,137,254,-1,254,137,136,-1,254,136,255,-1,255,136,151,-1,151,150,255,-1,255,150,256,-1,256,150,257,-1,257,150,149,-1,257,149,258,-1,258,149,144,-1,258,144,259,-1,259,144,143,-1,259,143,260,-1,260,143,142,-1,260,142,261,-1,261,142,135,-1,261,135,262,-1,262,135,134,-1,262,134,263,-1,263,134,141,-1,148,247,141,-1,141,247,263,-1,89,84,264,-1,264,84,265,-1,105,266,79,-1,79,266,267,-1,79,267,80,-1,80,267,268,-1,80,268,82,-1,82,268,269,-1,82,269,83,-1,83,269,270,-1,83,270,84,-1,84,270,265,-1,104,271,105,-1,105,271,266,-1,271,104,272,-1,272,104,103,-1,272,103,273,-1,273,103,97,-1,273,97,274,-1,274,97,96,-1,274,96,275,-1,275,96,108,-1,108,107,275,-1,275,107,276,-1,102,277,93,-1,93,277,278,-1,93,278,94,-1,94,278,279,-1,94,279,106,-1,106,279,280,-1,106,280,107,-1,107,280,276,-1,102,101,277,-1,277,101,281,-1,281,101,282,-1,282,101,100,-1,282,100,283,-1,283,100,99,-1,283,99,284,-1,284,99,86,-1,284,86,285,-1,285,86,85,-1,285,85,286,-1,286,85,92,-1,91,287,92,-1,92,287,286,-1,89,264,91,-1,91,264,287,-1,153,288,154,-1,154,288,289,-1,153,152,288,-1,288,152,290,-1,290,152,291,-1,291,152,163,-1,291,163,292,-1,292,163,162,-1,292,162,293,-1,293,162,161,-1,293,161,294,-1,294,161,160,-1,294,160,295,-1,295,160,159,-1,295,159,296,-1,296,159,158,-1,296,158,297,-1,297,158,157,-1,157,155,297,-1,297,155,298,-1,298,155,299,-1,299,155,169,-1,299,169,300,-1,300,169,168,-1,300,168,301,-1,301,168,167,-1,301,167,302,-1,302,167,166,-1,302,166,303,-1,303,166,165,-1,303,165,304,-1,304,165,164,-1,154,289,164,-1,164,289,304,-1,179,305,180,-1,180,305,306,-1,179,178,305,-1,305,178,307,-1,307,178,308,-1,308,178,177,-1,308,177,309,-1,309,177,174,-1,309,174,310,-1,310,174,173,-1,310,173,311,-1,311,173,171,-1,311,171,312,-1,312,171,170,-1,312,170,313,-1,313,170,186,-1,186,185,313,-1,313,185,314,-1,314,185,315,-1,315,185,184,-1,315,184,316,-1,316,184,183,-1,316,183,317,-1,317,183,182,-1,317,182,318,-1,318,182,181,-1,318,181,319,-1,319,181,176,-1,319,176,320,-1,320,176,175,-1,180,306,175,-1,175,306,320,-1,188,321,196,-1,196,321,322,-1,188,187,321,-1,321,187,323,-1,323,187,324,-1,324,187,201,-1,324,201,325,-1,325,201,200,-1,325,200,326,-1,326,200,199,-1,326,199,327,-1,327,199,195,-1,327,195,328,-1,328,195,194,-1,328,194,329,-1,329,194,204,-1,204,203,329,-1,329,203,330,-1,330,203,331,-1,331,203,202,-1,331,202,332,-1,332,202,192,-1,332,192,333,-1,333,192,191,-1,333,191,334,-1,334,191,190,-1,334,190,335,-1,335,190,189,-1,335,189,336,-1,336,189,198,-1,336,198,337,-1,337,198,197,-1,196,322,197,-1,197,322,337,-1,39,38,338,-1,337,322,339,-1,339,322,340,-1,340,322,321,-1,340,321,225,-1,226,324,325,-1,333,334,341,-1,225,321,226,-1,226,321,323,-1,226,323,324,-1,333,341,332,-1,334,335,341,-1,341,335,336,-1,341,336,337,-1,325,326,226,-1,226,326,327,-1,226,327,328,-1,329,330,341,-1,341,330,331,-1,341,331,332,-1,328,329,226,-1,226,329,341,-1,226,341,219,-1,38,34,215,-1,338,38,238,-1,238,38,215,-1,238,215,216,-1,244,342,243,-1,243,342,242,-1,238,239,338,-1,338,239,240,-1,338,240,342,-1,342,240,241,-1,342,241,242,-1,231,232,217,-1,217,232,233,-1,217,233,234,-1,234,235,217,-1,217,235,236,-1,217,236,216,-1,216,236,237,-1,216,237,238,-1,244,245,342,-1,342,245,229,-1,342,229,217,-1,217,229,230,-1,217,230,231,-1,44,43,228,-1,228,43,340,-1,228,340,227,-1,227,340,225,-1,282,283,343,-1,343,283,284,-1,284,285,343,-1,343,285,286,-1,343,286,287,-1,265,270,344,-1,344,270,269,-1,344,269,268,-1,280,279,222,-1,222,279,278,-1,223,267,266,-1,278,277,222,-1,222,277,281,-1,222,281,282,-1,266,271,223,-1,223,271,272,-1,223,272,273,-1,273,274,223,-1,223,274,275,-1,223,275,222,-1,222,275,276,-1,222,276,280,-1,282,343,222,-1,222,343,342,-1,222,342,220,-1,220,342,217,-1,220,217,218,-1,219,341,221,-1,221,341,345,-1,221,345,224,-1,224,345,344,-1,224,344,223,-1,223,344,268,-1,223,268,267,-1,249,250,343,-1,342,262,263,-1,265,344,264,-1,264,344,346,-1,264,346,287,-1,287,346,347,-1,287,347,343,-1,343,347,248,-1,343,248,249,-1,342,263,338,-1,338,263,247,-1,338,247,347,-1,347,247,246,-1,347,246,248,-1,250,251,343,-1,343,251,252,-1,343,252,253,-1,258,259,342,-1,258,342,257,-1,259,260,342,-1,342,260,261,-1,342,261,262,-1,253,254,343,-1,343,254,255,-1,343,255,342,-1,342,255,256,-1,342,256,257,-1,299,300,344,-1,344,300,301,-1,344,301,302,-1,348,290,345,-1,345,290,291,-1,345,291,292,-1,292,293,345,-1,345,293,294,-1,345,294,295,-1,302,303,344,-1,344,303,304,-1,344,304,346,-1,346,304,289,-1,346,289,348,-1,348,289,288,-1,348,288,290,-1,295,296,345,-1,345,296,297,-1,345,297,344,-1,344,297,298,-1,344,298,299,-1,315,316,345,-1,345,316,317,-1,345,317,318,-1,337,339,341,-1,341,339,307,-1,341,307,308,-1,318,319,345,-1,345,319,320,-1,345,320,348,-1,348,320,306,-1,348,306,339,-1,339,306,305,-1,339,305,307,-1,308,309,341,-1,341,309,310,-1,341,310,311,-1,311,312,341,-1,341,312,313,-1,341,313,345,-1,345,313,314,-1,345,314,315,-1,39,338,211,-1,211,338,347,-1,211,347,212,-1,212,347,346,-1,212,346,213,-1,213,346,348,-1,213,348,214,-1,214,348,339,-1,214,339,209,-1,209,339,340,-1,209,340,210,-1,210,340,43,-1,210,43,42,-1,
        ]
    }
}
Shape{
    appearance Appearance {
        material  Material 	{
            diffuseColor 0.9686274509803922 0.8784313725490196 0.6
            specularColor 0.6784313725490196 0.615686274509804 0.4196078431372549
            ambientIntensity 0.8737
            transparency 0.0
            shininess 0.5
        }
    }
    geometry IndexedFaceSet {
        ccw TRUE
        solid FALSE
        coord DEF co Coordinate {
            point [
                0.6299 0.5914 0.4187, 0.6693 0.5914 0.4187, 0.6299 0.5997 0.4147, 0.6693 0.5997 0.4147, 0.6693 0.5645 0.4284, 0.6299 0.5645 0.4284, 0.6693 0.5511 0.4332, 0.6299 0.5511 0.4332, 0.6693 0.5369 0.435, 0.6299 0.5369 0.435, 0.6693 0.5086 0.4386, 0.6299 0.5086 0.4386, 0.6693 0.4801 0.436, 0.6299 0.4801 0.436, 0.6693 0.4659 0.4347, 0.6299 0.4659 0.4347, 0.6693 0.4523 0.4303, 0.6299 0.4523 0.4303, 0.6693 0.4251 0.4216, 0.6299 0.4251 0.4216, 0.6693 0.4004 0.4072, 0.6299 0.4004 0.4072, 0.6693 0.388 0.4, 0.6299 0.388 0.4, 0.6693 0.3776 0.3903, 0.6299 0.3776 0.3903, 0.6693 0.3566 0.3709, 0.6299 0.3566 0.3709, 0.6102 0.5853 0.3998, 0.6104 0.5871 0.4017, 0.611 0.5916 0.3967, 0.6108 0.5883 0.403, 0.6116 0.5964 0.3944, 0.6108 0.5885 0.4031, 0.6122 0.598 0.3936, 0.6115 0.5904 0.4052, 0.6122 0.5914 0.4061, 0.6145 0.6038 0.3908, 0.6123 0.5915 0.4062, 0.6138 0.5935 0.4084, 0.6145 0.5941 0.409, 0.6148 0.6045 0.3904, 0.6146 0.5942 0.409, 0.6177 0.6085 0.3885, 0.617 0.5962 0.4111, 0.6176 0.5965 0.4114, 0.6189 0.6101 0.3877, 0.6177 0.5965 0.4114, 0.6213 0.6122 0.3867, 0.6211 0.5982 0.4131, 0.6213 0.5982 0.4132, 0.6223 0.6129 0.3863, 0.6214 0.5982 0.4132, 0.6238 0.6138 0.3859, 0.6255 0.6144 0.3856, 0.6253 0.5993 0.4143, 0.6255 0.5993 0.4143, 0.6268 0.6149 0.3854, 0.6255 0.5993 0.4143, 0.6295 0.6153 0.3852, 0.6299 0.6153 0.3852, 0.6693 0.6153 0.3852, 0.6883 0.5917 0.3967, 0.6884 0.5884 0.403, 0.6889 0.5853 0.3998, 0.6849 0.6036 0.3909, 0.6847 0.6038 0.3908, 0.6869 0.5915 0.4062, 0.673 0.5994 0.4144, 0.6736 0.5993 0.4143, 0.6719 0.615 0.3853, 0.6736 0.5993 0.4143, 0.6737 0.6144 0.3856, 0.6774 0.5984 0.4134, 0.6778 0.5982 0.4132, 0.6749 0.614 0.3858, 0.6778 0.5982 0.4132, 0.6778 0.6122 0.3867, 0.6816 0.5965 0.4114, 0.6816 0.6086 0.3884, 0.6815 0.5965 0.4114, 0.6812 0.6091 0.3882, 0.6814 0.5966 0.4115, 0.6781 0.6121 0.3867, 0.6865 0.5923 0.407, 0.6837 0.595 0.4099, 0.6846 0.5942 0.409, 0.6846 0.5941 0.409, 0.6883 0.589 0.4037, 0.6884 0.5885 0.4031, 0.6868 0.5979 0.3937, 0.6869 0.5914 0.4061, 0.688 0.5943 0.3954, 0.6736 0.5912 0.4182, 0.6723 0.5913 0.4185, 0.6778 0.5905 0.4169, 0.6768 0.5908 0.4174, 0.6815 0.5895 0.4148, 0.681 0.5897 0.4152, 0.6846 0.5881 0.412, 0.6839 0.5886 0.4129, 0.6869 0.5865 0.4087, 0.6867 0.5868 0.4092, 0.6884 0.5847 0.405, 0.6889 0.5828 0.401, 0.6884 0.5849 0.4053, 0.6102 0.5828 0.401, 0.6106 0.5841 0.4038, 0.6108 0.5847 0.4049, 0.6109 0.585 0.4056, 0.6119 0.5861 0.4078, 0.6123 0.5865 0.4087, 0.6128 0.5871 0.4099, 0.6142 0.5879 0.4115, 0.6146 0.5881 0.412, 0.616 0.5889 0.4135, 0.6167 0.5892 0.4141, 0.6177 0.5895 0.4147, 0.62 0.5903 0.4163, 0.6209 0.5904 0.4166, 0.6214 0.5905 0.4168, 0.6248 0.5911 0.4181, 0.6252 0.5912 0.4182, 0.6255 0.5912 0.4182, 0.6594 0.6728 0.3571, 0.6594 0.659 0.3288, 0.6397 0.6728 0.3571, 0.6397 0.659 0.3288, 0.6299 0.3419 0.3541, 0.6693 0.3419 0.3541, 0.6831 0.361 0.3671, 0.6839 0.3615 0.3667, 0.6839 0.3811 0.3862, 0.679 0.3587 0.3691, 0.681 0.3595 0.3684, 0.681 0.3794 0.3882, 0.6743 0.3572 0.3704, 0.6768 0.3577 0.3699, 0.6768 0.3778 0.39, 0.6723 0.3568 0.3708, 0.6723 0.377 0.3909, 0.6723 0.4 0.4079, 0.6723 0.4252 0.4214, 0.6723 0.452 0.4311, 0.6723 0.48 0.4368, 0.6723 0.5086 0.4384, 0.6723 0.537 0.4358, 0.6723 0.5648 0.4291, 0.6884 0.5603 0.4151, 0.6889 0.5586 0.4097, 0.6889 0.5465 0.4141, 0.6884 0.5346 0.4213, 0.6889 0.5337 0.4157, 0.6884 0.5083 0.4237, 0.6889 0.5082 0.4189, 0.6884 0.4819 0.4222, 0.6889 0.4826 0.4166, 0.6889 0.4698 0.4154, 0.6884 0.456 0.4169, 0.6889 0.4576 0.4115, 0.6884 0.4311 0.408, 0.6889 0.4331 0.4036, 0.6884 0.4078 0.3955, 0.6889 0.4108 0.3907, 0.6889 0.3997 0.3842, 0.6884 0.3866 0.3798, 0.6889 0.3903 0.3755, 0.6768 0.4007 0.4068, 0.6768 0.4257 0.4202, 0.6768 0.4524 0.4299, 0.6768 0.4802 0.4355, 0.6768 0.5085 0.4371, 0.6768 0.5368 0.4345, 0.6768 0.5644 0.4279, 0.681 0.4019 0.4048, 0.681 0.4266 0.4181, 0.681 0.453 0.4276, 0.681 0.4805 0.4332, 0.681 0.5085 0.4347, 0.681 0.5364 0.4322, 0.681 0.5637 0.4257, 0.6839 0.4033 0.4026, 0.6839 0.4277 0.4157, 0.6839 0.4537 0.4251, 0.6839 0.4808 0.4306, 0.6839 0.5085 0.4321, 0.6839 0.536 0.4296, 0.6839 0.5629 0.4232, 0.6862 0.364 0.3644, 0.6867 0.3838 0.383, 0.6867 0.4055 0.3991, 0.6867 0.4294 0.4119, 0.6867 0.4548 0.4211, 0.6867 0.4814 0.4265, 0.6867 0.5084 0.428, 0.6867 0.5353 0.4255, 0.6867 0.5616 0.4192, 0.6889 0.3714 0.358, 0.6884 0.3678 0.3611, 0.6882 0.3676 0.3614, 0.6867 0.3646 0.364, 0.6177 0.3599 0.368, 0.6208 0.3582 0.3695, 0.6208 0.3783 0.3894, 0.6145 0.3622 0.366, 0.6167 0.3604 0.3676, 0.6167 0.3802 0.3872, 0.6105 0.5598 0.4135, 0.6251 0.5647 0.4288, 0.6251 0.537 0.4355, 0.6251 0.5086 0.438, 0.6251 0.4801 0.4365, 0.6251 0.4521 0.4308, 0.6251 0.4253 0.4211, 0.6251 0.4002 0.4076, 0.6214 0.3581 0.3696, 0.6251 0.357 0.3706, 0.6251 0.3772 0.3907, 0.6255 0.357 0.3706, 0.6105 0.3877 0.3785, 0.6102 0.3903 0.3755, 0.6102 0.3714 0.358, 0.6102 0.3997 0.3842, 0.6105 0.4087 0.3941, 0.6102 0.4108 0.3907, 0.6105 0.4318 0.4065, 0.6102 0.4331 0.4036, 0.6105 0.4565 0.4153, 0.6102 0.4576 0.4115, 0.6102 0.4698 0.4154, 0.6105 0.4821 0.4206, 0.6102 0.4826 0.4166, 0.6105 0.5083 0.422, 0.6102 0.5082 0.4189, 0.6105 0.5344 0.4197, 0.6102 0.5337 0.4157, 0.6102 0.5465 0.4141, 0.6102 0.5586 0.4097, 0.6105 0.3691 0.36, 0.6108 0.3681 0.3609, 0.6117 0.3848 0.3819, 0.6117 0.5612 0.4178, 0.6117 0.5351 0.4241, 0.6117 0.5084 0.4265, 0.6117 0.4816 0.425, 0.6117 0.4552 0.4197, 0.6117 0.43 0.4105, 0.6117 0.4063 0.3979, 0.6117 0.3657 0.363, 0.6122 0.365 0.3636, 0.6141 0.382 0.3851, 0.6141 0.5625 0.4218, 0.6141 0.5358 0.4282, 0.6141 0.5084 0.4306, 0.6141 0.481 0.4291, 0.6141 0.4541 0.4236, 0.6141 0.4283 0.4143, 0.6141 0.4041 0.4014, 0.6141 0.3626 0.3657, 0.6167 0.5633 0.4245, 0.6167 0.5362 0.431, 0.6167 0.5085 0.4335, 0.6167 0.4807 0.432, 0.6167 0.4534 0.4264, 0.6167 0.4271 0.417, 0.6167 0.4026 0.4038, 0.6208 0.401 0.4062, 0.6208 0.426 0.4196, 0.6208 0.4526 0.4292, 0.6208 0.4803 0.4348, 0.6208 0.5085 0.4364, 0.6208 0.5367 0.4338, 0.6208 0.5642 0.4272, 0.7185 0.5828 0.401, 0.5807 0.6197 0.383, 0.5807 0.5828 0.401, 0.5822 0.6316 0.3772, 0.5865 0.6428 0.3718, 0.5936 0.6528 0.3669, 0.6029 0.6612 0.3628, 0.6141 0.6676 0.3597, 0.6266 0.6715 0.3578, 0.7185 0.6197 0.383, 0.717 0.6316 0.3772, 0.685 0.6676 0.3597, 0.6962 0.6612 0.3628, 0.7056 0.6528 0.3669, 0.7126 0.6428 0.3718, 0.6726 0.6715 0.3578, 0.5938 0.632 0.3245, 0.5841 0.6116 0.3213, 0.5866 0.6186 0.3224, 0.5876 0.6212 0.3228, 0.6142 0.6517 0.3276, 0.6056 0.646 0.3267, 0.6031 0.6432 0.3263, 0.5957 0.6352 0.325, 0.6286 0.6577 0.3286, 0.6266 0.657 0.3285, 0.6165 0.6533 0.3279, 0.5822 0.6057 0.3242, 0.5807 0.5939 0.3299, 0.6627 0.6589 0.3288, 0.6725 0.657 0.3285, 0.6748 0.6566 0.3284, 0.685 0.6518 0.3277, 0.6861 0.6513 0.3276, 0.6961 0.6433 0.3263, 0.6976 0.6421 0.3261, 0.7054 0.632 0.3245, 0.7073 0.6295 0.3241, 0.7121 0.6184 0.3224, 0.7151 0.6116 0.3213, 0.717 0.6057 0.3242, 0.7185 0.5939 0.3299, 0.6123 0.352 0.3486, 0.6255 0.3424 0.3538, 0.6255 0.3424 0.3538, 0.6213 0.3438 0.3531, 0.6214 0.3437 0.3531, 0.6251 0.3425 0.3538, 0.6176 0.3459 0.3519, 0.6177 0.3459 0.352, 0.6209 0.3439 0.353, 0.6138 0.3494 0.35, 0.6145 0.3487 0.3504, 0.6146 0.3487 0.3504, 0.6168 0.3464 0.3517, 0.6108 0.3557 0.3466, 0.6115 0.3532 0.3479, 0.6122 0.3521 0.3485, 0.6102 0.3596 0.3444, 0.6104 0.3573 0.3457, 0.6108 0.3559 0.3465, 0.6113 0.3532 0.3371, 0.6255 0.3295 0.3098, 0.6299 0.3287 0.3088, 0.6282 0.3288 0.309, 0.6261 0.3292 0.3095, 0.6213 0.3318 0.3125, 0.6237 0.3302 0.3106, 0.6176 0.3356 0.3168, 0.6207 0.3322 0.3129, 0.6147 0.3407 0.3227, 0.6171 0.3361 0.3173, 0.6124 0.3465 0.3294, 0.6127 0.3446 0.3271, 0.6693 0.3287 0.3088, 0.6881 0.3551 0.3469, 0.6865 0.3467 0.3296, 0.6884 0.3559 0.3465, 0.6882 0.3531 0.337, 0.6888 0.3573 0.3457, 0.6887 0.3551 0.3392, 0.6889 0.3596 0.3444, 0.6876 0.3532 0.3479, 0.6869 0.3521 0.3485, 0.6851 0.3413 0.3234, 0.6862 0.3508 0.3492, 0.6847 0.3405 0.3224, 0.6853 0.3494 0.35, 0.6847 0.3487 0.3504, 0.6825 0.3366 0.318, 0.6831 0.3472 0.3512, 0.6815 0.3356 0.3168, 0.6824 0.3464 0.3517, 0.6815 0.3459 0.3519, 0.6785 0.3322 0.3129, 0.679 0.3444 0.3528, 0.6778 0.3318 0.3125, 0.6783 0.3439 0.353, 0.6778 0.3438 0.3531, 0.6758 0.3304 0.3109, 0.6743 0.3426 0.3538, 0.6737 0.3295 0.3097, 0.674 0.3425 0.3538, 0.6737 0.3424 0.3538, 0.6736 0.3294 0.3097, 0.6714 0.3288 0.309, 0.7185 0.3714 0.358, 0.7185 0.3997 0.3842, 0.7185 0.4331 0.4036, 0.7185 0.4698 0.4154, 0.7185 0.5082 0.4189, 0.7185 0.5465 0.4141, 0.5807 0.3714 0.358, 0.5807 0.3997 0.3842, 0.5807 0.4331 0.4036, 0.5807 0.4698 0.4154, 0.5807 0.5082 0.4189, 0.5807 0.5465 0.4141, 0.5807 0.5569 0.3479, 0.7185 0.5569 0.3479, 0.7086 -1.1299 0.0591, 0.5905 -1.1299 0.0591, 0.7086 -1.2992 0.0591, 0.5905 -1.2992 0.0591, 0.5807 0.3085 0.2857, 0.7185 0.3085 0.2857, 0.7086 -1.2992 0.0, 0.5905 -1.2992 0.0, 0.5807 0.5277 0.3577, 0.7185 0.5277 0.3577, 0.5807 0.4969 0.3596, 0.7185 0.4969 0.3596, 0.5807 0.4667 0.3535, 0.7185 0.4667 0.3535, 0.5807 0.4391 0.3397, 0.7185 0.4391 0.3397, 0.5807 0.416 0.3193, 0.7185 0.416 0.3193, 0.5905 -1.1209 0.0601, 0.7086 -1.1209 0.0601, 0.5905 -1.1123 0.0632, 0.7086 -1.1123 0.0632, 0.5905 -1.1047 0.0682, 0.7086 -1.1047 0.0682, 0.5905 -1.0985 0.0747, 0.7086 -1.0985 0.0747, 0.5807 0.1942 0.221, 0.7185 0.1942 0.221, 0.5807 0.2265 0.2295, 0.7185 0.2265 0.2295, 0.5807 0.2569 0.2435, 0.7185 0.2569 0.2435, 0.5807 0.2845 0.2624, 0.7185 0.2845 0.2624, 0.5905 -1.1299 0.0, 0.7086 -1.1299 0.0, 0.7185 0.3531 0.2469, 0.5807 0.3531 0.2469, 0.7086 -1.0806 0.0984, 0.5905 -1.0806 0.0984, 0.7185 0.0895 0.2025, 0.5807 0.0895 0.2025, 0.7382 -0.1431 0.1615, 0.561 -0.1431 0.1615, 0.7382 -0.2687 0.1393, 0.561 -0.2687 0.1393, 0.5905 -1.0513 0.0392, 0.7086 -1.0513 0.0392, 0.7086 -1.067 0.0228, 0.5905 -1.067 0.0228, 0.7086 -1.086 0.0103, 0.5905 -1.086 0.0103, 0.7086 -1.1073 0.0026, 0.5905 -1.1073 0.0026, 0.7185 0.0998 0.1444, 0.7382 -0.1328 0.1033, 0.7185 0.2044 0.1628, 0.7185 0.2464 0.174, 0.7185 0.286 0.1921, 0.7185 0.3219 0.2166, 0.5807 0.3219 0.2166, 0.5807 0.286 0.1921, 0.5807 0.2464 0.174, 0.5807 0.2044 0.1628, 0.5807 0.0998 0.1444, 0.561 -0.1328 0.1033, 0.7086 -1.002 0.1375, 0.5905 -1.002 0.1375, 0.5905 -1.0246 0.1349, 0.7086 -1.0246 0.1349, 0.5905 -1.046 0.1272, 0.7086 -1.046 0.1272, 0.5905 -1.065 0.1148, 0.7086 -1.065 0.1148, 0.561 -0.2892 0.1375, 0.7382 -0.2892 0.1375, 0.5905 -1.0335 0.0628, 0.7086 -1.0335 0.0628, 0.561 -0.2584 0.0812, 0.7382 -0.2584 0.0812, 0.561 -0.7658 0.1375, 0.5905 -0.7658 0.1375, 0.7382 -0.7658 0.1375, 0.7086 -0.7658 0.1375, 0.5905 -0.7658 0.0785, 0.561 -0.7658 0.0785, 0.5905 -1.0272 0.0694, 0.5905 -1.0196 0.0744, 0.5905 -1.0111 0.0774, 0.5905 -1.002 0.0785, 0.7086 -1.0272 0.0694, 0.7086 -1.0196 0.0744, 0.7086 -1.0111 0.0774, 0.7086 -1.002 0.0785, 0.7086 -0.7658 0.0785, 0.7382 -0.7658 0.0785, 0.7382 -0.2892 0.0785, 0.561 -0.2892 0.0785, -1.1024 0.5914 0.4187, -1.063 0.5914 0.4187, -1.1024 0.5997 0.4147, -1.063 0.5997 0.4147, -1.063 0.5645 0.4284, -1.1024 0.5645 0.4284, -1.063 0.5511 0.4332, -1.1024 0.5511 0.4332, -1.063 0.5369 0.435, -1.1024 0.5369 0.435, -1.063 0.5086 0.4386, -1.1024 0.5086 0.4386, -1.063 0.4801 0.436, -1.1024 0.4801 0.436, -1.063 0.4659 0.4347, -1.1024 0.4659 0.4347, -1.063 0.4523 0.4303, -1.1024 0.4523 0.4303, -1.063 0.4251 0.4216, -1.1024 0.4251 0.4216, -1.063 0.4004 0.4072, -1.1024 0.4004 0.4072, -1.063 0.388 0.4, -1.1024 0.388 0.4, -1.063 0.3776 0.3903, -1.1024 0.3776 0.3903, -1.063 0.3566 0.3709, -1.1024 0.3566 0.3709, -1.1221 0.5853 0.3998, -1.1219 0.5871 0.4017, -1.1213 0.5916 0.3967, -1.1215 0.5883 0.403, -1.1207 0.5964 0.3944, -1.1214 0.5885 0.4031, -1.12 0.598 0.3936, -1.1208 0.5904 0.4052, -1.1201 0.5914 0.4061, -1.1178 0.6038 0.3908, -1.12 0.5915 0.4062, -1.1185 0.5935 0.4084, -1.1178 0.5941 0.409, -1.1175 0.6045 0.3904, -1.1177 0.5942 0.409, -1.1146 0.6085 0.3885, -1.1153 0.5962 0.4111, -1.1147 0.5965 0.4114, -1.1134 0.6101 0.3877, -1.1146 0.5965 0.4114, -1.1109 0.6122 0.3867, -1.1112 0.5982 0.4131, -1.111 0.5982 0.4132, -1.11 0.6129 0.3863, -1.1109 0.5982 0.4132, -1.1084 0.6138 0.3859, -1.1068 0.6144 0.3856, -1.107 0.5993 0.4143, -1.1068 0.5993 0.4143, -1.1055 0.6149 0.3854, -1.1068 0.5993 0.4143, -1.1027 0.6153 0.3852, -1.1024 0.6153 0.3852, -1.063 0.6153 0.3852, -1.044 0.5917 0.3967, -1.0439 0.5884 0.403, -1.0433 0.5853 0.3998, -1.0474 0.6036 0.3909, -1.0476 0.6038 0.3908, -1.0454 0.5915 0.4062, -1.0593 0.5994 0.4144, -1.0587 0.5993 0.4143, -1.0603 0.615 0.3853, -1.0586 0.5993 0.4143, -1.0586 0.6144 0.3856, -1.0549 0.5984 0.4134, -1.0545 0.5982 0.4132, -1.0573 0.614 0.3858, -1.0545 0.5982 0.4132, -1.0544 0.6122 0.3867, -1.0507 0.5965 0.4114, -1.0507 0.6086 0.3884, -1.0508 0.5965 0.4114, -1.0511 0.6091 0.3882, -1.0509 0.5966 0.4115, -1.0542 0.6121 0.3867, -1.0458 0.5923 0.407, -1.0486 0.595 0.4099, -1.0477 0.5942 0.409, -1.0477 0.5941 0.409, -1.044 0.589 0.4037, -1.0439 0.5885 0.4031, -1.0455 0.5979 0.3937, -1.0453 0.5914 0.4061, -1.0443 0.5943 0.3954, -1.0587 0.5912 0.4182, -1.0599 0.5913 0.4185, -1.0545 0.5905 0.4169, -1.0555 0.5908 0.4174, -1.0508 0.5895 0.4148, -1.0513 0.5897 0.4152, -1.0477 0.5881 0.412, -1.0484 0.5886 0.4129, -1.0453 0.5865 0.4087, -1.0455 0.5868 0.4092, -1.0439 0.5847 0.405, -1.0433 0.5828 0.401, -1.0439 0.5849 0.4053, -1.1221 0.5828 0.401, -1.1217 0.5841 0.4038, -1.1215 0.5847 0.4049, -1.1214 0.585 0.4056, -1.1204 0.5861 0.4078, -1.12 0.5865 0.4087, -1.1194 0.5871 0.4099, -1.1181 0.5879 0.4115, -1.1177 0.5881 0.412, -1.1163 0.5889 0.4135, -1.1155 0.5892 0.4141, -1.1146 0.5895 0.4147, -1.1122 0.5903 0.4163, -1.1114 0.5904 0.4166, -1.1109 0.5905 0.4168, -1.1075 0.5911 0.4181, -1.1071 0.5912 0.4182, -1.1068 0.5912 0.4182, -1.0729 0.6728 0.3571, -1.0729 0.659 0.3288, -1.0925 0.6728 0.3571, -1.0925 0.659 0.3288, -1.1024 0.3419 0.3541, -1.063 0.3419 0.3541, -1.0492 0.361 0.3671, -1.0484 0.3615 0.3667, -1.0484 0.3811 0.3862, -1.0533 0.3587 0.3691, -1.0513 0.3595 0.3684, -1.0513 0.3794 0.3882, -1.058 0.3572 0.3704, -1.0555 0.3577 0.3699, -1.0555 0.3778 0.39, -1.0599 0.3568 0.3708, -1.0599 0.377 0.3909, -1.0599 0.4 0.4079, -1.0599 0.4252 0.4214, -1.0599 0.452 0.4311, -1.0599 0.48 0.4368, -1.0599 0.5086 0.4384, -1.0599 0.537 0.4358, -1.0599 0.5648 0.4291, -1.0439 0.5603 0.4151, -1.0433 0.5586 0.4097, -1.0433 0.5465 0.4141, -1.0439 0.5346 0.4213, -1.0433 0.5337 0.4157, -1.0439 0.5083 0.4237, -1.0433 0.5082 0.4189, -1.0439 0.4819 0.4222, -1.0433 0.4826 0.4166, -1.0433 0.4698 0.4154, -1.0439 0.456 0.4169, -1.0433 0.4576 0.4115, -1.0439 0.4311 0.408, -1.0433 0.4331 0.4036, -1.0439 0.4078 0.3955, -1.0433 0.4108 0.3907, -1.0433 0.3997 0.3842, -1.0439 0.3866 0.3798, -1.0433 0.3903 0.3755, -1.0555 0.4007 0.4068, -1.0555 0.4257 0.4202, -1.0555 0.4524 0.4299, -1.0555 0.4802 0.4355, -1.0555 0.5085 0.4371, -1.0555 0.5368 0.4345, -1.0555 0.5644 0.4279, -1.0513 0.4019 0.4048, -1.0513 0.4266 0.4181, -1.0513 0.453 0.4276, -1.0513 0.4805 0.4332, -1.0513 0.5085 0.4347, -1.0513 0.5364 0.4322, -1.0513 0.5637 0.4257, -1.0484 0.4033 0.4026, -1.0484 0.4277 0.4157, -1.0484 0.4537 0.4251, -1.0484 0.4808 0.4306, -1.0484 0.5085 0.4321, -1.0484 0.536 0.4296, -1.0484 0.5629 0.4232, -1.0461 0.364 0.3644, -1.0455 0.3838 0.383, -1.0455 0.4055 0.3991, -1.0455 0.4294 0.4119, -1.0455 0.4548 0.4211, -1.0455 0.4814 0.4265, -1.0455 0.5084 0.428, -1.0455 0.5353 0.4255, -1.0455 0.5616 0.4192, -1.0433 0.3714 0.358, -1.0439 0.3678 0.3611, -1.044 0.3676 0.3614, -1.0455 0.3646 0.364, -1.1146 0.3599 0.368, -1.1115 0.3582 0.3695, -1.1115 0.3783 0.3894, -1.1177 0.3622 0.366, -1.1156 0.3604 0.3676, -1.1156 0.3802 0.3872, -1.1218 0.5598 0.4135, -1.1071 0.5647 0.4288, -1.1071 0.537 0.4355, -1.1071 0.5086 0.438, -1.1071 0.4801 0.4365, -1.1071 0.4521 0.4308, -1.1071 0.4253 0.4211, -1.1071 0.4002 0.4076, -1.1109 0.3581 0.3696, -1.1071 0.357 0.3706, -1.1071 0.3772 0.3907, -1.1068 0.357 0.3706, -1.1218 0.3877 0.3785, -1.1221 0.3903 0.3755, -1.1221 0.3714 0.358, -1.1221 0.3997 0.3842, -1.1218 0.4087 0.3941, -1.1221 0.4108 0.3907, -1.1218 0.4318 0.4065, -1.1221 0.4331 0.4036, -1.1218 0.4565 0.4153, -1.1221 0.4576 0.4115, -1.1221 0.4698 0.4154, -1.1218 0.4821 0.4206, -1.1221 0.4826 0.4166, -1.1218 0.5083 0.422, -1.1221 0.5082 0.4189, -1.1218 0.5344 0.4197, -1.1221 0.5337 0.4157, -1.1221 0.5465 0.4141, -1.1221 0.5586 0.4097, -1.1218 0.3691 0.36, -1.1215 0.3681 0.3609, -1.1206 0.3848 0.3819, -1.1206 0.5612 0.4178, -1.1206 0.5351 0.4241, -1.1206 0.5084 0.4265, -1.1206 0.4816 0.425, -1.1206 0.4552 0.4197, -1.1206 0.43 0.4105, -1.1206 0.4063 0.3979, -1.1206 0.3657 0.363, -1.12 0.365 0.3636, -1.1182 0.382 0.3851, -1.1182 0.5625 0.4218, -1.1182 0.5358 0.4282, -1.1182 0.5084 0.4306, -1.1182 0.481 0.4291, -1.1182 0.4541 0.4236, -1.1182 0.4283 0.4143, -1.1182 0.4041 0.4014, -1.1182 0.3626 0.3657, -1.1156 0.5633 0.4245, -1.1156 0.5362 0.431, -1.1156 0.5085 0.4335, -1.1156 0.4807 0.432, -1.1156 0.4534 0.4264, -1.1156 0.4271 0.417, -1.1156 0.4026 0.4038, -1.1115 0.401 0.4062, -1.1115 0.426 0.4196, -1.1115 0.4526 0.4292, -1.1115 0.4803 0.4348, -1.1115 0.5085 0.4364, -1.1115 0.5367 0.4338, -1.1115 0.5642 0.4272, -1.0138 0.5828 0.401, -1.1516 0.6197 0.383, -1.1516 0.5828 0.401, -1.1501 0.6316 0.3772, -1.1458 0.6428 0.3718, -1.1387 0.6528 0.3669, -1.1294 0.6612 0.3628, -1.1182 0.6676 0.3597, -1.1057 0.6715 0.3578, -1.0138 0.6197 0.383, -1.0153 0.6316 0.3772, -1.0472 0.6676 0.3597, -1.036 0.6612 0.3628, -1.0267 0.6528 0.3669, -1.0197 0.6428 0.3718, -1.0597 0.6715 0.3578, -1.1385 0.632 0.3245, -1.1482 0.6116 0.3213, -1.1456 0.6186 0.3224, -1.1447 0.6212 0.3228, -1.1181 0.6517 0.3276, -1.1266 0.646 0.3267, -1.1292 0.6432 0.3263, -1.1366 0.6352 0.325, -1.1037 0.6577 0.3286, -1.1056 0.657 0.3285, -1.1158 0.6533 0.3279, -1.1501 0.6057 0.3242, -1.1516 0.5939 0.3299, -1.0696 0.6589 0.3288, -1.0598 0.657 0.3285, -1.0575 0.6566 0.3284, -1.0473 0.6518 0.3277, -1.0462 0.6513 0.3276, -1.0361 0.6433 0.3263, -1.0346 0.6421 0.3261, -1.0269 0.632 0.3245, -1.025 0.6295 0.3241, -1.0202 0.6184 0.3224, -1.0172 0.6116 0.3213, -1.0153 0.6057 0.3242, -1.0138 0.5939 0.3299, -1.12 0.352 0.3486, -1.1068 0.3424 0.3538, -1.1068 0.3424 0.3538, -1.111 0.3438 0.3531, -1.1109 0.3437 0.3531, -1.1072 0.3425 0.3538, -1.1147 0.3459 0.3519, -1.1146 0.3459 0.352, -1.1114 0.3439 0.353, -1.1185 0.3494 0.35, -1.1178 0.3487 0.3504, -1.1177 0.3487 0.3504, -1.1155 0.3464 0.3517, -1.1215 0.3557 0.3466, -1.1207 0.3532 0.3479, -1.1201 0.3521 0.3485, -1.1221 0.3596 0.3444, -1.1219 0.3573 0.3457, -1.1215 0.3559 0.3465, -1.121 0.3532 0.3371, -1.1068 0.3295 0.3098, -1.1024 0.3287 0.3088, -1.1041 0.3288 0.309, -1.1062 0.3292 0.3095, -1.111 0.3318 0.3125, -1.1086 0.3302 0.3106, -1.1147 0.3356 0.3168, -1.1116 0.3322 0.3129, -1.1176 0.3407 0.3227, -1.1152 0.3361 0.3173, -1.1199 0.3465 0.3294, -1.1196 0.3446 0.3271, -1.063 0.3287 0.3088, -1.0441 0.3551 0.3469, -1.0457 0.3467 0.3296, -1.0439 0.3559 0.3465, -1.0441 0.3531 0.337, -1.0435 0.3573 0.3457, -1.0436 0.3551 0.3392, -1.0433 0.3596 0.3444, -1.0447 0.3532 0.3479, -1.0453 0.3521 0.3485, -1.0471 0.3413 0.3234, -1.0461 0.3508 0.3492, -1.0476 0.3405 0.3224, -1.0469 0.3494 0.35, -1.0476 0.3487 0.3504, -1.0498 0.3366 0.318, -1.0492 0.3472 0.3512, -1.0507 0.3356 0.3168, -1.0499 0.3464 0.3517, -1.0507 0.3459 0.3519, -1.0538 0.3322 0.3129, -1.0532 0.3444 0.3528, -1.0544 0.3318 0.3125, -1.054 0.3439 0.353, -1.0545 0.3438 0.3531, -1.0564 0.3304 0.3109, -1.0579 0.3426 0.3538, -1.0586 0.3295 0.3097, -1.0583 0.3425 0.3538, -1.0586 0.3424 0.3538, -1.0587 0.3294 0.3097, -1.0609 0.3288 0.309, -1.0138 0.3714 0.358, -1.0138 0.3997 0.3842, -1.0138 0.4331 0.4036, -1.0138 0.4698 0.4154, -1.0138 0.5082 0.4189, -1.0138 0.5465 0.4141, -1.1516 0.3714 0.358, -1.1516 0.3997 0.3842, -1.1516 0.4331 0.4036, -1.1516 0.4698 0.4154, -1.1516 0.5082 0.4189, -1.1516 0.5465 0.4141, -1.1516 0.5569 0.3479, -1.0138 0.5569 0.3479, -1.0237 -1.1299 0.0591, -1.1418 -1.1299 0.0591, -1.0237 -1.2992 0.0591, -1.1418 -1.2992 0.0591, -1.1516 0.3085 0.2857, -1.0138 0.3085 0.2857, -1.0237 -1.2992 0.0, -1.1418 -1.2992 0.0, -1.1516 0.5277 0.3577, -1.0138 0.5277 0.3577, -1.1516 0.4969 0.3596, -1.0138 0.4969 0.3596, -1.1516 0.4667 0.3535, -1.0138 0.4667 0.3535, -1.1516 0.4391 0.3397, -1.0138 0.4391 0.3397, -1.1516 0.416 0.3193, -1.0138 0.416 0.3193, -1.1418 -1.1209 0.0601, -1.0237 -1.1209 0.0601, -1.1418 -1.1123 0.0632, -1.0237 -1.1123 0.0632, -1.1418 -1.1047 0.0682, -1.0237 -1.1047 0.0682, -1.1418 -1.0985 0.0747, -1.0237 -1.0985 0.0747, -1.1516 0.1942 0.221, -1.0138 0.1942 0.221, -1.1516 0.2265 0.2295, -1.0138 0.2265 0.2295, -1.1516 0.2569 0.2435, -1.0138 0.2569 0.2435, -1.1516 0.2845 0.2624, -1.0138 0.2845 0.2624, -1.1418 -1.1299 0.0, -1.0237 -1.1299 0.0, -1.0138 0.3531 0.2469, -1.1516 0.3531 0.2469, -1.0237 -1.0806 0.0984, -1.1418 -1.0806 0.0984, -1.0138 0.0895 0.2025, -1.1516 0.0895 0.2025, -0.9941 -0.1431 0.1615, -1.1713 -0.1431 0.1615, -0.9941 -0.2687 0.1393, -1.1713 -0.2687 0.1393, -1.1418 -1.0513 0.0392, -1.0237 -1.0513 0.0392, -1.0237 -1.067 0.0228, -1.1418 -1.067 0.0228, -1.0237 -1.086 0.0103, -1.1418 -1.086 0.0103, -1.0237 -1.1073 0.0026, -1.1418 -1.1073 0.0026, -1.0138 0.0998 0.1444, -0.9941 -0.1328 0.1033, -1.0138 0.2044 0.1628, -1.0138 0.2464 0.174, -1.0138 0.286 0.1921, -1.0138 0.3219 0.2166, -1.1516 0.3219 0.2166, -1.1516 0.286 0.1921, -1.1516 0.2464 0.174, -1.1516 0.2044 0.1628, -1.1516 0.0998 0.1444, -1.1713 -0.1328 0.1033, -1.0237 -1.002 0.1375, -1.1418 -1.002 0.1375, -1.1418 -1.0246 0.1349, -1.0237 -1.0246 0.1349, -1.1418 -1.046 0.1272, -1.0237 -1.046 0.1272, -1.1418 -1.065 0.1148, -1.0237 -1.065 0.1148, -1.1713 -0.2892 0.1375, -0.9941 -0.2892 0.1375, -1.1418 -1.0335 0.0628, -1.0237 -1.0335 0.0628, -1.1713 -0.2584 0.0812, -0.9941 -0.2584 0.0812, -1.1713 -0.7658 0.1375, -1.1418 -0.7658 0.1375, -0.9941 -0.7658 0.1375, -1.0237 -0.7658 0.1375, -1.1418 -0.7658 0.0785, -1.1713 -0.7658 0.0785, -1.1418 -1.0272 0.0694, -1.1418 -1.0196 0.0744, -1.1418 -1.0111 0.0774, -1.1418 -1.002 0.0785, -1.0237 -1.0272 0.0694, -1.0237 -1.0196 0.0744, -1.0237 -1.0111 0.0774, -1.0237 -1.002 0.0785, -1.0237 -0.7658 0.0785, -0.9941 -0.7658 0.0785, -0.9941 -0.2892 0.0785, -1.1713 -0.2892 0.0785, 1.063 0.5914 0.4187, 1.1023 0.5914 0.4187, 1.063 0.5997 0.4147, 1.1023 0.5997 0.4147, 1.1023 0.5645 0.4284, 1.063 0.5645 0.4284, 1.1023 0.5511 0.4332, 1.063 0.5511 0.4332, 1.1023 0.5369 0.435, 1.063 0.5369 0.435, 1.1023 0.5086 0.4386, 1.063 0.5086 0.4386, 1.1023 0.4801 0.436, 1.063 0.4801 0.436, 1.1023 0.4659 0.4347, 1.063 0.4659 0.4347, 1.1023 0.4523 0.4303, 1.063 0.4523 0.4303, 1.1023 0.4251 0.4216, 1.063 0.4251 0.4216, 1.1023 0.4004 0.4072, 1.063 0.4004 0.4072, 1.1023 0.388 0.4, 1.063 0.388 0.4, 1.1023 0.3776 0.3903, 1.063 0.3776 0.3903, 1.1023 0.3566 0.3709, 1.063 0.3566 0.3709, 1.0433 0.5853 0.3998, 1.0434 0.5871 0.4017, 1.0441 0.5916 0.3967, 1.0439 0.5883 0.403, 1.0447 0.5964 0.3944, 1.0439 0.5885 0.4031, 1.0453 0.598 0.3936, 1.0446 0.5904 0.4052, 1.0453 0.5914 0.4061, 1.0476 0.6038 0.3908, 1.0453 0.5915 0.4062, 1.0468 0.5935 0.4084, 1.0476 0.5941 0.409, 1.0478 0.6045 0.3904, 1.0477 0.5942 0.409, 1.0507 0.6085 0.3885, 1.0501 0.5962 0.4111, 1.0507 0.5965 0.4114, 1.0519 0.6101 0.3877, 1.0507 0.5965 0.4114, 1.0544 0.6122 0.3867, 1.0541 0.5982 0.4131, 1.0544 0.5982 0.4132, 1.0553 0.6129 0.3863, 1.0544 0.5982 0.4132, 1.0569 0.6138 0.3859, 1.0586 0.6144 0.3856, 1.0583 0.5993 0.4143, 1.0586 0.5993 0.4143, 1.0598 0.6149 0.3854, 1.0586 0.5993 0.4143, 1.0626 0.6153 0.3852, 1.063 0.6153 0.3852, 1.1023 0.6153 0.3852, 1.1214 0.5917 0.3967, 1.1215 0.5884 0.403, 1.122 0.5853 0.3998, 1.1179 0.6036 0.3909, 1.1178 0.6038 0.3908, 1.12 0.5915 0.4062, 1.1061 0.5994 0.4144, 1.1067 0.5993 0.4143, 1.105 0.615 0.3853, 1.1067 0.5993 0.4143, 1.1067 0.6144 0.3856, 1.1104 0.5984 0.4134, 1.1108 0.5982 0.4132, 1.108 0.614 0.3858, 1.1109 0.5982 0.4132, 1.1109 0.6122 0.3867, 1.1147 0.5965 0.4114, 1.1146 0.6086 0.3884, 1.1146 0.5965 0.4114, 1.1143 0.6091 0.3882, 1.1145 0.5966 0.4115, 1.1111 0.6121 0.3867, 1.1195 0.5923 0.407, 1.1168 0.595 0.4099, 1.1176 0.5942 0.409, 1.1177 0.5941 0.409, 1.1213 0.589 0.4037, 1.1214 0.5885 0.4031, 1.1199 0.5979 0.3937, 1.12 0.5914 0.4061, 1.1211 0.5943 0.3954, 1.1067 0.5912 0.4182, 1.1054 0.5913 0.4185, 1.1108 0.5905 0.4169, 1.1099 0.5908 0.4174, 1.1146 0.5895 0.4148, 1.114 0.5897 0.4152, 1.1176 0.5881 0.412, 1.1169 0.5886 0.4129, 1.12 0.5865 0.4087, 1.1198 0.5868 0.4092, 1.1215 0.5847 0.405, 1.122 0.5828 0.401, 1.1214 0.5849 0.4053, 1.0433 0.5828 0.401, 1.0437 0.5841 0.4038, 1.0439 0.5847 0.4049, 1.0439 0.585 0.4056, 1.0449 0.5861 0.4078, 1.0454 0.5865 0.4087, 1.0459 0.5871 0.4099, 1.0473 0.5879 0.4115, 1.0477 0.5881 0.412, 1.049 0.5889 0.4135, 1.0498 0.5892 0.4141, 1.0508 0.5895 0.4147, 1.0531 0.5903 0.4163, 1.0539 0.5904 0.4166, 1.0545 0.5905 0.4168, 1.0579 0.5911 0.4181, 1.0582 0.5912 0.4182, 1.0586 0.5912 0.4182, 1.0925 0.6728 0.3571, 1.0925 0.659 0.3288, 1.0728 0.6728 0.3571, 1.0728 0.659 0.3288, 1.063 0.3419 0.3541, 1.1023 0.3419 0.3541, 1.1162 0.361 0.3671, 1.1169 0.3615 0.3667, 1.1169 0.3811 0.3862, 1.1121 0.3587 0.3691, 1.114 0.3595 0.3684, 1.114 0.3794 0.3882, 1.1074 0.3572 0.3704, 1.1099 0.3577 0.3699, 1.1099 0.3778 0.39, 1.1054 0.3568 0.3708, 1.1054 0.377 0.3909, 1.1054 0.4 0.4079, 1.1054 0.4252 0.4214, 1.1054 0.452 0.4311, 1.1054 0.48 0.4368, 1.1054 0.5086 0.4384, 1.1054 0.537 0.4358, 1.1054 0.5648 0.4291, 1.1214 0.5603 0.4151, 1.122 0.5586 0.4097, 1.122 0.5465 0.4141, 1.1214 0.5346 0.4213, 1.122 0.5337 0.4157, 1.1214 0.5083 0.4237, 1.122 0.5082 0.4189, 1.1214 0.4819 0.4222, 1.122 0.4826 0.4166, 1.122 0.4698 0.4154, 1.1214 0.456 0.4169, 1.122 0.4576 0.4115, 1.1214 0.4311 0.408, 1.122 0.4331 0.4036, 1.1214 0.4078 0.3955, 1.122 0.4108 0.3907, 1.122 0.3997 0.3842, 1.1214 0.3866 0.3798, 1.122 0.3903 0.3755, 1.1099 0.4007 0.4068, 1.1099 0.4257 0.4202, 1.1099 0.4524 0.4299, 1.1099 0.4802 0.4355, 1.1099 0.5085 0.4371, 1.1099 0.5368 0.4345, 1.1099 0.5644 0.4279, 1.114 0.4019 0.4048, 1.114 0.4266 0.4181, 1.114 0.453 0.4276, 1.114 0.4805 0.4332, 1.114 0.5085 0.4347, 1.114 0.5364 0.4322, 1.114 0.5637 0.4257, 1.1169 0.4033 0.4026, 1.1169 0.4277 0.4157, 1.1169 0.4537 0.4251, 1.1169 0.4808 0.4306, 1.1169 0.5085 0.4321, 1.1169 0.536 0.4296, 1.1169 0.5629 0.4232, 1.1193 0.364 0.3644, 1.1198 0.3838 0.383, 1.1198 0.4055 0.3991, 1.1198 0.4294 0.4119, 1.1198 0.4548 0.4211, 1.1198 0.4814 0.4265, 1.1198 0.5084 0.428, 1.1198 0.5353 0.4255, 1.1198 0.5616 0.4192, 1.122 0.3714 0.358, 1.1214 0.3678 0.3611, 1.1213 0.3676 0.3614, 1.1198 0.3646 0.364, 1.0508 0.3599 0.368, 1.0539 0.3582 0.3695, 1.0539 0.3783 0.3894, 1.0476 0.3622 0.366, 1.0497 0.3604 0.3676, 1.0497 0.3802 0.3872, 1.0435 0.5598 0.4135, 1.0582 0.5647 0.4288, 1.0582 0.537 0.4355, 1.0582 0.5086 0.438, 1.0582 0.4801 0.4365, 1.0582 0.4521 0.4308, 1.0582 0.4253 0.4211, 1.0582 0.4002 0.4076, 1.0544 0.3581 0.3696, 1.0582 0.357 0.3706, 1.0582 0.3772 0.3907, 1.0586 0.357 0.3706, 1.0435 0.3877 0.3785, 1.0433 0.3903 0.3755, 1.0433 0.3714 0.358, 1.0433 0.3997 0.3842, 1.0435 0.4087 0.3941, 1.0433 0.4108 0.3907, 1.0435 0.4318 0.4065, 1.0433 0.4331 0.4036, 1.0435 0.4565 0.4153, 1.0433 0.4576 0.4115, 1.0433 0.4698 0.4154, 1.0435 0.4821 0.4206, 1.0433 0.4826 0.4166, 1.0435 0.5083 0.422, 1.0433 0.5082 0.4189, 1.0435 0.5344 0.4197, 1.0433 0.5337 0.4157, 1.0433 0.5465 0.4141, 1.0433 0.5586 0.4097, 1.0435 0.3691 0.36, 1.0439 0.3681 0.3609, 1.0448 0.3848 0.3819, 1.0448 0.5612 0.4178, 1.0448 0.5351 0.4241, 1.0448 0.5084 0.4265, 1.0448 0.4816 0.425, 1.0448 0.4552 0.4197, 1.0448 0.43 0.4105, 1.0448 0.4063 0.3979, 1.0448 0.3657 0.363, 1.0453 0.365 0.3636, 1.0471 0.382 0.3851, 1.0471 0.5625 0.4218, 1.0471 0.5358 0.4282, 1.0471 0.5084 0.4306, 1.0471 0.481 0.4291, 1.0471 0.4541 0.4236, 1.0471 0.4283 0.4143, 1.0471 0.4041 0.4014, 1.0471 0.3626 0.3657, 1.0497 0.5633 0.4245, 1.0497 0.5362 0.431, 1.0497 0.5085 0.4335, 1.0497 0.4807 0.432, 1.0497 0.4534 0.4264, 1.0497 0.4271 0.417, 1.0497 0.4026 0.4038, 1.0539 0.401 0.4062, 1.0539 0.426 0.4196, 1.0539 0.4526 0.4292, 1.0539 0.4803 0.4348, 1.0539 0.5085 0.4364, 1.0539 0.5367 0.4338, 1.0539 0.5642 0.4272, 1.1515 0.5828 0.401, 1.0137 0.6197 0.383, 1.0137 0.5828 0.401, 1.0152 0.6316 0.3772, 1.0196 0.6428 0.3718, 1.0266 0.6528 0.3669, 1.036 0.6612 0.3628, 1.0472 0.6676 0.3597, 1.0597 0.6715 0.3578, 1.1515 0.6197 0.383, 1.1501 0.6316 0.3772, 1.1181 0.6676 0.3597, 1.1293 0.6612 0.3628, 1.1387 0.6528 0.3669, 1.1457 0.6428 0.3718, 1.1056 0.6715 0.3578, 1.0269 0.632 0.3245, 1.0171 0.6116 0.3213, 1.0197 0.6186 0.3224, 1.0206 0.6212 0.3228, 1.0473 0.6517 0.3276, 1.0387 0.646 0.3267, 1.0362 0.6432 0.3263, 1.0287 0.6352 0.325, 1.0616 0.6577 0.3286, 1.0597 0.657 0.3285, 1.0496 0.6533 0.3279, 1.0152 0.6057 0.3242, 1.0137 0.5939 0.3299, 1.0957 0.6589 0.3288, 1.1056 0.657 0.3285, 1.1079 0.6566 0.3284, 1.1181 0.6518 0.3277, 1.1192 0.6513 0.3276, 1.1292 0.6433 0.3263, 1.1307 0.6421 0.3261, 1.1385 0.632 0.3245, 1.1404 0.6295 0.3241, 1.1452 0.6184 0.3224, 1.1482 0.6116 0.3213, 1.1501 0.6057 0.3242, 1.1515 0.5939 0.3299, 1.0453 0.352 0.3486, 1.0586 0.3424 0.3538, 1.0586 0.3424 0.3538, 1.0544 0.3438 0.3531, 1.0544 0.3437 0.3531, 1.0582 0.3425 0.3538, 1.0507 0.3459 0.3519, 1.0507 0.3459 0.352, 1.054 0.3439 0.353, 1.0469 0.3494 0.35, 1.0476 0.3487 0.3504, 1.0476 0.3487 0.3504, 1.0499 0.3464 0.3517, 1.0439 0.3557 0.3466, 1.0446 0.3532 0.3479, 1.0453 0.3521 0.3485, 1.0433 0.3596 0.3444, 1.0434 0.3573 0.3457, 1.0439 0.3559 0.3465, 1.0443 0.3532 0.3371, 1.0586 0.3295 0.3098, 1.063 0.3287 0.3088, 1.0613 0.3288 0.309, 1.0592 0.3292 0.3095, 1.0544 0.3318 0.3125, 1.0568 0.3302 0.3106, 1.0507 0.3356 0.3168, 1.0538 0.3322 0.3129, 1.0477 0.3407 0.3227, 1.0502 0.3361 0.3173, 1.0454 0.3465 0.3294, 1.0458 0.3446 0.3271, 1.1023 0.3287 0.3088, 1.1212 0.3551 0.3469, 1.1196 0.3467 0.3296, 1.1214 0.3559 0.3465, 1.1213 0.3531 0.337, 1.1218 0.3573 0.3457, 1.1218 0.3551 0.3392, 1.122 0.3596 0.3444, 1.1207 0.3532 0.3479, 1.12 0.3521 0.3485, 1.1182 0.3413 0.3234, 1.1193 0.3508 0.3492, 1.1177 0.3405 0.3224, 1.1184 0.3494 0.35, 1.1177 0.3487 0.3504, 1.1155 0.3366 0.318, 1.1162 0.3472 0.3512, 1.1146 0.3356 0.3168, 1.1154 0.3464 0.3517, 1.1146 0.3459 0.3519, 1.1115 0.3322 0.3129, 1.1121 0.3444 0.3528, 1.1109 0.3318 0.3125, 1.1113 0.3439 0.353, 1.1109 0.3438 0.3531, 1.1089 0.3304 0.3109, 1.1074 0.3426 0.3538, 1.1067 0.3295 0.3097, 1.1071 0.3425 0.3538, 1.1067 0.3424 0.3538, 1.1066 0.3294 0.3097, 1.1045 0.3288 0.309, 1.1515 0.3714 0.358, 1.1515 0.3997 0.3842, 1.1515 0.4331 0.4036, 1.1515 0.4698 0.4154, 1.1515 0.5082 0.4189, 1.1515 0.5465 0.4141, 1.0137 0.3714 0.358, 1.0137 0.3997 0.3842, 1.0137 0.4331 0.4036, 1.0137 0.4698 0.4154, 1.0137 0.5082 0.4189, 1.0137 0.5465 0.4141, 1.0137 0.5569 0.3479, 1.1515 0.5569 0.3479, 1.1417 -1.1299 0.0591, 1.0236 -1.1299 0.0591, 1.1417 -1.2992 0.0591, 1.0236 -1.2992 0.0591, 1.0137 0.3085 0.2857, 1.1515 0.3085 0.2857, 1.1417 -1.2992 0.0, 1.0236 -1.2992 0.0, 1.0137 0.5277 0.3577, 1.1515 0.5277 0.3577, 1.0137 0.4969 0.3596, 1.1515 0.4969 0.3596, 1.0137 0.4667 0.3535, 1.1515 0.4667 0.3535, 1.0137 0.4391 0.3397, 1.1515 0.4391 0.3397, 1.0137 0.416 0.3193, 1.1515 0.416 0.3193, 1.0236 -1.1209 0.0601, 1.1417 -1.1209 0.0601, 1.0236 -1.1123 0.0632, 1.1417 -1.1123 0.0632, 1.0236 -1.1047 0.0682, 1.1417 -1.1047 0.0682, 1.0236 -1.0985 0.0747, 1.1417 -1.0985 0.0747, 1.0137 0.1942 0.221, 1.1515 0.1942 0.221, 1.0137 0.2265 0.2295, 1.1515 0.2265 0.2295, 1.0137 0.2569 0.2435, 1.1515 0.2569 0.2435, 1.0137 0.2845 0.2624, 1.1515 0.2845 0.2624, 1.0236 -1.1299 0.0, 1.1417 -1.1299 0.0, 1.1515 0.3531 0.2469, 1.0137 0.3531 0.2469, 1.1417 -1.0806 0.0984, 1.0236 -1.0806 0.0984, 1.1515 0.0895 0.2025, 1.0137 0.0895 0.2025, 1.1712 -0.1431 0.1615, 0.9941 -0.1431 0.1615, 1.1712 -0.2687 0.1393, 0.9941 -0.2687 0.1393, 1.0236 -1.0513 0.0392, 1.1417 -1.0513 0.0392, 1.1417 -1.067 0.0228, 1.0236 -1.067 0.0228, 1.1417 -1.086 0.0103, 1.0236 -1.086 0.0103, 1.1417 -1.1073 0.0026, 1.0236 -1.1073 0.0026, 1.1515 0.0998 0.1444, 1.1712 -0.1328 0.1033, 1.1515 0.2044 0.1628, 1.1515 0.2464 0.174, 1.1515 0.286 0.1921, 1.1515 0.3219 0.2166, 1.0137 0.3219 0.2166, 1.0137 0.286 0.1921, 1.0137 0.2464 0.174, 1.0137 0.2044 0.1628, 1.0137 0.0998 0.1444, 0.9941 -0.1328 0.1033, 1.1417 -1.002 0.1375, 1.0236 -1.002 0.1375, 1.0236 -1.0246 0.1349, 1.1417 -1.0246 0.1349, 1.0236 -1.046 0.1272, 1.1417 -1.046 0.1272, 1.0236 -1.065 0.1148, 1.1417 -1.065 0.1148, 0.9941 -0.2892 0.1375, 1.1712 -0.2892 0.1375, 1.0236 -1.0335 0.0628, 1.1417 -1.0335 0.0628, 0.9941 -0.2584 0.0812, 1.1712 -0.2584 0.0812, 0.9941 -0.7658 0.1375, 1.0236 -0.7658 0.1375, 1.1712 -0.7658 0.1375, 1.1417 -0.7658 0.1375, 1.0236 -0.7658 0.0785, 0.9941 -0.7658 0.0785, 1.0236 -1.0272 0.0694, 1.0236 -1.0196 0.0744, 1.0236 -1.0111 0.0774, 1.0236 -1.002 0.0785, 1.1417 -1.0272 0.0694, 1.1417 -1.0196 0.0744, 1.1417 -1.0111 0.0774, 1.1417 -1.002 0.0785, 1.1417 -0.7658 0.0785, 1.1712 -0.7658 0.0785, 1.1712 -0.2892 0.0785, 0.9941 -0.2892 0.0785, -0.6693 0.5914 0.4187, -0.63 0.5914 0.4187, -0.6693 0.5997 0.4147, -0.63 0.5997 0.4147, -0.63 0.5645 0.4284, -0.6693 0.5645 0.4284, -0.63 0.5511 0.4332, -0.6693 0.5511 0.4332, -0.63 0.5369 0.435, -0.6693 0.5369 0.435, -0.63 0.5086 0.4386, -0.6693 0.5086 0.4386, -0.63 0.4801 0.436, -0.6693 0.4801 0.436, -0.63 0.4659 0.4347, -0.6693 0.4659 0.4347, -0.63 0.4523 0.4303, -0.6693 0.4523 0.4303, -0.63 0.4251 0.4216, -0.6693 0.4251 0.4216, -0.63 0.4004 0.4072, -0.6693 0.4004 0.4072, -0.63 0.388 0.4, -0.6693 0.388 0.4, -0.63 0.3776 0.3903, -0.6693 0.3776 0.3903, -0.63 0.3566 0.3709, -0.6693 0.3566 0.3709, -0.689 0.5853 0.3998, -0.6889 0.5871 0.4017, -0.6882 0.5916 0.3967, -0.6884 0.5883 0.403, -0.6876 0.5964 0.3944, -0.6884 0.5885 0.4031, -0.687 0.598 0.3936, -0.6877 0.5904 0.4052, -0.687 0.5914 0.4061, -0.6847 0.6038 0.3908, -0.6869 0.5915 0.4062, -0.6854 0.5935 0.4084, -0.6847 0.5941 0.409, -0.6844 0.6045 0.3904, -0.6846 0.5942 0.409, -0.6815 0.6085 0.3885, -0.6822 0.5962 0.4111, -0.6816 0.5965 0.4114, -0.6803 0.6101 0.3877, -0.6815 0.5965 0.4114, -0.6779 0.6122 0.3867, -0.6781 0.5982 0.4131, -0.6779 0.5982 0.4132, -0.677 0.6129 0.3863, -0.6779 0.5982 0.4132, -0.6754 0.6138 0.3859, -0.6737 0.6144 0.3856, -0.674 0.5993 0.4143, -0.6737 0.5993 0.4143, -0.6724 0.6149 0.3854, -0.6737 0.5993 0.4143, -0.6697 0.6153 0.3852, -0.6693 0.6153 0.3852, -0.63 0.6153 0.3852, -0.6109 0.5917 0.3967, -0.6108 0.5884 0.403, -0.6103 0.5853 0.3998, -0.6143 0.6036 0.3909, -0.6145 0.6038 0.3908, -0.6123 0.5915 0.4062, -0.6262 0.5994 0.4144, -0.6256 0.5993 0.4143, -0.6273 0.615 0.3853, -0.6256 0.5993 0.4143, -0.6256 0.6144 0.3856, -0.6219 0.5984 0.4134, -0.6214 0.5982 0.4132, -0.6243 0.614 0.3858, -0.6214 0.5982 0.4132, -0.6214 0.6122 0.3867, -0.6176 0.5965 0.4114, -0.6177 0.6086 0.3884, -0.6177 0.5965 0.4114, -0.618 0.6091 0.3882, -0.6178 0.5966 0.4115, -0.6212 0.6121 0.3867, -0.6127 0.5923 0.407, -0.6155 0.595 0.4099, -0.6147 0.5942 0.409, -0.6146 0.5941 0.409, -0.6109 0.589 0.4037, -0.6108 0.5885 0.4031, -0.6124 0.5979 0.3937, -0.6123 0.5914 0.4061, -0.6112 0.5943 0.3954, -0.6256 0.5912 0.4182, -0.6269 0.5913 0.4185, -0.6215 0.5905 0.4169, -0.6224 0.5908 0.4174, -0.6177 0.5895 0.4148, -0.6182 0.5897 0.4152, -0.6147 0.5881 0.412, -0.6154 0.5886 0.4129, -0.6123 0.5865 0.4087, -0.6125 0.5868 0.4092, -0.6108 0.5847 0.405, -0.6103 0.5828 0.401, -0.6108 0.5849 0.4053, -0.689 0.5828 0.401, -0.6886 0.5841 0.4038, -0.6884 0.5847 0.4049, -0.6883 0.585 0.4056, -0.6873 0.5861 0.4078, -0.6869 0.5865 0.4087, -0.6864 0.5871 0.4099, -0.685 0.5879 0.4115, -0.6846 0.5881 0.412, -0.6832 0.5889 0.4135, -0.6825 0.5892 0.4141, -0.6815 0.5895 0.4147, -0.6792 0.5903 0.4163, -0.6783 0.5904 0.4166, -0.6778 0.5905 0.4168, -0.6744 0.5911 0.4181, -0.6741 0.5912 0.4182, -0.6737 0.5912 0.4182, -0.6398 0.6728 0.3571, -0.6398 0.659 0.3288, -0.6595 0.6728 0.3571, -0.6595 0.659 0.3288, -0.6693 0.3419 0.3541, -0.63 0.3419 0.3541, -0.6161 0.361 0.3671, -0.6154 0.3615 0.3667, -0.6154 0.3811 0.3862, -0.6202 0.3587 0.3691, -0.6182 0.3595 0.3684, -0.6182 0.3794 0.3882, -0.6249 0.3572 0.3704, -0.6224 0.3577 0.3699, -0.6224 0.3778 0.39, -0.6269 0.3568 0.3708, -0.6269 0.377 0.3909, -0.6269 0.4 0.4079, -0.6269 0.4252 0.4214, -0.6269 0.452 0.4311, -0.6269 0.48 0.4368, -0.6269 0.5086 0.4384, -0.6269 0.537 0.4358, -0.6269 0.5648 0.4291, -0.6108 0.5603 0.4151, -0.6103 0.5586 0.4097, -0.6103 0.5465 0.4141, -0.6108 0.5346 0.4213, -0.6103 0.5337 0.4157, -0.6108 0.5083 0.4237, -0.6103 0.5082 0.4189, -0.6108 0.4819 0.4222, -0.6103 0.4826 0.4166, -0.6103 0.4698 0.4154, -0.6108 0.456 0.4169, -0.6103 0.4576 0.4115, -0.6108 0.4311 0.408, -0.6103 0.4331 0.4036, -0.6108 0.4078 0.3955, -0.6103 0.4108 0.3907, -0.6103 0.3997 0.3842, -0.6108 0.3866 0.3798, -0.6103 0.3903 0.3755, -0.6224 0.4007 0.4068, -0.6224 0.4257 0.4202, -0.6224 0.4524 0.4299, -0.6224 0.4802 0.4355, -0.6224 0.5085 0.4371, -0.6224 0.5368 0.4345, -0.6224 0.5644 0.4279, -0.6182 0.4019 0.4048, -0.6182 0.4266 0.4181, -0.6182 0.453 0.4276, -0.6182 0.4805 0.4332, -0.6182 0.5085 0.4347, -0.6182 0.5364 0.4322, -0.6182 0.5637 0.4257, -0.6154 0.4033 0.4026, -0.6154 0.4277 0.4157, -0.6154 0.4537 0.4251, -0.6154 0.4808 0.4306, -0.6154 0.5085 0.4321, -0.6154 0.536 0.4296, -0.6154 0.5629 0.4232, -0.613 0.364 0.3644, -0.6125 0.3838 0.383, -0.6125 0.4055 0.3991, -0.6125 0.4294 0.4119, -0.6125 0.4548 0.4211, -0.6125 0.4814 0.4265, -0.6125 0.5084 0.428, -0.6125 0.5353 0.4255, -0.6125 0.5616 0.4192, -0.6103 0.3714 0.358, -0.6108 0.3678 0.3611, -0.611 0.3676 0.3614, -0.6125 0.3646 0.364, -0.6815 0.3599 0.368, -0.6784 0.3582 0.3695, -0.6784 0.3783 0.3894, -0.6847 0.3622 0.366, -0.6825 0.3604 0.3676, -0.6825 0.3802 0.3872, -0.6888 0.5598 0.4135, -0.6741 0.5647 0.4288, -0.6741 0.537 0.4355, -0.6741 0.5086 0.438, -0.6741 0.4801 0.4365, -0.6741 0.4521 0.4308, -0.6741 0.4253 0.4211, -0.6741 0.4002 0.4076, -0.6778 0.3581 0.3696, -0.6741 0.357 0.3706, -0.6741 0.3772 0.3907, -0.6737 0.357 0.3706, -0.6888 0.3877 0.3785, -0.689 0.3903 0.3755, -0.689 0.3714 0.358, -0.689 0.3997 0.3842, -0.6888 0.4087 0.3941, -0.689 0.4108 0.3907, -0.6888 0.4318 0.4065, -0.689 0.4331 0.4036, -0.6888 0.4565 0.4153, -0.689 0.4576 0.4115, -0.689 0.4698 0.4154, -0.6888 0.4821 0.4206, -0.689 0.4826 0.4166, -0.6888 0.5083 0.422, -0.689 0.5082 0.4189, -0.6888 0.5344 0.4197, -0.689 0.5337 0.4157, -0.689 0.5465 0.4141, -0.689 0.5586 0.4097, -0.6888 0.3691 0.36, -0.6884 0.3681 0.3609, -0.6875 0.3848 0.3819, -0.6875 0.5612 0.4178, -0.6875 0.5351 0.4241, -0.6875 0.5084 0.4265, -0.6875 0.4816 0.425, -0.6875 0.4552 0.4197, -0.6875 0.43 0.4105, -0.6875 0.4063 0.3979, -0.6875 0.3657 0.363, -0.687 0.365 0.3636, -0.6851 0.382 0.3851, -0.6851 0.5625 0.4218, -0.6851 0.5358 0.4282, -0.6851 0.5084 0.4306, -0.6851 0.481 0.4291, -0.6851 0.4541 0.4236, -0.6851 0.4283 0.4143, -0.6851 0.4041 0.4014, -0.6851 0.3626 0.3657, -0.6825 0.5633 0.4245, -0.6825 0.5362 0.431, -0.6825 0.5085 0.4335, -0.6825 0.4807 0.432, -0.6825 0.4534 0.4264, -0.6825 0.4271 0.417, -0.6825 0.4026 0.4038, -0.6784 0.401 0.4062, -0.6784 0.426 0.4196, -0.6784 0.4526 0.4292, -0.6784 0.4803 0.4348, -0.6784 0.5085 0.4364, -0.6784 0.5367 0.4338, -0.6784 0.5642 0.4272, -0.5807 0.5828 0.401, -0.7185 0.6197 0.383, -0.7185 0.5828 0.401, -0.7171 0.6316 0.3772, -0.7127 0.6428 0.3718, -0.7056 0.6528 0.3669, -0.6963 0.6612 0.3628, -0.6851 0.6676 0.3597, -0.6726 0.6715 0.3578, -0.5807 0.6197 0.383, -0.5822 0.6316 0.3772, -0.6142 0.6676 0.3597, -0.603 0.6612 0.3628, -0.5936 0.6528 0.3669, -0.5866 0.6428 0.3718, -0.6267 0.6715 0.3578, -0.7054 0.632 0.3245, -0.7152 0.6116 0.3213, -0.7126 0.6186 0.3224, -0.7116 0.6212 0.3228, -0.685 0.6517 0.3276, -0.6936 0.646 0.3267, -0.6961 0.6432 0.3263, -0.7035 0.6352 0.325, -0.6707 0.6577 0.3286, -0.6726 0.657 0.3285, -0.6827 0.6533 0.3279, -0.7171 0.6057 0.3242, -0.7185 0.5939 0.3299, -0.6365 0.6589 0.3288, -0.6267 0.657 0.3285, -0.6244 0.6566 0.3284, -0.6142 0.6518 0.3277, -0.6131 0.6513 0.3276, -0.6031 0.6433 0.3263, -0.6016 0.6421 0.3261, -0.5938 0.632 0.3245, -0.5919 0.6295 0.3241, -0.5871 0.6184 0.3224, -0.5841 0.6116 0.3213, -0.5822 0.6057 0.3242, -0.5807 0.5939 0.3299, -0.6869 0.352 0.3486, -0.6737 0.3424 0.3538, -0.6737 0.3424 0.3538, -0.6779 0.3438 0.3531, -0.6778 0.3437 0.3531, -0.6741 0.3425 0.3538, -0.6816 0.3459 0.3519, -0.6815 0.3459 0.352, -0.6783 0.3439 0.353, -0.6854 0.3494 0.35, -0.6847 0.3487 0.3504, -0.6846 0.3487 0.3504, -0.6824 0.3464 0.3517, -0.6884 0.3557 0.3466, -0.6877 0.3532 0.3479, -0.687 0.3521 0.3485, -0.689 0.3596 0.3444, -0.6888 0.3573 0.3457, -0.6884 0.3559 0.3465, -0.6879 0.3532 0.3371, -0.6737 0.3295 0.3098, -0.6693 0.3287 0.3088, -0.671 0.3288 0.309, -0.6731 0.3292 0.3095, -0.6779 0.3318 0.3125, -0.6755 0.3302 0.3106, -0.6816 0.3356 0.3168, -0.6785 0.3322 0.3129, -0.6845 0.3407 0.3227, -0.6821 0.3361 0.3173, -0.6868 0.3465 0.3294, -0.6865 0.3446 0.3271, -0.63 0.3287 0.3088, -0.6111 0.3551 0.3469, -0.6127 0.3467 0.3296, -0.6108 0.3559 0.3465, -0.611 0.3531 0.337, -0.6104 0.3573 0.3457, -0.6105 0.3551 0.3392, -0.6103 0.3596 0.3444, -0.6116 0.3532 0.3479, -0.6123 0.3521 0.3485, -0.6141 0.3413 0.3234, -0.613 0.3508 0.3492, -0.6145 0.3405 0.3224, -0.6139 0.3494 0.35, -0.6146 0.3487 0.3504, -0.6168 0.3366 0.318, -0.6161 0.3472 0.3512, -0.6177 0.3356 0.3168, -0.6168 0.3464 0.3517, -0.6177 0.3459 0.3519, -0.6208 0.3322 0.3129, -0.6202 0.3444 0.3528, -0.6214 0.3318 0.3125, -0.6209 0.3439 0.353, -0.6214 0.3438 0.3531, -0.6234 0.3304 0.3109, -0.6249 0.3426 0.3538, -0.6255 0.3295 0.3097, -0.6252 0.3425 0.3538, -0.6256 0.3424 0.3538, -0.6257 0.3294 0.3097, -0.6278 0.3288 0.309, -0.5807 0.3714 0.358, -0.5807 0.3997 0.3842, -0.5807 0.4331 0.4036, -0.5807 0.4698 0.4154, -0.5807 0.5082 0.4189, -0.5807 0.5465 0.4141, -0.7185 0.3714 0.358, -0.7185 0.3997 0.3842, -0.7185 0.4331 0.4036, -0.7185 0.4698 0.4154, -0.7185 0.5082 0.4189, -0.7185 0.5465 0.4141, -0.7185 0.5569 0.3479, -0.5807 0.5569 0.3479, -0.5906 -1.1299 0.0591, -0.7087 -1.1299 0.0591, -0.5906 -1.2992 0.0591, -0.7087 -1.2992 0.0591, -0.7185 0.3085 0.2857, -0.5807 0.3085 0.2857, -0.5906 -1.2992 0.0, -0.7087 -1.2992 0.0, -0.7185 0.5277 0.3577, -0.5807 0.5277 0.3577, -0.7185 0.4969 0.3596, -0.5807 0.4969 0.3596, -0.7185 0.4667 0.3535, -0.5807 0.4667 0.3535, -0.7185 0.4391 0.3397, -0.5807 0.4391 0.3397, -0.7185 0.416 0.3193, -0.5807 0.416 0.3193, -0.7087 -1.1209 0.0601, -0.5906 -1.1209 0.0601, -0.7087 -1.1123 0.0632, -0.5906 -1.1123 0.0632, -0.7087 -1.1047 0.0682, -0.5906 -1.1047 0.0682, -0.7087 -1.0985 0.0747, -0.5906 -1.0985 0.0747, -0.7185 0.1942 0.221, -0.5807 0.1942 0.221, -0.7185 0.2265 0.2295, -0.5807 0.2265 0.2295, -0.7185 0.2569 0.2435, -0.5807 0.2569 0.2435, -0.7185 0.2845 0.2624, -0.5807 0.2845 0.2624, -0.7087 -1.1299 0.0, -0.5906 -1.1299 0.0, -0.5807 0.3531 0.2469, -0.7185 0.3531 0.2469, -0.5906 -1.0806 0.0984, -0.7087 -1.0806 0.0984, -0.5807 0.0895 0.2025, -0.7185 0.0895 0.2025, -0.5611 -0.1431 0.1615, -0.7382 -0.1431 0.1615, -0.5611 -0.2687 0.1393, -0.7382 -0.2687 0.1393, -0.7087 -1.0513 0.0392, -0.5906 -1.0513 0.0392, -0.5906 -1.067 0.0228, -0.7087 -1.067 0.0228, -0.5906 -1.086 0.0103, -0.7087 -1.086 0.0103, -0.5906 -1.1073 0.0026, -0.7087 -1.1073 0.0026, -0.5807 0.0998 0.1444, -0.5611 -0.1328 0.1033, -0.5807 0.2044 0.1628, -0.5807 0.2464 0.174, -0.5807 0.286 0.1921, -0.5807 0.3219 0.2166, -0.7185 0.3219 0.2166, -0.7185 0.286 0.1921, -0.7185 0.2464 0.174, -0.7185 0.2044 0.1628, -0.7185 0.0998 0.1444, -0.7382 -0.1328 0.1033, -0.5906 -1.002 0.1375, -0.7087 -1.002 0.1375, -0.7087 -1.0246 0.1349, -0.5906 -1.0246 0.1349, -0.7087 -1.046 0.1272, -0.5906 -1.046 0.1272, -0.7087 -1.065 0.1148, -0.5906 -1.065 0.1148, -0.7382 -0.2892 0.1375, -0.5611 -0.2892 0.1375, -0.7087 -1.0335 0.0628, -0.5906 -1.0335 0.0628, -0.7382 -0.2584 0.0812, -0.5611 -0.2584 0.0812, -0.7382 -0.7658 0.1375, -0.7087 -0.7658 0.1375, -0.5611 -0.7658 0.1375, -0.5906 -0.7658 0.1375, -0.7087 -0.7658 0.0785, -0.7382 -0.7658 0.0785, -0.7087 -1.0272 0.0694, -0.7087 -1.0196 0.0744, -0.7087 -1.0111 0.0774, -0.7087 -1.002 0.0785, -0.5906 -1.0272 0.0694, -0.5906 -1.0196 0.0744, -0.5906 -1.0111 0.0774, -0.5906 -1.002 0.0785, -0.5906 -0.7658 0.0785, -0.5611 -0.7658 0.0785, -0.5611 -0.2892 0.0785, -0.7382 -0.2892 0.0785
            ]
        }
        coordIndex [
            0,1,2,-1,2,1,3,-1,1,0,4,-1,4,0,5,-1,4,5,6,-1,6,5,7,-1,6,7,8,-1,8,7,9,-1,8,9,10,-1,10,9,11,-1,10,11,12,-1,12,11,13,-1,12,13,14,-1,14,13,15,-1,14,15,16,-1,16,15,17,-1,16,17,18,-1,18,17,19,-1,18,19,20,-1,20,19,21,-1,20,21,22,-1,22,21,23,-1,22,23,24,-1,24,23,25,-1,24,25,26,-1,26,25,27,-1,28,29,30,-1,30,29,31,-1,30,31,32,-1,32,31,33,-1,32,33,34,-1,33,35,34,-1,34,35,36,-1,34,36,37,-1,37,36,38,-1,38,39,37,-1,37,39,40,-1,37,40,41,-1,41,40,42,-1,41,42,43,-1,42,44,43,-1,43,44,45,-1,43,45,46,-1,46,45,47,-1,46,47,48,-1,47,49,48,-1,48,49,50,-1,48,50,51,-1,51,50,52,-1,51,52,53,-1,53,52,54,-1,52,55,54,-1,54,55,56,-1,54,56,57,-1,57,56,58,-1,57,58,59,-1,59,58,2,-1,59,2,60,-1,61,60,3,-1,3,60,2,-1,62,63,64,-1,65,66,67,-1,3,68,61,-1,61,68,69,-1,61,69,70,-1,70,69,71,-1,70,71,72,-1,71,73,72,-1,72,73,74,-1,72,74,75,-1,75,74,76,-1,75,76,77,-1,78,79,80,-1,80,79,81,-1,76,82,77,-1,77,82,80,-1,77,80,83,-1,83,80,81,-1,67,66,84,-1,78,85,79,-1,79,85,86,-1,79,86,66,-1,66,86,87,-1,66,87,84,-1,88,89,90,-1,65,67,90,-1,90,67,91,-1,90,91,88,-1,63,62,89,-1,89,62,92,-1,89,92,90,-1,93,69,94,-1,94,69,68,-1,94,68,1,-1,1,68,3,-1,95,74,96,-1,96,74,73,-1,96,73,93,-1,93,73,71,-1,93,71,69,-1,97,80,98,-1,98,80,82,-1,98,82,95,-1,95,82,76,-1,95,76,74,-1,99,86,100,-1,100,86,85,-1,100,85,97,-1,97,85,78,-1,97,78,80,-1,101,67,102,-1,102,67,84,-1,102,84,99,-1,99,84,87,-1,99,87,86,-1,103,104,64,-1,64,63,103,-1,103,63,89,-1,103,89,105,-1,105,89,88,-1,105,88,101,-1,101,88,91,-1,101,91,67,-1,28,106,29,-1,29,106,107,-1,29,107,31,-1,31,107,108,-1,31,108,33,-1,33,108,109,-1,33,109,35,-1,35,109,110,-1,35,110,36,-1,36,110,111,-1,36,111,38,-1,38,111,112,-1,38,112,39,-1,39,112,113,-1,39,113,40,-1,40,113,114,-1,40,114,42,-1,42,114,115,-1,42,115,44,-1,44,115,116,-1,44,116,45,-1,45,116,117,-1,45,117,47,-1,47,117,118,-1,47,118,49,-1,49,118,119,-1,49,119,50,-1,50,119,120,-1,50,120,52,-1,121,122,56,-1,56,122,58,-1,121,56,120,-1,120,56,55,-1,120,55,52,-1,122,123,58,-1,58,123,0,-1,58,0,2,-1,124,125,126,-1,126,125,127,-1,27,128,26,-1,26,128,129,-1,130,131,132,-1,133,134,135,-1,136,137,138,-1,139,140,26,-1,26,140,24,-1,24,140,22,-1,22,140,141,-1,22,141,20,-1,20,141,142,-1,20,142,18,-1,18,142,143,-1,18,143,16,-1,16,143,14,-1,14,143,144,-1,14,144,12,-1,12,144,145,-1,12,145,10,-1,10,145,146,-1,10,146,8,-1,8,146,6,-1,6,146,147,-1,6,147,4,-1,4,147,94,-1,4,94,1,-1,148,149,104,-1,149,148,150,-1,150,148,151,-1,150,151,152,-1,152,151,153,-1,152,153,154,-1,154,153,155,-1,154,155,156,-1,156,155,157,-1,157,155,158,-1,157,158,159,-1,159,158,160,-1,159,160,161,-1,161,160,162,-1,161,162,163,-1,163,162,164,-1,164,162,165,-1,164,165,166,-1,139,136,140,-1,140,136,138,-1,140,138,141,-1,141,138,167,-1,141,167,142,-1,142,167,168,-1,142,168,143,-1,143,168,169,-1,143,169,144,-1,144,169,170,-1,144,170,145,-1,145,170,171,-1,145,171,146,-1,146,171,172,-1,146,172,147,-1,147,172,173,-1,137,133,138,-1,138,133,135,-1,138,135,167,-1,167,135,174,-1,167,174,168,-1,168,174,175,-1,168,175,169,-1,169,175,176,-1,169,176,170,-1,170,176,177,-1,170,177,171,-1,171,177,178,-1,171,178,172,-1,172,178,179,-1,172,179,173,-1,173,179,180,-1,173,180,98,-1,98,95,173,-1,173,95,96,-1,173,96,147,-1,147,96,93,-1,147,93,94,-1,134,130,135,-1,135,130,132,-1,135,132,174,-1,174,132,181,-1,174,181,175,-1,175,181,182,-1,175,182,176,-1,176,182,183,-1,176,183,177,-1,177,183,184,-1,177,184,178,-1,178,184,185,-1,178,185,179,-1,179,185,186,-1,179,186,180,-1,180,186,187,-1,131,188,132,-1,132,188,189,-1,132,189,181,-1,181,189,190,-1,181,190,182,-1,182,190,191,-1,182,191,183,-1,183,191,192,-1,183,192,184,-1,184,192,193,-1,184,193,185,-1,185,193,194,-1,185,194,186,-1,186,194,195,-1,186,195,187,-1,187,195,196,-1,187,196,102,-1,102,99,187,-1,187,99,100,-1,187,100,180,-1,180,100,97,-1,180,97,98,-1,197,166,198,-1,198,166,165,-1,198,165,199,-1,199,165,200,-1,188,200,189,-1,189,200,165,-1,189,165,190,-1,190,165,162,-1,190,162,191,-1,191,162,160,-1,191,160,192,-1,192,160,158,-1,192,158,193,-1,193,158,155,-1,193,155,194,-1,194,155,153,-1,194,153,195,-1,195,153,151,-1,195,151,196,-1,196,151,148,-1,104,103,148,-1,148,103,105,-1,148,105,196,-1,196,105,101,-1,196,101,102,-1,201,202,203,-1,204,205,206,-1,108,107,207,-1,123,122,208,-1,0,123,5,-1,5,123,208,-1,5,208,7,-1,7,208,209,-1,7,209,9,-1,9,209,210,-1,9,210,11,-1,11,210,211,-1,11,211,13,-1,13,211,15,-1,15,211,212,-1,15,212,17,-1,17,212,213,-1,17,213,19,-1,19,213,214,-1,19,214,21,-1,215,216,217,-1,217,216,218,-1,21,214,23,-1,23,214,217,-1,23,217,25,-1,25,217,218,-1,25,218,27,-1,219,220,221,-1,220,219,222,-1,222,219,223,-1,222,223,224,-1,224,223,225,-1,224,225,226,-1,226,225,227,-1,226,227,228,-1,228,227,229,-1,229,227,230,-1,229,230,231,-1,231,230,232,-1,231,232,233,-1,233,232,234,-1,233,234,235,-1,235,234,236,-1,236,234,207,-1,236,207,237,-1,237,207,107,-1,237,107,106,-1,238,239,240,-1,111,110,241,-1,241,110,109,-1,109,108,241,-1,241,108,207,-1,241,207,242,-1,242,207,234,-1,242,234,243,-1,243,234,232,-1,243,232,244,-1,244,232,230,-1,244,230,245,-1,245,230,227,-1,245,227,246,-1,246,227,225,-1,246,225,247,-1,247,225,223,-1,247,223,240,-1,240,223,219,-1,240,219,238,-1,238,219,221,-1,248,249,250,-1,114,113,251,-1,251,113,112,-1,112,111,251,-1,251,111,241,-1,251,241,252,-1,252,241,242,-1,252,242,253,-1,253,242,243,-1,253,243,254,-1,254,243,244,-1,254,244,255,-1,255,244,245,-1,255,245,256,-1,256,245,246,-1,256,246,257,-1,257,246,247,-1,257,247,250,-1,250,247,240,-1,250,240,248,-1,248,240,239,-1,204,206,258,-1,115,114,259,-1,259,114,251,-1,259,251,260,-1,260,251,252,-1,260,252,261,-1,261,252,253,-1,261,253,262,-1,262,253,254,-1,262,254,263,-1,263,254,255,-1,263,255,264,-1,264,255,256,-1,264,256,265,-1,265,256,257,-1,265,257,206,-1,206,257,250,-1,206,250,258,-1,258,250,249,-1,118,117,259,-1,259,117,116,-1,259,116,115,-1,205,201,206,-1,206,201,203,-1,206,203,265,-1,265,203,266,-1,265,266,264,-1,264,266,267,-1,264,267,263,-1,263,267,268,-1,263,268,262,-1,262,268,269,-1,262,269,261,-1,261,269,270,-1,261,270,260,-1,260,270,271,-1,260,271,259,-1,259,271,272,-1,259,272,118,-1,121,120,272,-1,272,120,119,-1,272,119,118,-1,122,121,208,-1,208,121,272,-1,208,272,209,-1,209,272,271,-1,209,271,210,-1,210,271,270,-1,210,270,211,-1,211,270,269,-1,211,269,212,-1,212,269,268,-1,212,268,213,-1,213,268,267,-1,213,267,214,-1,214,267,266,-1,214,266,217,-1,217,266,203,-1,217,203,215,-1,215,203,202,-1,64,104,273,-1,34,37,274,-1,106,28,275,-1,275,28,30,-1,275,30,274,-1,274,30,32,-1,274,32,34,-1,37,41,274,-1,274,41,43,-1,274,43,276,-1,276,43,46,-1,276,46,277,-1,277,46,48,-1,277,48,278,-1,278,48,51,-1,278,51,279,-1,51,53,279,-1,279,53,54,-1,279,54,280,-1,280,54,57,-1,280,57,281,-1,281,57,59,-1,281,59,60,-1,65,282,66,-1,66,282,283,-1,66,283,79,-1,61,70,284,-1,284,70,72,-1,284,72,285,-1,285,72,75,-1,285,75,286,-1,286,75,77,-1,286,77,287,-1,287,77,83,-1,287,83,283,-1,283,83,81,-1,283,81,79,-1,65,90,282,-1,282,90,92,-1,282,92,273,-1,273,92,62,-1,273,62,64,-1,284,288,61,-1,61,288,124,-1,61,124,60,-1,60,124,126,-1,60,126,281,-1,277,278,289,-1,290,276,291,-1,291,276,277,-1,291,277,292,-1,292,277,289,-1,279,280,293,-1,293,294,279,-1,279,294,295,-1,279,295,278,-1,278,295,296,-1,278,296,289,-1,281,126,127,-1,127,297,281,-1,281,297,298,-1,281,298,280,-1,280,298,299,-1,280,299,293,-1,290,300,276,-1,276,300,301,-1,276,301,274,-1,302,125,124,-1,302,124,303,-1,303,124,288,-1,303,288,304,-1,304,288,284,-1,304,284,305,-1,305,284,306,-1,306,284,285,-1,306,285,307,-1,307,285,308,-1,308,285,286,-1,308,286,309,-1,309,286,310,-1,310,286,287,-1,310,287,311,-1,311,287,312,-1,312,287,283,-1,312,283,313,-1,313,283,282,-1,313,282,314,-1,299,298,312,-1,296,295,312,-1,295,294,312,-1,312,294,293,-1,312,293,299,-1,125,302,312,-1,312,302,303,-1,312,303,304,-1,312,290,291,-1,298,297,312,-1,312,297,127,-1,312,127,125,-1,304,305,312,-1,312,305,306,-1,312,306,307,-1,309,310,311,-1,291,292,312,-1,312,292,289,-1,312,289,296,-1,308,309,307,-1,307,309,311,-1,307,311,312,-1,258,249,315,-1,128,27,218,-1,216,316,218,-1,218,316,317,-1,218,317,128,-1,202,318,215,-1,215,318,319,-1,215,319,216,-1,216,319,320,-1,216,320,316,-1,205,321,201,-1,201,321,322,-1,201,322,202,-1,202,322,323,-1,202,323,318,-1,315,324,258,-1,258,324,325,-1,258,325,204,-1,204,325,326,-1,204,326,205,-1,205,326,327,-1,205,327,321,-1,239,328,248,-1,248,328,329,-1,248,329,249,-1,249,329,330,-1,249,330,315,-1,221,331,238,-1,238,331,332,-1,238,332,239,-1,239,332,333,-1,239,333,328,-1,332,331,334,-1,317,316,335,-1,336,128,337,-1,337,128,317,-1,337,317,338,-1,338,317,335,-1,319,318,339,-1,316,320,335,-1,335,320,319,-1,335,319,340,-1,340,319,339,-1,322,321,341,-1,318,323,339,-1,339,323,322,-1,339,322,342,-1,342,322,341,-1,326,325,343,-1,321,327,341,-1,341,327,326,-1,341,326,344,-1,344,326,343,-1,315,330,345,-1,325,324,343,-1,343,324,315,-1,343,315,346,-1,346,315,345,-1,330,329,345,-1,345,329,328,-1,345,328,334,-1,334,328,333,-1,334,333,332,-1,128,336,129,-1,129,336,347,-1,348,349,350,-1,350,349,351,-1,350,351,352,-1,352,351,353,-1,352,353,354,-1,348,355,349,-1,349,355,356,-1,349,356,357,-1,357,356,358,-1,357,358,359,-1,358,360,359,-1,359,360,361,-1,359,361,362,-1,362,361,363,-1,362,363,364,-1,363,365,364,-1,364,365,366,-1,364,366,367,-1,367,366,368,-1,367,368,369,-1,368,370,369,-1,369,370,371,-1,369,371,372,-1,372,371,373,-1,372,373,374,-1,373,375,374,-1,374,375,376,-1,374,376,377,-1,377,376,129,-1,377,129,378,-1,378,129,347,-1,139,26,129,-1,354,197,352,-1,352,197,198,-1,352,198,350,-1,350,198,199,-1,188,356,200,-1,200,356,355,-1,200,355,199,-1,199,355,348,-1,199,348,350,-1,131,360,188,-1,188,360,358,-1,188,358,356,-1,134,365,130,-1,130,365,363,-1,130,363,131,-1,131,363,361,-1,131,361,360,-1,137,370,133,-1,133,370,368,-1,133,368,134,-1,134,368,366,-1,134,366,365,-1,129,376,139,-1,139,376,375,-1,139,375,136,-1,136,375,373,-1,136,373,137,-1,137,373,371,-1,137,371,370,-1,197,379,166,-1,166,379,380,-1,166,380,164,-1,164,380,163,-1,163,380,161,-1,161,380,381,-1,161,381,159,-1,159,381,382,-1,159,382,157,-1,157,382,156,-1,156,382,383,-1,156,383,154,-1,154,383,152,-1,152,383,384,-1,152,384,150,-1,150,384,149,-1,149,384,273,-1,149,273,104,-1,385,221,386,-1,386,221,220,-1,220,222,386,-1,386,222,224,-1,386,224,387,-1,224,226,387,-1,387,226,228,-1,387,228,388,-1,228,229,388,-1,388,229,231,-1,388,231,389,-1,231,233,389,-1,389,233,235,-1,389,235,390,-1,106,275,237,-1,237,275,390,-1,237,390,236,-1,236,390,235,-1,290,312,300,-1,300,312,313,-1,300,313,301,-1,301,313,314,-1,301,314,391,-1,391,314,392,-1,393,394,395,-1,395,394,396,-1,331,221,385,-1,337,338,397,-1,397,338,335,-1,369,372,398,-1,398,372,374,-1,398,374,377,-1,335,340,397,-1,397,340,339,-1,397,339,342,-1,379,197,354,-1,362,398,359,-1,359,398,357,-1,362,364,398,-1,398,364,367,-1,398,367,369,-1,377,378,398,-1,398,378,347,-1,398,347,397,-1,397,347,336,-1,397,336,337,-1,342,341,397,-1,397,341,344,-1,397,344,343,-1,354,353,379,-1,379,353,351,-1,379,351,398,-1,398,351,349,-1,398,349,357,-1,343,346,397,-1,397,346,345,-1,397,345,385,-1,385,345,334,-1,385,334,331,-1,395,396,399,-1,399,396,400,-1,391,392,401,-1,401,392,402,-1,401,402,403,-1,403,402,404,-1,403,404,405,-1,405,404,406,-1,405,406,407,-1,407,406,408,-1,407,408,409,-1,409,408,410,-1,394,393,411,-1,411,393,412,-1,411,412,413,-1,413,412,414,-1,413,414,415,-1,415,414,416,-1,415,416,417,-1,417,416,418,-1,419,420,421,-1,421,420,422,-1,421,422,423,-1,423,422,424,-1,423,424,425,-1,425,424,426,-1,425,426,397,-1,397,426,398,-1,400,427,399,-1,399,427,428,-1,429,430,410,-1,410,430,409,-1,418,431,417,-1,417,431,432,-1,420,419,433,-1,433,419,434,-1,433,434,435,-1,435,434,436,-1,435,436,437,-1,437,436,438,-1,439,440,441,-1,439,441,442,-1,442,441,443,-1,442,443,444,-1,444,443,445,-1,444,445,446,-1,446,445,428,-1,446,428,427,-1,447,433,448,-1,448,433,435,-1,314,282,392,-1,392,282,273,-1,392,273,402,-1,402,273,384,-1,402,384,404,-1,433,447,420,-1,420,447,449,-1,420,449,422,-1,422,449,450,-1,422,450,424,-1,424,450,451,-1,424,451,426,-1,426,451,452,-1,426,452,398,-1,398,452,429,-1,398,429,379,-1,379,429,410,-1,379,410,380,-1,380,410,408,-1,380,408,381,-1,381,408,406,-1,381,406,382,-1,382,406,404,-1,382,404,383,-1,383,404,384,-1,430,429,452,-1,430,452,453,-1,453,452,451,-1,453,451,454,-1,454,451,450,-1,454,450,455,-1,455,450,449,-1,455,449,456,-1,274,301,275,-1,275,301,391,-1,275,391,390,-1,390,391,401,-1,390,401,389,-1,389,401,403,-1,389,403,388,-1,388,403,405,-1,457,434,456,-1,456,434,419,-1,456,419,455,-1,455,419,421,-1,455,421,454,-1,454,421,423,-1,454,423,453,-1,453,423,425,-1,453,425,430,-1,430,425,397,-1,430,397,409,-1,409,397,385,-1,409,385,407,-1,407,385,386,-1,407,386,405,-1,405,386,387,-1,405,387,388,-1,436,434,458,-1,458,434,457,-1,459,460,461,-1,459,461,462,-1,462,461,463,-1,462,463,464,-1,464,463,465,-1,464,465,466,-1,466,465,432,-1,466,432,431,-1,467,468,438,-1,438,468,437,-1,469,470,439,-1,439,470,440,-1,456,449,457,-1,457,449,447,-1,457,447,458,-1,458,447,448,-1,458,448,471,-1,471,448,472,-1,467,473,468,-1,468,473,474,-1,475,468,476,-1,476,468,474,-1,476,474,459,-1,459,474,460,-1,477,474,478,-1,478,474,473,-1,400,396,427,-1,427,396,394,-1,427,394,446,-1,446,394,411,-1,446,411,444,-1,444,411,413,-1,444,413,442,-1,442,413,415,-1,442,415,439,-1,439,415,417,-1,439,417,469,-1,469,417,432,-1,469,432,479,-1,479,432,465,-1,479,465,480,-1,480,465,463,-1,480,463,481,-1,481,463,461,-1,481,461,482,-1,482,461,460,-1,482,460,477,-1,477,460,474,-1,470,469,483,-1,483,469,479,-1,483,479,484,-1,484,479,480,-1,484,480,485,-1,485,480,481,-1,485,481,486,-1,486,481,482,-1,487,476,486,-1,486,476,459,-1,486,459,485,-1,485,459,462,-1,485,462,484,-1,484,462,464,-1,484,464,483,-1,483,464,466,-1,483,466,470,-1,470,466,431,-1,470,431,440,-1,440,431,418,-1,440,418,441,-1,441,418,416,-1,441,416,443,-1,443,416,414,-1,443,414,445,-1,445,414,412,-1,445,412,428,-1,428,412,393,-1,428,393,399,-1,399,393,395,-1,488,475,487,-1,487,475,476,-1,475,488,468,-1,468,488,489,-1,468,489,437,-1,437,489,472,-1,437,472,435,-1,435,472,448,-1,472,489,471,-1,471,489,490,-1,436,458,438,-1,438,458,471,-1,438,471,467,-1,467,471,490,-1,467,490,473,-1,473,490,478,-1,477,478,490,-1,489,488,487,-1,486,482,487,-1,487,482,477,-1,487,477,489,-1,489,477,490,-1,491,492,493,-1,493,492,494,-1,492,491,495,-1,495,491,496,-1,495,496,497,-1,497,496,498,-1,497,498,499,-1,499,498,500,-1,499,500,501,-1,501,500,502,-1,501,502,503,-1,503,502,504,-1,503,504,505,-1,505,504,506,-1,505,506,507,-1,507,506,508,-1,507,508,509,-1,509,508,510,-1,509,510,511,-1,511,510,512,-1,511,512,513,-1,513,512,514,-1,513,514,515,-1,515,514,516,-1,515,516,517,-1,517,516,518,-1,519,520,521,-1,521,520,522,-1,521,522,523,-1,523,522,524,-1,523,524,525,-1,524,526,525,-1,525,526,527,-1,525,527,528,-1,528,527,529,-1,529,530,528,-1,528,530,531,-1,528,531,532,-1,532,531,533,-1,532,533,534,-1,533,535,534,-1,534,535,536,-1,534,536,537,-1,537,536,538,-1,537,538,539,-1,538,540,539,-1,539,540,541,-1,539,541,542,-1,542,541,543,-1,542,543,544,-1,544,543,545,-1,543,546,545,-1,545,546,547,-1,545,547,548,-1,548,547,549,-1,548,549,550,-1,550,549,493,-1,550,493,551,-1,552,551,494,-1,494,551,493,-1,553,554,555,-1,556,557,558,-1,494,559,552,-1,552,559,560,-1,552,560,561,-1,561,560,562,-1,561,562,563,-1,562,564,563,-1,563,564,565,-1,563,565,566,-1,566,565,567,-1,566,567,568,-1,569,570,571,-1,571,570,572,-1,567,573,568,-1,568,573,571,-1,568,571,574,-1,574,571,572,-1,558,557,575,-1,569,576,570,-1,570,576,577,-1,570,577,557,-1,557,577,578,-1,557,578,575,-1,579,580,581,-1,556,558,581,-1,581,558,582,-1,581,582,579,-1,554,553,580,-1,580,553,583,-1,580,583,581,-1,584,560,585,-1,585,560,559,-1,585,559,492,-1,492,559,494,-1,586,565,587,-1,587,565,564,-1,587,564,584,-1,584,564,562,-1,584,562,560,-1,588,571,589,-1,589,571,573,-1,589,573,586,-1,586,573,567,-1,586,567,565,-1,590,577,591,-1,591,577,576,-1,591,576,588,-1,588,576,569,-1,588,569,571,-1,592,558,593,-1,593,558,575,-1,593,575,590,-1,590,575,578,-1,590,578,577,-1,594,595,555,-1,555,554,594,-1,594,554,580,-1,594,580,596,-1,596,580,579,-1,596,579,592,-1,592,579,582,-1,592,582,558,-1,519,597,520,-1,520,597,598,-1,520,598,522,-1,522,598,599,-1,522,599,524,-1,524,599,600,-1,524,600,526,-1,526,600,601,-1,526,601,527,-1,527,601,602,-1,527,602,529,-1,529,602,603,-1,529,603,530,-1,530,603,604,-1,530,604,531,-1,531,604,605,-1,531,605,533,-1,533,605,606,-1,533,606,535,-1,535,606,607,-1,535,607,536,-1,536,607,608,-1,536,608,538,-1,538,608,609,-1,538,609,540,-1,540,609,610,-1,540,610,541,-1,541,610,611,-1,541,611,543,-1,612,613,547,-1,547,613,549,-1,612,547,611,-1,611,547,546,-1,611,546,543,-1,613,614,549,-1,549,614,491,-1,549,491,493,-1,615,616,617,-1,617,616,618,-1,518,619,517,-1,517,619,620,-1,621,622,623,-1,624,625,626,-1,627,628,629,-1,630,631,517,-1,517,631,515,-1,515,631,513,-1,513,631,632,-1,513,632,511,-1,511,632,633,-1,511,633,509,-1,509,633,634,-1,509,634,507,-1,507,634,505,-1,505,634,635,-1,505,635,503,-1,503,635,636,-1,503,636,501,-1,501,636,637,-1,501,637,499,-1,499,637,497,-1,497,637,638,-1,497,638,495,-1,495,638,585,-1,495,585,492,-1,639,640,595,-1,640,639,641,-1,641,639,642,-1,641,642,643,-1,643,642,644,-1,643,644,645,-1,645,644,646,-1,645,646,647,-1,647,646,648,-1,648,646,649,-1,648,649,650,-1,650,649,651,-1,650,651,652,-1,652,651,653,-1,652,653,654,-1,654,653,655,-1,655,653,656,-1,655,656,657,-1,630,627,631,-1,631,627,629,-1,631,629,632,-1,632,629,658,-1,632,658,633,-1,633,658,659,-1,633,659,634,-1,634,659,660,-1,634,660,635,-1,635,660,661,-1,635,661,636,-1,636,661,662,-1,636,662,637,-1,637,662,663,-1,637,663,638,-1,638,663,664,-1,628,624,629,-1,629,624,626,-1,629,626,658,-1,658,626,665,-1,658,665,659,-1,659,665,666,-1,659,666,660,-1,660,666,667,-1,660,667,661,-1,661,667,668,-1,661,668,662,-1,662,668,669,-1,662,669,663,-1,663,669,670,-1,663,670,664,-1,664,670,671,-1,664,671,589,-1,589,586,664,-1,664,586,587,-1,664,587,638,-1,638,587,584,-1,638,584,585,-1,625,621,626,-1,626,621,623,-1,626,623,665,-1,665,623,672,-1,665,672,666,-1,666,672,673,-1,666,673,667,-1,667,673,674,-1,667,674,668,-1,668,674,675,-1,668,675,669,-1,669,675,676,-1,669,676,670,-1,670,676,677,-1,670,677,671,-1,671,677,678,-1,622,679,623,-1,623,679,680,-1,623,680,672,-1,672,680,681,-1,672,681,673,-1,673,681,682,-1,673,682,674,-1,674,682,683,-1,674,683,675,-1,675,683,684,-1,675,684,676,-1,676,684,685,-1,676,685,677,-1,677,685,686,-1,677,686,678,-1,678,686,687,-1,678,687,593,-1,593,590,678,-1,678,590,591,-1,678,591,671,-1,671,591,588,-1,671,588,589,-1,688,657,689,-1,689,657,656,-1,689,656,690,-1,690,656,691,-1,679,691,680,-1,680,691,656,-1,680,656,681,-1,681,656,653,-1,681,653,682,-1,682,653,651,-1,682,651,683,-1,683,651,649,-1,683,649,684,-1,684,649,646,-1,684,646,685,-1,685,646,644,-1,685,644,686,-1,686,644,642,-1,686,642,687,-1,687,642,639,-1,595,594,639,-1,639,594,596,-1,639,596,687,-1,687,596,592,-1,687,592,593,-1,692,693,694,-1,695,696,697,-1,599,598,698,-1,614,613,699,-1,491,614,496,-1,496,614,699,-1,496,699,498,-1,498,699,700,-1,498,700,500,-1,500,700,701,-1,500,701,502,-1,502,701,702,-1,502,702,504,-1,504,702,506,-1,506,702,703,-1,506,703,508,-1,508,703,704,-1,508,704,510,-1,510,704,705,-1,510,705,512,-1,706,707,708,-1,708,707,709,-1,512,705,514,-1,514,705,708,-1,514,708,516,-1,516,708,709,-1,516,709,518,-1,710,711,712,-1,711,710,713,-1,713,710,714,-1,713,714,715,-1,715,714,716,-1,715,716,717,-1,717,716,718,-1,717,718,719,-1,719,718,720,-1,720,718,721,-1,720,721,722,-1,722,721,723,-1,722,723,724,-1,724,723,725,-1,724,725,726,-1,726,725,727,-1,727,725,698,-1,727,698,728,-1,728,698,598,-1,728,598,597,-1,729,730,731,-1,602,601,732,-1,732,601,600,-1,600,599,732,-1,732,599,698,-1,732,698,733,-1,733,698,725,-1,733,725,734,-1,734,725,723,-1,734,723,735,-1,735,723,721,-1,735,721,736,-1,736,721,718,-1,736,718,737,-1,737,718,716,-1,737,716,738,-1,738,716,714,-1,738,714,731,-1,731,714,710,-1,731,710,729,-1,729,710,712,-1,739,740,741,-1,605,604,742,-1,742,604,603,-1,603,602,742,-1,742,602,732,-1,742,732,743,-1,743,732,733,-1,743,733,744,-1,744,733,734,-1,744,734,745,-1,745,734,735,-1,745,735,746,-1,746,735,736,-1,746,736,747,-1,747,736,737,-1,747,737,748,-1,748,737,738,-1,748,738,741,-1,741,738,731,-1,741,731,739,-1,739,731,730,-1,695,697,749,-1,606,605,750,-1,750,605,742,-1,750,742,751,-1,751,742,743,-1,751,743,752,-1,752,743,744,-1,752,744,753,-1,753,744,745,-1,753,745,754,-1,754,745,746,-1,754,746,755,-1,755,746,747,-1,755,747,756,-1,756,747,748,-1,756,748,697,-1,697,748,741,-1,697,741,749,-1,749,741,740,-1,609,608,750,-1,750,608,607,-1,750,607,606,-1,696,692,697,-1,697,692,694,-1,697,694,756,-1,756,694,757,-1,756,757,755,-1,755,757,758,-1,755,758,754,-1,754,758,759,-1,754,759,753,-1,753,759,760,-1,753,760,752,-1,752,760,761,-1,752,761,751,-1,751,761,762,-1,751,762,750,-1,750,762,763,-1,750,763,609,-1,612,611,763,-1,763,611,610,-1,763,610,609,-1,613,612,699,-1,699,612,763,-1,699,763,700,-1,700,763,762,-1,700,762,701,-1,701,762,761,-1,701,761,702,-1,702,761,760,-1,702,760,703,-1,703,760,759,-1,703,759,704,-1,704,759,758,-1,704,758,705,-1,705,758,757,-1,705,757,708,-1,708,757,694,-1,708,694,706,-1,706,694,693,-1,555,595,764,-1,525,528,765,-1,597,519,766,-1,766,519,521,-1,766,521,765,-1,765,521,523,-1,765,523,525,-1,528,532,765,-1,765,532,534,-1,765,534,767,-1,767,534,537,-1,767,537,768,-1,768,537,539,-1,768,539,769,-1,769,539,542,-1,769,542,770,-1,542,544,770,-1,770,544,545,-1,770,545,771,-1,771,545,548,-1,771,548,772,-1,772,548,550,-1,772,550,551,-1,556,773,557,-1,557,773,774,-1,557,774,570,-1,552,561,775,-1,775,561,563,-1,775,563,776,-1,776,563,566,-1,776,566,777,-1,777,566,568,-1,777,568,778,-1,778,568,574,-1,778,574,774,-1,774,574,572,-1,774,572,570,-1,556,581,773,-1,773,581,583,-1,773,583,764,-1,764,583,553,-1,764,553,555,-1,775,779,552,-1,552,779,615,-1,552,615,551,-1,551,615,617,-1,551,617,772,-1,768,769,780,-1,781,767,782,-1,782,767,768,-1,782,768,783,-1,783,768,780,-1,770,771,784,-1,784,785,770,-1,770,785,786,-1,770,786,769,-1,769,786,787,-1,769,787,780,-1,772,617,618,-1,618,788,772,-1,772,788,789,-1,772,789,771,-1,771,789,790,-1,771,790,784,-1,781,791,767,-1,767,791,792,-1,767,792,765,-1,793,616,615,-1,793,615,794,-1,794,615,779,-1,794,779,795,-1,795,779,775,-1,795,775,796,-1,796,775,797,-1,797,775,776,-1,797,776,798,-1,798,776,799,-1,799,776,777,-1,799,777,800,-1,800,777,801,-1,801,777,778,-1,801,778,802,-1,802,778,803,-1,803,778,774,-1,803,774,804,-1,804,774,773,-1,804,773,805,-1,790,789,803,-1,787,786,803,-1,786,785,803,-1,803,785,784,-1,803,784,790,-1,616,793,803,-1,803,793,794,-1,803,794,795,-1,803,781,782,-1,789,788,803,-1,803,788,618,-1,803,618,616,-1,795,796,803,-1,803,796,797,-1,803,797,798,-1,800,801,802,-1,782,783,803,-1,803,783,780,-1,803,780,787,-1,799,800,798,-1,798,800,802,-1,798,802,803,-1,749,740,806,-1,619,518,709,-1,707,807,709,-1,709,807,808,-1,709,808,619,-1,693,809,706,-1,706,809,810,-1,706,810,707,-1,707,810,811,-1,707,811,807,-1,696,812,692,-1,692,812,813,-1,692,813,693,-1,693,813,814,-1,693,814,809,-1,806,815,749,-1,749,815,816,-1,749,816,695,-1,695,816,817,-1,695,817,696,-1,696,817,818,-1,696,818,812,-1,730,819,739,-1,739,819,820,-1,739,820,740,-1,740,820,821,-1,740,821,806,-1,712,822,729,-1,729,822,823,-1,729,823,730,-1,730,823,824,-1,730,824,819,-1,823,822,825,-1,808,807,826,-1,827,619,828,-1,828,619,808,-1,828,808,829,-1,829,808,826,-1,810,809,830,-1,807,811,826,-1,826,811,810,-1,826,810,831,-1,831,810,830,-1,813,812,832,-1,809,814,830,-1,830,814,813,-1,830,813,833,-1,833,813,832,-1,817,816,834,-1,812,818,832,-1,832,818,817,-1,832,817,835,-1,835,817,834,-1,806,821,836,-1,816,815,834,-1,834,815,806,-1,834,806,837,-1,837,806,836,-1,821,820,836,-1,836,820,819,-1,836,819,825,-1,825,819,824,-1,825,824,823,-1,619,827,620,-1,620,827,838,-1,839,840,841,-1,841,840,842,-1,841,842,843,-1,843,842,844,-1,843,844,845,-1,839,846,840,-1,840,846,847,-1,840,847,848,-1,848,847,849,-1,848,849,850,-1,849,851,850,-1,850,851,852,-1,850,852,853,-1,853,852,854,-1,853,854,855,-1,854,856,855,-1,855,856,857,-1,855,857,858,-1,858,857,859,-1,858,859,860,-1,859,861,860,-1,860,861,862,-1,860,862,863,-1,863,862,864,-1,863,864,865,-1,864,866,865,-1,865,866,867,-1,865,867,868,-1,868,867,620,-1,868,620,869,-1,869,620,838,-1,630,517,620,-1,845,688,843,-1,843,688,689,-1,843,689,841,-1,841,689,690,-1,679,847,691,-1,691,847,846,-1,691,846,690,-1,690,846,839,-1,690,839,841,-1,622,851,679,-1,679,851,849,-1,679,849,847,-1,625,856,621,-1,621,856,854,-1,621,854,622,-1,622,854,852,-1,622,852,851,-1,628,861,624,-1,624,861,859,-1,624,859,625,-1,625,859,857,-1,625,857,856,-1,620,867,630,-1,630,867,866,-1,630,866,627,-1,627,866,864,-1,627,864,628,-1,628,864,862,-1,628,862,861,-1,688,870,657,-1,657,870,871,-1,657,871,655,-1,655,871,654,-1,654,871,652,-1,652,871,872,-1,652,872,650,-1,650,872,873,-1,650,873,648,-1,648,873,647,-1,647,873,874,-1,647,874,645,-1,645,874,643,-1,643,874,875,-1,643,875,641,-1,641,875,640,-1,640,875,764,-1,640,764,595,-1,876,712,877,-1,877,712,711,-1,711,713,877,-1,877,713,715,-1,877,715,878,-1,715,717,878,-1,878,717,719,-1,878,719,879,-1,719,720,879,-1,879,720,722,-1,879,722,880,-1,722,724,880,-1,880,724,726,-1,880,726,881,-1,597,766,728,-1,728,766,881,-1,728,881,727,-1,727,881,726,-1,781,803,791,-1,791,803,804,-1,791,804,792,-1,792,804,805,-1,792,805,882,-1,882,805,883,-1,884,885,886,-1,886,885,887,-1,822,712,876,-1,828,829,888,-1,888,829,826,-1,860,863,889,-1,889,863,865,-1,889,865,868,-1,826,831,888,-1,888,831,830,-1,888,830,833,-1,870,688,845,-1,853,889,850,-1,850,889,848,-1,853,855,889,-1,889,855,858,-1,889,858,860,-1,868,869,889,-1,889,869,838,-1,889,838,888,-1,888,838,827,-1,888,827,828,-1,833,832,888,-1,888,832,835,-1,888,835,834,-1,845,844,870,-1,870,844,842,-1,870,842,889,-1,889,842,840,-1,889,840,848,-1,834,837,888,-1,888,837,836,-1,888,836,876,-1,876,836,825,-1,876,825,822,-1,886,887,890,-1,890,887,891,-1,882,883,892,-1,892,883,893,-1,892,893,894,-1,894,893,895,-1,894,895,896,-1,896,895,897,-1,896,897,898,-1,898,897,899,-1,898,899,900,-1,900,899,901,-1,885,884,902,-1,902,884,903,-1,902,903,904,-1,904,903,905,-1,904,905,906,-1,906,905,907,-1,906,907,908,-1,908,907,909,-1,910,911,912,-1,912,911,913,-1,912,913,914,-1,914,913,915,-1,914,915,916,-1,916,915,917,-1,916,917,888,-1,888,917,889,-1,891,918,890,-1,890,918,919,-1,920,921,901,-1,901,921,900,-1,909,922,908,-1,908,922,923,-1,911,910,924,-1,924,910,925,-1,924,925,926,-1,926,925,927,-1,926,927,928,-1,928,927,929,-1,930,931,932,-1,930,932,933,-1,933,932,934,-1,933,934,935,-1,935,934,936,-1,935,936,937,-1,937,936,919,-1,937,919,918,-1,938,924,939,-1,939,924,926,-1,805,773,883,-1,883,773,764,-1,883,764,893,-1,893,764,875,-1,893,875,895,-1,924,938,911,-1,911,938,940,-1,911,940,913,-1,913,940,941,-1,913,941,915,-1,915,941,942,-1,915,942,917,-1,917,942,943,-1,917,943,889,-1,889,943,920,-1,889,920,870,-1,870,920,901,-1,870,901,871,-1,871,901,899,-1,871,899,872,-1,872,899,897,-1,872,897,873,-1,873,897,895,-1,873,895,874,-1,874,895,875,-1,921,920,943,-1,921,943,944,-1,944,943,942,-1,944,942,945,-1,945,942,941,-1,945,941,946,-1,946,941,940,-1,946,940,947,-1,765,792,766,-1,766,792,882,-1,766,882,881,-1,881,882,892,-1,881,892,880,-1,880,892,894,-1,880,894,879,-1,879,894,896,-1,948,925,947,-1,947,925,910,-1,947,910,946,-1,946,910,912,-1,946,912,945,-1,945,912,914,-1,945,914,944,-1,944,914,916,-1,944,916,921,-1,921,916,888,-1,921,888,900,-1,900,888,876,-1,900,876,898,-1,898,876,877,-1,898,877,896,-1,896,877,878,-1,896,878,879,-1,927,925,949,-1,949,925,948,-1,950,951,952,-1,950,952,953,-1,953,952,954,-1,953,954,955,-1,955,954,956,-1,955,956,957,-1,957,956,923,-1,957,923,922,-1,958,959,929,-1,929,959,928,-1,960,961,930,-1,930,961,931,-1,947,940,948,-1,948,940,938,-1,948,938,949,-1,949,938,939,-1,949,939,962,-1,962,939,963,-1,958,964,959,-1,959,964,965,-1,966,959,967,-1,967,959,965,-1,967,965,950,-1,950,965,951,-1,968,965,969,-1,969,965,964,-1,891,887,918,-1,918,887,885,-1,918,885,937,-1,937,885,902,-1,937,902,935,-1,935,902,904,-1,935,904,933,-1,933,904,906,-1,933,906,930,-1,930,906,908,-1,930,908,960,-1,960,908,923,-1,960,923,970,-1,970,923,956,-1,970,956,971,-1,971,956,954,-1,971,954,972,-1,972,954,952,-1,972,952,973,-1,973,952,951,-1,973,951,968,-1,968,951,965,-1,961,960,974,-1,974,960,970,-1,974,970,975,-1,975,970,971,-1,975,971,976,-1,976,971,972,-1,976,972,977,-1,977,972,973,-1,978,967,977,-1,977,967,950,-1,977,950,976,-1,976,950,953,-1,976,953,975,-1,975,953,955,-1,975,955,974,-1,974,955,957,-1,974,957,961,-1,961,957,922,-1,961,922,931,-1,931,922,909,-1,931,909,932,-1,932,909,907,-1,932,907,934,-1,934,907,905,-1,934,905,936,-1,936,905,903,-1,936,903,919,-1,919,903,884,-1,919,884,890,-1,890,884,886,-1,979,966,978,-1,978,966,967,-1,966,979,959,-1,959,979,980,-1,959,980,928,-1,928,980,963,-1,928,963,926,-1,926,963,939,-1,963,980,962,-1,962,980,981,-1,927,949,929,-1,929,949,962,-1,929,962,958,-1,958,962,981,-1,958,981,964,-1,964,981,969,-1,968,969,981,-1,980,979,978,-1,977,973,978,-1,978,973,968,-1,978,968,980,-1,980,968,981,-1,982,983,984,-1,984,983,985,-1,983,982,986,-1,986,982,987,-1,986,987,988,-1,988,987,989,-1,988,989,990,-1,990,989,991,-1,990,991,992,-1,992,991,993,-1,992,993,994,-1,994,993,995,-1,994,995,996,-1,996,995,997,-1,996,997,998,-1,998,997,999,-1,998,999,1000,-1,1000,999,1001,-1,1000,1001,1002,-1,1002,1001,1003,-1,1002,1003,1004,-1,1004,1003,1005,-1,1004,1005,1006,-1,1006,1005,1007,-1,1006,1007,1008,-1,1008,1007,1009,-1,1010,1011,1012,-1,1012,1011,1013,-1,1012,1013,1014,-1,1014,1013,1015,-1,1014,1015,1016,-1,1015,1017,1016,-1,1016,1017,1018,-1,1016,1018,1019,-1,1019,1018,1020,-1,1020,1021,1019,-1,1019,1021,1022,-1,1019,1022,1023,-1,1023,1022,1024,-1,1023,1024,1025,-1,1024,1026,1025,-1,1025,1026,1027,-1,1025,1027,1028,-1,1028,1027,1029,-1,1028,1029,1030,-1,1029,1031,1030,-1,1030,1031,1032,-1,1030,1032,1033,-1,1033,1032,1034,-1,1033,1034,1035,-1,1035,1034,1036,-1,1034,1037,1036,-1,1036,1037,1038,-1,1036,1038,1039,-1,1039,1038,1040,-1,1039,1040,1041,-1,1041,1040,984,-1,1041,984,1042,-1,1043,1042,985,-1,985,1042,984,-1,1044,1045,1046,-1,1047,1048,1049,-1,985,1050,1043,-1,1043,1050,1051,-1,1043,1051,1052,-1,1052,1051,1053,-1,1052,1053,1054,-1,1053,1055,1054,-1,1054,1055,1056,-1,1054,1056,1057,-1,1057,1056,1058,-1,1057,1058,1059,-1,1060,1061,1062,-1,1062,1061,1063,-1,1058,1064,1059,-1,1059,1064,1062,-1,1059,1062,1065,-1,1065,1062,1063,-1,1049,1048,1066,-1,1060,1067,1061,-1,1061,1067,1068,-1,1061,1068,1048,-1,1048,1068,1069,-1,1048,1069,1066,-1,1070,1071,1072,-1,1047,1049,1072,-1,1072,1049,1073,-1,1072,1073,1070,-1,1045,1044,1071,-1,1071,1044,1074,-1,1071,1074,1072,-1,1075,1051,1076,-1,1076,1051,1050,-1,1076,1050,983,-1,983,1050,985,-1,1077,1056,1078,-1,1078,1056,1055,-1,1078,1055,1075,-1,1075,1055,1053,-1,1075,1053,1051,-1,1079,1062,1080,-1,1080,1062,1064,-1,1080,1064,1077,-1,1077,1064,1058,-1,1077,1058,1056,-1,1081,1068,1082,-1,1082,1068,1067,-1,1082,1067,1079,-1,1079,1067,1060,-1,1079,1060,1062,-1,1083,1049,1084,-1,1084,1049,1066,-1,1084,1066,1081,-1,1081,1066,1069,-1,1081,1069,1068,-1,1085,1086,1046,-1,1046,1045,1085,-1,1085,1045,1071,-1,1085,1071,1087,-1,1087,1071,1070,-1,1087,1070,1083,-1,1083,1070,1073,-1,1083,1073,1049,-1,1010,1088,1011,-1,1011,1088,1089,-1,1011,1089,1013,-1,1013,1089,1090,-1,1013,1090,1015,-1,1015,1090,1091,-1,1015,1091,1017,-1,1017,1091,1092,-1,1017,1092,1018,-1,1018,1092,1093,-1,1018,1093,1020,-1,1020,1093,1094,-1,1020,1094,1021,-1,1021,1094,1095,-1,1021,1095,1022,-1,1022,1095,1096,-1,1022,1096,1024,-1,1024,1096,1097,-1,1024,1097,1026,-1,1026,1097,1098,-1,1026,1098,1027,-1,1027,1098,1099,-1,1027,1099,1029,-1,1029,1099,1100,-1,1029,1100,1031,-1,1031,1100,1101,-1,1031,1101,1032,-1,1032,1101,1102,-1,1032,1102,1034,-1,1103,1104,1038,-1,1038,1104,1040,-1,1103,1038,1102,-1,1102,1038,1037,-1,1102,1037,1034,-1,1104,1105,1040,-1,1040,1105,982,-1,1040,982,984,-1,1106,1107,1108,-1,1108,1107,1109,-1,1009,1110,1008,-1,1008,1110,1111,-1,1112,1113,1114,-1,1115,1116,1117,-1,1118,1119,1120,-1,1121,1122,1008,-1,1008,1122,1006,-1,1006,1122,1004,-1,1004,1122,1123,-1,1004,1123,1002,-1,1002,1123,1124,-1,1002,1124,1000,-1,1000,1124,1125,-1,1000,1125,998,-1,998,1125,996,-1,996,1125,1126,-1,996,1126,994,-1,994,1126,1127,-1,994,1127,992,-1,992,1127,1128,-1,992,1128,990,-1,990,1128,988,-1,988,1128,1129,-1,988,1129,986,-1,986,1129,1076,-1,986,1076,983,-1,1130,1131,1086,-1,1131,1130,1132,-1,1132,1130,1133,-1,1132,1133,1134,-1,1134,1133,1135,-1,1134,1135,1136,-1,1136,1135,1137,-1,1136,1137,1138,-1,1138,1137,1139,-1,1139,1137,1140,-1,1139,1140,1141,-1,1141,1140,1142,-1,1141,1142,1143,-1,1143,1142,1144,-1,1143,1144,1145,-1,1145,1144,1146,-1,1146,1144,1147,-1,1146,1147,1148,-1,1121,1118,1122,-1,1122,1118,1120,-1,1122,1120,1123,-1,1123,1120,1149,-1,1123,1149,1124,-1,1124,1149,1150,-1,1124,1150,1125,-1,1125,1150,1151,-1,1125,1151,1126,-1,1126,1151,1152,-1,1126,1152,1127,-1,1127,1152,1153,-1,1127,1153,1128,-1,1128,1153,1154,-1,1128,1154,1129,-1,1129,1154,1155,-1,1119,1115,1120,-1,1120,1115,1117,-1,1120,1117,1149,-1,1149,1117,1156,-1,1149,1156,1150,-1,1150,1156,1157,-1,1150,1157,1151,-1,1151,1157,1158,-1,1151,1158,1152,-1,1152,1158,1159,-1,1152,1159,1153,-1,1153,1159,1160,-1,1153,1160,1154,-1,1154,1160,1161,-1,1154,1161,1155,-1,1155,1161,1162,-1,1155,1162,1080,-1,1080,1077,1155,-1,1155,1077,1078,-1,1155,1078,1129,-1,1129,1078,1075,-1,1129,1075,1076,-1,1116,1112,1117,-1,1117,1112,1114,-1,1117,1114,1156,-1,1156,1114,1163,-1,1156,1163,1157,-1,1157,1163,1164,-1,1157,1164,1158,-1,1158,1164,1165,-1,1158,1165,1159,-1,1159,1165,1166,-1,1159,1166,1160,-1,1160,1166,1167,-1,1160,1167,1161,-1,1161,1167,1168,-1,1161,1168,1162,-1,1162,1168,1169,-1,1113,1170,1114,-1,1114,1170,1171,-1,1114,1171,1163,-1,1163,1171,1172,-1,1163,1172,1164,-1,1164,1172,1173,-1,1164,1173,1165,-1,1165,1173,1174,-1,1165,1174,1166,-1,1166,1174,1175,-1,1166,1175,1167,-1,1167,1175,1176,-1,1167,1176,1168,-1,1168,1176,1177,-1,1168,1177,1169,-1,1169,1177,1178,-1,1169,1178,1084,-1,1084,1081,1169,-1,1169,1081,1082,-1,1169,1082,1162,-1,1162,1082,1079,-1,1162,1079,1080,-1,1179,1148,1180,-1,1180,1148,1147,-1,1180,1147,1181,-1,1181,1147,1182,-1,1170,1182,1171,-1,1171,1182,1147,-1,1171,1147,1172,-1,1172,1147,1144,-1,1172,1144,1173,-1,1173,1144,1142,-1,1173,1142,1174,-1,1174,1142,1140,-1,1174,1140,1175,-1,1175,1140,1137,-1,1175,1137,1176,-1,1176,1137,1135,-1,1176,1135,1177,-1,1177,1135,1133,-1,1177,1133,1178,-1,1178,1133,1130,-1,1086,1085,1130,-1,1130,1085,1087,-1,1130,1087,1178,-1,1178,1087,1083,-1,1178,1083,1084,-1,1183,1184,1185,-1,1186,1187,1188,-1,1090,1089,1189,-1,1105,1104,1190,-1,982,1105,987,-1,987,1105,1190,-1,987,1190,989,-1,989,1190,1191,-1,989,1191,991,-1,991,1191,1192,-1,991,1192,993,-1,993,1192,1193,-1,993,1193,995,-1,995,1193,997,-1,997,1193,1194,-1,997,1194,999,-1,999,1194,1195,-1,999,1195,1001,-1,1001,1195,1196,-1,1001,1196,1003,-1,1197,1198,1199,-1,1199,1198,1200,-1,1003,1196,1005,-1,1005,1196,1199,-1,1005,1199,1007,-1,1007,1199,1200,-1,1007,1200,1009,-1,1201,1202,1203,-1,1202,1201,1204,-1,1204,1201,1205,-1,1204,1205,1206,-1,1206,1205,1207,-1,1206,1207,1208,-1,1208,1207,1209,-1,1208,1209,1210,-1,1210,1209,1211,-1,1211,1209,1212,-1,1211,1212,1213,-1,1213,1212,1214,-1,1213,1214,1215,-1,1215,1214,1216,-1,1215,1216,1217,-1,1217,1216,1218,-1,1218,1216,1189,-1,1218,1189,1219,-1,1219,1189,1089,-1,1219,1089,1088,-1,1220,1221,1222,-1,1093,1092,1223,-1,1223,1092,1091,-1,1091,1090,1223,-1,1223,1090,1189,-1,1223,1189,1224,-1,1224,1189,1216,-1,1224,1216,1225,-1,1225,1216,1214,-1,1225,1214,1226,-1,1226,1214,1212,-1,1226,1212,1227,-1,1227,1212,1209,-1,1227,1209,1228,-1,1228,1209,1207,-1,1228,1207,1229,-1,1229,1207,1205,-1,1229,1205,1222,-1,1222,1205,1201,-1,1222,1201,1220,-1,1220,1201,1203,-1,1230,1231,1232,-1,1096,1095,1233,-1,1233,1095,1094,-1,1094,1093,1233,-1,1233,1093,1223,-1,1233,1223,1234,-1,1234,1223,1224,-1,1234,1224,1235,-1,1235,1224,1225,-1,1235,1225,1236,-1,1236,1225,1226,-1,1236,1226,1237,-1,1237,1226,1227,-1,1237,1227,1238,-1,1238,1227,1228,-1,1238,1228,1239,-1,1239,1228,1229,-1,1239,1229,1232,-1,1232,1229,1222,-1,1232,1222,1230,-1,1230,1222,1221,-1,1186,1188,1240,-1,1097,1096,1241,-1,1241,1096,1233,-1,1241,1233,1242,-1,1242,1233,1234,-1,1242,1234,1243,-1,1243,1234,1235,-1,1243,1235,1244,-1,1244,1235,1236,-1,1244,1236,1245,-1,1245,1236,1237,-1,1245,1237,1246,-1,1246,1237,1238,-1,1246,1238,1247,-1,1247,1238,1239,-1,1247,1239,1188,-1,1188,1239,1232,-1,1188,1232,1240,-1,1240,1232,1231,-1,1100,1099,1241,-1,1241,1099,1098,-1,1241,1098,1097,-1,1187,1183,1188,-1,1188,1183,1185,-1,1188,1185,1247,-1,1247,1185,1248,-1,1247,1248,1246,-1,1246,1248,1249,-1,1246,1249,1245,-1,1245,1249,1250,-1,1245,1250,1244,-1,1244,1250,1251,-1,1244,1251,1243,-1,1243,1251,1252,-1,1243,1252,1242,-1,1242,1252,1253,-1,1242,1253,1241,-1,1241,1253,1254,-1,1241,1254,1100,-1,1103,1102,1254,-1,1254,1102,1101,-1,1254,1101,1100,-1,1104,1103,1190,-1,1190,1103,1254,-1,1190,1254,1191,-1,1191,1254,1253,-1,1191,1253,1192,-1,1192,1253,1252,-1,1192,1252,1193,-1,1193,1252,1251,-1,1193,1251,1194,-1,1194,1251,1250,-1,1194,1250,1195,-1,1195,1250,1249,-1,1195,1249,1196,-1,1196,1249,1248,-1,1196,1248,1199,-1,1199,1248,1185,-1,1199,1185,1197,-1,1197,1185,1184,-1,1046,1086,1255,-1,1016,1019,1256,-1,1088,1010,1257,-1,1257,1010,1012,-1,1257,1012,1256,-1,1256,1012,1014,-1,1256,1014,1016,-1,1019,1023,1256,-1,1256,1023,1025,-1,1256,1025,1258,-1,1258,1025,1028,-1,1258,1028,1259,-1,1259,1028,1030,-1,1259,1030,1260,-1,1260,1030,1033,-1,1260,1033,1261,-1,1033,1035,1261,-1,1261,1035,1036,-1,1261,1036,1262,-1,1262,1036,1039,-1,1262,1039,1263,-1,1263,1039,1041,-1,1263,1041,1042,-1,1047,1264,1048,-1,1048,1264,1265,-1,1048,1265,1061,-1,1043,1052,1266,-1,1266,1052,1054,-1,1266,1054,1267,-1,1267,1054,1057,-1,1267,1057,1268,-1,1268,1057,1059,-1,1268,1059,1269,-1,1269,1059,1065,-1,1269,1065,1265,-1,1265,1065,1063,-1,1265,1063,1061,-1,1047,1072,1264,-1,1264,1072,1074,-1,1264,1074,1255,-1,1255,1074,1044,-1,1255,1044,1046,-1,1266,1270,1043,-1,1043,1270,1106,-1,1043,1106,1042,-1,1042,1106,1108,-1,1042,1108,1263,-1,1259,1260,1271,-1,1272,1258,1273,-1,1273,1258,1259,-1,1273,1259,1274,-1,1274,1259,1271,-1,1261,1262,1275,-1,1275,1276,1261,-1,1261,1276,1277,-1,1261,1277,1260,-1,1260,1277,1278,-1,1260,1278,1271,-1,1263,1108,1109,-1,1109,1279,1263,-1,1263,1279,1280,-1,1263,1280,1262,-1,1262,1280,1281,-1,1262,1281,1275,-1,1272,1282,1258,-1,1258,1282,1283,-1,1258,1283,1256,-1,1284,1107,1106,-1,1284,1106,1285,-1,1285,1106,1270,-1,1285,1270,1286,-1,1286,1270,1266,-1,1286,1266,1287,-1,1287,1266,1288,-1,1288,1266,1267,-1,1288,1267,1289,-1,1289,1267,1290,-1,1290,1267,1268,-1,1290,1268,1291,-1,1291,1268,1292,-1,1292,1268,1269,-1,1292,1269,1293,-1,1293,1269,1294,-1,1294,1269,1265,-1,1294,1265,1295,-1,1295,1265,1264,-1,1295,1264,1296,-1,1281,1280,1294,-1,1278,1277,1294,-1,1277,1276,1294,-1,1294,1276,1275,-1,1294,1275,1281,-1,1107,1284,1294,-1,1294,1284,1285,-1,1294,1285,1286,-1,1294,1272,1273,-1,1280,1279,1294,-1,1294,1279,1109,-1,1294,1109,1107,-1,1286,1287,1294,-1,1294,1287,1288,-1,1294,1288,1289,-1,1291,1292,1293,-1,1273,1274,1294,-1,1294,1274,1271,-1,1294,1271,1278,-1,1290,1291,1289,-1,1289,1291,1293,-1,1289,1293,1294,-1,1240,1231,1297,-1,1110,1009,1200,-1,1198,1298,1200,-1,1200,1298,1299,-1,1200,1299,1110,-1,1184,1300,1197,-1,1197,1300,1301,-1,1197,1301,1198,-1,1198,1301,1302,-1,1198,1302,1298,-1,1187,1303,1183,-1,1183,1303,1304,-1,1183,1304,1184,-1,1184,1304,1305,-1,1184,1305,1300,-1,1297,1306,1240,-1,1240,1306,1307,-1,1240,1307,1186,-1,1186,1307,1308,-1,1186,1308,1187,-1,1187,1308,1309,-1,1187,1309,1303,-1,1221,1310,1230,-1,1230,1310,1311,-1,1230,1311,1231,-1,1231,1311,1312,-1,1231,1312,1297,-1,1203,1313,1220,-1,1220,1313,1314,-1,1220,1314,1221,-1,1221,1314,1315,-1,1221,1315,1310,-1,1314,1313,1316,-1,1299,1298,1317,-1,1318,1110,1319,-1,1319,1110,1299,-1,1319,1299,1320,-1,1320,1299,1317,-1,1301,1300,1321,-1,1298,1302,1317,-1,1317,1302,1301,-1,1317,1301,1322,-1,1322,1301,1321,-1,1304,1303,1323,-1,1300,1305,1321,-1,1321,1305,1304,-1,1321,1304,1324,-1,1324,1304,1323,-1,1308,1307,1325,-1,1303,1309,1323,-1,1323,1309,1308,-1,1323,1308,1326,-1,1326,1308,1325,-1,1297,1312,1327,-1,1307,1306,1325,-1,1325,1306,1297,-1,1325,1297,1328,-1,1328,1297,1327,-1,1312,1311,1327,-1,1327,1311,1310,-1,1327,1310,1316,-1,1316,1310,1315,-1,1316,1315,1314,-1,1110,1318,1111,-1,1111,1318,1329,-1,1330,1331,1332,-1,1332,1331,1333,-1,1332,1333,1334,-1,1334,1333,1335,-1,1334,1335,1336,-1,1330,1337,1331,-1,1331,1337,1338,-1,1331,1338,1339,-1,1339,1338,1340,-1,1339,1340,1341,-1,1340,1342,1341,-1,1341,1342,1343,-1,1341,1343,1344,-1,1344,1343,1345,-1,1344,1345,1346,-1,1345,1347,1346,-1,1346,1347,1348,-1,1346,1348,1349,-1,1349,1348,1350,-1,1349,1350,1351,-1,1350,1352,1351,-1,1351,1352,1353,-1,1351,1353,1354,-1,1354,1353,1355,-1,1354,1355,1356,-1,1355,1357,1356,-1,1356,1357,1358,-1,1356,1358,1359,-1,1359,1358,1111,-1,1359,1111,1360,-1,1360,1111,1329,-1,1121,1008,1111,-1,1336,1179,1334,-1,1334,1179,1180,-1,1334,1180,1332,-1,1332,1180,1181,-1,1170,1338,1182,-1,1182,1338,1337,-1,1182,1337,1181,-1,1181,1337,1330,-1,1181,1330,1332,-1,1113,1342,1170,-1,1170,1342,1340,-1,1170,1340,1338,-1,1116,1347,1112,-1,1112,1347,1345,-1,1112,1345,1113,-1,1113,1345,1343,-1,1113,1343,1342,-1,1119,1352,1115,-1,1115,1352,1350,-1,1115,1350,1116,-1,1116,1350,1348,-1,1116,1348,1347,-1,1111,1358,1121,-1,1121,1358,1357,-1,1121,1357,1118,-1,1118,1357,1355,-1,1118,1355,1119,-1,1119,1355,1353,-1,1119,1353,1352,-1,1179,1361,1148,-1,1148,1361,1362,-1,1148,1362,1146,-1,1146,1362,1145,-1,1145,1362,1143,-1,1143,1362,1363,-1,1143,1363,1141,-1,1141,1363,1364,-1,1141,1364,1139,-1,1139,1364,1138,-1,1138,1364,1365,-1,1138,1365,1136,-1,1136,1365,1134,-1,1134,1365,1366,-1,1134,1366,1132,-1,1132,1366,1131,-1,1131,1366,1255,-1,1131,1255,1086,-1,1367,1203,1368,-1,1368,1203,1202,-1,1202,1204,1368,-1,1368,1204,1206,-1,1368,1206,1369,-1,1206,1208,1369,-1,1369,1208,1210,-1,1369,1210,1370,-1,1210,1211,1370,-1,1370,1211,1213,-1,1370,1213,1371,-1,1213,1215,1371,-1,1371,1215,1217,-1,1371,1217,1372,-1,1088,1257,1219,-1,1219,1257,1372,-1,1219,1372,1218,-1,1218,1372,1217,-1,1272,1294,1282,-1,1282,1294,1295,-1,1282,1295,1283,-1,1283,1295,1296,-1,1283,1296,1373,-1,1373,1296,1374,-1,1375,1376,1377,-1,1377,1376,1378,-1,1313,1203,1367,-1,1319,1320,1379,-1,1379,1320,1317,-1,1351,1354,1380,-1,1380,1354,1356,-1,1380,1356,1359,-1,1317,1322,1379,-1,1379,1322,1321,-1,1379,1321,1324,-1,1361,1179,1336,-1,1344,1380,1341,-1,1341,1380,1339,-1,1344,1346,1380,-1,1380,1346,1349,-1,1380,1349,1351,-1,1359,1360,1380,-1,1380,1360,1329,-1,1380,1329,1379,-1,1379,1329,1318,-1,1379,1318,1319,-1,1324,1323,1379,-1,1379,1323,1326,-1,1379,1326,1325,-1,1336,1335,1361,-1,1361,1335,1333,-1,1361,1333,1380,-1,1380,1333,1331,-1,1380,1331,1339,-1,1325,1328,1379,-1,1379,1328,1327,-1,1379,1327,1367,-1,1367,1327,1316,-1,1367,1316,1313,-1,1377,1378,1381,-1,1381,1378,1382,-1,1373,1374,1383,-1,1383,1374,1384,-1,1383,1384,1385,-1,1385,1384,1386,-1,1385,1386,1387,-1,1387,1386,1388,-1,1387,1388,1389,-1,1389,1388,1390,-1,1389,1390,1391,-1,1391,1390,1392,-1,1376,1375,1393,-1,1393,1375,1394,-1,1393,1394,1395,-1,1395,1394,1396,-1,1395,1396,1397,-1,1397,1396,1398,-1,1397,1398,1399,-1,1399,1398,1400,-1,1401,1402,1403,-1,1403,1402,1404,-1,1403,1404,1405,-1,1405,1404,1406,-1,1405,1406,1407,-1,1407,1406,1408,-1,1407,1408,1379,-1,1379,1408,1380,-1,1382,1409,1381,-1,1381,1409,1410,-1,1411,1412,1392,-1,1392,1412,1391,-1,1400,1413,1399,-1,1399,1413,1414,-1,1402,1401,1415,-1,1415,1401,1416,-1,1415,1416,1417,-1,1417,1416,1418,-1,1417,1418,1419,-1,1419,1418,1420,-1,1421,1422,1423,-1,1421,1423,1424,-1,1424,1423,1425,-1,1424,1425,1426,-1,1426,1425,1427,-1,1426,1427,1428,-1,1428,1427,1410,-1,1428,1410,1409,-1,1429,1415,1430,-1,1430,1415,1417,-1,1296,1264,1374,-1,1374,1264,1255,-1,1374,1255,1384,-1,1384,1255,1366,-1,1384,1366,1386,-1,1415,1429,1402,-1,1402,1429,1431,-1,1402,1431,1404,-1,1404,1431,1432,-1,1404,1432,1406,-1,1406,1432,1433,-1,1406,1433,1408,-1,1408,1433,1434,-1,1408,1434,1380,-1,1380,1434,1411,-1,1380,1411,1361,-1,1361,1411,1392,-1,1361,1392,1362,-1,1362,1392,1390,-1,1362,1390,1363,-1,1363,1390,1388,-1,1363,1388,1364,-1,1364,1388,1386,-1,1364,1386,1365,-1,1365,1386,1366,-1,1412,1411,1434,-1,1412,1434,1435,-1,1435,1434,1433,-1,1435,1433,1436,-1,1436,1433,1432,-1,1436,1432,1437,-1,1437,1432,1431,-1,1437,1431,1438,-1,1256,1283,1257,-1,1257,1283,1373,-1,1257,1373,1372,-1,1372,1373,1383,-1,1372,1383,1371,-1,1371,1383,1385,-1,1371,1385,1370,-1,1370,1385,1387,-1,1439,1416,1438,-1,1438,1416,1401,-1,1438,1401,1437,-1,1437,1401,1403,-1,1437,1403,1436,-1,1436,1403,1405,-1,1436,1405,1435,-1,1435,1405,1407,-1,1435,1407,1412,-1,1412,1407,1379,-1,1412,1379,1391,-1,1391,1379,1367,-1,1391,1367,1389,-1,1389,1367,1368,-1,1389,1368,1387,-1,1387,1368,1369,-1,1387,1369,1370,-1,1418,1416,1440,-1,1440,1416,1439,-1,1441,1442,1443,-1,1441,1443,1444,-1,1444,1443,1445,-1,1444,1445,1446,-1,1446,1445,1447,-1,1446,1447,1448,-1,1448,1447,1414,-1,1448,1414,1413,-1,1449,1450,1420,-1,1420,1450,1419,-1,1451,1452,1421,-1,1421,1452,1422,-1,1438,1431,1439,-1,1439,1431,1429,-1,1439,1429,1440,-1,1440,1429,1430,-1,1440,1430,1453,-1,1453,1430,1454,-1,1449,1455,1450,-1,1450,1455,1456,-1,1457,1450,1458,-1,1458,1450,1456,-1,1458,1456,1441,-1,1441,1456,1442,-1,1459,1456,1460,-1,1460,1456,1455,-1,1382,1378,1409,-1,1409,1378,1376,-1,1409,1376,1428,-1,1428,1376,1393,-1,1428,1393,1426,-1,1426,1393,1395,-1,1426,1395,1424,-1,1424,1395,1397,-1,1424,1397,1421,-1,1421,1397,1399,-1,1421,1399,1451,-1,1451,1399,1414,-1,1451,1414,1461,-1,1461,1414,1447,-1,1461,1447,1462,-1,1462,1447,1445,-1,1462,1445,1463,-1,1463,1445,1443,-1,1463,1443,1464,-1,1464,1443,1442,-1,1464,1442,1459,-1,1459,1442,1456,-1,1452,1451,1465,-1,1465,1451,1461,-1,1465,1461,1466,-1,1466,1461,1462,-1,1466,1462,1467,-1,1467,1462,1463,-1,1467,1463,1468,-1,1468,1463,1464,-1,1469,1458,1468,-1,1468,1458,1441,-1,1468,1441,1467,-1,1467,1441,1444,-1,1467,1444,1466,-1,1466,1444,1446,-1,1466,1446,1465,-1,1465,1446,1448,-1,1465,1448,1452,-1,1452,1448,1413,-1,1452,1413,1422,-1,1422,1413,1400,-1,1422,1400,1423,-1,1423,1400,1398,-1,1423,1398,1425,-1,1425,1398,1396,-1,1425,1396,1427,-1,1427,1396,1394,-1,1427,1394,1410,-1,1410,1394,1375,-1,1410,1375,1381,-1,1381,1375,1377,-1,1470,1457,1469,-1,1469,1457,1458,-1,1457,1470,1450,-1,1450,1470,1471,-1,1450,1471,1419,-1,1419,1471,1454,-1,1419,1454,1417,-1,1417,1454,1430,-1,1454,1471,1453,-1,1453,1471,1472,-1,1418,1440,1420,-1,1420,1440,1453,-1,1420,1453,1449,-1,1449,1453,1472,-1,1449,1472,1455,-1,1455,1472,1460,-1,1459,1460,1472,-1,1471,1470,1469,-1,1468,1464,1469,-1,1469,1464,1459,-1,1469,1459,1471,-1,1471,1459,1472,-1,1473,1474,1475,-1,1475,1474,1476,-1,1474,1473,1477,-1,1477,1473,1478,-1,1477,1478,1479,-1,1479,1478,1480,-1,1479,1480,1481,-1,1481,1480,1482,-1,1481,1482,1483,-1,1483,1482,1484,-1,1483,1484,1485,-1,1485,1484,1486,-1,1485,1486,1487,-1,1487,1486,1488,-1,1487,1488,1489,-1,1489,1488,1490,-1,1489,1490,1491,-1,1491,1490,1492,-1,1491,1492,1493,-1,1493,1492,1494,-1,1493,1494,1495,-1,1495,1494,1496,-1,1495,1496,1497,-1,1497,1496,1498,-1,1497,1498,1499,-1,1499,1498,1500,-1,1501,1502,1503,-1,1503,1502,1504,-1,1503,1504,1505,-1,1505,1504,1506,-1,1505,1506,1507,-1,1506,1508,1507,-1,1507,1508,1509,-1,1507,1509,1510,-1,1510,1509,1511,-1,1511,1512,1510,-1,1510,1512,1513,-1,1510,1513,1514,-1,1514,1513,1515,-1,1514,1515,1516,-1,1515,1517,1516,-1,1516,1517,1518,-1,1516,1518,1519,-1,1519,1518,1520,-1,1519,1520,1521,-1,1520,1522,1521,-1,1521,1522,1523,-1,1521,1523,1524,-1,1524,1523,1525,-1,1524,1525,1526,-1,1526,1525,1527,-1,1525,1528,1527,-1,1527,1528,1529,-1,1527,1529,1530,-1,1530,1529,1531,-1,1530,1531,1532,-1,1532,1531,1475,-1,1532,1475,1533,-1,1534,1533,1476,-1,1476,1533,1475,-1,1535,1536,1537,-1,1538,1539,1540,-1,1476,1541,1534,-1,1534,1541,1542,-1,1534,1542,1543,-1,1543,1542,1544,-1,1543,1544,1545,-1,1544,1546,1545,-1,1545,1546,1547,-1,1545,1547,1548,-1,1548,1547,1549,-1,1548,1549,1550,-1,1551,1552,1553,-1,1553,1552,1554,-1,1549,1555,1550,-1,1550,1555,1553,-1,1550,1553,1556,-1,1556,1553,1554,-1,1540,1539,1557,-1,1551,1558,1552,-1,1552,1558,1559,-1,1552,1559,1539,-1,1539,1559,1560,-1,1539,1560,1557,-1,1561,1562,1563,-1,1538,1540,1563,-1,1563,1540,1564,-1,1563,1564,1561,-1,1536,1535,1562,-1,1562,1535,1565,-1,1562,1565,1563,-1,1566,1542,1567,-1,1567,1542,1541,-1,1567,1541,1474,-1,1474,1541,1476,-1,1568,1547,1569,-1,1569,1547,1546,-1,1569,1546,1566,-1,1566,1546,1544,-1,1566,1544,1542,-1,1570,1553,1571,-1,1571,1553,1555,-1,1571,1555,1568,-1,1568,1555,1549,-1,1568,1549,1547,-1,1572,1559,1573,-1,1573,1559,1558,-1,1573,1558,1570,-1,1570,1558,1551,-1,1570,1551,1553,-1,1574,1540,1575,-1,1575,1540,1557,-1,1575,1557,1572,-1,1572,1557,1560,-1,1572,1560,1559,-1,1576,1577,1537,-1,1537,1536,1576,-1,1576,1536,1562,-1,1576,1562,1578,-1,1578,1562,1561,-1,1578,1561,1574,-1,1574,1561,1564,-1,1574,1564,1540,-1,1501,1579,1502,-1,1502,1579,1580,-1,1502,1580,1504,-1,1504,1580,1581,-1,1504,1581,1506,-1,1506,1581,1582,-1,1506,1582,1508,-1,1508,1582,1583,-1,1508,1583,1509,-1,1509,1583,1584,-1,1509,1584,1511,-1,1511,1584,1585,-1,1511,1585,1512,-1,1512,1585,1586,-1,1512,1586,1513,-1,1513,1586,1587,-1,1513,1587,1515,-1,1515,1587,1588,-1,1515,1588,1517,-1,1517,1588,1589,-1,1517,1589,1518,-1,1518,1589,1590,-1,1518,1590,1520,-1,1520,1590,1591,-1,1520,1591,1522,-1,1522,1591,1592,-1,1522,1592,1523,-1,1523,1592,1593,-1,1523,1593,1525,-1,1594,1595,1529,-1,1529,1595,1531,-1,1594,1529,1593,-1,1593,1529,1528,-1,1593,1528,1525,-1,1595,1596,1531,-1,1531,1596,1473,-1,1531,1473,1475,-1,1597,1598,1599,-1,1599,1598,1600,-1,1500,1601,1499,-1,1499,1601,1602,-1,1603,1604,1605,-1,1606,1607,1608,-1,1609,1610,1611,-1,1612,1613,1499,-1,1499,1613,1497,-1,1497,1613,1495,-1,1495,1613,1614,-1,1495,1614,1493,-1,1493,1614,1615,-1,1493,1615,1491,-1,1491,1615,1616,-1,1491,1616,1489,-1,1489,1616,1487,-1,1487,1616,1617,-1,1487,1617,1485,-1,1485,1617,1618,-1,1485,1618,1483,-1,1483,1618,1619,-1,1483,1619,1481,-1,1481,1619,1479,-1,1479,1619,1620,-1,1479,1620,1477,-1,1477,1620,1567,-1,1477,1567,1474,-1,1621,1622,1577,-1,1622,1621,1623,-1,1623,1621,1624,-1,1623,1624,1625,-1,1625,1624,1626,-1,1625,1626,1627,-1,1627,1626,1628,-1,1627,1628,1629,-1,1629,1628,1630,-1,1630,1628,1631,-1,1630,1631,1632,-1,1632,1631,1633,-1,1632,1633,1634,-1,1634,1633,1635,-1,1634,1635,1636,-1,1636,1635,1637,-1,1637,1635,1638,-1,1637,1638,1639,-1,1612,1609,1613,-1,1613,1609,1611,-1,1613,1611,1614,-1,1614,1611,1640,-1,1614,1640,1615,-1,1615,1640,1641,-1,1615,1641,1616,-1,1616,1641,1642,-1,1616,1642,1617,-1,1617,1642,1643,-1,1617,1643,1618,-1,1618,1643,1644,-1,1618,1644,1619,-1,1619,1644,1645,-1,1619,1645,1620,-1,1620,1645,1646,-1,1610,1606,1611,-1,1611,1606,1608,-1,1611,1608,1640,-1,1640,1608,1647,-1,1640,1647,1641,-1,1641,1647,1648,-1,1641,1648,1642,-1,1642,1648,1649,-1,1642,1649,1643,-1,1643,1649,1650,-1,1643,1650,1644,-1,1644,1650,1651,-1,1644,1651,1645,-1,1645,1651,1652,-1,1645,1652,1646,-1,1646,1652,1653,-1,1646,1653,1571,-1,1571,1568,1646,-1,1646,1568,1569,-1,1646,1569,1620,-1,1620,1569,1566,-1,1620,1566,1567,-1,1607,1603,1608,-1,1608,1603,1605,-1,1608,1605,1647,-1,1647,1605,1654,-1,1647,1654,1648,-1,1648,1654,1655,-1,1648,1655,1649,-1,1649,1655,1656,-1,1649,1656,1650,-1,1650,1656,1657,-1,1650,1657,1651,-1,1651,1657,1658,-1,1651,1658,1652,-1,1652,1658,1659,-1,1652,1659,1653,-1,1653,1659,1660,-1,1604,1661,1605,-1,1605,1661,1662,-1,1605,1662,1654,-1,1654,1662,1663,-1,1654,1663,1655,-1,1655,1663,1664,-1,1655,1664,1656,-1,1656,1664,1665,-1,1656,1665,1657,-1,1657,1665,1666,-1,1657,1666,1658,-1,1658,1666,1667,-1,1658,1667,1659,-1,1659,1667,1668,-1,1659,1668,1660,-1,1660,1668,1669,-1,1660,1669,1575,-1,1575,1572,1660,-1,1660,1572,1573,-1,1660,1573,1653,-1,1653,1573,1570,-1,1653,1570,1571,-1,1670,1639,1671,-1,1671,1639,1638,-1,1671,1638,1672,-1,1672,1638,1673,-1,1661,1673,1662,-1,1662,1673,1638,-1,1662,1638,1663,-1,1663,1638,1635,-1,1663,1635,1664,-1,1664,1635,1633,-1,1664,1633,1665,-1,1665,1633,1631,-1,1665,1631,1666,-1,1666,1631,1628,-1,1666,1628,1667,-1,1667,1628,1626,-1,1667,1626,1668,-1,1668,1626,1624,-1,1668,1624,1669,-1,1669,1624,1621,-1,1577,1576,1621,-1,1621,1576,1578,-1,1621,1578,1669,-1,1669,1578,1574,-1,1669,1574,1575,-1,1674,1675,1676,-1,1677,1678,1679,-1,1581,1580,1680,-1,1596,1595,1681,-1,1473,1596,1478,-1,1478,1596,1681,-1,1478,1681,1480,-1,1480,1681,1682,-1,1480,1682,1482,-1,1482,1682,1683,-1,1482,1683,1484,-1,1484,1683,1684,-1,1484,1684,1486,-1,1486,1684,1488,-1,1488,1684,1685,-1,1488,1685,1490,-1,1490,1685,1686,-1,1490,1686,1492,-1,1492,1686,1687,-1,1492,1687,1494,-1,1688,1689,1690,-1,1690,1689,1691,-1,1494,1687,1496,-1,1496,1687,1690,-1,1496,1690,1498,-1,1498,1690,1691,-1,1498,1691,1500,-1,1692,1693,1694,-1,1693,1692,1695,-1,1695,1692,1696,-1,1695,1696,1697,-1,1697,1696,1698,-1,1697,1698,1699,-1,1699,1698,1700,-1,1699,1700,1701,-1,1701,1700,1702,-1,1702,1700,1703,-1,1702,1703,1704,-1,1704,1703,1705,-1,1704,1705,1706,-1,1706,1705,1707,-1,1706,1707,1708,-1,1708,1707,1709,-1,1709,1707,1680,-1,1709,1680,1710,-1,1710,1680,1580,-1,1710,1580,1579,-1,1711,1712,1713,-1,1584,1583,1714,-1,1714,1583,1582,-1,1582,1581,1714,-1,1714,1581,1680,-1,1714,1680,1715,-1,1715,1680,1707,-1,1715,1707,1716,-1,1716,1707,1705,-1,1716,1705,1717,-1,1717,1705,1703,-1,1717,1703,1718,-1,1718,1703,1700,-1,1718,1700,1719,-1,1719,1700,1698,-1,1719,1698,1720,-1,1720,1698,1696,-1,1720,1696,1713,-1,1713,1696,1692,-1,1713,1692,1711,-1,1711,1692,1694,-1,1721,1722,1723,-1,1587,1586,1724,-1,1724,1586,1585,-1,1585,1584,1724,-1,1724,1584,1714,-1,1724,1714,1725,-1,1725,1714,1715,-1,1725,1715,1726,-1,1726,1715,1716,-1,1726,1716,1727,-1,1727,1716,1717,-1,1727,1717,1728,-1,1728,1717,1718,-1,1728,1718,1729,-1,1729,1718,1719,-1,1729,1719,1730,-1,1730,1719,1720,-1,1730,1720,1723,-1,1723,1720,1713,-1,1723,1713,1721,-1,1721,1713,1712,-1,1677,1679,1731,-1,1588,1587,1732,-1,1732,1587,1724,-1,1732,1724,1733,-1,1733,1724,1725,-1,1733,1725,1734,-1,1734,1725,1726,-1,1734,1726,1735,-1,1735,1726,1727,-1,1735,1727,1736,-1,1736,1727,1728,-1,1736,1728,1737,-1,1737,1728,1729,-1,1737,1729,1738,-1,1738,1729,1730,-1,1738,1730,1679,-1,1679,1730,1723,-1,1679,1723,1731,-1,1731,1723,1722,-1,1591,1590,1732,-1,1732,1590,1589,-1,1732,1589,1588,-1,1678,1674,1679,-1,1679,1674,1676,-1,1679,1676,1738,-1,1738,1676,1739,-1,1738,1739,1737,-1,1737,1739,1740,-1,1737,1740,1736,-1,1736,1740,1741,-1,1736,1741,1735,-1,1735,1741,1742,-1,1735,1742,1734,-1,1734,1742,1743,-1,1734,1743,1733,-1,1733,1743,1744,-1,1733,1744,1732,-1,1732,1744,1745,-1,1732,1745,1591,-1,1594,1593,1745,-1,1745,1593,1592,-1,1745,1592,1591,-1,1595,1594,1681,-1,1681,1594,1745,-1,1681,1745,1682,-1,1682,1745,1744,-1,1682,1744,1683,-1,1683,1744,1743,-1,1683,1743,1684,-1,1684,1743,1742,-1,1684,1742,1685,-1,1685,1742,1741,-1,1685,1741,1686,-1,1686,1741,1740,-1,1686,1740,1687,-1,1687,1740,1739,-1,1687,1739,1690,-1,1690,1739,1676,-1,1690,1676,1688,-1,1688,1676,1675,-1,1537,1577,1746,-1,1507,1510,1747,-1,1579,1501,1748,-1,1748,1501,1503,-1,1748,1503,1747,-1,1747,1503,1505,-1,1747,1505,1507,-1,1510,1514,1747,-1,1747,1514,1516,-1,1747,1516,1749,-1,1749,1516,1519,-1,1749,1519,1750,-1,1750,1519,1521,-1,1750,1521,1751,-1,1751,1521,1524,-1,1751,1524,1752,-1,1524,1526,1752,-1,1752,1526,1527,-1,1752,1527,1753,-1,1753,1527,1530,-1,1753,1530,1754,-1,1754,1530,1532,-1,1754,1532,1533,-1,1538,1755,1539,-1,1539,1755,1756,-1,1539,1756,1552,-1,1534,1543,1757,-1,1757,1543,1545,-1,1757,1545,1758,-1,1758,1545,1548,-1,1758,1548,1759,-1,1759,1548,1550,-1,1759,1550,1760,-1,1760,1550,1556,-1,1760,1556,1756,-1,1756,1556,1554,-1,1756,1554,1552,-1,1538,1563,1755,-1,1755,1563,1565,-1,1755,1565,1746,-1,1746,1565,1535,-1,1746,1535,1537,-1,1757,1761,1534,-1,1534,1761,1597,-1,1534,1597,1533,-1,1533,1597,1599,-1,1533,1599,1754,-1,1750,1751,1762,-1,1763,1749,1764,-1,1764,1749,1750,-1,1764,1750,1765,-1,1765,1750,1762,-1,1752,1753,1766,-1,1766,1767,1752,-1,1752,1767,1768,-1,1752,1768,1751,-1,1751,1768,1769,-1,1751,1769,1762,-1,1754,1599,1600,-1,1600,1770,1754,-1,1754,1770,1771,-1,1754,1771,1753,-1,1753,1771,1772,-1,1753,1772,1766,-1,1763,1773,1749,-1,1749,1773,1774,-1,1749,1774,1747,-1,1775,1598,1597,-1,1775,1597,1776,-1,1776,1597,1761,-1,1776,1761,1777,-1,1777,1761,1757,-1,1777,1757,1778,-1,1778,1757,1779,-1,1779,1757,1758,-1,1779,1758,1780,-1,1780,1758,1781,-1,1781,1758,1759,-1,1781,1759,1782,-1,1782,1759,1783,-1,1783,1759,1760,-1,1783,1760,1784,-1,1784,1760,1785,-1,1785,1760,1756,-1,1785,1756,1786,-1,1786,1756,1755,-1,1786,1755,1787,-1,1772,1771,1785,-1,1769,1768,1785,-1,1768,1767,1785,-1,1785,1767,1766,-1,1785,1766,1772,-1,1598,1775,1785,-1,1785,1775,1776,-1,1785,1776,1777,-1,1785,1763,1764,-1,1771,1770,1785,-1,1785,1770,1600,-1,1785,1600,1598,-1,1777,1778,1785,-1,1785,1778,1779,-1,1785,1779,1780,-1,1782,1783,1784,-1,1764,1765,1785,-1,1785,1765,1762,-1,1785,1762,1769,-1,1781,1782,1780,-1,1780,1782,1784,-1,1780,1784,1785,-1,1731,1722,1788,-1,1601,1500,1691,-1,1689,1789,1691,-1,1691,1789,1790,-1,1691,1790,1601,-1,1675,1791,1688,-1,1688,1791,1792,-1,1688,1792,1689,-1,1689,1792,1793,-1,1689,1793,1789,-1,1678,1794,1674,-1,1674,1794,1795,-1,1674,1795,1675,-1,1675,1795,1796,-1,1675,1796,1791,-1,1788,1797,1731,-1,1731,1797,1798,-1,1731,1798,1677,-1,1677,1798,1799,-1,1677,1799,1678,-1,1678,1799,1800,-1,1678,1800,1794,-1,1712,1801,1721,-1,1721,1801,1802,-1,1721,1802,1722,-1,1722,1802,1803,-1,1722,1803,1788,-1,1694,1804,1711,-1,1711,1804,1805,-1,1711,1805,1712,-1,1712,1805,1806,-1,1712,1806,1801,-1,1805,1804,1807,-1,1790,1789,1808,-1,1809,1601,1810,-1,1810,1601,1790,-1,1810,1790,1811,-1,1811,1790,1808,-1,1792,1791,1812,-1,1789,1793,1808,-1,1808,1793,1792,-1,1808,1792,1813,-1,1813,1792,1812,-1,1795,1794,1814,-1,1791,1796,1812,-1,1812,1796,1795,-1,1812,1795,1815,-1,1815,1795,1814,-1,1799,1798,1816,-1,1794,1800,1814,-1,1814,1800,1799,-1,1814,1799,1817,-1,1817,1799,1816,-1,1788,1803,1818,-1,1798,1797,1816,-1,1816,1797,1788,-1,1816,1788,1819,-1,1819,1788,1818,-1,1803,1802,1818,-1,1818,1802,1801,-1,1818,1801,1807,-1,1807,1801,1806,-1,1807,1806,1805,-1,1601,1809,1602,-1,1602,1809,1820,-1,1821,1822,1823,-1,1823,1822,1824,-1,1823,1824,1825,-1,1825,1824,1826,-1,1825,1826,1827,-1,1821,1828,1822,-1,1822,1828,1829,-1,1822,1829,1830,-1,1830,1829,1831,-1,1830,1831,1832,-1,1831,1833,1832,-1,1832,1833,1834,-1,1832,1834,1835,-1,1835,1834,1836,-1,1835,1836,1837,-1,1836,1838,1837,-1,1837,1838,1839,-1,1837,1839,1840,-1,1840,1839,1841,-1,1840,1841,1842,-1,1841,1843,1842,-1,1842,1843,1844,-1,1842,1844,1845,-1,1845,1844,1846,-1,1845,1846,1847,-1,1846,1848,1847,-1,1847,1848,1849,-1,1847,1849,1850,-1,1850,1849,1602,-1,1850,1602,1851,-1,1851,1602,1820,-1,1612,1499,1602,-1,1827,1670,1825,-1,1825,1670,1671,-1,1825,1671,1823,-1,1823,1671,1672,-1,1661,1829,1673,-1,1673,1829,1828,-1,1673,1828,1672,-1,1672,1828,1821,-1,1672,1821,1823,-1,1604,1833,1661,-1,1661,1833,1831,-1,1661,1831,1829,-1,1607,1838,1603,-1,1603,1838,1836,-1,1603,1836,1604,-1,1604,1836,1834,-1,1604,1834,1833,-1,1610,1843,1606,-1,1606,1843,1841,-1,1606,1841,1607,-1,1607,1841,1839,-1,1607,1839,1838,-1,1602,1849,1612,-1,1612,1849,1848,-1,1612,1848,1609,-1,1609,1848,1846,-1,1609,1846,1610,-1,1610,1846,1844,-1,1610,1844,1843,-1,1670,1852,1639,-1,1639,1852,1853,-1,1639,1853,1637,-1,1637,1853,1636,-1,1636,1853,1634,-1,1634,1853,1854,-1,1634,1854,1632,-1,1632,1854,1855,-1,1632,1855,1630,-1,1630,1855,1629,-1,1629,1855,1856,-1,1629,1856,1627,-1,1627,1856,1625,-1,1625,1856,1857,-1,1625,1857,1623,-1,1623,1857,1622,-1,1622,1857,1746,-1,1622,1746,1577,-1,1858,1694,1859,-1,1859,1694,1693,-1,1693,1695,1859,-1,1859,1695,1697,-1,1859,1697,1860,-1,1697,1699,1860,-1,1860,1699,1701,-1,1860,1701,1861,-1,1701,1702,1861,-1,1861,1702,1704,-1,1861,1704,1862,-1,1704,1706,1862,-1,1862,1706,1708,-1,1862,1708,1863,-1,1579,1748,1710,-1,1710,1748,1863,-1,1710,1863,1709,-1,1709,1863,1708,-1,1763,1785,1773,-1,1773,1785,1786,-1,1773,1786,1774,-1,1774,1786,1787,-1,1774,1787,1864,-1,1864,1787,1865,-1,1866,1867,1868,-1,1868,1867,1869,-1,1804,1694,1858,-1,1810,1811,1870,-1,1870,1811,1808,-1,1842,1845,1871,-1,1871,1845,1847,-1,1871,1847,1850,-1,1808,1813,1870,-1,1870,1813,1812,-1,1870,1812,1815,-1,1852,1670,1827,-1,1835,1871,1832,-1,1832,1871,1830,-1,1835,1837,1871,-1,1871,1837,1840,-1,1871,1840,1842,-1,1850,1851,1871,-1,1871,1851,1820,-1,1871,1820,1870,-1,1870,1820,1809,-1,1870,1809,1810,-1,1815,1814,1870,-1,1870,1814,1817,-1,1870,1817,1816,-1,1827,1826,1852,-1,1852,1826,1824,-1,1852,1824,1871,-1,1871,1824,1822,-1,1871,1822,1830,-1,1816,1819,1870,-1,1870,1819,1818,-1,1870,1818,1858,-1,1858,1818,1807,-1,1858,1807,1804,-1,1868,1869,1872,-1,1872,1869,1873,-1,1864,1865,1874,-1,1874,1865,1875,-1,1874,1875,1876,-1,1876,1875,1877,-1,1876,1877,1878,-1,1878,1877,1879,-1,1878,1879,1880,-1,1880,1879,1881,-1,1880,1881,1882,-1,1882,1881,1883,-1,1867,1866,1884,-1,1884,1866,1885,-1,1884,1885,1886,-1,1886,1885,1887,-1,1886,1887,1888,-1,1888,1887,1889,-1,1888,1889,1890,-1,1890,1889,1891,-1,1892,1893,1894,-1,1894,1893,1895,-1,1894,1895,1896,-1,1896,1895,1897,-1,1896,1897,1898,-1,1898,1897,1899,-1,1898,1899,1870,-1,1870,1899,1871,-1,1873,1900,1872,-1,1872,1900,1901,-1,1902,1903,1883,-1,1883,1903,1882,-1,1891,1904,1890,-1,1890,1904,1905,-1,1893,1892,1906,-1,1906,1892,1907,-1,1906,1907,1908,-1,1908,1907,1909,-1,1908,1909,1910,-1,1910,1909,1911,-1,1912,1913,1914,-1,1912,1914,1915,-1,1915,1914,1916,-1,1915,1916,1917,-1,1917,1916,1918,-1,1917,1918,1919,-1,1919,1918,1901,-1,1919,1901,1900,-1,1920,1906,1921,-1,1921,1906,1908,-1,1787,1755,1865,-1,1865,1755,1746,-1,1865,1746,1875,-1,1875,1746,1857,-1,1875,1857,1877,-1,1906,1920,1893,-1,1893,1920,1922,-1,1893,1922,1895,-1,1895,1922,1923,-1,1895,1923,1897,-1,1897,1923,1924,-1,1897,1924,1899,-1,1899,1924,1925,-1,1899,1925,1871,-1,1871,1925,1902,-1,1871,1902,1852,-1,1852,1902,1883,-1,1852,1883,1853,-1,1853,1883,1881,-1,1853,1881,1854,-1,1854,1881,1879,-1,1854,1879,1855,-1,1855,1879,1877,-1,1855,1877,1856,-1,1856,1877,1857,-1,1903,1902,1925,-1,1903,1925,1926,-1,1926,1925,1924,-1,1926,1924,1927,-1,1927,1924,1923,-1,1927,1923,1928,-1,1928,1923,1922,-1,1928,1922,1929,-1,1747,1774,1748,-1,1748,1774,1864,-1,1748,1864,1863,-1,1863,1864,1874,-1,1863,1874,1862,-1,1862,1874,1876,-1,1862,1876,1861,-1,1861,1876,1878,-1,1930,1907,1929,-1,1929,1907,1892,-1,1929,1892,1928,-1,1928,1892,1894,-1,1928,1894,1927,-1,1927,1894,1896,-1,1927,1896,1926,-1,1926,1896,1898,-1,1926,1898,1903,-1,1903,1898,1870,-1,1903,1870,1882,-1,1882,1870,1858,-1,1882,1858,1880,-1,1880,1858,1859,-1,1880,1859,1878,-1,1878,1859,1860,-1,1878,1860,1861,-1,1909,1907,1931,-1,1931,1907,1930,-1,1932,1933,1934,-1,1932,1934,1935,-1,1935,1934,1936,-1,1935,1936,1937,-1,1937,1936,1938,-1,1937,1938,1939,-1,1939,1938,1905,-1,1939,1905,1904,-1,1940,1941,1911,-1,1911,1941,1910,-1,1942,1943,1912,-1,1912,1943,1913,-1,1929,1922,1930,-1,1930,1922,1920,-1,1930,1920,1931,-1,1931,1920,1921,-1,1931,1921,1944,-1,1944,1921,1945,-1,1940,1946,1941,-1,1941,1946,1947,-1,1948,1941,1949,-1,1949,1941,1947,-1,1949,1947,1932,-1,1932,1947,1933,-1,1950,1947,1951,-1,1951,1947,1946,-1,1873,1869,1900,-1,1900,1869,1867,-1,1900,1867,1919,-1,1919,1867,1884,-1,1919,1884,1917,-1,1917,1884,1886,-1,1917,1886,1915,-1,1915,1886,1888,-1,1915,1888,1912,-1,1912,1888,1890,-1,1912,1890,1942,-1,1942,1890,1905,-1,1942,1905,1952,-1,1952,1905,1938,-1,1952,1938,1953,-1,1953,1938,1936,-1,1953,1936,1954,-1,1954,1936,1934,-1,1954,1934,1955,-1,1955,1934,1933,-1,1955,1933,1950,-1,1950,1933,1947,-1,1943,1942,1956,-1,1956,1942,1952,-1,1956,1952,1957,-1,1957,1952,1953,-1,1957,1953,1958,-1,1958,1953,1954,-1,1958,1954,1959,-1,1959,1954,1955,-1,1960,1949,1959,-1,1959,1949,1932,-1,1959,1932,1958,-1,1958,1932,1935,-1,1958,1935,1957,-1,1957,1935,1937,-1,1957,1937,1956,-1,1956,1937,1939,-1,1956,1939,1943,-1,1943,1939,1904,-1,1943,1904,1913,-1,1913,1904,1891,-1,1913,1891,1914,-1,1914,1891,1889,-1,1914,1889,1916,-1,1916,1889,1887,-1,1916,1887,1918,-1,1918,1887,1885,-1,1918,1885,1901,-1,1901,1885,1866,-1,1901,1866,1872,-1,1872,1866,1868,-1,1961,1948,1960,-1,1960,1948,1949,-1,1948,1961,1941,-1,1941,1961,1962,-1,1941,1962,1910,-1,1910,1962,1945,-1,1910,1945,1908,-1,1908,1945,1921,-1,1945,1962,1944,-1,1944,1962,1963,-1,1909,1931,1911,-1,1911,1931,1944,-1,1911,1944,1940,-1,1940,1944,1963,-1,1940,1963,1946,-1,1946,1963,1951,-1,1950,1951,1963,-1,1962,1961,1960,-1,1959,1955,1960,-1,1960,1955,1950,-1,1960,1950,1962,-1,1962,1950,1963,-1,
        ]
    }
}
Shape{
    appearance Appearance {
        material  Material 	{
            diffuseColor 0.8509803921568627 0.8509803921568627 0.8509803921568627
            specularColor 0.7490196078431373 0.7490196078431373 0.7490196078431373
            ambientIntensity 0.851
            transparency 0.0
            shininess 0.5
        }
    }
    geometry IndexedFaceSet {
        ccw TRUE
        solid FALSE
        coord DEF co Coordinate {
            point [
                2.1034 0.6894 0.1064, 2.0931 0.7342 0.2276, 2.0959 0.722 0.2418, 2.0931 0.7342 0.1381, 2.0911 0.7428 0.1549, 2.0959 0.722 0.1239, 2.0994 0.7067 0.1131, 2.09 0.7472 0.1733, 2.09 0.7472 0.1923, 2.0911 0.7428 0.2107, 2.212 0.219 0.2616, 2.212 0.219 0.1041, 2.1076 0.6711 0.2616, 2.1076 0.6711 0.1041, 2.1034 0.6894 0.2593, 2.0994 0.7067 0.2525, 1.9295 -0.6813 0.0408, 1.9175 -0.6723 0.045, 1.9175 -0.6723 0.0057, 1.8996 -0.6316 0.0057, 1.902 -0.6466 0.0057, 1.8996 -0.6316 0.0639, 1.9021 -0.6466 0.057, 1.9081 -0.6604 0.0057, 1.9085 -0.6611 0.0502, 1.9081 -0.6604 0.0505, 1.9023 -0.6477 0.0564, 1.9296 -0.6814 0.0407, 1.9296 -0.6814 0.0057, 1.9423 -0.6867 0.0382, 1.9436 -0.6871 0.0057, 1.9436 -0.6869 0.0381, 1.955 -0.6889 0.0372, 1.9586 -0.689 0.0057, 1.9586 -0.689 0.0372, -1.9587 -0.689 0.0372, -1.9587 -0.689 0.0057, -1.9454 -0.6875 0.0379, -1.9437 -0.6871 0.0057, -1.9437 -0.6869 0.0381, -1.932 -0.6827 0.0401, -1.9296 -0.6814 0.0057, -1.9298 -0.6812 0.0408, -1.9203 -0.6748 0.0438, -1.9175 -0.6723 0.0057, -1.9178 -0.6721 0.0451, -1.9105 -0.6641 0.0488, -1.9081 -0.6604 0.0057, -1.9084 -0.6603 0.0506, -1.9036 -0.6513 0.0547, -1.902 -0.6466 0.0057, -1.9024 -0.6465 0.057, -1.9001 -0.6371 0.0614, -1.8997 -0.6316 0.0057, -1.8997 -0.6316 0.0639, -2.2121 0.219 0.1041, -2.2121 0.219 0.2616, -2.1077 0.6711 0.1041, -2.1077 0.6711 0.2616, -2.1038 0.6882 0.2596, -2.0938 0.7311 0.2319, -2.0917 0.7402 0.217, -2.1 0.7044 0.2538, -2.0966 0.7189 0.2444, -2.09 0.7478 0.1828, -2.0966 0.7189 0.1213, -2.1 0.7044 0.1119, -2.0904 0.7459 0.1653, -2.0917 0.7402 0.1487, -2.0938 0.7311 0.1337, -2.0904 0.7459 0.2003, -2.1038 0.6882 0.1061, 1.8996 -0.4314 0.0647, 1.8996 -0.4314 0.0057, 1.9019 -0.4461 0.0057, 1.9019 -0.4461 0.0647, 1.9078 -0.4598 0.0057, 1.9078 -0.4598 0.0647, 1.9169 -0.4715 0.0057, 1.9169 -0.4715 0.0647, 1.9287 -0.4806 0.0057, 1.9287 -0.4806 0.0647, 1.9407 -0.49 0.0647, 1.9407 -0.49 0.0057, 1.95 -0.5022 0.0647, 1.95 -0.5022 0.0057, 1.9558 -0.5164 0.0647, 1.9558 -0.5164 0.0057, 1.9578 -0.5315 0.0647, 1.9578 -0.5315 0.0057, 1.9558 -0.5467 0.0647, 1.9558 -0.5467 0.0057, 1.95 -0.5608 0.0647, 1.95 -0.5608 0.0057, 1.9407 -0.573 0.0647, 1.9407 -0.573 0.0057, 1.9287 -0.5824 0.0647, 1.9287 -0.5824 0.0057, 1.8996 -0.6308 0.0643, 1.8997 -0.63 0.0647, 1.9019 -0.6169 0.0647, 1.9019 -0.6169 0.0057, 1.9078 -0.6033 0.0647, 1.9078 -0.6033 0.0057, 1.9169 -0.5915 0.0647, 1.9169 -0.5915 0.0057, 2.2145 -0.374 0.1041, 2.2145 -0.689 0.1041, 2.2121 -0.689 0.0822, 2.2121 -0.374 0.0822, 2.2048 -0.689 0.0614, 2.2048 -0.374 0.0614, 2.1931 -0.689 0.0427, 2.1931 -0.374 0.0427, 2.1775 -0.689 0.0271, 2.1775 -0.374 0.0271, 2.1588 -0.689 0.0154, 2.1588 -0.374 0.0154, 2.138 -0.689 0.0081, 2.138 -0.374 0.0081, 2.1161 -0.689 0.0057, 2.1161 -0.374 0.0057, 1.9586 -0.374 0.0647, 1.9586 -0.374 0.0057, 1.9436 -0.376 0.0057, 1.9436 -0.376 0.0647, 1.9296 -0.3817 0.0057, 1.9296 -0.3817 0.0647, 1.9175 -0.3908 0.0057, 1.9175 -0.3908 0.0647, 1.9081 -0.4026 0.0057, 1.9081 -0.4026 0.0647, 1.902 -0.4165 0.0057, 1.902 -0.4165 0.0647, 2.0501 0.6578 0.1041, 2.0459 0.6762 0.1064, 2.0419 0.6935 0.1131, 2.0383 0.7087 0.1239, 2.0355 0.7209 0.1381, 2.0335 0.7295 0.1549, 2.0325 0.734 0.1733, 2.0325 0.734 0.1923, 2.0335 0.7295 0.2107, 2.0355 0.7209 0.2276, 2.0383 0.7087 0.2418, 2.0419 0.6935 0.2525, 2.0459 0.6762 0.2593, 2.0501 0.6578 0.2616, 2.2145 0.1968 0.1041, 2.2145 0.1968 0.2616, 2.1161 1.063 0.0057, 1.9407 1.179 0.0057, 1.95 1.1911 0.0057, 1.9287 1.2713 0.0057, 1.9586 1.3779 0.0057, 1.9407 1.2619 0.0057, 2.1161 1.3779 0.0057, 1.95 1.2498 0.0057, 1.9287 1.1696 0.0057, 1.9586 1.063 0.0057, 1.9169 1.1605 0.0057, 1.9169 1.2804 0.0057, 1.9078 1.2922 0.0057, 1.9019 1.3058 0.0057, 1.9558 1.2053 0.0057, 1.9578 1.2204 0.0057, 1.9558 1.2356 0.0057, 1.8996 1.3205 0.0057, 1.902 1.3355 0.0057, 1.9081 1.3494 0.0057, 1.9175 1.3612 0.0057, 1.9296 1.3703 0.0057, 1.9436 1.376 0.0057, 1.902 1.1054 0.0057, 1.8996 1.1203 0.0057, 1.9436 1.0649 0.0057, 1.9019 1.135 0.0057, 1.9078 1.1487 0.0057, 1.9081 1.0915 0.0057, 1.9296 1.0706 0.0057, 1.9175 1.0797 0.0057, 1.9586 1.063 0.0647, 1.9436 1.0649 0.0647, 1.9296 1.0706 0.0647, 1.9175 1.0797 0.0647, 1.9081 1.0915 0.0647, 1.902 1.1054 0.0647, 1.8996 1.1203 0.0647, 1.8996 1.3205 0.0647, 1.902 1.3355 0.0647, 1.9081 1.3494 0.0647, 1.9175 1.3612 0.0647, 1.9296 1.3703 0.0647, 1.9436 1.376 0.0647, 1.9586 1.3779 0.0647, 1.9019 1.3058 0.0647, 1.9078 1.2922 0.0647, 1.9169 1.2804 0.0647, 1.9287 1.2713 0.0647, 1.9407 1.2619 0.0647, 1.95 1.2498 0.0647, 1.9558 1.2356 0.0647, 1.9578 1.2204 0.0647, 1.9558 1.2053 0.0647, 1.95 1.1911 0.0647, 1.9407 1.179 0.0647, 1.9287 1.1696 0.0647, 1.9169 1.1605 0.0647, 1.9078 1.1487 0.0647, 1.9019 1.135 0.0647, 2.1161 -0.63 0.0647, 2.1161 -0.689 0.0372, 2.2145 1.3779 0.1041, 2.2145 1.063 0.1041, 2.2121 1.063 0.0822, 2.2121 1.3779 0.0822, 2.2048 1.063 0.0614, 2.2048 1.3779 0.0614, 2.1931 1.063 0.0427, 2.1931 1.3779 0.0427, 2.1775 1.063 0.0271, 2.1775 1.3779 0.0271, 2.1588 1.063 0.0154, 2.1588 1.3779 0.0154, 2.138 1.063 0.0081, 2.138 1.3779 0.0081, -1.8997 -0.6308 0.0643, -1.902 -0.6169 0.0057, -1.8997 -0.63 0.0647, -1.902 -0.6169 0.0647, -1.9078 -0.6033 0.0057, -1.9078 -0.6033 0.0647, -1.917 -0.5915 0.0057, -1.917 -0.5915 0.0647, -1.9287 -0.5824 0.0057, -1.9287 -0.5824 0.0647, -1.9408 -0.573 0.0647, -1.9408 -0.573 0.0057, -1.95 -0.5608 0.0647, -1.95 -0.5608 0.0057, -1.9558 -0.5467 0.0647, -1.9558 -0.5467 0.0057, -1.9578 -0.5315 0.0647, -1.9578 -0.5315 0.0057, -1.9558 -0.5164 0.0647, -1.9558 -0.5164 0.0057, -1.95 -0.5022 0.0647, -1.95 -0.5022 0.0057, -1.9408 -0.49 0.0647, -1.9408 -0.49 0.0057, -1.9287 -0.4806 0.0647, -1.9287 -0.4806 0.0057, -1.917 -0.4715 0.0057, -1.917 -0.4715 0.0647, -1.9078 -0.4598 0.0057, -1.9078 -0.4598 0.0647, -1.902 -0.4461 0.0057, -1.902 -0.4461 0.0647, -1.8997 -0.4314 0.0057, -1.8997 -0.4314 0.0647, -2.1162 -0.63 0.0647, -2.1162 -0.689 0.0372, -2.2146 -0.689 0.1041, -2.2146 -0.374 0.1041, -2.2121 -0.374 0.0822, -2.2121 -0.689 0.0822, -2.2048 -0.374 0.0614, -2.2048 -0.689 0.0614, -2.1931 -0.374 0.0427, -2.1931 -0.689 0.0427, -2.1775 -0.374 0.0271, -2.1775 -0.689 0.0271, -2.1589 -0.374 0.0154, -2.1589 -0.689 0.0154, -2.1381 -0.374 0.0081, -2.1381 -0.689 0.0081, -2.1162 -0.374 0.0057, -2.1162 -0.689 0.0057, -1.9296 -0.3817 0.0057, -1.9175 -0.3908 0.0057, -1.9587 -0.374 0.0057, -1.9437 -0.376 0.0057, -1.9081 -0.4026 0.0057, -1.902 -0.4165 0.0057, -1.9587 -0.374 0.0647, -1.9437 -0.376 0.0647, -1.9296 -0.3817 0.0647, -1.9175 -0.3908 0.0647, -1.9081 -0.4026 0.0647, -1.902 -0.4165 0.0647, -2.0502 0.6578 0.2616, -2.0462 0.6749 0.2596, -2.0425 0.6911 0.2538, -2.0391 0.7056 0.2444, -2.0363 0.7178 0.2319, -2.0342 0.7269 0.217, -2.0329 0.7326 0.2003, -2.0324 0.7345 0.1828, -2.2146 0.1968 0.2616, -2.2146 0.1968 0.1041, -1.9587 1.3779 0.0057, -1.9587 1.3779 0.0647, -1.9437 1.376 0.0647, -1.9437 1.376 0.0057, -1.9296 1.3703 0.0647, -1.9296 1.3703 0.0057, -1.9175 1.3612 0.0647, -1.9175 1.3612 0.0057, -1.9081 1.3494 0.0647, -1.9081 1.3494 0.0057, -1.902 1.3355 0.0647, -1.902 1.3355 0.0057, -1.8997 1.3205 0.0647, -1.8997 1.3205 0.0057, -1.8997 1.1203 0.0647, -1.8997 1.1203 0.0057, -1.902 1.135 0.0057, -1.902 1.135 0.0647, -1.9078 1.1487 0.0057, -1.9078 1.1487 0.0647, -1.917 1.1605 0.0057, -1.917 1.1605 0.0647, -1.9287 1.1696 0.0057, -1.9287 1.1696 0.0647, -1.9408 1.179 0.0647, -1.9408 1.179 0.0057, -1.95 1.1911 0.0647, -1.95 1.1911 0.0057, -1.9558 1.2053 0.0647, -1.9558 1.2053 0.0057, -1.9578 1.2204 0.0647, -1.9578 1.2204 0.0057, -1.9558 1.2356 0.0647, -1.9558 1.2356 0.0057, -1.95 1.2498 0.0647, -1.95 1.2498 0.0057, -1.9408 1.2619 0.0647, -1.9408 1.2619 0.0057, -1.9287 1.2713 0.0647, -1.9287 1.2713 0.0057, -1.917 1.2804 0.0057, -1.917 1.2804 0.0647, -1.9078 1.2922 0.0057, -1.9078 1.2922 0.0647, -1.902 1.3058 0.0057, -1.902 1.3058 0.0647, -2.1162 1.063 0.0057, -1.9587 1.063 0.0057, -2.1162 1.3779 0.0057, -1.9175 1.0797 0.0057, -1.9296 1.0706 0.0057, -1.902 1.1054 0.0057, -1.9081 1.0915 0.0057, -1.9437 1.0649 0.0057, -1.9587 1.063 0.0647, -1.9437 1.0649 0.0647, -1.9296 1.0706 0.0647, -1.9175 1.0797 0.0647, -1.9081 1.0915 0.0647, -1.902 1.1054 0.0647, -2.2146 1.063 0.1041, -2.2146 1.3779 0.1041, -2.2121 1.3779 0.0822, -2.2121 1.063 0.0822, -2.2048 1.3779 0.0614, -2.2048 1.063 0.0614, -2.1931 1.3779 0.0427, -2.1931 1.063 0.0427, -2.1775 1.3779 0.0271, -2.1775 1.063 0.0271, -2.1589 1.3779 0.0154, -2.1589 1.063 0.0154, -2.1381 1.3779 0.0081, -2.1381 1.063 0.0081, 2.2145 1.3779 0.5765, 2.2145 0.8223 0.358, 2.2145 0.8366 0.3521, 2.2145 0.8488 0.3427, 2.2145 0.8582 0.3305, 2.2145 0.1563 0.2828, 2.2145 0.1508 0.2933, 2.2145 -0.3558 0.3862, 2.2145 -0.3602 0.3737, 2.2145 0.148 0.3167, 2.2145 0.9252 0.1041, 2.2145 0.185 0.263, 2.2145 0.174 0.2672, 2.2145 0.1642 0.2739, 2.2145 -0.6875 0.2944, 2.2145 -0.689 0.2812, 2.2145 -0.6431 0.3388, 2.2145 0.148 0.3048, 2.2145 -0.3544 0.5765, 2.2145 0.1642 0.3476, 2.2145 0.174 0.3544, 2.2145 0.8641 0.3162, 2.2145 0.8661 0.3009, 2.2145 0.8661 0.1631, 2.2145 0.912 0.1056, 2.2145 0.8995 0.1099, 2.2145 -0.3672 0.3625, 2.2145 -0.3766 0.3532, 2.2145 -0.3878 0.3462, 2.2145 -0.3544 0.3994, 2.2145 0.1508 0.3282, 2.2145 0.1563 0.3387, 2.2145 0.8676 0.15, 2.2145 0.872 0.1375, 2.2145 0.879 0.1263, 2.2145 0.185 0.3586, 2.2145 0.1968 0.36, 2.2145 0.8071 0.36, 2.2145 0.8883 0.117, 2.2145 -0.4003 0.3418, 2.2145 -0.4134 0.3403, 2.2145 -0.63 0.3403, 2.2145 -0.6556 0.3345, 2.2145 -0.6668 0.3274, 2.2145 -0.6832 0.3069, 2.2145 -0.6761 0.3181, -2.2146 1.3779 0.5765, -2.2146 0.8641 0.3162, -2.2146 0.8582 0.3305, -2.2146 0.8488 0.3427, -2.2146 0.8366 0.3521, -2.2146 0.8661 0.3009, -2.2146 0.9252 0.1041, -2.2146 0.174 0.3544, -2.2146 0.1642 0.3476, -2.2146 -0.3544 0.5765, -2.2146 0.185 0.3586, -2.2146 0.185 0.263, -2.2146 0.174 0.2672, -2.2146 0.1642 0.2739, -2.2146 0.1563 0.2828, -2.2146 -0.689 0.2812, -2.2146 0.879 0.1263, -2.2146 0.912 0.1056, -2.2146 0.8883 0.117, -2.2146 0.8995 0.1099, -2.2146 0.872 0.1375, -2.2146 0.8676 0.15, -2.2146 0.8661 0.1631, -2.2146 0.8223 0.358, -2.2146 0.8071 0.36, -2.2146 0.1968 0.36, -2.2146 0.1508 0.3282, -2.2146 0.148 0.3167, -2.2146 -0.3558 0.3862, -2.2146 -0.4003 0.3418, -2.2146 -0.3878 0.3462, -2.2146 0.148 0.3048, -2.2146 0.1563 0.3387, -2.2146 -0.3544 0.3994, -2.2146 -0.3766 0.3532, -2.2146 -0.3672 0.3625, -2.2146 -0.3602 0.3737, -2.2146 -0.63 0.3403, -2.2146 -0.4134 0.3403, -2.2146 0.1508 0.2933, -2.2146 -0.6431 0.3388, -2.2146 -0.6875 0.2944, -2.2146 -0.6556 0.3345, -2.2146 -0.6668 0.3274, -2.2146 -0.6832 0.3069, -2.2146 -0.6761 0.3181, 2.1161 -0.374 0.0647, 2.1555 -0.374 0.1041, 2.1545 -0.374 0.0953, 2.1516 -0.374 0.087, 2.1469 -0.374 0.0795, 2.1407 -0.374 0.0733, 2.1332 -0.374 0.0686, 2.1249 -0.374 0.0657, 2.1545 0.2057 0.1041, 2.1545 0.2057 0.2616, 2.1555 0.1968 0.2616, 2.1161 1.063 0.0647, 2.1249 1.063 0.0657, 2.1332 1.063 0.0686, 2.1407 1.063 0.0733, 2.1469 1.063 0.0795, 2.1516 1.063 0.087, 2.1545 1.063 0.0953, 2.1555 1.063 0.1041, 2.1161 1.3779 0.0647, 2.131 -0.689 0.0388, 2.1452 -0.689 0.0438, 2.1578 -0.689 0.0518, 2.1684 -0.689 0.0624, 2.1764 -0.689 0.075, 2.1814 -0.689 0.0892, 2.183 -0.689 0.1041, 2.183 -0.689 0.2812, 2.1249 -0.63 0.0657, 2.1332 -0.63 0.0686, 2.1407 -0.63 0.0733, 2.1469 -0.63 0.0795, 2.1516 -0.63 0.087, 2.1545 -0.63 0.0953, 2.1555 -0.63 0.1041, 2.183 -0.6888 0.2856, 2.1822 -0.6872 0.2943, 2.1819 -0.6865 0.2983, 2.1802 -0.6828 0.3067, 2.1793 -0.6809 0.3111, 2.1769 -0.6757 0.3178, 2.175 -0.6717 0.323, 2.1725 -0.6665 0.327, 2.1694 -0.6597 0.3323, 2.1674 -0.6554 0.3341, 2.163 -0.6461 0.3381, 2.1616 -0.643 0.3385, 2.1555 -0.63 0.3403, 1.2795 1.4567 0.3994, -1.2796 1.4567 0.3994, -1.3386 1.4567 0.5765, -1.3386 1.4567 0.4584, -1.2927 1.4567 0.4008, -1.3371 1.4567 0.4453, 1.3386 1.4567 0.5765, 1.3386 1.4567 0.4584, 1.2926 1.4567 0.4008, 1.3371 1.4567 0.4453, -1.3052 1.4567 0.4052, -1.3164 1.4567 0.4122, -1.3257 1.4567 0.4216, -1.3328 1.4567 0.4328, 1.3327 1.4567 0.4328, 1.3257 1.4567 0.4216, 1.3051 1.4567 0.4052, 1.3163 1.4567 0.4122, -2.1831 -0.689 0.2812, -2.1831 -0.689 0.1041, -2.1814 -0.689 0.0892, -2.1765 -0.689 0.075, -2.1685 -0.689 0.0624, -2.1579 -0.689 0.0518, -2.1452 -0.689 0.0438, -2.1311 -0.689 0.0388, -2.1162 -0.374 0.0647, -2.1555 -0.63 0.1041, -2.1546 -0.63 0.0953, -2.1516 -0.63 0.087, -2.147 -0.63 0.0795, -2.1407 -0.63 0.0733, -2.1333 -0.63 0.0686, -2.1249 -0.63 0.0657, -2.1249 -0.374 0.0657, -2.1333 -0.374 0.0686, -2.1407 -0.374 0.0733, -2.147 -0.374 0.0795, -2.1516 -0.374 0.087, -2.1546 -0.374 0.0953, -2.1555 -0.374 0.1041, -2.0425 0.6911 0.1119, -2.0391 0.7056 0.1213, -2.0502 0.6578 0.1041, -2.1545 0.2057 0.2616, -2.1545 0.2057 0.1041, -2.0462 0.6749 0.1061, -2.0363 0.7178 0.1337, -2.0342 0.7269 0.1487, -2.0329 0.7326 0.1653, -2.1555 0.1968 0.2616, -2.1162 1.063 0.0647, -2.1162 1.3779 0.0647, -2.1555 1.063 0.1041, -2.1546 1.063 0.0953, -2.1516 1.063 0.087, -2.147 1.063 0.0795, -2.1407 1.063 0.0733, -2.1333 1.063 0.0686, -2.1249 1.063 0.0657, -2.1819 -0.6865 0.2983, -2.1802 -0.6828 0.3067, -2.1555 -0.63 0.3403, -2.1617 -0.643 0.3385, -2.1726 -0.6665 0.327, -2.1694 -0.6597 0.3323, -2.1674 -0.6554 0.3341, -2.1631 -0.6461 0.3381, -2.1793 -0.6809 0.3111, -2.1769 -0.6757 0.3178, -2.175 -0.6717 0.323, -2.1823 -0.6872 0.2943, -2.183 -0.6888 0.2856, 2.1161 1.3779 0.675, 2.1161 -0.3544 0.675, 2.138 -0.3544 0.6725, 2.138 1.3779 0.6725, 2.1588 -0.3544 0.6652, 2.1588 1.3779 0.6652, 2.1775 -0.3544 0.6535, 2.1775 1.3779 0.6535, 2.1931 -0.3544 0.6379, 2.1931 1.3779 0.6379, 2.2048 -0.3544 0.6192, 2.2048 1.3779 0.6192, 2.2121 -0.3544 0.5984, 2.2121 1.3779 0.5984, -1.3386 1.3582 0.675, 1.3386 1.3582 0.675, 1.3386 1.3801 0.6725, -1.3386 1.3801 0.6725, 1.3386 1.4009 0.6652, -1.3386 1.4009 0.6652, 1.3386 1.4196 0.6535, -1.3386 1.4196 0.6535, 1.3386 1.4352 0.6379, -1.3386 1.4352 0.6379, 1.3386 1.4469 0.6192, -1.3386 1.4469 0.6192, 1.3386 1.4542 0.5984, -1.3386 1.4542 0.5984, -2.1162 -0.3544 0.675, -2.1162 1.3779 0.675, -2.1381 1.3779 0.6725, -2.1381 -0.3544 0.6725, -2.1589 1.3779 0.6652, -2.1589 -0.3544 0.6652, -2.1775 1.3779 0.6535, -2.1775 -0.3544 0.6535, -2.1931 1.3779 0.6379, -2.1931 -0.3544 0.6379, -2.2048 1.3779 0.6192, -2.2048 -0.3544 0.6192, -2.2121 1.3779 0.5984, -2.2121 -0.3544 0.5984, 2.1555 0.1968 0.1041, 2.1555 0.1968 0.36, 2.1555 0.185 0.3586, 2.1555 0.174 0.3544, 2.1555 0.1642 0.3476, 2.1555 0.1563 0.3387, 2.1555 0.1508 0.3282, 2.1555 0.148 0.3167, 2.1555 0.148 0.3048, 2.1555 0.1508 0.2933, 2.1555 0.1563 0.2828, 2.1555 0.1642 0.2739, 2.1555 0.174 0.2672, 2.1555 0.185 0.263, 2.1555 0.8071 0.36, 2.1555 0.8223 0.358, 2.1555 0.8366 0.3521, 2.1555 0.8488 0.3427, 2.1555 0.8582 0.3305, 2.1555 0.8641 0.3162, 2.1555 0.8661 0.3009, 2.1555 0.8661 0.1631, 2.1555 0.8676 0.15, 2.1555 0.872 0.1375, 2.1555 0.879 0.1263, 2.1555 0.8883 0.117, 2.1555 0.8995 0.1099, 2.1555 0.912 0.1056, 2.1555 0.9252 0.1041, 2.1249 1.3779 0.0657, 2.1332 1.3779 0.0686, 2.1407 1.3779 0.0733, 2.1469 1.3779 0.0795, 2.1516 1.3779 0.087, 2.1545 1.3779 0.0953, 2.1555 1.3779 0.1041, 2.1555 -0.4134 0.3403, 1.3386 1.3976 0.4584, 1.3371 1.3976 0.4453, 1.3327 1.3976 0.4328, 1.3257 1.3976 0.4216, 1.3163 1.3976 0.4122, 1.3051 1.3976 0.4052, 1.2926 1.3976 0.4008, 1.2795 1.3976 0.3994, -1.2796 1.3976 0.3994, -1.2927 1.3976 0.4008, -1.3052 1.3976 0.4052, -1.3164 1.3976 0.4122, -1.3257 1.3976 0.4216, -1.3328 1.3976 0.4328, -1.3371 1.3976 0.4453, -1.3386 1.3976 0.4584, -2.1555 0.1968 0.1041, -2.1555 0.1968 0.36, -2.1555 0.185 0.3586, -2.1555 0.174 0.3544, -2.1555 0.1642 0.3476, -2.1555 0.1563 0.3387, -2.1555 0.1508 0.3282, -2.1555 0.148 0.3167, -2.1555 0.148 0.3048, -2.1555 0.1508 0.2933, -2.1555 0.1563 0.2828, -2.1555 0.1642 0.2739, -2.1555 0.174 0.2672, -2.1555 0.185 0.263, -2.1555 0.8071 0.36, -2.1555 0.8223 0.358, -2.1555 0.8366 0.3521, -2.1555 0.8488 0.3427, -2.1555 0.8582 0.3305, -2.1555 0.8641 0.3162, -2.1555 0.8661 0.3009, -2.1555 0.8661 0.1631, -2.1555 0.9252 0.1041, -2.1555 0.912 0.1056, -2.1555 0.8995 0.1099, -2.1555 0.8883 0.117, -2.1555 0.879 0.1263, -2.1555 0.872 0.1375, -2.1555 0.8676 0.15, -2.1249 1.3779 0.0657, -2.1333 1.3779 0.0686, -2.1407 1.3779 0.0733, -2.147 1.3779 0.0795, -2.1516 1.3779 0.087, -2.1546 1.3779 0.0953, -2.1555 1.3779 0.1041, -2.1555 -0.4134 0.3403, -1.8406 -0.689 0.675, 1.8405 -0.689 0.675, 1.3823 1.2421 0.675, -1.8938 -0.6556 0.675, -1.8868 -0.6668 0.675, 1.3465 1.2697 0.675, -2.054 1.3779 0.675, -1.8982 -0.6431 0.675, -1.4523 1.2421 0.675, -1.4666 1.248 0.675, -1.8562 1.3442 0.675, -1.4941 1.2839 0.675, -1.8513 1.3607 0.675, -1.4961 1.2992 0.675, -1.8504 1.3779 0.675, -1.4961 1.3779 0.675, 1.907 1.3012 0.675, 1.8908 1.3071 0.675, 1.3681 1.248 0.675, 1.3558 1.2574 0.675, -1.8537 -0.6875 0.675, -1.9456 -0.3558 0.675, -1.9331 -0.3602 0.675, 1.3406 1.2839 0.675, -1.9011 -0.4003 0.675, -1.8996 -0.4134 0.675, -1.8996 -0.63 0.675, -1.8647 1.3292 0.675, -1.8765 1.3166 0.675, -1.8909 1.3071 0.675, -1.8774 -0.6761 0.675, -1.8662 -0.6832 0.675, -1.9219 -0.3672 0.675, -1.9125 -0.3766 0.675, -1.9055 -0.3878 0.675, -1.3515 1.2624 0.675, -1.3608 1.253 0.675, -1.372 1.246 0.675, -1.3845 1.2416 0.675, -1.3977 1.2401 0.675, -1.437 1.2401 0.675, -1.9396 1.3008 0.675, -1.9543 1.3056 0.675, 1.4501 1.2416 0.675, 1.437 1.2401 0.675, 1.3976 1.2401 0.675, 1.8504 1.3779 0.675, 1.496 1.3779 0.675, 1.8512 1.3607 0.675, 1.496 1.2992 0.675, 1.8561 1.3442 0.675, 1.4946 1.286 0.675, 1.4902 1.2736 0.675, 1.4831 1.2624 0.675, 1.4738 1.253 0.675, -1.9587 -0.3544 0.675, -1.9242 1.2992 0.675, 1.3386 1.2992 0.675, 1.4626 1.246 0.675, 1.8646 1.3292 0.675, 1.8764 1.3166 0.675, -1.3386 1.2992 0.675, -1.3401 1.286 0.675, -1.3445 1.2736 0.675, -1.907 1.3012 0.675, -1.4882 1.2697 0.675, -1.4788 1.2574 0.675, -2.0417 1.3766 0.675, 1.9011 -0.4003 0.675, 1.8996 -0.4134 0.675, 1.8996 -0.63 0.675, 1.8537 -0.6875 0.675, 1.8981 -0.6431 0.675, 1.9054 -0.3878 0.675, 1.9125 -0.3766 0.675, 1.9218 -0.3672 0.675, -1.9678 1.3134 0.675, -1.9793 1.3238 0.675, -2.01 1.3582 0.675, 1.8773 -0.6761 0.675, 1.8867 -0.6668 0.675, 1.8937 -0.6556 0.675, 1.8661 -0.6832 0.675, -2.0192 1.3665 0.675, -2.0299 1.3728 0.675, 2.0275 1.3779 0.675, 1.9792 1.3238 0.675, 1.9677 1.3134 0.675, 1.9543 1.3056 0.675, 1.9395 1.3008 0.675, 1.9586 -0.3544 0.675, 1.9241 1.2992 0.675, 1.9455 -0.3558 0.675, 1.933 -0.3602 0.675, 2.1555 -0.3544 0.3994, 2.1555 -0.3558 0.3862, 2.1555 -0.3602 0.3737, 2.1555 -0.3672 0.3625, 2.1555 -0.3766 0.3532, 2.1555 -0.3878 0.3462, 2.1555 -0.4003 0.3418, 2.1555 1.3779 0.5765, 2.1555 -0.3544 0.5765, 1.3386 1.3976 0.5765, -1.3386 1.3976 0.5765, -2.1555 1.3779 0.5765, -2.1555 -0.3672 0.3625, -2.1555 -0.3602 0.3737, -2.1555 -0.3558 0.3862, -2.1555 -0.3544 0.5765, -2.1555 -0.3544 0.3994, -2.1555 -0.3766 0.3532, -2.1555 -0.3878 0.3462, -2.1555 -0.4003 0.3418, -1.8449 -0.6888 0.6434, -1.8406 -0.689 0.6435, -1.8537 -0.6872 0.6426, -1.8577 -0.6865 0.6423, -1.8661 -0.6828 0.6406, -1.8704 -0.6809 0.6397, -1.8771 -0.6757 0.6373, -1.8823 -0.6717 0.6354, -1.8864 -0.6665 0.6329, -1.8916 -0.6597 0.6298, -1.8934 -0.6554 0.6278, -1.8974 -0.6461 0.6234, -1.8978 -0.643 0.622, -1.8996 -0.63 0.6159, 1.8405 -0.689 0.6435, 1.8934 -0.6554 0.6278, 1.8956 -0.6512 0.6258, 1.8977 -0.643 0.622, 1.8992 -0.6369 0.6192, 1.8996 -0.63 0.6159, 1.8772 -0.6759 0.6374, 1.879 -0.6748 0.6368, 1.8864 -0.6666 0.633, 1.8888 -0.664 0.6318, 1.8537 -0.6875 0.6428, 1.8538 -0.6875 0.6427, 1.8661 -0.683 0.6407, 1.8672 -0.6826 0.6405, 1.8996 -0.4134 0.6159, 1.9011 -0.4003 0.6159, 1.9054 -0.3878 0.6159, 1.9125 -0.3766 0.6159, 1.9218 -0.3672 0.6159, 1.933 -0.3602 0.6159, 1.9455 -0.3558 0.6159, 1.9586 -0.3544 0.6159, 2.1545 -0.3544 0.5853, 2.1516 -0.3544 0.5936, 2.1469 -0.3544 0.6011, 2.1407 -0.3544 0.6073, 2.1332 -0.3544 0.612, 2.1249 -0.3544 0.6149, 2.1161 -0.3544 0.6159, 2.1545 1.3779 0.5853, 2.1516 1.3779 0.5936, 2.1469 1.3779 0.6011, 2.1407 1.3779 0.6073, 2.1332 1.3779 0.612, 2.1249 1.3779 0.6149, 2.1161 1.3779 0.6159, 2.0275 1.3779 0.6159, 1.9792 1.3238 0.6159, 1.8504 1.3779 0.6159, 1.8512 1.3607 0.6159, 1.8561 1.3442 0.6159, 1.8646 1.3292 0.6159, 1.8764 1.3166 0.6159, 1.8908 1.3071 0.6159, 1.907 1.3012 0.6159, 1.9241 1.2992 0.6159, 1.496 1.3779 0.6159, 1.496 1.2992 0.6159, 1.4946 1.286 0.6159, 1.4902 1.2736 0.6159, 1.4831 1.2624 0.6159, 1.4738 1.253 0.6159, 1.4626 1.246 0.6159, 1.4501 1.2416 0.6159, 1.437 1.2401 0.6159, 1.3976 1.2401 0.6159, 1.3823 1.2421 0.6159, 1.3681 1.248 0.6159, 1.3558 1.2574 0.6159, 1.3465 1.2697 0.6159, 1.3406 1.2839 0.6159, 1.3386 1.2992 0.6159, 1.3386 1.3966 0.5853, 1.3386 1.3937 0.5936, 1.3386 1.389 0.6011, 1.3386 1.3828 0.6073, 1.3386 1.3753 0.612, 1.3386 1.367 0.6149, 1.3386 1.3582 0.6159, -1.3386 1.3966 0.5853, -1.3386 1.3937 0.5936, -1.3386 1.389 0.6011, -1.3386 1.3828 0.6073, -1.3386 1.3753 0.612, -1.3386 1.367 0.6149, -1.3386 1.3582 0.6159, -1.3386 1.2992 0.6159, -1.3401 1.286 0.6159, -1.3445 1.2736 0.6159, -1.3515 1.2624 0.6159, -1.3608 1.253 0.6159, -1.372 1.246 0.6159, -1.3845 1.2416 0.6159, -1.3977 1.2401 0.6159, -1.437 1.2401 0.6159, -1.4523 1.2421 0.6159, -1.4666 1.248 0.6159, -1.4788 1.2574 0.6159, -1.4882 1.2697 0.6159, -1.4941 1.2839 0.6159, -1.4961 1.2992 0.6159, -1.4961 1.3779 0.6159, -1.8504 1.3779 0.6159, -1.9793 1.3238 0.6159, -1.9678 1.3134 0.6159, -1.9543 1.3056 0.6159, -1.9396 1.3008 0.6159, -1.9242 1.2992 0.6159, -2.01 1.3582 0.6159, -2.0192 1.3665 0.6159, -2.0299 1.3728 0.6159, -2.0417 1.3766 0.6159, -2.054 1.3779 0.6159, -2.1546 1.3779 0.5853, -2.1516 1.3779 0.5936, -2.147 1.3779 0.6011, -2.1407 1.3779 0.6073, -2.1333 1.3779 0.612, -2.1249 1.3779 0.6149, -2.1162 1.3779 0.6159, -2.1546 -0.3544 0.5853, -2.1516 -0.3544 0.5936, -2.147 -0.3544 0.6011, -2.1407 -0.3544 0.6073, -2.1333 -0.3544 0.612, -2.1249 -0.3544 0.6149, -2.1162 -0.3544 0.6159, -1.9587 -0.3544 0.6159, -1.9456 -0.3558 0.6159, -1.9331 -0.3602 0.6159, -1.9219 -0.3672 0.6159, -1.9125 -0.3766 0.6159, -1.9055 -0.3878 0.6159, -1.9011 -0.4003 0.6159, -1.8996 -0.4134 0.6159, -1.907 1.3012 0.6159, -1.8513 1.3607 0.6159, -1.8562 1.3442 0.6159, -1.8647 1.3292 0.6159, -1.8909 1.3071 0.6159, -1.8765 1.3166 0.6159, 1.9395 1.3008 0.6159, 1.9543 1.3056 0.6159, 1.9677 1.3134 0.6159
            ]
        }
        coordIndex [
            0,1,2,-1,3,4,5,-1,5,4,6,-1,4,7,6,-1,6,7,8,-1,6,8,0,-1,0,8,9,-1,0,9,1,-1,10,11,12,-1,12,11,13,-1,12,13,14,-1,14,13,0,-1,14,0,15,-1,15,0,2,-1,16,17,18,-1,19,20,21,-1,21,20,22,-1,18,17,23,-1,17,24,23,-1,23,24,25,-1,23,25,20,-1,20,25,26,-1,20,26,22,-1,16,18,27,-1,27,18,28,-1,27,28,29,-1,29,28,30,-1,29,30,31,-1,31,30,32,-1,32,30,33,-1,32,33,34,-1,35,36,37,-1,37,36,38,-1,37,38,39,-1,39,38,40,-1,40,38,41,-1,40,41,42,-1,42,41,43,-1,43,41,44,-1,43,44,45,-1,45,44,46,-1,46,44,47,-1,46,47,48,-1,48,47,49,-1,49,47,50,-1,49,50,51,-1,51,50,52,-1,52,50,53,-1,52,53,54,-1,55,56,57,-1,57,56,58,-1,57,58,59,-1,57,60,61,-1,59,62,57,-1,57,62,63,-1,57,63,60,-1,64,65,66,-1,64,67,65,-1,65,67,68,-1,65,68,69,-1,61,70,57,-1,57,70,64,-1,57,64,71,-1,71,64,66,-1,72,73,74,-1,72,74,75,-1,75,74,76,-1,75,76,77,-1,77,76,78,-1,77,78,79,-1,79,78,80,-1,79,80,81,-1,81,80,82,-1,82,80,83,-1,82,83,84,-1,84,83,85,-1,84,85,86,-1,86,85,87,-1,86,87,88,-1,88,87,89,-1,88,89,90,-1,90,89,91,-1,90,91,92,-1,92,91,93,-1,92,93,94,-1,94,93,95,-1,94,95,96,-1,96,95,97,-1,98,99,100,-1,19,21,101,-1,101,21,98,-1,98,100,101,-1,101,100,102,-1,101,102,103,-1,103,102,104,-1,103,104,105,-1,105,104,96,-1,105,96,97,-1,106,107,108,-1,106,108,109,-1,109,108,110,-1,109,110,111,-1,111,110,112,-1,111,112,113,-1,113,112,114,-1,113,114,115,-1,115,114,116,-1,115,116,117,-1,117,116,118,-1,117,118,119,-1,119,118,120,-1,119,120,121,-1,122,123,124,-1,122,124,125,-1,125,124,126,-1,125,126,127,-1,127,126,128,-1,127,128,129,-1,129,128,130,-1,129,130,131,-1,131,130,132,-1,131,132,133,-1,133,132,73,-1,133,73,72,-1,80,123,83,-1,83,123,121,-1,83,121,85,-1,93,91,120,-1,120,91,89,-1,120,89,121,-1,121,89,87,-1,121,87,85,-1,80,78,123,-1,123,78,76,-1,123,76,74,-1,128,126,74,-1,74,126,124,-1,74,124,123,-1,103,105,33,-1,33,105,97,-1,33,97,120,-1,120,97,95,-1,120,95,93,-1,73,132,74,-1,74,132,130,-1,74,130,128,-1,20,19,33,-1,33,19,101,-1,33,101,103,-1,33,30,20,-1,20,30,28,-1,20,28,23,-1,23,28,18,-1,13,134,135,-1,13,135,0,-1,0,135,136,-1,0,136,6,-1,6,136,137,-1,6,137,5,-1,5,137,138,-1,5,138,3,-1,3,138,139,-1,3,139,4,-1,4,139,140,-1,4,140,7,-1,7,140,141,-1,7,141,8,-1,8,141,142,-1,8,142,9,-1,9,142,143,-1,9,143,1,-1,1,143,144,-1,1,144,2,-1,2,144,145,-1,2,145,15,-1,15,145,146,-1,15,146,14,-1,14,146,147,-1,14,147,12,-1,148,11,149,-1,149,11,10,-1,150,151,152,-1,153,154,155,-1,155,154,156,-1,155,156,157,-1,151,150,158,-1,158,150,159,-1,158,159,160,-1,153,161,154,-1,154,161,162,-1,154,162,163,-1,152,164,150,-1,150,164,165,-1,150,165,156,-1,156,165,166,-1,156,166,157,-1,163,167,154,-1,154,167,168,-1,154,168,169,-1,169,170,154,-1,154,170,171,-1,154,171,172,-1,173,174,175,-1,175,174,176,-1,175,176,159,-1,159,176,177,-1,159,177,160,-1,173,175,178,-1,178,175,179,-1,178,179,180,-1,159,181,182,-1,159,182,175,-1,175,182,183,-1,175,183,179,-1,179,183,184,-1,179,184,180,-1,180,184,185,-1,180,185,178,-1,178,185,186,-1,178,186,173,-1,173,186,187,-1,173,187,174,-1,167,188,189,-1,167,189,168,-1,168,189,190,-1,168,190,169,-1,169,190,191,-1,169,191,170,-1,170,191,192,-1,170,192,171,-1,171,192,193,-1,171,193,172,-1,172,193,194,-1,172,194,154,-1,188,167,163,-1,188,163,195,-1,195,163,162,-1,195,162,196,-1,196,162,161,-1,196,161,197,-1,197,161,153,-1,197,153,198,-1,198,153,199,-1,199,153,155,-1,199,155,200,-1,200,155,157,-1,200,157,201,-1,201,157,166,-1,201,166,202,-1,202,166,165,-1,202,165,203,-1,203,165,164,-1,203,164,204,-1,204,164,152,-1,204,152,205,-1,205,152,151,-1,205,151,206,-1,206,151,158,-1,206,158,160,-1,206,160,207,-1,207,160,177,-1,207,177,208,-1,208,177,176,-1,208,176,209,-1,209,176,174,-1,209,174,187,-1,210,99,98,-1,98,21,210,-1,210,21,22,-1,210,22,26,-1,29,31,210,-1,31,32,210,-1,210,32,34,-1,210,34,211,-1,26,25,210,-1,210,25,24,-1,210,24,17,-1,17,16,210,-1,210,16,27,-1,210,27,29,-1,212,213,214,-1,212,214,215,-1,215,214,216,-1,215,216,217,-1,217,216,218,-1,217,218,219,-1,219,218,220,-1,219,220,221,-1,221,220,222,-1,221,222,223,-1,223,222,224,-1,223,224,225,-1,225,224,150,-1,225,150,156,-1,54,53,226,-1,226,53,227,-1,226,227,228,-1,228,227,229,-1,229,227,230,-1,229,230,231,-1,231,230,232,-1,231,232,233,-1,233,232,234,-1,233,234,235,-1,235,234,236,-1,236,234,237,-1,236,237,238,-1,238,237,239,-1,238,239,240,-1,240,239,241,-1,240,241,242,-1,242,241,243,-1,242,243,244,-1,244,243,245,-1,244,245,246,-1,246,245,247,-1,246,247,248,-1,248,247,249,-1,248,249,250,-1,250,249,251,-1,250,251,252,-1,250,252,253,-1,253,252,254,-1,253,254,255,-1,255,254,256,-1,255,256,257,-1,257,256,258,-1,257,258,259,-1,226,228,260,-1,46,48,260,-1,260,48,49,-1,260,49,51,-1,40,42,260,-1,51,52,260,-1,260,52,54,-1,260,54,226,-1,42,43,260,-1,260,43,45,-1,260,45,46,-1,260,261,35,-1,35,37,260,-1,260,37,39,-1,260,39,40,-1,262,263,264,-1,262,264,265,-1,265,264,266,-1,265,266,267,-1,267,266,268,-1,267,268,269,-1,269,268,270,-1,269,270,271,-1,271,270,272,-1,271,272,273,-1,273,272,274,-1,273,274,275,-1,275,274,276,-1,275,276,277,-1,239,237,277,-1,277,237,36,-1,36,237,234,-1,36,234,232,-1,247,245,276,-1,276,245,243,-1,276,243,277,-1,277,243,241,-1,277,241,239,-1,47,44,41,-1,278,279,256,-1,232,230,36,-1,36,230,227,-1,36,227,53,-1,53,50,36,-1,36,50,47,-1,36,47,38,-1,38,47,41,-1,254,252,280,-1,280,252,251,-1,280,251,276,-1,276,251,249,-1,276,249,247,-1,254,280,256,-1,256,280,281,-1,256,281,278,-1,279,282,256,-1,256,282,283,-1,256,283,258,-1,280,284,285,-1,280,285,281,-1,281,285,286,-1,281,286,278,-1,278,286,287,-1,278,287,279,-1,279,287,288,-1,279,288,282,-1,282,288,289,-1,282,289,283,-1,283,289,259,-1,283,259,258,-1,58,290,291,-1,58,291,59,-1,59,291,292,-1,59,292,62,-1,62,292,293,-1,62,293,63,-1,63,293,294,-1,63,294,60,-1,60,294,295,-1,60,295,61,-1,61,295,296,-1,61,296,70,-1,70,296,297,-1,70,297,64,-1,298,56,299,-1,299,56,55,-1,300,301,302,-1,300,302,303,-1,303,302,304,-1,303,304,305,-1,305,304,306,-1,305,306,307,-1,307,306,308,-1,307,308,309,-1,309,308,310,-1,309,310,311,-1,311,310,312,-1,311,312,313,-1,314,315,316,-1,314,316,317,-1,317,316,318,-1,317,318,319,-1,319,318,320,-1,319,320,321,-1,321,320,322,-1,321,322,323,-1,323,322,324,-1,324,322,325,-1,324,325,326,-1,326,325,327,-1,326,327,328,-1,328,327,329,-1,328,329,330,-1,330,329,331,-1,330,331,332,-1,332,331,333,-1,332,333,334,-1,334,333,335,-1,334,335,336,-1,336,335,337,-1,336,337,338,-1,338,337,339,-1,338,339,340,-1,338,340,341,-1,341,340,342,-1,341,342,343,-1,343,342,344,-1,343,344,345,-1,345,344,313,-1,345,313,312,-1,327,325,346,-1,346,325,347,-1,347,325,322,-1,347,322,320,-1,342,340,300,-1,300,340,339,-1,300,339,348,-1,348,339,337,-1,348,337,335,-1,316,349,350,-1,311,313,300,-1,300,313,344,-1,300,344,342,-1,335,333,348,-1,348,333,331,-1,348,331,346,-1,346,331,329,-1,346,329,327,-1,315,351,316,-1,316,351,352,-1,316,352,349,-1,320,318,347,-1,347,318,316,-1,347,316,353,-1,353,316,350,-1,300,303,305,-1,305,307,300,-1,300,307,309,-1,300,309,311,-1,354,347,353,-1,354,353,355,-1,355,353,350,-1,355,350,356,-1,356,350,349,-1,356,349,357,-1,357,349,352,-1,357,352,358,-1,358,352,351,-1,358,351,359,-1,359,351,315,-1,359,315,314,-1,360,361,362,-1,360,362,363,-1,363,362,364,-1,363,364,365,-1,365,364,366,-1,365,366,367,-1,367,366,368,-1,367,368,369,-1,369,368,370,-1,369,370,371,-1,371,370,372,-1,371,372,373,-1,373,372,348,-1,373,348,346,-1,213,212,374,-1,375,376,374,-1,374,376,377,-1,374,377,378,-1,106,379,380,-1,381,382,383,-1,213,374,384,-1,149,385,148,-1,148,385,386,-1,148,386,106,-1,106,386,387,-1,106,387,379,-1,388,389,390,-1,380,391,106,-1,106,391,389,-1,106,389,107,-1,383,382,391,-1,392,393,394,-1,378,395,374,-1,374,395,396,-1,374,396,384,-1,384,396,397,-1,384,397,398,-1,398,397,399,-1,382,400,391,-1,391,400,401,-1,391,401,402,-1,381,383,403,-1,403,383,404,-1,403,404,392,-1,392,404,405,-1,392,405,393,-1,406,407,408,-1,394,409,392,-1,392,409,410,-1,392,410,374,-1,374,410,411,-1,374,411,375,-1,406,408,397,-1,397,408,412,-1,397,412,399,-1,402,413,391,-1,391,413,414,-1,391,414,389,-1,389,414,415,-1,389,415,390,-1,390,416,388,-1,388,416,417,-1,388,417,418,-1,418,417,419,-1,420,361,360,-1,421,422,420,-1,420,422,423,-1,420,423,424,-1,421,420,425,-1,425,420,360,-1,425,360,426,-1,427,428,429,-1,427,429,430,-1,298,299,431,-1,431,299,432,-1,432,299,433,-1,433,299,263,-1,433,263,434,-1,263,262,435,-1,436,437,438,-1,438,437,439,-1,436,440,437,-1,437,440,441,-1,437,441,426,-1,426,441,442,-1,426,442,425,-1,424,443,420,-1,420,443,444,-1,420,444,429,-1,429,444,445,-1,429,445,430,-1,446,447,448,-1,449,450,451,-1,428,452,429,-1,429,452,446,-1,429,446,453,-1,453,446,448,-1,450,454,451,-1,451,454,455,-1,451,455,447,-1,447,455,456,-1,447,456,448,-1,457,458,435,-1,434,263,459,-1,459,263,435,-1,459,435,451,-1,451,435,458,-1,451,458,449,-1,457,435,460,-1,460,435,461,-1,460,461,462,-1,462,461,463,-1,463,461,464,-1,463,464,465,-1,100,99,210,-1,82,466,81,-1,81,466,122,-1,75,77,122,-1,122,77,79,-1,122,79,81,-1,82,84,466,-1,466,84,86,-1,466,86,210,-1,210,86,88,-1,210,88,90,-1,90,92,210,-1,210,92,94,-1,210,94,96,-1,96,104,210,-1,210,104,102,-1,210,102,100,-1,122,125,75,-1,75,125,127,-1,75,127,129,-1,129,131,75,-1,75,131,133,-1,75,133,72,-1,467,106,468,-1,468,106,109,-1,468,109,469,-1,469,109,111,-1,469,111,470,-1,470,111,113,-1,470,113,471,-1,471,113,115,-1,471,115,472,-1,472,115,117,-1,472,117,473,-1,473,117,119,-1,473,119,466,-1,466,119,121,-1,466,121,122,-1,122,121,123,-1,474,475,134,-1,134,475,147,-1,134,147,135,-1,135,147,146,-1,135,146,136,-1,146,145,136,-1,136,145,144,-1,136,144,143,-1,143,142,136,-1,136,142,141,-1,136,141,140,-1,140,139,136,-1,136,139,138,-1,136,138,137,-1,476,149,475,-1,475,149,10,-1,475,10,147,-1,147,10,12,-1,181,159,477,-1,477,159,150,-1,477,150,478,-1,478,150,224,-1,478,224,479,-1,479,224,222,-1,479,222,480,-1,480,222,220,-1,480,220,481,-1,481,220,218,-1,481,218,482,-1,482,218,216,-1,482,216,483,-1,483,216,214,-1,483,214,484,-1,484,214,213,-1,199,485,198,-1,198,485,194,-1,198,194,197,-1,197,194,196,-1,203,204,477,-1,477,204,205,-1,477,205,181,-1,181,205,206,-1,181,206,207,-1,194,193,192,-1,207,208,181,-1,181,208,209,-1,181,209,182,-1,192,191,194,-1,194,191,190,-1,194,190,189,-1,189,188,194,-1,194,188,195,-1,194,195,196,-1,199,200,485,-1,485,200,201,-1,485,201,477,-1,477,201,202,-1,477,202,203,-1,209,187,182,-1,182,187,186,-1,182,186,183,-1,183,186,185,-1,183,185,184,-1,34,33,211,-1,211,33,120,-1,211,120,486,-1,486,120,118,-1,486,118,487,-1,487,118,116,-1,487,116,488,-1,488,116,114,-1,488,114,489,-1,489,114,112,-1,489,112,490,-1,490,112,110,-1,490,110,491,-1,491,110,108,-1,491,108,492,-1,492,108,107,-1,492,107,493,-1,493,107,389,-1,210,211,494,-1,494,211,486,-1,494,486,495,-1,495,486,487,-1,495,487,496,-1,496,487,488,-1,496,488,497,-1,497,488,489,-1,497,489,498,-1,498,489,490,-1,498,490,499,-1,499,490,491,-1,499,491,500,-1,500,491,492,-1,501,493,389,-1,501,389,502,-1,502,389,388,-1,502,388,503,-1,503,388,418,-1,503,418,504,-1,504,418,505,-1,505,418,419,-1,505,419,506,-1,506,419,507,-1,507,419,417,-1,507,417,508,-1,508,417,509,-1,509,417,416,-1,509,416,510,-1,510,416,511,-1,511,416,390,-1,511,390,512,-1,512,390,415,-1,512,415,513,-1,514,515,516,-1,516,515,517,-1,517,515,518,-1,517,518,519,-1,516,520,514,-1,514,520,521,-1,514,521,522,-1,522,521,523,-1,524,525,526,-1,524,526,518,-1,518,526,527,-1,518,527,519,-1,523,528,522,-1,522,528,529,-1,522,529,530,-1,530,529,531,-1,532,435,533,-1,533,435,262,-1,533,262,534,-1,534,262,265,-1,534,265,535,-1,535,265,267,-1,535,267,536,-1,536,267,269,-1,536,269,537,-1,537,269,271,-1,537,271,538,-1,538,271,273,-1,538,273,539,-1,539,273,275,-1,539,275,261,-1,261,275,277,-1,261,277,35,-1,35,277,36,-1,246,248,540,-1,260,236,238,-1,228,229,260,-1,260,229,231,-1,540,248,284,-1,284,248,250,-1,284,250,253,-1,257,287,286,-1,231,233,260,-1,260,233,235,-1,260,235,236,-1,259,289,257,-1,257,289,288,-1,257,288,287,-1,253,255,284,-1,284,255,257,-1,284,257,285,-1,285,257,286,-1,238,240,260,-1,260,240,242,-1,260,242,540,-1,540,242,244,-1,540,244,246,-1,541,533,542,-1,542,533,534,-1,542,534,543,-1,543,534,535,-1,543,535,544,-1,544,535,536,-1,544,536,545,-1,545,536,537,-1,545,537,546,-1,546,537,538,-1,546,538,547,-1,547,538,539,-1,547,539,260,-1,260,539,261,-1,284,280,540,-1,540,280,276,-1,540,276,548,-1,548,276,274,-1,548,274,549,-1,549,274,272,-1,549,272,550,-1,550,272,270,-1,550,270,551,-1,551,270,268,-1,551,268,552,-1,552,268,266,-1,552,266,553,-1,553,266,264,-1,553,264,554,-1,554,264,263,-1,555,556,297,-1,557,296,295,-1,558,559,290,-1,290,559,557,-1,290,557,291,-1,291,557,292,-1,296,557,297,-1,297,557,560,-1,297,560,555,-1,561,562,556,-1,556,562,563,-1,556,563,297,-1,295,294,557,-1,557,294,293,-1,557,293,292,-1,290,58,558,-1,558,58,56,-1,558,56,564,-1,564,56,298,-1,324,565,323,-1,323,565,354,-1,323,354,321,-1,321,354,319,-1,356,357,317,-1,338,301,336,-1,336,301,566,-1,336,566,334,-1,334,566,332,-1,338,341,301,-1,301,341,343,-1,301,343,345,-1,319,354,317,-1,317,354,355,-1,317,355,356,-1,357,358,317,-1,317,358,359,-1,317,359,314,-1,324,326,565,-1,565,326,328,-1,565,328,566,-1,566,328,330,-1,566,330,332,-1,345,312,301,-1,301,312,310,-1,301,310,308,-1,308,306,301,-1,301,306,304,-1,301,304,302,-1,567,360,568,-1,568,360,363,-1,568,363,569,-1,569,363,365,-1,569,365,570,-1,570,365,367,-1,570,367,571,-1,571,367,369,-1,571,369,572,-1,572,369,371,-1,572,371,573,-1,573,371,373,-1,573,373,565,-1,565,373,346,-1,565,346,354,-1,354,346,347,-1,574,575,464,-1,457,460,576,-1,576,460,577,-1,462,463,578,-1,578,579,462,-1,462,579,580,-1,462,580,460,-1,460,580,581,-1,460,581,577,-1,464,575,465,-1,575,582,465,-1,465,582,583,-1,465,583,463,-1,463,583,584,-1,463,584,578,-1,574,464,585,-1,585,464,461,-1,585,461,586,-1,586,461,435,-1,586,435,532,-1,587,588,589,-1,587,589,590,-1,590,589,591,-1,590,591,592,-1,592,591,593,-1,592,593,594,-1,594,593,595,-1,594,595,596,-1,596,595,597,-1,596,597,598,-1,598,597,599,-1,598,599,600,-1,600,599,392,-1,600,392,374,-1,601,602,603,-1,601,603,604,-1,604,603,605,-1,604,605,606,-1,606,605,607,-1,606,607,608,-1,608,607,609,-1,608,609,610,-1,610,609,611,-1,610,611,612,-1,612,611,613,-1,612,613,614,-1,614,613,520,-1,614,520,516,-1,615,616,617,-1,615,617,618,-1,618,617,619,-1,618,619,620,-1,620,619,621,-1,620,621,622,-1,622,621,623,-1,622,623,624,-1,624,623,625,-1,624,625,626,-1,626,625,627,-1,626,627,628,-1,628,627,420,-1,628,420,429,-1,466,210,473,-1,473,210,494,-1,473,494,472,-1,472,494,495,-1,472,495,471,-1,471,495,496,-1,471,496,470,-1,470,496,497,-1,470,497,469,-1,469,497,498,-1,469,498,468,-1,468,498,499,-1,468,499,467,-1,467,499,500,-1,134,13,474,-1,474,13,11,-1,474,11,629,-1,629,11,148,-1,629,148,467,-1,467,148,106,-1,475,474,476,-1,476,474,629,-1,630,410,631,-1,631,410,409,-1,631,409,632,-1,632,409,394,-1,632,394,633,-1,633,394,393,-1,633,393,634,-1,634,393,405,-1,634,405,635,-1,635,405,404,-1,635,404,636,-1,636,404,383,-1,636,383,637,-1,637,383,391,-1,637,391,638,-1,638,391,380,-1,638,380,639,-1,639,380,379,-1,639,379,640,-1,640,379,387,-1,640,387,641,-1,641,387,386,-1,641,386,642,-1,642,386,385,-1,642,385,476,-1,476,385,149,-1,410,630,411,-1,411,630,643,-1,411,643,375,-1,375,643,644,-1,375,644,376,-1,376,644,645,-1,376,645,377,-1,377,645,646,-1,377,646,378,-1,378,646,647,-1,378,647,395,-1,395,647,648,-1,395,648,396,-1,396,648,649,-1,649,650,396,-1,396,650,397,-1,397,650,651,-1,397,651,406,-1,406,651,652,-1,406,652,407,-1,407,652,653,-1,407,653,408,-1,408,653,654,-1,408,654,412,-1,412,654,655,-1,412,655,399,-1,399,655,656,-1,399,656,398,-1,398,656,657,-1,398,657,384,-1,484,213,657,-1,657,213,384,-1,485,477,658,-1,658,477,478,-1,658,478,659,-1,659,478,479,-1,659,479,660,-1,660,479,480,-1,660,480,661,-1,661,480,481,-1,661,481,662,-1,662,481,482,-1,662,482,663,-1,663,482,483,-1,663,483,664,-1,664,483,484,-1,513,415,665,-1,665,415,414,-1,503,504,500,-1,500,492,493,-1,493,501,500,-1,500,501,502,-1,500,502,503,-1,504,505,500,-1,500,505,506,-1,500,506,507,-1,507,508,500,-1,500,508,509,-1,500,509,510,-1,510,511,500,-1,500,511,512,-1,500,512,513,-1,521,666,667,-1,521,667,523,-1,523,667,668,-1,523,668,528,-1,528,668,669,-1,528,669,529,-1,529,669,670,-1,529,670,531,-1,531,670,671,-1,531,671,530,-1,530,671,672,-1,530,672,522,-1,522,672,673,-1,522,673,514,-1,515,674,675,-1,515,675,518,-1,518,675,676,-1,518,676,524,-1,524,676,677,-1,524,677,525,-1,525,677,678,-1,525,678,526,-1,526,678,679,-1,526,679,527,-1,527,679,680,-1,527,680,519,-1,519,680,681,-1,519,681,517,-1,674,515,673,-1,673,515,514,-1,576,577,541,-1,541,577,581,-1,581,580,541,-1,541,580,579,-1,541,579,578,-1,578,584,541,-1,541,584,583,-1,541,583,582,-1,582,575,541,-1,541,575,574,-1,541,574,585,-1,585,586,541,-1,541,586,532,-1,541,532,533,-1,260,540,547,-1,547,540,548,-1,547,548,546,-1,546,548,549,-1,546,549,545,-1,545,549,550,-1,545,550,544,-1,544,550,551,-1,544,551,543,-1,543,551,552,-1,543,552,542,-1,542,552,553,-1,542,553,541,-1,541,553,554,-1,554,263,682,-1,682,263,299,-1,682,299,559,-1,559,299,55,-1,559,55,557,-1,557,55,57,-1,559,558,682,-1,682,558,564,-1,445,683,430,-1,430,683,684,-1,430,684,427,-1,427,684,685,-1,427,685,428,-1,428,685,686,-1,428,686,452,-1,452,686,687,-1,452,687,446,-1,446,687,688,-1,446,688,447,-1,447,688,689,-1,447,689,451,-1,451,689,690,-1,451,690,459,-1,459,690,691,-1,459,691,434,-1,434,691,692,-1,434,692,433,-1,433,692,693,-1,433,693,432,-1,432,693,694,-1,432,694,431,-1,431,694,695,-1,431,695,298,-1,298,695,564,-1,683,445,696,-1,696,445,444,-1,696,444,697,-1,697,444,443,-1,697,443,698,-1,698,443,424,-1,698,424,699,-1,699,424,423,-1,699,423,700,-1,700,423,422,-1,700,422,701,-1,701,422,421,-1,701,421,702,-1,702,421,425,-1,703,702,442,-1,442,702,425,-1,426,704,705,-1,426,705,437,-1,437,705,706,-1,437,706,439,-1,439,706,707,-1,439,707,438,-1,438,707,708,-1,438,708,436,-1,436,708,709,-1,436,709,440,-1,440,709,710,-1,440,710,441,-1,441,710,703,-1,441,703,442,-1,360,567,426,-1,426,567,704,-1,565,566,573,-1,573,566,711,-1,573,711,572,-1,572,711,712,-1,572,712,571,-1,571,712,713,-1,571,713,570,-1,570,713,714,-1,570,714,569,-1,569,714,715,-1,569,715,568,-1,568,715,716,-1,568,716,567,-1,567,716,717,-1,457,576,458,-1,458,576,718,-1,719,720,721,-1,722,723,724,-1,725,616,615,-1,722,724,726,-1,615,727,728,-1,729,730,731,-1,731,730,732,-1,731,732,733,-1,733,732,734,-1,735,736,720,-1,721,737,719,-1,719,737,738,-1,719,738,739,-1,739,738,724,-1,740,741,742,-1,743,744,724,-1,724,744,745,-1,724,745,726,-1,729,746,730,-1,730,746,747,-1,730,747,748,-1,723,749,724,-1,724,749,750,-1,724,750,739,-1,741,751,742,-1,742,751,752,-1,742,752,724,-1,724,752,753,-1,724,753,743,-1,754,755,615,-1,615,755,756,-1,615,756,757,-1,757,758,615,-1,615,758,759,-1,615,759,727,-1,760,761,615,-1,762,763,720,-1,720,763,764,-1,720,764,721,-1,765,766,767,-1,767,766,768,-1,767,768,769,-1,769,768,770,-1,770,771,769,-1,769,771,772,-1,769,772,773,-1,754,615,742,-1,742,615,774,-1,742,774,740,-1,760,615,775,-1,776,602,601,-1,773,777,769,-1,769,777,762,-1,769,762,778,-1,778,762,720,-1,778,720,779,-1,779,720,736,-1,601,780,776,-1,776,780,781,-1,776,781,742,-1,742,781,782,-1,742,782,754,-1,748,783,730,-1,730,783,775,-1,730,775,784,-1,784,775,615,-1,784,615,785,-1,785,615,728,-1,725,615,786,-1,787,735,788,-1,788,735,720,-1,788,720,789,-1,789,720,790,-1,789,790,791,-1,787,792,735,-1,735,792,793,-1,735,793,794,-1,761,795,615,-1,615,795,796,-1,615,796,797,-1,798,799,800,-1,791,790,800,-1,800,790,801,-1,800,801,798,-1,797,802,615,-1,615,802,803,-1,615,803,786,-1,587,804,588,-1,588,804,805,-1,588,805,806,-1,806,807,588,-1,588,807,808,-1,588,808,809,-1,809,808,810,-1,809,810,811,-1,811,810,735,-1,811,735,812,-1,812,735,794,-1,403,813,381,-1,381,813,814,-1,381,814,382,-1,382,814,815,-1,382,815,400,-1,400,815,816,-1,400,816,401,-1,401,816,817,-1,401,817,402,-1,402,817,818,-1,402,818,413,-1,413,818,819,-1,413,819,414,-1,414,819,665,-1,649,648,820,-1,476,629,642,-1,642,629,641,-1,648,647,820,-1,820,647,646,-1,820,646,645,-1,817,816,637,-1,641,629,640,-1,640,629,467,-1,640,467,639,-1,631,632,821,-1,637,816,636,-1,632,633,821,-1,821,633,634,-1,821,634,635,-1,500,637,467,-1,467,637,638,-1,467,638,639,-1,656,650,657,-1,657,650,649,-1,657,649,484,-1,484,649,820,-1,484,820,664,-1,816,815,636,-1,636,815,814,-1,636,814,635,-1,635,814,813,-1,635,813,821,-1,513,665,500,-1,500,665,819,-1,500,819,637,-1,637,819,818,-1,637,818,817,-1,645,644,820,-1,820,644,643,-1,820,643,821,-1,821,643,630,-1,821,630,631,-1,653,656,654,-1,654,656,655,-1,653,652,656,-1,656,652,651,-1,656,651,650,-1,674,673,822,-1,822,673,666,-1,666,673,672,-1,666,672,667,-1,822,823,674,-1,674,823,681,-1,674,681,675,-1,675,681,680,-1,671,670,669,-1,671,669,672,-1,672,669,668,-1,672,668,667,-1,680,679,675,-1,675,679,678,-1,675,678,676,-1,676,678,677,-1,567,717,824,-1,697,698,824,-1,824,698,699,-1,824,699,700,-1,700,701,824,-1,824,701,702,-1,824,702,567,-1,567,702,703,-1,567,703,704,-1,690,541,691,-1,691,541,554,-1,691,554,692,-1,564,695,682,-1,682,695,694,-1,682,694,554,-1,554,694,693,-1,554,693,692,-1,718,576,541,-1,825,690,826,-1,826,690,689,-1,826,689,827,-1,828,686,685,-1,704,703,705,-1,705,703,710,-1,705,710,709,-1,709,708,705,-1,705,708,707,-1,705,707,706,-1,827,689,829,-1,829,689,688,-1,829,688,828,-1,828,688,687,-1,828,687,686,-1,825,830,690,-1,690,830,831,-1,690,831,541,-1,541,831,832,-1,541,832,718,-1,685,684,828,-1,828,684,683,-1,828,683,824,-1,824,683,696,-1,824,696,697,-1,829,453,827,-1,827,453,448,-1,827,448,826,-1,826,448,456,-1,826,456,825,-1,825,456,455,-1,825,455,830,-1,830,455,454,-1,830,454,831,-1,831,454,450,-1,831,450,832,-1,832,450,449,-1,832,449,718,-1,718,449,458,-1,833,834,719,-1,833,719,835,-1,835,719,739,-1,835,739,836,-1,836,739,750,-1,836,750,837,-1,837,750,838,-1,838,750,749,-1,838,749,839,-1,839,749,840,-1,840,749,723,-1,840,723,841,-1,841,723,842,-1,842,723,722,-1,842,722,843,-1,843,722,844,-1,844,722,726,-1,844,726,845,-1,845,726,745,-1,845,745,846,-1,847,720,834,-1,834,720,719,-1,791,800,848,-1,848,849,791,-1,791,849,850,-1,791,850,789,-1,789,850,851,-1,789,851,852,-1,799,798,853,-1,853,854,799,-1,799,854,855,-1,799,855,800,-1,800,855,856,-1,800,856,848,-1,857,858,801,-1,801,858,859,-1,801,859,798,-1,798,859,860,-1,798,860,853,-1,801,790,857,-1,857,790,720,-1,857,720,847,-1,788,861,787,-1,787,861,862,-1,787,862,792,-1,792,862,863,-1,792,863,793,-1,793,863,864,-1,793,864,794,-1,794,864,865,-1,794,865,812,-1,812,865,866,-1,812,866,811,-1,811,866,867,-1,811,867,809,-1,809,867,868,-1,813,403,821,-1,821,403,392,-1,821,392,869,-1,869,392,599,-1,869,599,870,-1,870,599,597,-1,870,597,871,-1,871,597,595,-1,871,595,872,-1,872,595,593,-1,872,593,873,-1,873,593,591,-1,873,591,874,-1,874,591,589,-1,874,589,875,-1,875,589,588,-1,875,588,868,-1,868,588,809,-1,820,821,876,-1,876,821,869,-1,876,869,877,-1,877,869,870,-1,877,870,878,-1,878,870,871,-1,878,871,879,-1,879,871,872,-1,879,872,880,-1,880,872,873,-1,880,873,881,-1,881,873,874,-1,881,874,882,-1,882,874,875,-1,883,804,882,-1,882,804,587,-1,882,587,881,-1,881,587,590,-1,881,590,880,-1,880,590,592,-1,880,592,879,-1,879,592,594,-1,879,594,878,-1,878,594,596,-1,878,596,877,-1,877,596,598,-1,877,598,876,-1,876,598,600,-1,876,600,820,-1,820,600,374,-1,820,374,664,-1,664,374,212,-1,664,212,663,-1,663,212,215,-1,663,215,662,-1,662,215,217,-1,662,217,661,-1,661,217,219,-1,661,219,660,-1,660,219,221,-1,660,221,659,-1,659,221,223,-1,659,223,658,-1,658,223,225,-1,658,225,485,-1,485,225,156,-1,485,156,194,-1,194,156,154,-1,884,805,883,-1,883,805,804,-1,885,765,886,-1,886,765,767,-1,886,767,887,-1,887,767,769,-1,887,769,888,-1,888,769,778,-1,888,778,889,-1,889,778,779,-1,889,779,890,-1,890,779,736,-1,890,736,891,-1,891,736,735,-1,891,735,892,-1,892,735,810,-1,765,885,766,-1,766,885,893,-1,766,893,768,-1,768,893,894,-1,768,894,770,-1,770,894,895,-1,770,895,771,-1,771,895,896,-1,771,896,772,-1,772,896,897,-1,772,897,773,-1,773,897,898,-1,773,898,777,-1,777,898,899,-1,777,899,762,-1,762,899,900,-1,762,900,763,-1,763,900,901,-1,763,901,764,-1,764,901,902,-1,764,902,721,-1,721,902,903,-1,721,903,737,-1,737,903,904,-1,737,904,738,-1,738,904,905,-1,738,905,724,-1,724,905,906,-1,724,906,742,-1,742,906,907,-1,742,907,776,-1,776,907,908,-1,666,521,822,-1,822,521,520,-1,822,520,909,-1,909,520,613,-1,909,613,910,-1,910,613,611,-1,910,611,911,-1,911,611,609,-1,911,609,912,-1,912,609,607,-1,912,607,913,-1,913,607,605,-1,913,605,914,-1,914,605,603,-1,914,603,915,-1,915,603,602,-1,915,602,908,-1,908,602,776,-1,823,822,916,-1,916,822,909,-1,916,909,917,-1,917,909,910,-1,917,910,918,-1,918,910,911,-1,918,911,919,-1,919,911,912,-1,919,912,920,-1,920,912,913,-1,920,913,921,-1,921,913,914,-1,921,914,922,-1,922,914,915,-1,923,780,922,-1,922,780,601,-1,922,601,921,-1,921,601,604,-1,921,604,920,-1,920,604,606,-1,920,606,919,-1,919,606,608,-1,919,608,918,-1,918,608,610,-1,918,610,917,-1,917,610,612,-1,917,612,916,-1,916,612,614,-1,916,614,823,-1,823,614,516,-1,823,516,681,-1,681,516,517,-1,780,923,781,-1,781,923,924,-1,781,924,782,-1,782,924,925,-1,782,925,754,-1,754,925,926,-1,754,926,755,-1,755,926,927,-1,755,927,756,-1,756,927,928,-1,756,928,757,-1,757,928,929,-1,757,929,758,-1,758,929,930,-1,931,759,930,-1,930,759,758,-1,759,931,727,-1,727,931,932,-1,727,932,728,-1,728,932,933,-1,728,933,785,-1,785,933,934,-1,785,934,784,-1,784,934,935,-1,784,935,730,-1,730,935,936,-1,730,936,732,-1,732,936,937,-1,734,732,938,-1,938,732,937,-1,939,733,938,-1,938,733,734,-1,940,796,941,-1,941,796,795,-1,941,795,942,-1,942,795,761,-1,942,761,943,-1,943,761,760,-1,943,760,944,-1,944,760,775,-1,940,945,796,-1,796,945,797,-1,797,945,946,-1,797,946,802,-1,802,946,947,-1,802,947,803,-1,803,947,948,-1,803,948,786,-1,786,948,949,-1,786,949,725,-1,301,300,566,-1,566,300,348,-1,566,348,711,-1,711,348,372,-1,711,372,712,-1,712,372,370,-1,712,370,713,-1,713,370,368,-1,713,368,714,-1,714,368,366,-1,714,366,715,-1,715,366,364,-1,715,364,716,-1,716,364,362,-1,716,362,717,-1,717,362,361,-1,717,361,824,-1,824,361,420,-1,824,420,950,-1,950,420,627,-1,950,627,951,-1,951,627,625,-1,951,625,952,-1,952,625,623,-1,952,623,953,-1,953,623,621,-1,953,621,954,-1,954,621,619,-1,954,619,955,-1,955,619,617,-1,955,617,956,-1,956,617,616,-1,956,616,949,-1,949,616,725,-1,828,824,957,-1,957,824,950,-1,957,950,958,-1,958,950,951,-1,958,951,959,-1,959,951,952,-1,959,952,960,-1,960,952,953,-1,960,953,961,-1,961,953,954,-1,961,954,962,-1,962,954,955,-1,962,955,963,-1,963,955,956,-1,964,774,963,-1,963,774,615,-1,963,615,962,-1,962,615,618,-1,962,618,961,-1,961,618,620,-1,961,620,960,-1,960,620,622,-1,960,622,959,-1,959,622,624,-1,959,624,958,-1,958,624,626,-1,958,626,957,-1,957,626,628,-1,957,628,828,-1,828,628,429,-1,828,429,829,-1,829,429,453,-1,774,964,740,-1,740,964,965,-1,740,965,741,-1,741,965,966,-1,741,966,751,-1,751,966,967,-1,751,967,752,-1,752,967,968,-1,752,968,753,-1,753,968,969,-1,753,969,743,-1,743,969,970,-1,743,970,744,-1,744,970,971,-1,744,971,745,-1,745,971,846,-1,833,835,846,-1,846,835,836,-1,860,859,852,-1,852,859,858,-1,836,837,846,-1,846,837,838,-1,846,838,839,-1,848,856,855,-1,858,857,852,-1,852,857,847,-1,852,847,846,-1,846,847,834,-1,846,834,833,-1,841,842,843,-1,855,854,852,-1,852,854,853,-1,852,853,860,-1,852,851,850,-1,839,840,846,-1,846,840,841,-1,846,841,845,-1,845,841,843,-1,845,843,844,-1,855,852,848,-1,848,852,850,-1,848,850,849,-1,788,789,861,-1,861,789,852,-1,934,933,963,-1,905,866,865,-1,864,863,846,-1,941,942,963,-1,968,967,907,-1,907,967,966,-1,966,965,907,-1,907,965,964,-1,907,964,963,-1,866,905,867,-1,867,905,904,-1,867,904,868,-1,863,862,846,-1,846,862,861,-1,846,861,852,-1,888,889,900,-1,935,944,936,-1,936,944,972,-1,939,938,973,-1,973,938,937,-1,973,937,974,-1,974,937,936,-1,974,936,975,-1,941,963,940,-1,968,907,969,-1,969,907,906,-1,969,906,970,-1,972,976,936,-1,936,976,977,-1,936,977,975,-1,908,907,926,-1,865,864,905,-1,905,864,846,-1,905,846,906,-1,906,846,971,-1,906,971,970,-1,898,897,887,-1,893,885,894,-1,894,885,886,-1,894,886,895,-1,895,886,887,-1,895,887,896,-1,896,887,897,-1,868,904,875,-1,875,904,903,-1,875,903,902,-1,875,890,891,-1,935,934,944,-1,944,934,963,-1,944,963,943,-1,943,963,942,-1,933,932,963,-1,963,932,931,-1,963,931,930,-1,930,929,963,-1,963,929,928,-1,963,928,907,-1,907,928,927,-1,907,927,926,-1,923,922,915,-1,923,915,924,-1,888,900,887,-1,887,900,899,-1,887,899,898,-1,908,926,915,-1,915,926,925,-1,915,925,924,-1,889,890,900,-1,900,890,875,-1,900,875,901,-1,901,875,902,-1,891,892,875,-1,875,892,978,-1,875,978,979,-1,956,949,963,-1,963,949,948,-1,963,948,947,-1,947,946,963,-1,963,946,945,-1,963,945,940,-1,883,882,884,-1,884,882,875,-1,884,875,980,-1,980,875,979,-1,64,297,563,-1,64,563,67,-1,67,563,562,-1,67,562,68,-1,68,562,561,-1,68,561,69,-1,69,561,556,-1,69,556,65,-1,65,556,555,-1,65,555,66,-1,66,555,560,-1,66,560,71,-1,71,560,557,-1,71,557,57,-1,892,810,978,-1,978,810,808,-1,978,808,979,-1,979,808,807,-1,979,807,980,-1,980,807,806,-1,980,806,884,-1,884,806,805,-1,944,775,972,-1,972,775,783,-1,972,783,976,-1,976,783,748,-1,976,748,977,-1,977,748,747,-1,977,747,975,-1,975,747,746,-1,975,746,974,-1,974,746,729,-1,974,729,973,-1,973,729,731,-1,973,731,939,-1,939,731,733,-1,
        ]
    }
}
Shape{
    appearance Appearance {
        material  Material 	{
            diffuseColor 0.9686274509803922 0.8784313725490196 0.6
            specularColor 0.6784313725490196 0.615686274509804 0.4196078431372549
            ambientIntensity 0.8737
            transparency 0.0
            shininess 0.5
        }
    }
    geometry IndexedFaceSet {
        ccw TRUE
        solid FALSE
        coord DEF co Coordinate {
            point [
                0.1687 -0.2898 0.0785, -0.0296 -0.2898 0.0785, 0.187 -0.3937 0.0785, -0.0296 -0.7658 0.0785, 0.0197 -0.7658 0.0785, 0.187 -0.7658 0.0785, 0.1378 -0.7658 0.0785, 0.1378 -1.002 0.0785, 0.0197 -1.002 0.0785, 0.187 -0.3937 0.1375, 0.187 -0.7658 0.1375, 0.1378 -0.7658 0.1375, 0.1378 -1.2992 0.0, 0.1378 -1.2992 0.0591, 0.1378 -1.1299 0.0, 0.1378 -1.1299 0.0591, 0.1378 -1.1184 0.0006, 0.1378 -1.1218 0.06, 0.1378 -1.1096 0.0023, 0.1378 -1.1193 0.0603, 0.1378 -1.1042 0.0034, 0.1378 -1.002 0.1375, 0.1378 -1.0135 0.1369, 0.1378 -1.0102 0.0775, 0.1378 -1.0223 0.1352, 0.1378 -1.0127 0.0772, 0.1378 -1.089 0.0089, 0.1378 -1.1122 0.063, 0.1378 -1.0861 0.0105, 0.1378 -1.0746 0.017, 0.1378 -1.1048 0.0679, 0.1378 -1.0654 0.0244, 0.1378 -1.0197 0.0746, 0.1378 -1.043 0.1286, 0.1378 -1.0277 0.1342, 0.1378 -1.0271 0.0697, 0.1378 -1.0573 0.1206, 0.1378 -1.0459 0.127, 0.1378 -1.0621 0.027, 0.1378 -1.104 0.0687, 0.1378 -1.0513 0.0392, 0.1378 -1.0985 0.0747, 0.1378 -1.0335 0.0628, 0.1378 -1.0806 0.0984, 0.1378 -1.0279 0.0688, 0.1378 -1.0698 0.1105, 0.1378 -1.0666 0.1131, 0.0197 -1.0102 0.0776, 0.0197 -1.0196 0.0744, 0.0197 -1.0279 0.0688, 0.0197 -1.0335 0.0628, 0.0197 -0.7658 0.1375, 0.0197 -1.002 0.1375, 0.0197 -1.0224 0.1354, 0.0197 -1.046 0.1272, 0.0197 -1.0667 0.1133, 0.0197 -1.0806 0.0984, 0.0197 -1.0513 0.0392, 0.0197 -1.0985 0.0747, 0.0197 -1.0652 0.0242, 0.0197 -1.104 0.0687, 0.0197 -1.086 0.0103, 0.0197 -1.1123 0.0632, 0.0197 -1.1096 0.0021, 0.0197 -1.1218 0.0599, 0.0197 -1.1299 0.0, 0.0197 -1.1299 0.0591, 0.0197 -1.2992 0.0, 0.0197 -1.2992 0.0591, -0.0296 -0.7658 0.1375, -0.0296 -0.2898 0.1375, -0.0296 -0.2685 0.1395, -0.0296 -0.2578 0.0814, -0.0296 -0.1822 0.1553, -0.0296 -0.1715 0.0972, 0.1639 -0.2578 0.0814, 0.1663 -0.2738 0.0792, 0.1687 -0.2898 0.1375, 0.1485 -0.1715 0.0972, -0.0492 0.0414 0.1363, 0.0886 0.0995 0.147, -0.0492 0.5582 0.2312, 0.0886 0.5582 0.2312, -0.0492 0.0308 0.1944, -0.0492 0.5476 0.2893, 0.0886 0.5476 0.2893, 0.0886 0.0889 0.2051, 0.1485 -0.1822 0.1553, 0.1639 -0.2685 0.1395, 0.1678 -0.2861 0.1376, -0.0492 0.5824 0.2985, -0.0492 0.6018 0.2427, -0.0492 0.6155 0.3128, -0.0492 0.6431 0.2607, -0.0492 0.7057 0.3606, -0.0492 0.7333 0.3084, 0.0897 0.6197 0.2496, 0.0902 0.6235 0.2512, 0.0886 0.6017 0.243, 0.0886 0.6105 0.2459, 0.0886 0.6126 0.2467, 0.0937 0.6324 0.2553, 0.0942 0.6337 0.2559, 0.1006 0.6431 0.2607, 0.0886 0.5839 0.2371, 0.0886 0.5826 0.2985, 0.0886 0.5824 0.2985, 0.0886 0.5719 0.2951, 0.1006 0.6155 0.3128, 0.094 0.6058 0.308, 0.0936 0.6048 0.3076, 0.09 0.5952 0.3033, 0.0896 0.5919 0.3021, 0.0886 0.5842 0.2991, 0.0689 0.7855 0.336, 0.0098 0.7855 0.336, 0.1195 0.6574 0.2682, -0.0253 0.7753 0.3307, -0.0264 0.7744 0.3302, 0.1092 0.6512 0.2649, 0.1114 0.6525 0.2656, 0.1107 0.8009 0.3442, 0.2513 0.6817 0.2811, 0.2531 0.6839 0.2823, -0.003 0.7843 0.3354, -0.014 0.7811 0.3337, -0.0148 0.7809 0.3336, -0.0422 0.7584 0.3217, 0.1011 0.6436 0.2609, -0.0366 0.7653 0.3254, -0.0348 0.7676 0.3265, 0.2657 0.8095 0.3488, 0.1186 0.8095 0.3488, 0.2657 0.7159 0.2992, 0.1152 0.8058 0.3468, 0.2655 0.7115 0.2969, 0.2647 0.7072 0.2946, 0.2587 0.6908 0.2859, 0.2606 0.6949 0.2881, 0.2634 0.7008 0.2912, 0.2313 0.6683 0.274, 0.2418 0.6739 0.277, 0.2429 0.6748 0.2774, 0.1476 0.6637 0.2716, 0.101 0.7939 0.3405, 0.1433 0.6636 0.2715, 0.0926 0.7901 0.3385, 0.1378 0.6627 0.271, 0.0905 0.7891 0.338, 0.1311 0.6617 0.2705, -0.0441 0.7543 0.3195, -0.0469 0.7485 0.3164, -0.0482 0.742 0.313, -0.0491 0.7377 0.3107, -0.0001 0.7846 0.3356, 0.1239 0.659 0.2691, 0.0788 0.7862 0.3364, 0.0785 0.7862 0.3364, 0.2067 0.6637 0.2716, 0.2165 0.6646 0.272, 0.105 0.7967 0.342, 0.2195 0.6649 0.2722, 0.2305 0.6681 0.2739, -0.0482 0.7144 0.3652, -0.0479 0.7171 0.3667, -0.0443 0.7268 0.3718, -0.0441 0.7275 0.3722, -0.0378 0.7367 0.377, -0.0367 0.7377 0.3776, -0.029 0.745 0.3814, -0.0264 0.7467 0.3823, -0.0186 0.7515 0.3849, -0.0139 0.7533 0.3858, -0.0073 0.7558 0.3871, -0.0 0.7569 0.3877, 0.0049 0.7577 0.3882, 0.0098 0.7579 0.3882, 0.1113 0.6251 0.3179, 0.1011 0.6159 0.3131, 0.1238 0.6317 0.3214, 0.0788 0.7586 0.3886, 0.1377 0.6354 0.3234, 0.0927 0.7623 0.3906, 0.1476 0.6361 0.3238, 0.0689 0.7579 0.3882, 0.2352 0.7585 0.3886, 0.2358 0.7631 0.391, 0.2657 0.7819 0.401, 0.2362 0.766 0.3926, 0.2362 0.7819 0.401, 0.1642 0.7489 0.3835, 0.1645 0.7487 0.3834, 0.2166 0.6368 0.3242, 0.1661 0.7477 0.3829, 0.1673 0.7473 0.3826, 0.2292 0.7487 0.3834, 0.2306 0.7499 0.384, 0.2657 0.6883 0.3514, 0.2316 0.7512 0.3847, 0.2329 0.7528 0.3855, 0.2336 0.7546 0.3865, 0.2352 0.7584 0.3886, 0.2067 0.6361 0.3238, 0.1052 0.7689 0.3941, 0.162 0.751 0.3846, 0.2264 0.7473 0.3826, 0.227 0.7475 0.3827, 0.2649 0.6795 0.3468, 0.2288 0.7484 0.3832, 0.1598 0.7546 0.3866, 0.1599 0.7544 0.3864, 0.162 0.7511 0.3846, 0.1676 0.7472 0.3826, 0.1693 0.747 0.3825, 0.2305 0.6405 0.3261, 0.2244 0.747 0.3825, 0.243 0.6471 0.3296, 0.2255 0.7471 0.3825, 0.2532 0.6562 0.3344, 0.2607 0.6672 0.3403, 0.1186 0.7819 0.401, 0.1575 0.7819 0.401, 0.1154 0.778 0.3989, 0.1575 0.766 0.3926, 0.1577 0.763 0.391, 0.1578 0.7616 0.3903, 0.1586 0.7587 0.3887, 0.1227 0.8169 0.3522, 0.1239 0.819 0.3531, 0.1267 0.7999 0.4091, 0.1259 0.8257 0.3554, 0.1269 0.8021 0.4098, 0.127 0.8294 0.3566, 0.127 0.8301 0.3568, 0.1275 0.8077 0.4117, 0.1279 0.8402 0.359, 0.1279 0.8116 0.413, 0.1229 0.7891 0.4045, 0.1228 0.7888 0.4044, 0.2657 0.8257 0.3556, 0.1279 0.8479 0.3599, 0.2657 0.8479 0.3599, 0.2657 0.8705 0.3591, 0.1279 0.8705 0.3591, 0.2657 0.8923 0.3531, 0.1279 0.8923 0.3531, 0.2657 0.9079 0.3452, 0.1279 0.9079 0.3452, 0.2657 0.8794 0.4174, 0.2657 0.8609 0.4192, 0.2657 0.8432 0.4187, 0.2657 0.8008 0.4095, 0.2657 0.8816 0.4172, 0.2657 0.9014 0.4126, 0.2657 0.8078 0.4116, 0.2657 0.8203 0.4154, 0.2657 0.8403 0.4186, 0.2657 0.9695 0.3762, 0.2657 0.9381 0.3262, 0.2657 0.9393 0.3952, 0.2657 0.9203 0.4054, 0.2657 0.9143 0.4077, 0.1697 0.7605 0.4069, 0.1693 0.7587 0.4038, 0.1697 0.7605 0.4069, 0.1704 0.7613 0.4083, 0.2244 0.7587 0.4038, 0.1707 0.7617 0.4091, 0.1712 0.762 0.4097, 0.2225 0.762 0.4097, 0.2235 0.7611 0.4081, 0.2238 0.7604 0.4069, 0.2242 0.7597 0.4055, 0.2264 0.7589 0.4037, 0.2265 0.7589 0.4037, 0.2265 0.7589 0.4037, 0.2287 0.7595 0.4034, 0.2292 0.7596 0.4033, 0.2292 0.7597 0.4033, 0.2308 0.7605 0.4028, 0.2317 0.761 0.4026, 0.2317 0.761 0.4026, 0.2318 0.7611 0.4025, 0.2327 0.7618 0.4021, 0.2331 0.7621 0.4019, 0.2337 0.7628 0.4015, 0.2342 0.7635 0.4012, 0.2348 0.7642 0.4007, 0.2352 0.765 0.4003, 0.2353 0.7653 0.4002, 0.2358 0.7665 0.3995, 0.2359 0.7672 0.3991, 0.2362 0.7691 0.3981, 0.2361 0.7682 0.3986, 0.236 0.7674 0.399, 0.2362 0.8209 0.4155, 0.2362 0.8078 0.4116, 0.2362 0.8066 0.4157, 0.2362 0.8016 0.4098, 0.2362 0.7913 0.4097, 0.2362 0.7875 0.4082, 0.2362 0.954 0.3906, 0.2362 0.9571 0.384, 0.2362 0.9414 0.3985, 0.2362 0.9393 0.3952, 0.2362 0.9274 0.4064, 0.2362 0.921 0.4051, 0.2362 0.9181 0.4104, 0.2362 0.9142 0.4077, 0.2362 0.9086 0.4144, 0.2362 0.902 0.4124, 0.2362 0.8934 0.4187, 0.2362 0.8823 0.417, 0.2362 0.816 0.418, 0.2362 0.8266 0.4206, 0.2362 0.841 0.4187, 0.2362 0.8416 0.4223, 0.2362 0.8432 0.4187, 0.2362 0.8474 0.423, 0.2362 0.8618 0.4191, 0.2362 0.8677 0.4228, 0.2362 0.8794 0.4173, 0.2362 0.8686 0.4228, 0.2362 0.8891 0.4199, 0.1575 0.8078 0.4116, 0.1575 0.8204 0.4154, 0.1279 0.824 0.4161, 0.1575 0.8403 0.4186, 0.1279 0.8432 0.4188, 0.1575 0.8432 0.4187, 0.1279 0.8441 0.4189, 0.1575 0.8608 0.4192, 0.1279 0.8618 0.4192, 0.1575 0.8794 0.4174, 0.1279 0.8794 0.4173, 0.1575 0.8814 0.4172, 0.1279 0.8823 0.417, 0.1575 0.9014 0.4125, 0.1279 0.9021 0.4123, 0.1575 0.9142 0.4077, 0.1279 0.9142 0.4077, 0.1575 0.9203 0.4054, 0.1279 0.9211 0.405, 0.1575 0.9393 0.3952, 0.1279 0.9393 0.3952, 0.1575 0.8009 0.4095, 0.1575 0.9571 0.384, 0.1575 0.954 0.3906, 0.1575 0.9414 0.3985, 0.1575 0.9182 0.4106, 0.1575 0.8416 0.4226, 0.1575 0.8159 0.4182, 0.1575 0.7691 0.3981, 0.1575 0.7912 0.4098, 0.1575 0.8677 0.4228, 0.1575 0.8934 0.4187, 0.1575 0.7682 0.3986, 0.1583 0.7653 0.4002, 0.158 0.7663 0.3996, 0.1577 0.7672 0.3991, 0.1576 0.7674 0.399, 0.1584 0.765 0.4003, 0.1585 0.7648 0.4004, 0.1594 0.7635 0.4012, 0.1599 0.7628 0.4016, 0.16 0.7627 0.4016, 0.1609 0.7618 0.4021, 0.1613 0.7615 0.4023, 0.1619 0.7611 0.4025, 0.162 0.761 0.4025, 0.1629 0.7605 0.4028, 0.1637 0.76 0.4031, 0.1645 0.7597 0.4033, 0.1649 0.7595 0.4033, 0.1663 0.7591 0.4036, 0.1671 0.759 0.4037, 0.1673 0.759 0.4037, 0.1279 0.9381 0.3262, 0.1279 0.9695 0.3762, 0.2647 0.9465 0.321, 0.2623 0.9548 0.3158, 0.1313 0.9548 0.3158, 0.2644 0.9487 0.3196, 0.129 0.9464 0.321, 0.1284 0.9445 0.3222, 0.2408 0.9896 0.3175, 0.2428 0.9874 0.3174, 0.2429 1.0089 0.3515, 0.2512 1.0024 0.3556, 0.2495 0.9804 0.317, 0.2531 1.0001 0.357, 0.253 0.9748 0.3168, 0.2586 0.9936 0.3611, 0.257 0.9686 0.3164, 0.2605 0.9896 0.3636, 0.2604 0.9597 0.316, 0.2633 0.984 0.3671, 0.2418 1.0098 0.351, 0.2314 1.0151 0.3476, 0.2305 0.9967 0.3179, 0.2305 1.0154 0.3475, 0.2303 0.9969 0.3179, 0.2194 1.0012 0.3181, 0.2196 1.0184 0.3455, 0.2165 1.0016 0.3181, 0.2165 1.0187 0.3454, 0.2086 1.0027 0.3182, 0.2067 1.0195 0.3449, 0.2067 1.0028 0.3182, 0.2646 0.9778 0.371, 0.2655 0.9737 0.3736, 0.236 0.9602 0.3821, 0.2359 0.9613 0.3814, 0.235 0.9644 0.3794, 0.2338 0.9683 0.377, 0.2337 0.9685 0.3769, 0.2316 0.9718 0.3748, 0.2316 0.9719 0.3748, 0.2294 0.9739 0.3735, 0.2291 0.9741 0.3734, 0.1632 1.0153 0.3475, 0.1673 0.9754 0.3725, 0.1507 1.0089 0.3515, 0.1666 0.9752 0.3727, 0.1404 1.0002 0.3569, 0.1585 0.9647 0.3793, 0.1601 0.9684 0.3769, 0.1288 0.9779 0.371, 0.1585 0.9646 0.3794, 0.1579 0.9601 0.3821, 0.2275 0.975 0.3728, 0.2264 0.9754 0.3725, 0.226 0.9755 0.3725, 0.2244 0.9757 0.3723, 0.1649 0.9744 0.3732, 0.1645 0.9741 0.3734, 0.1329 0.9897 0.3636, 0.1629 0.9728 0.3742, 0.162 0.9717 0.3749, 0.1608 0.9702 0.3758, 0.1771 1.0188 0.3453, 0.1693 0.9757 0.3723, 0.1682 0.9756 0.3724, 0.187 1.0195 0.3449, 0.2344 0.7644 0.4023, 0.2338 0.7636 0.4027, 0.2332 0.7637 0.4042, 0.2354 0.7662 0.4014, 0.235 0.7653 0.4019, 0.2344 0.7653 0.4035, 0.23 0.7612 0.4052, 0.2309 0.7618 0.405, 0.2323 0.7621 0.4035, 0.2317 0.7624 0.4048, 0.2311 0.7627 0.406, 0.2304 0.763 0.4073, 0.2288 0.762 0.4074, 0.2295 0.7633 0.4085, 0.2281 0.7604 0.4054, 0.2272 0.7613 0.4073, 0.2256 0.7608 0.4072, 0.226 0.7621 0.4092, 0.2272 0.7628 0.4095, 0.2284 0.7635 0.4097, 0.2315 0.7665 0.4096, 0.2322 0.7675 0.4093, 0.2328 0.7666 0.4079, 0.2335 0.7678 0.4074, 0.2339 0.7667 0.4062, 0.2305 0.7674 0.411, 0.2319 0.7675 0.4097, 0.232 0.7675 0.4096, 0.2298 0.7673 0.4117, 0.2299 0.7665 0.4112, 0.2291 0.7655 0.4111, 0.2286 0.7673 0.4128, 0.2279 0.7664 0.4126, 0.2268 0.7651 0.4122, 0.2265 0.7648 0.4121, 0.236 0.768 0.4004, 0.2347 0.7668 0.4045, 0.2356 0.7678 0.4023, 0.2353 0.7669 0.4027, 0.2357 0.7671 0.4009, 0.2357 0.7685 0.4023, 0.2357 0.7685 0.4018, 0.236 0.7688 0.3999, 0.234 0.7678 0.4066, 0.2345 0.768 0.4056, 0.2352 0.7683 0.4037, 0.2356 0.7684 0.4026, 0.2337 0.7653 0.4051, 0.2325 0.7639 0.4056, 0.2329 0.7653 0.4067, 0.2317 0.7641 0.407, 0.2319 0.7654 0.4082, 0.2307 0.7643 0.4084, 0.2306 0.7654 0.4097, 0.2296 0.7644 0.4098, 0.2282 0.7646 0.411, 0.2272 0.7638 0.4108, 0.2257 0.7642 0.4117, 0.2249 0.7635 0.4113, 0.2247 0.7632 0.4112, 0.2241 0.7629 0.4108, 0.2233 0.7625 0.4103, 0.1732 0.768 0.4158, 0.2204 0.768 0.4158, 0.1726 0.7659 0.4142, 0.2211 0.7659 0.4141, 0.1723 0.7648 0.4134, 0.2215 0.7644 0.413, 0.1718 0.7637 0.4119, 0.2218 0.7636 0.4119, 0.1637 0.7665 0.4112, 0.1631 0.7674 0.411, 0.1651 0.7673 0.4128, 0.1618 0.7654 0.4082, 0.163 0.7654 0.4097, 0.1641 0.7644 0.4098, 0.1577 0.768 0.4004, 0.1587 0.7653 0.4019, 0.1598 0.7636 0.4027, 0.1614 0.7621 0.4035, 0.1584 0.7669 0.4027, 0.1582 0.7662 0.4014, 0.1579 0.7671 0.4009, 0.1581 0.7678 0.4023, 0.1633 0.763 0.4073, 0.1625 0.7627 0.406, 0.1611 0.7639 0.4056, 0.1604 0.7637 0.4042, 0.1592 0.7653 0.4035, 0.1592 0.7644 0.4023, 0.1579 0.7685 0.4018, 0.1578 0.7687 0.401, 0.1577 0.7688 0.3999, 0.1598 0.7667 0.4062, 0.1608 0.7666 0.4079, 0.1589 0.7681 0.4048, 0.1592 0.768 0.4056, 0.1595 0.7679 0.4064, 0.1621 0.7675 0.4101, 0.1627 0.7674 0.4107, 0.1621 0.7665 0.4096, 0.1602 0.7678 0.4074, 0.1608 0.7677 0.4083, 0.1614 0.7676 0.4093, 0.1657 0.7664 0.4126, 0.1664 0.7656 0.4124, 0.1645 0.7655 0.4111, 0.1669 0.7651 0.4122, 0.1655 0.7646 0.411, 0.1679 0.7642 0.4117, 0.1664 0.7638 0.4108, 0.169 0.7616 0.4088, 0.168 0.7608 0.4072, 0.1685 0.7625 0.4101, 0.1677 0.7621 0.4092, 0.1664 0.7613 0.4073, 0.1664 0.7628 0.4095, 0.1648 0.762 0.4074, 0.1642 0.7633 0.4085, 0.1619 0.7641 0.407, 0.1599 0.7653 0.4051, 0.1619 0.7624 0.4048, 0.1627 0.7618 0.405, 0.1636 0.7612 0.4052, 0.1655 0.7604 0.4054, 0.1585 0.7683 0.4037, 0.159 0.7668 0.4045, 0.1607 0.7653 0.4067, 0.1629 0.7643 0.4084, 0.1652 0.7635 0.4097, 0.169 0.7632 0.4112, 0.1695 0.7629 0.4108, 0.1579 0.7685 0.4022, 0.1675 0.7631 0.4105, 0.2361 0.955 0.3911, 0.236 0.9558 0.3914, 0.236 0.956 0.3915, 0.2357 0.9569 0.392, 0.2352 0.9583 0.3926, 0.2352 0.9584 0.3927, 0.2342 0.9598 0.3933, 0.2337 0.9606 0.3937, 0.2337 0.9606 0.3937, 0.2324 0.9618 0.3943, 0.2316 0.9624 0.3946, 0.2308 0.9629 0.3948, 0.2299 0.9634 0.3951, 0.2291 0.9637 0.3952, 0.2287 0.9639 0.3953, 0.2273 0.9643 0.3955, 0.2265 0.9644 0.3955, 0.2263 0.9644 0.3955, 0.2244 0.9647 0.3957, 0.2359 0.9544 0.3927, 0.2359 0.9427 0.4006, 0.2359 0.9545 0.3932, 0.2348 0.9447 0.4038, 0.235 0.9551 0.3967, 0.2357 0.9434 0.4018, 0.2356 0.9548 0.3949, 0.2357 0.9548 0.3947, 0.2328 0.9464 0.4066, 0.2331 0.9558 0.4002, 0.2344 0.9453 0.4048, 0.2341 0.9556 0.3989, 0.2348 0.9552 0.3971, 0.2302 0.9479 0.409, 0.2305 0.9564 0.4033, 0.232 0.947 0.4076, 0.2316 0.9562 0.4024, 0.2328 0.9559 0.4006, 0.2204 0.9497 0.4119, 0.2204 0.9562 0.4078, 0.223 0.9496 0.4117, 0.2214 0.9563 0.4077, 0.2231 0.9496 0.4117, 0.2231 0.9565 0.4072, 0.2265 0.9491 0.4108, 0.2253 0.9568 0.4066, 0.2268 0.949 0.4107, 0.2268 0.9567 0.4058, 0.2299 0.9481 0.4092, 0.2289 0.9567 0.4046, 0.2301 0.9565 0.4036, 0.2239 0.7674 0.415, 0.223 0.7676 0.4152, 0.223 0.785 0.4241, 0.223 0.9243 0.4249, 0.2204 0.9242 0.4248, 0.2204 0.9208 0.4265, 0.223 0.8971 0.4338, 0.2204 0.8968 0.4329, 0.2204 0.8803 0.4372, 0.223 0.8688 0.4383, 0.2204 0.8688 0.4375, 0.223 0.8403 0.4381, 0.2204 0.8402 0.4381, 0.2204 0.8385 0.4381, 0.223 0.8121 0.4333, 0.2204 0.8123 0.4324, 0.2204 0.7975 0.4292, 0.2204 0.7852 0.4236, 0.2276 0.7672 0.4133, 0.2265 0.7673 0.4138, 0.2265 0.7854 0.4231, 0.2299 0.7862 0.4214, 0.232 0.787 0.4196, 0.2344 0.7883 0.4166, 0.2357 0.7897 0.4134, 0.2357 0.8149 0.422, 0.2357 0.8413 0.4265, 0.2357 0.8944 0.4225, 0.2357 0.868 0.4266, 0.2357 0.9197 0.4142, 0.2344 0.9211 0.4173, 0.2344 0.8141 0.4254, 0.2344 0.841 0.4299, 0.2344 0.8682 0.4301, 0.2344 0.8952 0.4259, 0.232 0.9224 0.4204, 0.232 0.8133 0.4286, 0.232 0.8407 0.4332, 0.232 0.8685 0.4334, 0.232 0.8959 0.4291, 0.2299 0.8128 0.4305, 0.2299 0.8405 0.4352, 0.2299 0.8686 0.4353, 0.2299 0.8964 0.431, 0.2299 0.9231 0.4222, 0.2265 0.8123 0.4323, 0.2265 0.8403 0.4371, 0.2265 0.8688 0.4372, 0.2265 0.8969 0.4328, 0.2265 0.9239 0.4239, 0.1693 0.9647 0.3957, 0.1673 0.9645 0.3956, 0.1671 0.9645 0.3956, 0.1671 0.9645 0.3956, 0.1649 0.9639 0.3953, 0.1645 0.9638 0.3952, 0.1644 0.9637 0.3952, 0.1628 0.9629 0.3948, 0.1602 0.9607 0.3938, 0.1606 0.9612 0.394, 0.162 0.9624 0.3946, 0.162 0.9624 0.3946, 0.16 0.9605 0.3937, 0.1594 0.9598 0.3933, 0.1588 0.959 0.393, 0.1585 0.9583 0.3926, 0.1584 0.9579 0.3924, 0.1578 0.9567 0.3919, 0.1577 0.9559 0.3915, 0.1576 0.9549 0.3911, 0.1577 0.9558 0.3914, 0.1636 0.9479 0.409, 0.1647 0.9567 0.4046, 0.166 0.9488 0.4104, 0.1655 0.9567 0.4051, 0.1669 0.949 0.4107, 0.1669 0.9567 0.4058, 0.1694 0.9495 0.4115, 0.1692 0.9567 0.4069, 0.1706 0.9496 0.4116, 0.1706 0.9565 0.4072, 0.1732 0.9497 0.4119, 0.1732 0.9562 0.4078, 0.1588 0.9447 0.4039, 0.1605 0.9558 0.4003, 0.1607 0.9464 0.4066, 0.1609 0.9559 0.4007, 0.1608 0.9465 0.4067, 0.1618 0.9562 0.4021, 0.1626 0.9476 0.4084, 0.1632 0.9564 0.4033, 0.1636 0.9565 0.4036, 0.1578 0.9545 0.3934, 0.158 0.9548 0.3947, 0.1577 0.9428 0.4008, 0.158 0.9548 0.3949, 0.1577 0.9428 0.4008, 0.1587 0.9551 0.3967, 0.1588 0.9447 0.4038, 0.1589 0.9553 0.3972, 0.1596 0.9556 0.3989, 0.1577 0.9544 0.3927, 0.1577 0.9193 0.413, 0.1687 0.7673 0.4146, 0.166 0.7673 0.4132, 0.166 0.7856 0.4226, 0.1577 0.7901 0.4123, 0.1588 0.7887 0.4156, 0.1607 0.7874 0.4186, 0.1626 0.7866 0.4205, 0.1694 0.7851 0.4238, 0.1694 0.7674 0.4148, 0.1732 0.7852 0.4236, 0.1732 0.7975 0.4292, 0.1694 0.8121 0.4331, 0.1732 0.8123 0.4324, 0.1732 0.8385 0.4381, 0.1694 0.8403 0.4378, 0.1732 0.8402 0.4381, 0.1694 0.8688 0.438, 0.1732 0.8688 0.4375, 0.1732 0.8803 0.4372, 0.1694 0.897 0.4336, 0.1732 0.8968 0.4329, 0.1694 0.9242 0.4246, 0.1732 0.9208 0.4265, 0.1732 0.9242 0.4248, 0.166 0.9237 0.4234, 0.166 0.8124 0.4318, 0.166 0.8404 0.4365, 0.166 0.8687 0.4367, 0.166 0.8967 0.4323, 0.1626 0.9228 0.4213, 0.1626 0.813 0.4296, 0.1626 0.8406 0.4342, 0.1626 0.8686 0.4344, 0.1626 0.8962 0.4301, 0.1607 0.9219 0.4194, 0.1607 0.8135 0.4275, 0.1607 0.8408 0.4321, 0.1607 0.8684 0.4323, 0.1607 0.8957 0.428, 0.1588 0.8143 0.4243, 0.1588 0.8411 0.4288, 0.1588 0.8682 0.429, 0.1588 0.8949 0.4248, 0.1588 0.9207 0.4163, 0.1577 0.8152 0.4209, 0.1577 0.8414 0.4253, 0.1577 0.8679 0.4254, 0.1577 0.8941 0.4213, 0.187 1.0028 0.3182, 0.1771 1.0016 0.3181, 0.1647 0.9975 0.3179, 0.1755 1.0015 0.3181, 0.1546 0.991 0.3176, 0.1632 0.9965 0.3179, 0.1458 0.9825 0.3171, 0.1508 0.9873 0.3174, 0.1382 0.9716 0.3166, 0.1405 0.9749 0.3168, 0.1325 0.9587 0.316, 0.133 0.9598 0.316, 0.1696 0.9634 0.3983, 0.1695 0.9639 0.3973, 0.1698 0.9632 0.3988, 0.224 0.9634 0.3984, 0.2233 0.9625 0.4003, 0.2226 0.962 0.4012, 0.1711 0.962 0.4012, 0.2238 0.9632 0.3988, 0.1703 0.9626 0.4001, 0.2281 0.9593 0.403, 0.2293 0.9594 0.402, 0.2303 0.9584 0.4021, 0.2359 0.9553 0.3931, 0.2357 0.9562 0.3935, 0.2322 0.9613 0.3957, 0.233 0.9606 0.3954, 0.2316 0.9611 0.3971, 0.2331 0.9597 0.3967, 0.2353 0.9571 0.3939, 0.2349 0.958 0.3943, 0.2344 0.9589 0.3947, 0.2338 0.9598 0.3951, 0.2348 0.9573 0.3958, 0.2343 0.9581 0.3961, 0.2351 0.9565 0.3954, 0.2344 0.9567 0.3973, 0.2355 0.9556 0.3951, 0.2282 0.9603 0.4018, 0.2324 0.9571 0.4006, 0.2335 0.9569 0.399, 0.2315 0.9583 0.4008, 0.2326 0.9583 0.3993, 0.2304 0.9595 0.4008, 0.2314 0.9595 0.3996, 0.2301 0.9607 0.3997, 0.2312 0.9573 0.402, 0.2298 0.9574 0.4033, 0.229 0.9584 0.4032, 0.2269 0.9592 0.4039, 0.227 0.9611 0.4015, 0.2286 0.9616 0.3996, 0.227 0.9624 0.3995, 0.228 0.9631 0.3975, 0.2255 0.9629 0.3992, 0.2299 0.9622 0.3974, 0.2304 0.9626 0.3961, 0.2275 0.9584 0.4041, 0.2282 0.9575 0.4044, 0.2268 0.9592 0.4039, 0.226 0.9599 0.4034, 0.2251 0.9606 0.403, 0.2248 0.9609 0.4027, 0.2243 0.9612 0.4024, 0.2234 0.9616 0.4018, 0.2335 0.9582 0.3978, 0.2323 0.9596 0.3982, 0.2309 0.9609 0.3984, 0.1577 0.9553 0.3931, 0.1702 0.9616 0.4018, 0.1632 0.9626 0.3961, 0.1637 0.9622 0.3974, 0.162 0.9611 0.3971, 0.1682 0.9629 0.3992, 0.1666 0.9624 0.3995, 0.1656 0.9631 0.3975, 0.1592 0.9567 0.3973, 0.1622 0.9583 0.4008, 0.1611 0.9583 0.3993, 0.1622 0.9595 0.3996, 0.1677 0.9599 0.4034, 0.1668 0.9592 0.4038, 0.1656 0.9593 0.403, 0.1665 0.9601 0.4027, 0.1644 0.9594 0.402, 0.1655 0.9603 0.4018, 0.1654 0.9575 0.4044, 0.1638 0.9574 0.4033, 0.1665 0.9589 0.404, 0.1636 0.9607 0.3997, 0.1633 0.9595 0.4008, 0.1634 0.9584 0.4021, 0.1647 0.9584 0.4032, 0.1601 0.9569 0.399, 0.1612 0.9571 0.4006, 0.1625 0.9573 0.402, 0.1605 0.9597 0.3967, 0.1594 0.9581 0.3961, 0.1593 0.9589 0.3947, 0.1601 0.9582 0.3978, 0.1589 0.9573 0.3958, 0.158 0.9562 0.3935, 0.1585 0.9565 0.3954, 0.1582 0.9556 0.3951, 0.1587 0.958 0.3943, 0.1583 0.9571 0.3939, 0.1675 0.9636 0.3975, 0.165 0.9616 0.3996, 0.1628 0.9609 0.3984, 0.1613 0.9596 0.3982, 0.1685 0.9606 0.403, 0.1666 0.9611 0.4015, 0.1686 0.9607 0.4029, 0.1694 0.9611 0.4024, 0.1614 0.9613 0.3957, 0.1599 0.9598 0.3951, 0.1606 0.9606 0.3954, 0.2211 0.9584 0.406, 0.173 0.957 0.4073, 0.1725 0.9583 0.406, 0.2214 0.9593 0.4053, 0.172 0.9599 0.4046, 0.2219 0.9605 0.4036, 0.1717 0.9605 0.4036, 0.2223 0.9616 0.4021
            ]
        }
        coordIndex [
            0,1,2,-1,2,1,3,-1,2,3,4,-1,5,2,6,-1,6,2,4,-1,6,4,7,-1,7,4,8,-1,2,5,9,-1,9,5,10,-1,5,6,10,-1,10,6,11,-1,12,13,14,-1,14,13,15,-1,14,15,16,-1,16,15,17,-1,16,17,18,-1,18,17,19,-1,18,19,20,-1,11,6,21,-1,21,6,7,-1,21,7,22,-1,22,7,23,-1,22,23,24,-1,24,23,25,-1,20,19,26,-1,26,19,27,-1,26,27,28,-1,28,27,29,-1,29,27,30,-1,29,30,31,-1,32,33,25,-1,25,33,34,-1,25,34,24,-1,35,36,32,-1,32,36,37,-1,32,37,33,-1,31,30,38,-1,38,30,39,-1,38,39,40,-1,40,39,41,-1,40,41,42,-1,42,41,43,-1,42,43,44,-1,44,43,45,-1,44,45,35,-1,35,45,46,-1,35,46,36,-1,25,23,47,-1,47,23,7,-1,47,7,8,-1,25,47,32,-1,32,47,48,-1,32,48,35,-1,35,48,49,-1,35,49,44,-1,44,49,50,-1,44,50,42,-1,4,51,8,-1,8,51,52,-1,8,52,47,-1,47,52,53,-1,47,53,48,-1,48,53,54,-1,48,54,49,-1,49,54,55,-1,49,55,50,-1,50,55,56,-1,50,56,57,-1,57,56,58,-1,57,58,59,-1,59,58,60,-1,59,60,61,-1,61,60,62,-1,61,62,63,-1,63,62,64,-1,63,64,65,-1,65,64,66,-1,65,66,67,-1,67,66,68,-1,4,3,51,-1,51,3,69,-1,69,3,70,-1,70,3,1,-1,70,1,71,-1,71,1,72,-1,71,72,73,-1,73,72,74,-1,75,72,76,-1,76,72,1,-1,76,1,0,-1,0,2,77,-1,77,2,9,-1,70,77,9,-1,9,10,11,-1,21,52,11,-1,11,52,51,-1,11,51,9,-1,9,51,69,-1,9,69,70,-1,43,56,45,-1,45,56,55,-1,24,53,22,-1,22,53,52,-1,22,52,21,-1,54,36,55,-1,55,36,46,-1,55,46,45,-1,24,34,53,-1,53,34,33,-1,53,33,54,-1,54,33,37,-1,54,37,36,-1,41,58,43,-1,43,58,56,-1,58,41,39,-1,15,66,64,-1,58,39,60,-1,60,39,30,-1,60,30,62,-1,30,27,62,-1,62,27,19,-1,62,19,64,-1,64,19,17,-1,64,17,15,-1,68,66,13,-1,13,66,15,-1,13,12,68,-1,68,12,67,-1,67,12,65,-1,65,12,14,-1,18,63,16,-1,16,63,65,-1,16,65,14,-1,40,57,38,-1,38,57,59,-1,18,20,63,-1,63,20,26,-1,63,26,61,-1,26,28,61,-1,61,28,29,-1,61,29,59,-1,59,29,31,-1,59,31,38,-1,40,42,57,-1,57,42,50,-1,72,75,74,-1,74,75,78,-1,74,78,79,-1,79,78,80,-1,79,80,81,-1,81,80,82,-1,83,73,79,-1,79,73,74,-1,84,85,83,-1,83,85,86,-1,83,86,73,-1,73,86,87,-1,73,87,71,-1,71,87,88,-1,71,88,70,-1,70,88,89,-1,70,89,77,-1,0,77,89,-1,0,89,76,-1,76,89,88,-1,76,88,75,-1,83,79,84,-1,84,79,81,-1,84,81,90,-1,90,81,91,-1,90,91,92,-1,92,91,93,-1,92,93,94,-1,94,93,95,-1,96,97,93,-1,91,98,99,-1,91,99,93,-1,93,99,100,-1,93,100,96,-1,97,101,93,-1,93,101,102,-1,93,102,103,-1,98,91,104,-1,104,91,81,-1,104,81,82,-1,105,99,106,-1,106,99,98,-1,106,98,107,-1,107,98,104,-1,107,104,85,-1,85,104,82,-1,85,82,86,-1,86,82,80,-1,78,87,80,-1,80,87,86,-1,87,78,88,-1,88,78,75,-1,85,84,107,-1,107,84,90,-1,107,90,106,-1,106,90,105,-1,108,109,92,-1,92,109,110,-1,110,111,92,-1,92,111,112,-1,92,112,90,-1,90,112,113,-1,90,113,105,-1,114,115,116,-1,117,118,119,-1,116,115,120,-1,121,122,123,-1,124,125,119,-1,119,125,126,-1,119,126,117,-1,127,128,129,-1,129,128,119,-1,129,119,130,-1,130,119,118,-1,131,132,133,-1,133,132,134,-1,133,134,135,-1,135,134,136,-1,123,137,121,-1,121,137,138,-1,121,138,134,-1,134,138,139,-1,134,139,136,-1,140,141,121,-1,121,141,142,-1,121,142,122,-1,143,144,145,-1,145,144,146,-1,145,146,147,-1,147,146,148,-1,147,148,149,-1,127,150,128,-1,128,150,151,-1,128,151,152,-1,93,103,95,-1,95,103,128,-1,95,128,153,-1,153,128,152,-1,120,115,119,-1,119,115,154,-1,119,154,124,-1,149,148,155,-1,155,148,156,-1,155,156,116,-1,116,156,157,-1,116,157,114,-1,143,158,144,-1,144,158,159,-1,144,159,160,-1,160,159,161,-1,160,161,121,-1,121,161,162,-1,121,162,140,-1,94,95,153,-1,94,153,163,-1,163,153,152,-1,163,152,164,-1,164,152,151,-1,164,151,165,-1,165,151,150,-1,165,150,166,-1,166,150,127,-1,166,127,167,-1,167,127,129,-1,167,129,168,-1,168,129,130,-1,168,130,169,-1,169,130,118,-1,169,118,170,-1,170,118,117,-1,170,117,171,-1,171,117,126,-1,171,126,172,-1,172,126,125,-1,172,125,173,-1,173,125,124,-1,173,124,174,-1,174,124,154,-1,174,154,175,-1,175,154,115,-1,175,115,176,-1,177,173,174,-1,178,108,92,-1,179,180,181,-1,181,180,182,-1,181,182,183,-1,174,175,177,-1,177,175,176,-1,177,176,179,-1,179,176,184,-1,179,184,180,-1,92,94,178,-1,178,94,163,-1,178,163,177,-1,177,163,164,-1,177,164,165,-1,170,177,169,-1,169,177,168,-1,170,171,177,-1,177,171,172,-1,177,172,173,-1,185,186,187,-1,187,186,188,-1,187,188,189,-1,165,166,177,-1,177,166,167,-1,177,167,168,-1,190,191,192,-1,192,191,193,-1,192,193,194,-1,195,196,197,-1,197,196,198,-1,198,199,197,-1,197,199,200,-1,197,200,187,-1,187,200,201,-1,187,201,185,-1,183,182,202,-1,202,182,203,-1,202,203,192,-1,192,203,204,-1,192,204,190,-1,205,206,207,-1,207,206,197,-1,197,206,208,-1,197,208,195,-1,209,210,203,-1,203,210,211,-1,203,211,204,-1,194,212,192,-1,192,212,213,-1,192,213,214,-1,214,213,215,-1,214,215,216,-1,216,215,217,-1,216,217,218,-1,218,217,205,-1,218,205,219,-1,219,205,207,-1,220,221,222,-1,222,221,223,-1,223,224,222,-1,222,224,225,-1,222,225,203,-1,203,225,226,-1,203,226,209,-1,183,143,145,-1,183,145,181,-1,145,147,181,-1,181,147,149,-1,181,149,179,-1,149,155,179,-1,179,155,116,-1,179,116,177,-1,116,120,177,-1,177,120,119,-1,177,119,178,-1,178,119,128,-1,178,128,108,-1,128,103,108,-1,108,103,102,-1,108,102,109,-1,109,102,101,-1,109,101,110,-1,110,101,97,-1,110,97,111,-1,111,97,96,-1,111,96,112,-1,112,96,100,-1,112,100,113,-1,113,100,99,-1,113,99,105,-1,115,114,176,-1,176,114,184,-1,148,146,182,-1,227,228,229,-1,229,228,230,-1,229,230,231,-1,230,232,231,-1,231,232,233,-1,231,233,234,-1,234,233,235,-1,234,235,236,-1,229,237,227,-1,227,237,238,-1,227,238,132,-1,132,238,220,-1,132,220,134,-1,134,220,222,-1,134,222,121,-1,121,222,203,-1,121,203,160,-1,182,146,203,-1,203,146,144,-1,203,144,160,-1,148,182,156,-1,156,182,180,-1,156,180,157,-1,157,180,184,-1,157,184,114,-1,131,239,230,-1,230,228,131,-1,131,228,227,-1,131,227,132,-1,240,235,239,-1,235,233,239,-1,239,233,232,-1,239,232,230,-1,239,241,240,-1,240,241,242,-1,240,242,243,-1,243,242,244,-1,243,244,245,-1,245,244,246,-1,245,246,247,-1,248,242,249,-1,249,242,241,-1,249,241,250,-1,251,239,131,-1,133,197,131,-1,131,197,187,-1,131,187,251,-1,248,252,242,-1,242,252,253,-1,242,253,244,-1,251,254,239,-1,239,254,255,-1,239,255,241,-1,241,255,256,-1,241,256,250,-1,257,258,259,-1,259,258,246,-1,259,246,260,-1,260,246,244,-1,260,244,261,-1,261,244,253,-1,139,219,136,-1,136,219,207,-1,136,207,135,-1,135,207,197,-1,135,197,133,-1,139,138,219,-1,219,138,137,-1,219,137,218,-1,137,123,218,-1,218,123,122,-1,218,122,216,-1,140,214,141,-1,141,214,216,-1,141,216,142,-1,142,216,122,-1,158,202,159,-1,159,202,192,-1,159,192,161,-1,161,192,214,-1,161,214,162,-1,162,214,140,-1,202,158,183,-1,183,158,143,-1,262,215,263,-1,263,215,213,-1,262,264,215,-1,215,264,265,-1,215,265,266,-1,267,268,269,-1,269,270,267,-1,267,270,271,-1,267,271,265,-1,265,271,272,-1,265,272,266,-1,215,266,217,-1,217,266,273,-1,217,273,205,-1,273,274,205,-1,205,274,275,-1,205,275,206,-1,206,275,276,-1,206,276,208,-1,208,276,195,-1,276,277,195,-1,195,277,278,-1,195,278,196,-1,196,278,279,-1,196,279,198,-1,198,279,280,-1,280,281,198,-1,198,281,282,-1,198,282,199,-1,282,283,199,-1,199,283,284,-1,199,284,200,-1,284,285,200,-1,200,285,286,-1,200,286,201,-1,201,286,287,-1,201,287,185,-1,287,288,185,-1,185,288,289,-1,185,289,186,-1,186,289,290,-1,186,290,291,-1,292,188,293,-1,293,188,186,-1,293,186,294,-1,294,186,291,-1,189,188,292,-1,295,296,297,-1,297,296,298,-1,297,298,299,-1,299,298,189,-1,299,189,300,-1,300,189,292,-1,301,302,303,-1,303,302,304,-1,303,304,305,-1,305,304,306,-1,305,306,307,-1,307,306,308,-1,307,308,309,-1,309,308,310,-1,309,310,311,-1,311,310,312,-1,297,313,295,-1,295,313,314,-1,295,314,315,-1,315,314,316,-1,315,316,317,-1,317,316,318,-1,317,318,319,-1,319,318,320,-1,319,320,321,-1,321,320,322,-1,321,322,312,-1,312,322,323,-1,312,323,311,-1,304,259,306,-1,306,259,260,-1,306,260,308,-1,308,260,261,-1,308,261,310,-1,310,261,253,-1,310,253,312,-1,312,253,252,-1,312,252,321,-1,321,252,248,-1,321,248,319,-1,319,248,249,-1,319,249,317,-1,317,249,250,-1,317,250,315,-1,315,250,256,-1,315,256,295,-1,295,256,255,-1,295,255,296,-1,296,255,254,-1,296,254,298,-1,298,254,251,-1,298,251,189,-1,189,251,187,-1,324,236,325,-1,325,236,326,-1,325,326,327,-1,327,326,328,-1,327,328,329,-1,329,328,330,-1,329,330,331,-1,331,330,332,-1,331,332,333,-1,333,332,334,-1,333,334,335,-1,335,334,336,-1,335,336,337,-1,337,336,338,-1,337,338,339,-1,339,338,340,-1,339,340,341,-1,341,340,342,-1,341,342,343,-1,343,342,344,-1,220,238,221,-1,221,238,237,-1,221,237,345,-1,237,229,345,-1,345,229,231,-1,345,231,324,-1,324,231,234,-1,324,234,236,-1,346,347,343,-1,343,347,348,-1,343,348,341,-1,341,348,349,-1,350,351,325,-1,352,223,221,-1,352,221,353,-1,353,221,345,-1,353,345,351,-1,351,345,324,-1,351,324,325,-1,331,354,329,-1,329,354,350,-1,329,350,327,-1,327,350,325,-1,331,333,354,-1,354,333,335,-1,354,335,355,-1,355,335,337,-1,355,337,349,-1,349,337,339,-1,349,339,341,-1,223,352,224,-1,224,352,356,-1,357,226,358,-1,358,226,225,-1,358,225,359,-1,359,225,224,-1,359,224,360,-1,360,224,356,-1,357,361,226,-1,226,361,362,-1,226,362,209,-1,209,362,363,-1,209,363,210,-1,363,364,210,-1,210,364,365,-1,210,365,211,-1,211,365,366,-1,211,366,367,-1,367,368,211,-1,211,368,369,-1,211,369,204,-1,204,369,370,-1,204,370,190,-1,190,370,371,-1,190,371,191,-1,371,372,191,-1,191,372,373,-1,191,373,193,-1,193,373,374,-1,193,374,194,-1,374,375,194,-1,194,375,376,-1,194,376,212,-1,212,376,263,-1,212,263,213,-1,330,240,332,-1,332,240,243,-1,332,243,334,-1,236,235,326,-1,326,235,240,-1,326,240,328,-1,328,240,330,-1,342,245,247,-1,377,378,247,-1,247,378,344,-1,247,344,342,-1,342,340,245,-1,245,340,338,-1,245,338,243,-1,243,338,336,-1,243,336,334,-1,379,377,258,-1,258,377,247,-1,258,247,246,-1,380,381,382,-1,382,381,383,-1,382,383,379,-1,379,383,384,-1,379,384,377,-1,385,386,387,-1,387,386,388,-1,388,386,389,-1,388,389,390,-1,390,389,391,-1,390,391,392,-1,392,391,393,-1,392,393,394,-1,394,393,395,-1,394,395,396,-1,387,397,385,-1,385,397,398,-1,385,398,399,-1,399,398,400,-1,399,400,401,-1,401,400,402,-1,402,400,403,-1,402,403,404,-1,404,403,405,-1,404,405,406,-1,406,405,407,-1,406,407,408,-1,395,380,396,-1,396,380,382,-1,396,382,409,-1,409,382,379,-1,409,379,410,-1,410,379,258,-1,410,258,257,-1,259,304,257,-1,257,304,302,-1,257,302,411,-1,411,412,257,-1,257,412,413,-1,257,413,410,-1,410,413,414,-1,410,414,409,-1,409,414,415,-1,409,415,396,-1,396,415,416,-1,396,416,394,-1,394,416,417,-1,394,417,392,-1,392,417,418,-1,392,418,390,-1,390,418,388,-1,388,418,419,-1,388,419,387,-1,420,421,422,-1,422,421,423,-1,422,423,424,-1,425,378,426,-1,426,378,427,-1,343,344,346,-1,346,344,378,-1,425,428,378,-1,378,428,429,-1,378,429,346,-1,419,430,387,-1,387,430,431,-1,387,431,397,-1,397,431,432,-1,397,432,398,-1,398,432,433,-1,398,433,400,-1,400,433,403,-1,423,434,424,-1,424,434,435,-1,424,435,436,-1,435,437,436,-1,436,437,438,-1,436,438,427,-1,427,438,439,-1,427,439,426,-1,440,441,420,-1,420,441,442,-1,420,442,421,-1,440,443,441,-1,441,443,407,-1,441,407,433,-1,433,407,405,-1,433,405,403,-1,444,445,446,-1,447,448,449,-1,280,279,450,-1,451,282,281,-1,452,282,453,-1,453,282,451,-1,453,451,454,-1,454,451,455,-1,455,451,456,-1,455,456,457,-1,279,278,450,-1,450,278,277,-1,450,277,458,-1,458,277,276,-1,458,276,275,-1,281,280,451,-1,451,280,450,-1,451,450,456,-1,456,450,458,-1,456,458,459,-1,459,458,275,-1,275,460,459,-1,459,460,461,-1,459,461,456,-1,456,461,462,-1,456,462,457,-1,457,462,463,-1,464,465,466,-1,466,465,467,-1,466,467,468,-1,469,470,464,-1,464,470,471,-1,464,471,465,-1,472,469,473,-1,473,469,464,-1,473,464,474,-1,475,472,476,-1,476,472,473,-1,476,473,477,-1,477,473,474,-1,477,474,478,-1,479,293,294,-1,289,448,290,-1,290,448,447,-1,290,447,291,-1,480,481,482,-1,482,481,479,-1,482,479,483,-1,483,479,294,-1,484,485,481,-1,481,485,486,-1,481,486,479,-1,479,486,292,-1,479,292,293,-1,467,487,468,-1,468,487,488,-1,468,488,480,-1,480,488,489,-1,480,489,481,-1,481,489,490,-1,481,490,484,-1,286,445,287,-1,287,445,444,-1,287,444,288,-1,285,284,452,-1,452,284,283,-1,452,283,282,-1,289,288,448,-1,448,288,444,-1,448,444,449,-1,449,444,446,-1,449,446,491,-1,491,446,492,-1,491,492,493,-1,493,492,494,-1,493,494,495,-1,495,494,496,-1,495,496,497,-1,497,496,498,-1,497,498,499,-1,499,498,500,-1,499,500,501,-1,272,271,460,-1,460,271,270,-1,502,462,503,-1,503,462,461,-1,503,461,504,-1,504,461,460,-1,504,460,505,-1,505,460,270,-1,505,270,269,-1,266,272,273,-1,273,272,460,-1,273,460,274,-1,274,460,275,-1,294,291,483,-1,483,291,447,-1,483,447,482,-1,482,447,449,-1,482,449,480,-1,480,449,491,-1,480,491,468,-1,468,491,493,-1,468,493,466,-1,466,493,495,-1,466,495,464,-1,464,495,497,-1,464,497,474,-1,474,497,499,-1,474,499,478,-1,478,499,501,-1,502,501,462,-1,462,501,500,-1,462,500,463,-1,463,500,498,-1,463,498,457,-1,457,498,496,-1,457,496,455,-1,455,496,494,-1,455,494,454,-1,454,494,492,-1,454,492,453,-1,453,492,446,-1,453,446,452,-1,452,446,445,-1,452,445,285,-1,285,445,286,-1,506,507,508,-1,508,507,509,-1,508,509,510,-1,510,509,511,-1,510,511,512,-1,511,513,512,-1,512,513,269,-1,512,269,268,-1,514,515,516,-1,517,518,519,-1,360,356,520,-1,361,357,521,-1,364,363,522,-1,364,522,365,-1,523,366,365,-1,524,525,526,-1,526,525,358,-1,526,358,359,-1,360,520,359,-1,359,520,526,-1,526,520,527,-1,526,527,524,-1,528,529,530,-1,530,529,531,-1,530,531,532,-1,532,531,533,-1,532,533,521,-1,521,533,362,-1,521,362,361,-1,534,527,535,-1,535,527,520,-1,535,520,536,-1,536,520,356,-1,536,356,352,-1,537,538,517,-1,539,540,537,-1,537,540,541,-1,537,541,538,-1,542,543,544,-1,517,538,518,-1,518,538,544,-1,518,544,514,-1,514,544,543,-1,514,543,515,-1,541,545,538,-1,538,545,546,-1,538,546,544,-1,544,546,547,-1,544,547,542,-1,548,549,550,-1,550,549,551,-1,550,551,552,-1,552,551,553,-1,552,553,554,-1,555,265,556,-1,556,265,264,-1,556,264,262,-1,267,265,557,-1,557,265,555,-1,557,555,558,-1,558,555,556,-1,558,556,559,-1,560,561,562,-1,562,561,528,-1,562,528,563,-1,563,528,530,-1,563,530,564,-1,564,530,532,-1,564,532,524,-1,524,532,521,-1,524,521,525,-1,525,521,357,-1,525,357,358,-1,262,263,376,-1,365,522,523,-1,523,522,565,-1,523,565,566,-1,371,370,567,-1,567,370,369,-1,567,369,566,-1,566,369,368,-1,566,368,523,-1,523,368,367,-1,523,367,366,-1,559,568,567,-1,262,376,556,-1,556,376,375,-1,556,375,559,-1,559,375,374,-1,559,374,568,-1,568,374,373,-1,568,373,567,-1,567,373,372,-1,567,372,371,-1,554,519,552,-1,552,519,518,-1,552,518,550,-1,550,518,514,-1,550,514,548,-1,548,514,516,-1,569,539,570,-1,570,539,537,-1,570,537,571,-1,571,537,517,-1,571,517,572,-1,572,517,519,-1,572,519,573,-1,573,519,554,-1,574,575,557,-1,557,575,268,-1,557,268,267,-1,534,576,527,-1,527,576,569,-1,527,569,524,-1,524,569,570,-1,524,570,564,-1,564,570,571,-1,564,571,563,-1,563,571,572,-1,563,572,562,-1,562,572,573,-1,562,573,560,-1,560,573,554,-1,560,554,577,-1,577,554,553,-1,577,553,574,-1,574,557,577,-1,577,557,558,-1,577,558,560,-1,560,558,559,-1,560,559,561,-1,561,559,567,-1,561,567,528,-1,528,567,566,-1,528,566,529,-1,529,566,565,-1,529,565,531,-1,531,565,522,-1,531,522,533,-1,533,522,363,-1,533,363,362,-1,302,301,411,-1,411,301,578,-1,578,579,411,-1,411,579,580,-1,411,580,412,-1,412,580,581,-1,412,581,413,-1,581,582,413,-1,413,582,583,-1,413,583,414,-1,414,583,584,-1,414,584,415,-1,584,585,415,-1,415,585,586,-1,415,586,416,-1,586,587,416,-1,416,587,588,-1,416,588,417,-1,417,588,589,-1,417,589,418,-1,418,589,590,-1,418,590,419,-1,590,591,419,-1,419,591,592,-1,419,592,430,-1,430,592,593,-1,430,593,431,-1,593,594,431,-1,431,594,595,-1,431,595,432,-1,432,595,596,-1,432,596,433,-1,301,303,597,-1,597,303,598,-1,597,598,599,-1,600,601,602,-1,602,601,603,-1,602,603,598,-1,598,603,604,-1,598,604,599,-1,605,606,607,-1,607,606,608,-1,607,608,600,-1,600,608,609,-1,600,609,601,-1,610,611,612,-1,612,611,613,-1,612,613,605,-1,605,613,614,-1,605,614,606,-1,615,616,617,-1,617,616,618,-1,617,618,619,-1,619,618,620,-1,619,620,621,-1,621,620,622,-1,621,622,623,-1,623,622,624,-1,623,624,625,-1,625,624,626,-1,625,626,610,-1,610,626,627,-1,610,627,611,-1,628,629,630,-1,617,631,615,-1,615,631,632,-1,632,631,633,-1,633,631,634,-1,633,634,635,-1,635,634,636,-1,636,634,637,-1,636,637,638,-1,638,637,639,-1,638,639,640,-1,640,639,641,-1,641,639,642,-1,641,642,643,-1,643,642,644,-1,644,642,630,-1,644,630,645,-1,645,630,629,-1,645,629,507,-1,646,647,648,-1,648,647,628,-1,469,472,649,-1,649,472,475,-1,649,475,646,-1,465,471,650,-1,650,471,470,-1,650,470,469,-1,488,487,651,-1,651,487,467,-1,651,467,465,-1,490,489,652,-1,652,489,488,-1,652,299,300,-1,292,486,300,-1,300,486,485,-1,300,485,652,-1,652,485,484,-1,652,484,490,-1,299,652,297,-1,297,652,653,-1,297,653,313,-1,313,653,314,-1,314,653,654,-1,314,654,316,-1,655,311,323,-1,655,323,656,-1,323,322,656,-1,656,322,320,-1,656,320,654,-1,654,320,318,-1,654,318,316,-1,311,655,309,-1,309,655,657,-1,309,657,307,-1,657,602,598,-1,307,657,305,-1,305,657,598,-1,305,598,303,-1,658,607,600,-1,488,651,652,-1,652,651,659,-1,652,659,653,-1,653,659,660,-1,653,660,654,-1,654,660,661,-1,654,661,656,-1,656,661,662,-1,656,662,655,-1,655,662,658,-1,655,658,657,-1,657,658,600,-1,657,600,602,-1,663,612,605,-1,465,650,651,-1,651,650,664,-1,651,664,659,-1,659,664,665,-1,659,665,660,-1,660,665,666,-1,660,666,661,-1,661,666,667,-1,661,667,662,-1,662,667,663,-1,662,663,658,-1,658,663,605,-1,658,605,607,-1,469,649,650,-1,650,649,668,-1,650,668,664,-1,664,668,669,-1,664,669,665,-1,665,669,670,-1,665,670,666,-1,666,670,671,-1,666,671,667,-1,667,671,672,-1,667,672,663,-1,663,672,610,-1,663,610,612,-1,646,648,649,-1,649,648,673,-1,649,673,668,-1,668,673,674,-1,668,674,669,-1,669,674,675,-1,669,675,670,-1,670,675,676,-1,670,676,671,-1,671,676,677,-1,671,677,672,-1,619,621,677,-1,677,621,623,-1,677,623,672,-1,672,623,625,-1,672,625,610,-1,628,630,648,-1,648,630,642,-1,648,642,673,-1,673,642,639,-1,673,639,674,-1,674,639,637,-1,674,637,675,-1,675,637,634,-1,675,634,676,-1,676,634,631,-1,676,631,677,-1,677,631,617,-1,677,617,619,-1,441,678,442,-1,442,678,679,-1,442,679,421,-1,679,680,421,-1,421,680,681,-1,421,681,423,-1,423,681,682,-1,423,682,434,-1,434,682,435,-1,682,683,435,-1,435,683,684,-1,435,684,437,-1,437,684,685,-1,437,685,438,-1,686,426,687,-1,687,426,439,-1,687,439,688,-1,688,439,438,-1,688,438,689,-1,689,438,685,-1,686,690,426,-1,426,690,691,-1,426,691,425,-1,425,691,692,-1,425,692,428,-1,692,693,428,-1,428,693,694,-1,428,694,429,-1,429,694,695,-1,429,695,696,-1,347,346,697,-1,697,346,429,-1,697,429,698,-1,698,429,696,-1,699,700,701,-1,701,700,702,-1,701,702,703,-1,703,702,704,-1,703,704,705,-1,705,704,706,-1,705,706,707,-1,707,706,708,-1,707,708,709,-1,709,708,710,-1,711,712,713,-1,713,712,714,-1,713,714,715,-1,715,714,716,-1,715,716,717,-1,717,716,718,-1,717,718,699,-1,699,718,719,-1,699,719,700,-1,720,721,722,-1,722,721,723,-1,722,723,724,-1,724,723,725,-1,724,725,726,-1,726,725,727,-1,726,727,711,-1,711,727,728,-1,711,728,712,-1,720,722,729,-1,729,722,348,-1,729,348,347,-1,722,724,730,-1,730,724,726,-1,731,732,733,-1,536,352,353,-1,569,576,734,-1,734,576,534,-1,734,534,535,-1,545,541,735,-1,541,540,735,-1,735,540,539,-1,735,539,569,-1,543,542,736,-1,542,547,736,-1,736,547,546,-1,736,546,545,-1,732,516,737,-1,737,516,515,-1,737,515,543,-1,738,739,731,-1,506,739,740,-1,740,739,738,-1,740,738,741,-1,741,738,742,-1,741,742,743,-1,743,742,744,-1,744,742,745,-1,744,745,746,-1,746,745,747,-1,746,747,748,-1,748,747,749,-1,749,747,750,-1,749,750,751,-1,752,705,707,-1,751,750,753,-1,753,750,752,-1,753,752,754,-1,754,752,707,-1,754,707,709,-1,755,701,703,-1,731,733,738,-1,738,733,756,-1,738,756,742,-1,742,756,757,-1,742,757,745,-1,745,757,758,-1,745,758,747,-1,747,758,759,-1,747,759,750,-1,750,759,755,-1,750,755,752,-1,752,755,703,-1,752,703,705,-1,760,717,699,-1,732,737,733,-1,733,737,761,-1,733,761,756,-1,756,761,762,-1,756,762,757,-1,757,762,763,-1,757,763,758,-1,758,763,764,-1,758,764,759,-1,759,764,760,-1,759,760,755,-1,755,760,699,-1,755,699,701,-1,765,713,715,-1,543,736,737,-1,737,736,766,-1,737,766,761,-1,761,766,767,-1,761,767,762,-1,762,767,768,-1,762,768,763,-1,763,768,769,-1,763,769,764,-1,764,769,765,-1,764,765,760,-1,760,765,715,-1,760,715,717,-1,545,735,736,-1,736,735,770,-1,736,770,766,-1,766,770,771,-1,766,771,767,-1,767,771,772,-1,767,772,768,-1,768,772,773,-1,768,773,769,-1,769,773,774,-1,769,774,765,-1,765,774,711,-1,765,711,713,-1,569,734,735,-1,735,734,775,-1,735,775,770,-1,770,775,776,-1,770,776,771,-1,771,776,777,-1,771,777,772,-1,772,777,778,-1,772,778,773,-1,773,778,730,-1,773,730,774,-1,774,730,726,-1,774,726,711,-1,348,722,349,-1,349,722,730,-1,349,730,355,-1,355,730,778,-1,355,778,354,-1,354,778,777,-1,354,777,350,-1,350,777,776,-1,350,776,351,-1,351,776,775,-1,351,775,353,-1,353,775,734,-1,353,734,536,-1,536,734,535,-1,443,440,779,-1,779,440,780,-1,420,781,440,-1,440,781,782,-1,440,782,780,-1,422,783,420,-1,420,783,784,-1,420,784,781,-1,424,785,422,-1,422,785,786,-1,422,786,783,-1,436,787,424,-1,424,787,788,-1,424,788,785,-1,383,381,427,-1,427,381,789,-1,427,789,436,-1,436,789,790,-1,436,790,787,-1,383,427,384,-1,384,427,378,-1,384,378,377,-1,385,399,381,-1,381,399,401,-1,380,395,381,-1,381,395,393,-1,381,393,391,-1,391,389,381,-1,381,389,386,-1,381,386,385,-1,408,784,406,-1,406,784,404,-1,782,781,780,-1,780,781,784,-1,780,784,779,-1,779,784,408,-1,784,783,404,-1,404,783,786,-1,404,786,785,-1,785,788,404,-1,404,788,787,-1,404,787,790,-1,401,402,381,-1,381,402,404,-1,381,404,789,-1,789,404,790,-1,779,408,443,-1,443,408,407,-1,791,792,433,-1,433,792,678,-1,433,678,441,-1,791,433,793,-1,793,433,596,-1,793,596,794,-1,795,796,797,-1,794,798,793,-1,793,798,795,-1,793,795,799,-1,799,795,797,-1,709,615,754,-1,754,615,632,-1,754,632,753,-1,753,632,633,-1,753,633,751,-1,751,633,635,-1,751,635,749,-1,749,635,636,-1,749,636,748,-1,748,636,638,-1,748,638,746,-1,746,638,640,-1,746,640,744,-1,744,640,641,-1,744,641,743,-1,743,641,643,-1,743,643,741,-1,741,643,644,-1,741,644,740,-1,740,644,645,-1,740,645,506,-1,506,645,507,-1,800,801,802,-1,579,578,803,-1,581,580,804,-1,588,587,805,-1,805,587,806,-1,805,806,807,-1,807,806,808,-1,581,809,582,-1,582,809,810,-1,582,810,583,-1,583,810,811,-1,583,811,584,-1,584,811,812,-1,584,812,585,-1,585,812,586,-1,809,813,810,-1,810,813,814,-1,810,814,811,-1,811,814,808,-1,811,808,812,-1,812,808,806,-1,812,806,586,-1,586,806,587,-1,581,804,809,-1,809,804,815,-1,809,815,813,-1,813,815,816,-1,813,816,814,-1,601,817,603,-1,603,817,604,-1,604,817,599,-1,599,817,803,-1,599,803,597,-1,597,803,578,-1,597,578,301,-1,801,800,818,-1,608,819,820,-1,820,819,821,-1,820,821,822,-1,822,821,823,-1,822,823,824,-1,824,823,825,-1,826,827,828,-1,819,826,802,-1,802,826,828,-1,802,828,800,-1,800,828,829,-1,819,802,821,-1,821,802,801,-1,821,801,823,-1,823,801,818,-1,823,818,825,-1,825,818,830,-1,825,830,831,-1,831,830,832,-1,831,832,833,-1,796,795,834,-1,834,795,798,-1,834,798,794,-1,794,596,595,-1,592,591,835,-1,835,591,590,-1,835,590,836,-1,836,590,589,-1,794,595,834,-1,834,595,594,-1,834,594,832,-1,832,594,593,-1,832,593,833,-1,608,606,819,-1,819,606,614,-1,819,614,826,-1,826,614,613,-1,826,613,827,-1,827,613,611,-1,827,611,627,-1,829,828,837,-1,837,828,827,-1,837,827,838,-1,838,827,627,-1,838,627,626,-1,609,816,601,-1,601,816,815,-1,601,815,817,-1,817,815,804,-1,817,804,803,-1,803,804,580,-1,803,580,579,-1,829,839,800,-1,800,839,840,-1,800,840,818,-1,818,840,841,-1,818,841,830,-1,830,841,842,-1,830,842,832,-1,832,842,843,-1,832,843,834,-1,834,843,844,-1,834,844,796,-1,816,845,814,-1,814,845,846,-1,814,846,808,-1,808,846,847,-1,808,847,807,-1,807,847,835,-1,807,835,805,-1,805,835,836,-1,805,836,588,-1,588,836,589,-1,593,592,833,-1,833,592,835,-1,833,835,831,-1,831,835,847,-1,831,847,825,-1,825,847,846,-1,825,846,824,-1,824,846,845,-1,824,845,822,-1,822,845,816,-1,822,816,820,-1,820,816,609,-1,820,609,608,-1,616,615,710,-1,710,615,709,-1,848,729,347,-1,799,797,849,-1,850,851,852,-1,853,854,855,-1,855,854,851,-1,791,793,853,-1,729,848,720,-1,727,725,856,-1,857,858,859,-1,860,861,862,-1,860,862,863,-1,863,862,864,-1,863,864,865,-1,700,719,866,-1,866,719,867,-1,866,867,868,-1,869,865,870,-1,870,865,864,-1,870,864,871,-1,871,864,862,-1,871,862,872,-1,872,862,861,-1,872,861,868,-1,873,858,874,-1,874,858,857,-1,874,857,875,-1,868,867,872,-1,872,867,875,-1,872,875,871,-1,871,875,857,-1,871,857,870,-1,870,857,859,-1,870,859,869,-1,876,877,878,-1,879,856,880,-1,881,882,848,-1,848,882,883,-1,720,848,721,-1,721,848,883,-1,721,883,723,-1,881,880,882,-1,882,880,856,-1,882,856,883,-1,883,856,725,-1,883,725,723,-1,693,878,884,-1,884,878,877,-1,884,877,885,-1,678,792,679,-1,679,792,886,-1,679,886,680,-1,680,886,681,-1,682,855,683,-1,683,855,851,-1,683,851,684,-1,684,851,850,-1,684,850,685,-1,682,681,855,-1,855,681,886,-1,855,886,853,-1,853,886,792,-1,853,792,791,-1,854,887,851,-1,851,887,888,-1,851,888,852,-1,852,888,889,-1,852,889,876,-1,876,889,879,-1,876,879,877,-1,877,879,880,-1,877,880,885,-1,885,880,881,-1,890,891,892,-1,892,891,887,-1,892,887,893,-1,893,887,854,-1,893,854,849,-1,849,854,853,-1,849,853,799,-1,799,853,793,-1,347,697,848,-1,848,697,698,-1,848,698,881,-1,881,698,696,-1,881,696,885,-1,885,696,695,-1,885,695,884,-1,884,695,694,-1,884,694,693,-1,719,718,867,-1,867,718,716,-1,867,716,875,-1,875,716,714,-1,875,714,874,-1,874,714,712,-1,874,712,873,-1,873,712,728,-1,873,728,727,-1,688,689,894,-1,692,691,895,-1,895,691,690,-1,895,690,896,-1,896,690,686,-1,896,686,894,-1,894,686,687,-1,894,687,688,-1,693,692,878,-1,878,692,895,-1,878,895,876,-1,876,895,896,-1,876,896,852,-1,852,896,894,-1,852,894,850,-1,850,894,689,-1,850,689,685,-1,727,856,873,-1,873,856,879,-1,873,879,858,-1,858,879,889,-1,858,889,859,-1,859,889,888,-1,859,888,869,-1,869,888,887,-1,869,887,865,-1,865,887,891,-1,865,891,863,-1,863,891,890,-1,863,890,860,-1,897,616,710,-1,710,898,897,-1,897,898,899,-1,897,899,900,-1,900,899,901,-1,900,901,902,-1,902,901,903,-1,902,903,904,-1,904,903,797,-1,904,797,796,-1,
        ]
    }
}