#VRML V2.0 utf8
# 3D model generated by easyeda2kicad.py (https://github.com/uPesy/easyeda2kicad.py)

Shape{
    appearance Appearance {
        material  Material 	{
            diffuseColor 0.7529411764705882 0.7529411764705882 0.7529411764705882
            specularColor 0.3764705882352941 0.3764705882352941 0.3764705882352941
            ambientIntensity 0.7529
            transparency 0.0
            shininess 0.5
        }
    }
    geometry IndexedFaceSet {
        ccw TRUE
        solid FALSE
        coord DEF co Coordinate {
            point [
                -1.0119 -1.3553 0.9882, -1.0119 -0.0002 0.9882, -1.0167 -0.0002 0.9882, -0.9245 -1.5634 0.9882, -0.9273 -1.5637 0.9882, -0.9075 -1.5637 0.9882, -1.1632 -1.4183 0.9882, -1.1478 -1.4314 0.9882, -1.0938 -1.3553 0.9882, -1.0938 -1.4367 0.9882, -1.239 -1.347 0.9882, -1.2267 -1.3553 0.9882, -1.2136 -1.3641 0.9882, -1.1948 -1.3859 0.9882, -1.1829 -1.409 0.9882, -1.1802 -1.41 0.9882, -1.3455 -1.348 0.9882, -1.3192 -1.3379 0.9882, -1.5471 -0.0002 0.9882, -1.0938 -0.0002 0.9882, -1.2911 -1.3345 0.9882, -1.2676 -1.3369 0.9882, -1.5471 -1.3553 0.9882, -1.42 -1.3833 0.9882, -1.3975 -1.3806 0.9882, -1.5471 -1.4367 0.9882, -1.4817 -1.4367 0.9882, -1.4767 -1.4255 0.9882, -1.463 -1.4079 0.9882, -1.3571 -1.3553 0.9882, -1.3594 -1.3567 0.9882, -1.3728 -1.3681 0.9882, -1.391 -1.3809 0.9882, -1.3844 -1.3817 0.9882, -1.4592 -1.4043 0.9882, -1.4411 -1.3915 0.9882, -1.4203 -1.5622 0.9882, -1.4275 -1.56 0.9882, -1.5471 -1.5637 0.9882, -1.4481 -1.55 0.9882, -1.4658 -1.5348 0.9882, -1.4788 -1.5163 0.9882, -1.487 -1.4951 0.9882, -1.5471 -1.4602 0.9882, -1.4897 -1.4728 0.9882, -1.4896 -1.4674 0.9882, -1.4883 -1.4602 0.9882, -1.4858 -1.446 0.9882, -1.3949 -1.5932 0.9882, -1.4061 -1.5849 0.9882, -1.5471 -1.5954 0.9882, -1.4146 -1.5744 0.9882, -1.4196 -1.5637 0.9882, -1.3662 -1.6009 0.9882, -1.5471 -1.7717 0.9882, -1.3524 -1.5992 0.9882, -1.0938 -1.7717 0.9882, -1.3426 -1.5954 0.9882, -1.3684 -1.6008 0.9882, -1.3818 -1.5988 0.9882, -1.3898 -1.5954 0.9882, -1.3129 -1.5637 0.9882, -1.313 -1.564 0.9882, -1.0938 -1.5954 0.9882, -1.3197 -1.5767 0.9882, -1.3284 -1.5864 0.9882, -1.3397 -1.5943 0.9882, -1.1292 -1.465 0.9882, -1.1265 -1.4836 0.9882, -1.0938 -1.4602 0.9882, -1.2402 -1.5301 0.9882, -1.2363 -1.5286 0.9882, -1.2296 -1.4961 0.9882, -1.1476 -1.5377 0.9882, -1.1631 -1.5508 0.9882, -1.0938 -1.5637 0.9882, -1.3235 -1.5058 0.9882, -1.2472 -1.466 0.9882, -1.3335 -1.4967 0.9882, -1.3456 -1.4903 0.9882, -1.2437 -1.5326 0.9882, -1.1363 -1.5219 0.9882, -1.1291 -1.5039 0.9882, -1.2319 -1.528 0.9882, -1.2313 -1.528 0.9882, -1.2296 -1.5284 0.9882, -1.4491 -1.4945 0.9882, -1.4424 -1.5059 0.9882, -1.4135 -1.5118 0.9882, -1.4322 -1.5164 0.9882, -1.4197 -1.524 0.9882, -1.3924 -1.493 0.9882, -1.4525 -1.4602 0.9882, -1.4041 -1.5011 0.9882, -1.4539 -1.4716 0.9882, -1.4532 -1.4805 0.9882, -1.3798 -1.4881 0.9882, -1.3662 -1.4865 0.9882, -1.3593 -1.4869 0.9882, -1.2495 -1.5457 0.9882, -1.2494 -1.5434 0.9882, -1.3093 -1.5383 0.9882, -1.2482 -1.5391 0.9882, -1.246 -1.5352 0.9882, -1.1734 -1.5143 0.9882, -1.1671 -1.5054 0.9882, -1.1632 -1.4953 0.9882, -1.1618 -1.4842 0.9882, -1.1622 -1.4787 0.9882, -1.2362 -1.5628 0.9882, -1.24 -1.5613 0.9882, -1.2437 -1.5587 0.9882, -1.245 -1.5573 0.9882, -1.2475 -1.5538 0.9882, -1.249 -1.5499 0.9882, -1.3096 -1.55 0.9882, -1.3093 -1.5439 0.9882, -1.1804 -1.5593 0.9882, -1.1994 -1.5633 0.9882, -1.233 -1.5633 0.9882, -1.2284 -1.5286 0.9882, -1.2028 -1.5286 0.9882, -1.1925 -1.5266 0.9882, -1.1825 -1.5219 0.9882, -1.1741 -1.515 0.9882, -1.2062 -1.4398 0.9882, -1.2108 -1.4398 0.9882, -1.1692 -1.4602 0.9882, -1.197 -1.4407 0.9882, -1.165 -1.4678 0.9882, -1.4522 -1.4578 0.9882, -1.4473 -1.4451 0.9882, -1.1704 -1.458 0.9882, -1.1779 -1.45 0.9882, -1.187 -1.4442 0.9882, -1.2231 -1.4055 0.9882, -1.236 -1.3901 0.9882, -1.3668 -1.4233 0.9882, -1.2373 -1.3889 0.9882, -1.2533 -1.3778 0.9882, -1.3581 -1.4052 0.9882, -1.4414 -1.4367 0.9882, -1.3707 -1.4211 0.9882, -1.2115 -1.4367 0.9882, -1.2143 -1.4238 0.9882, -1.3835 -1.4164 0.9882, -1.397 -1.4147 0.9882, -1.403 -1.415 0.9882, -1.3453 -1.39 0.9882, -1.2712 -1.371 0.9882, -1.3301 -1.3789 0.9882, -1.2905 -1.3686 0.9882, -1.3115 -1.3713 0.9882, -1.417 -1.4184 0.9882, -1.4297 -1.4252 0.9882, -1.4394 -1.4338 0.9882, -1.144 -1.4367 0.9882, -1.1361 -1.4476 0.9882, -1.1311 -1.4602 0.9882, -0.7592 -1.4141 0.9882, -0.7886 -1.4141 0.9882, -0.751 -1.436 0.9882, -0.7886 -1.4367 0.9882, -0.7396 -1.436 0.9882, 1.7717 -1.4367 0.9882, 1.7717 -1.3553 0.9882, -0.7701 -1.3559 0.9882, -0.7886 -1.3553 0.9882, -0.7926 -1.4141 0.9882, -0.8002 -1.436 0.9882, -0.8139 -1.4367 0.9882, -0.8117 -1.436 0.9882, -0.8139 -1.3553 0.9882, -0.7886 -1.3754 0.9882, -0.7812 -1.3559 0.9882, -0.9075 -1.3999 0.9882, -0.9292 -1.3999 0.9882, -0.9075 -1.4269 0.9882, -0.9292 -1.4269 0.9882, -0.8889 -1.3553 0.9882, -0.9075 -1.3553 0.9882, -0.8982 -1.3559 0.9882, -0.9075 -1.3559 0.9882, -0.9005 -1.3999 0.9882, -0.8964 -1.4269 0.9882, -0.9005 -1.3908 0.9882, -0.8982 -1.3651 0.9882, -0.9075 -1.3908 0.9882, -0.9075 -1.3651 0.9882, -0.9292 -1.3651 0.9882, -0.9292 -1.3908 0.9882, -0.9395 -1.436 0.9882, -0.9441 -1.4367 0.9882, -0.9075 -1.4367 0.9882, -0.8889 -1.4367 0.9882, -0.8964 -1.436 0.9882, -0.9075 -1.436 0.9882, -0.9395 -1.3559 0.9882, -0.9441 -1.3553 0.9882, -0.9663 -1.3553 0.9882, -0.9633 -1.3555 0.9882, -0.9555 -1.3579 0.9882, -0.9555 -1.3687 0.9882, -0.9555 -1.4228 0.9882, -0.9555 -1.4327 0.9882, -0.9569 -1.4334 0.9882, -0.9655 -1.4362 0.9882, -0.9706 -1.4367 0.9882, -0.972 -1.428 0.9882, -0.963 -1.4262 0.9882, -1.0046 -1.3976 0.9882, -1.0046 -1.3969 0.9882, -0.9974 -1.3742 0.9882, -1.0011 -1.3799 0.9882, -1.0036 -1.3872 0.9882, -0.957 -1.3679 0.9882, -0.9653 -1.3649 0.9882, -0.9952 -1.4212 0.9882, -0.99 -1.4249 0.9882, -0.9744 -1.3639 0.9882, -0.9779 -1.3641 0.9882, -0.9848 -1.3655 0.9882, -0.9968 -1.4197 0.9882, -1.0034 -1.4074 0.9882, -1.0008 -1.414 0.9882, -0.9843 -1.4272 0.9882, -0.9762 -1.4281 0.9882, -0.9911 -1.3685 0.9882, -0.9962 -1.3728 0.9882, -1.0119 -1.379 0.9882, -1.0093 -1.3733 0.9882, -0.993 -1.3585 0.9882, -0.9844 -1.3556 0.9882, -0.9811 -1.3553 0.9882, -0.9745 -1.3546 0.9882, -0.9441 -0.0002 0.9882, -0.9737 -1.3546 0.9882, -1.0039 -1.3664 0.9882, -1.001 -1.3637 0.9882, -1.0153 -1.3924 0.9882, -1.0133 -1.3821 0.9882, -1.0167 -1.3553 0.9882, -1.0119 -1.4157 0.9882, -1.0139 -1.4103 0.9882, -1.0167 -1.4367 0.9882, -1.0155 -1.3975 0.9882, -0.9914 -1.4353 0.9882, -0.9989 -1.4317 0.9882, -1.0119 -1.4367 0.9882, -1.0052 -1.4264 0.9882, -1.006 -1.4256 0.9882, -1.0107 -1.4187 0.9882, -0.9847 -1.4367 0.9882, -1.0119 -1.4602 0.9882, -0.9827 -1.4371 0.9882, -0.9777 -1.4374 0.9882, -0.9441 -1.4602 0.9882, -1.5334 1.599 0.9882, -1.4992 1.6132 0.9882, -1.5471 1.7717 0.9882, -1.4624 1.618 0.9882, -1.0938 1.7717 0.9882, -1.4257 1.6132 0.9882, -1.3914 1.599 0.9882, -1.362 1.5765 0.9882, -1.3395 1.5471 0.9882, -1.3253 1.5128 0.9882, -1.3205 1.4761 0.9882, -1.4992 1.339 0.9882, -1.5334 1.3531 0.9882, -1.362 1.3757 0.9882, -1.3395 1.4051 0.9882, -1.3253 1.4393 0.9882, -1.3914 1.3531 0.9882, -1.4257 1.339 0.9882, -1.4624 1.3341 0.9882, -1.5995 1.5128 0.9882, -1.5854 1.5471 0.9882, -1.7717 1.7717 0.9882, -1.5628 1.5765 0.9882, -1.5471 1.5885 0.9882, -1.7717 -0.0002 0.9882, -1.5995 1.4393 0.9882, -1.6044 1.4761 0.9882, -1.5471 1.3636 0.9882, -1.5628 1.3757 0.9882, -1.5854 1.4051 0.9882, -0.8185 -1.41 0.9882, -0.8226 -1.4182 0.9882, -0.8446 -1.3553 0.9882, -0.8446 -1.3578 0.9882, -0.8356 -1.3613 0.9882, -0.8282 -1.3665 0.9882, -0.8246 -1.3702 0.9882, -0.8198 -1.3774 0.9882, -0.8446 -1.4339 0.9882, -0.8446 -1.4367 0.9882, -0.8367 -1.4309 0.9882, -0.8282 -1.4248 0.9882, -0.829 -1.4255 0.9882, -0.8171 -1.3853 0.9882, -0.8161 -1.3949 0.9882, -0.8164 -1.4007 0.9882, -0.8585 -1.3559 0.9882, -0.8451 -1.3576 0.9882, -0.8459 -1.4344 0.9882, -0.8593 -1.436 0.9882, -0.8813 -1.436 0.9882, -0.8813 -1.3559 0.9882, -0.9809 -1.5623 0.9882, -0.9847 -1.5637 0.9882, -0.9724 -1.563 0.9882, -1.0046 -1.5362 0.9882, -1.0027 -1.5196 0.9882, -1.0066 -1.5394 0.9882, -1.0079 -1.5431 0.9882, -0.9806 -1.513 0.9882, -0.984 -1.5127 0.9882, -0.9893 -1.5291 0.9882, -0.9774 -1.56 0.9882, -0.9962 -1.5637 0.9882, -1.0 -1.5622 0.9882, -1.0119 -1.5637 0.9882, -1.0017 -1.5334 0.9882, -0.9976 -1.5312 0.9882, -0.9958 -1.5152 0.9882, -0.9895 -1.5132 0.9882, -1.0034 -1.5599 0.9882, -1.0045 -1.5587 0.9882, -1.0066 -1.5557 0.9882, -0.9922 -1.5055 0.9882, -0.9998 -1.5082 0.9882, -1.0027 -1.5099 0.9882, -0.9724 -1.5542 0.9882, -0.9726 -1.5542 0.9882, -0.9742 -1.5566 0.9882, -1.0078 -1.5523 0.9882, -1.0083 -1.5477 0.9882, -0.9459 -1.5303 0.9882, -0.9472 -1.5282 0.9882, -0.9624 -1.5262 0.9882, -0.9483 -1.5252 0.9882, -0.9633 -1.5177 0.9882, -0.9487 -1.5213 0.9882, -0.9724 -1.5267 0.9882, -0.9727 -1.5222 0.9882, -0.9738 -1.5187 0.9882, -0.9749 -1.5166 0.9882, -0.9442 -1.532 0.9882, -0.9488 -1.5507 0.9882, -0.9441 -1.5321 0.9882, -0.9448 -1.5531 0.9882, -0.9441 -1.5534 0.9882, -0.983 -1.5045 0.9882, -0.983 -1.5045 0.9882, -0.9759 -1.5053 0.9882, -0.972 -1.5067 0.9882, -0.9688 -1.5088 0.9882, -0.9452 -1.5117 0.9882, -0.9765 -1.515 0.9882, -0.9782 -1.5138 0.9882, -0.9483 -1.5177 0.9882, -0.9471 -1.5145 0.9882, -0.965 -1.5135 0.9882, -0.9671 -1.5104 0.9882, -0.985 -1.5638 0.9882, -0.9441 -1.5954 0.9882, -1.0119 -1.5954 0.9882, -0.9902 -1.5644 0.9882, -0.996 -1.5637 0.9882, -0.9488 -1.561 0.9882, -0.9624 -1.563 0.9882, -0.9441 -1.5626 0.9882, -0.9441 -1.5637 0.9882, -0.9416 -1.5635 0.9882, -0.9399 -1.5637 0.9882, -0.9332 -1.5644 0.9882, -0.9075 -1.5954 0.9882, -0.9129 -1.5071 0.9882, -0.9129 -1.5168 0.9882, -0.9423 -1.5091 0.9882, -0.9399 -1.5076 0.9882, -0.9441 -1.5107 0.9882, -0.9106 -1.5515 0.9882, -0.9118 -1.5547 0.9882, -0.9137 -1.5573 0.9882, -0.9346 -1.5055 0.9882, -0.9264 -1.5045 0.9882, -0.9075 -1.4602 0.9882, -0.9205 -1.505 0.9882, -0.9135 -1.538 0.9882, -0.9116 -1.5408 0.9882, -0.9106 -1.5437 0.9882, -0.9101 -1.5475 0.9882, -0.9166 -1.5598 0.9882, -0.9191 -1.5614 0.9882, -0.9274 -1.5127 0.9882, -0.9304 -1.5129 0.9882, -0.9384 -1.5204 0.9882, -0.9331 -1.5136 0.9882, -0.9353 -1.5148 0.9882, -0.9383 -1.5217 0.9882, -0.9379 -1.5233 0.9882, -0.9372 -1.5246 0.9882, -0.9362 -1.5257 0.9882, -0.9326 -1.5279 0.9882, -0.9208 -1.5134 0.9882, -0.9264 -1.5306 0.9882, -0.9152 -1.5155 0.9882, -0.9225 -1.5322 0.9882, -0.9159 -1.5359 0.9882, -0.9368 -1.5161 0.9882, -0.9377 -1.5174 0.9882, -0.9382 -1.5188 0.9882, -0.9386 -1.5555 0.9882, -0.9335 -1.5379 0.9882, -0.9395 -1.5352 0.9882, -0.9323 -1.5562 0.9882, -0.9318 -1.5562 0.9882, -0.9269 -1.5407 0.9882, -0.9267 -1.5556 0.9882, -0.9204 -1.5485 0.9882, -0.9205 -1.5472 0.9882, -0.9241 -1.5547 0.9882, -0.9232 -1.5541 0.9882, -0.922 -1.5531 0.9882, -0.9212 -1.5518 0.9882, -0.9206 -1.5504 0.9882, -0.921 -1.5456 0.9882, -0.9218 -1.5443 0.9882, -0.923 -1.543 0.9882, -0.8604 -1.5058 0.9882, -0.85 -1.5058 0.9882, -0.8446 -1.4602 0.9882, -0.8788 -1.5488 0.9882, -0.8775 -1.5535 0.9882, -0.8773 -1.5535 0.9882, -0.8889 -1.4602 0.9882, -0.8889 -1.5198 0.9882, -0.876 -1.5489 0.9882, -0.8768 -1.5516 0.9882, -0.8889 -1.5467 0.9882, -0.9049 -1.5058 0.9882, -0.8937 -1.5058 0.9882, -0.8828 -1.5637 0.9882, -0.8825 -1.5629 0.9882, -0.8889 -1.5769 0.9882, -0.8889 -1.5769 0.9882, -0.8889 -1.5637 0.9882, -0.8869 -1.5733 0.9882, -0.9029 -1.5802 0.9882, -0.9029 -1.5891 0.9882, -0.9008 -1.5809 0.9882, -0.8972 -1.5814 0.9882, -0.8948 -1.5811 0.9882, -0.8889 -1.5882 0.9882, -0.8923 -1.5895 0.9882, -0.8889 -1.5954 0.9882, -0.8964 -1.59 0.9882, -0.8986 -1.5899 0.9882, -0.8926 -1.5803 0.9882, -0.8907 -1.579 0.9882, -0.876 -1.5717 0.9882, -0.8805 -1.5805 0.9882, -0.8446 -1.5954 0.9882, -0.8728 -1.5637 0.9882, -0.8842 -1.5849 0.9882, -0.8849 -1.5855 0.9882, -0.8884 -1.588 0.9882, -0.8139 -1.527 0.9882, -0.8289 -1.527 0.9882, -0.8139 -1.5539 0.9882, -0.8289 -1.5539 0.9882, -0.798 -1.483 0.9882, -0.798 -1.4922 0.9882, -0.7886 -1.4602 0.9882, -0.7962 -1.5539 0.9882, -0.7886 -1.5637 0.9882, -0.7962 -1.563 0.9882, -0.8139 -1.5637 0.9882, -0.8002 -1.527 0.9882, -0.8002 -1.5178 0.9882, -0.8139 -1.5178 0.9882, -0.8139 -1.4922 0.9882, -0.8289 -1.4922 0.9882, -0.8289 -1.5178 0.9882, -0.8139 -1.563 0.9882, -0.8392 -1.563 0.9882, -0.8446 -1.5637 0.9882, -0.8392 -1.483 0.9882, -0.8139 -1.483 0.9882, -0.8139 -1.4602 0.9882, -1.0167 1.7717 0.9882, -1.0119 1.7717 0.9882, -0.9441 1.7717 0.9882, -0.9075 -0.0002 0.9882, -0.9075 1.7717 0.9882, -0.8889 -0.0002 0.9882, -0.8889 1.7717 0.9882, -0.8446 -0.0002 0.9882, -0.8446 1.7717 0.9882, -0.8139 -0.0002 0.9882, -0.8139 1.7717 0.9882, -0.7886 -0.0002 0.9882, -0.7886 1.7717 0.9882, 1.7717 -0.0002 0.9882, 1.7717 1.7717 0.9882, -1.0187 -1.4269 0.9882, -1.0187 -1.436 0.9882, -1.061 -1.436 0.9882, -1.061 -1.3559 0.9882, -1.0506 -1.3559 0.9882, -1.0506 -1.4269 0.9882, -1.0167 -1.4602 0.9882, -0.7 -1.563 0.9882, -0.7114 -1.563 0.9882, -0.781 -1.483 0.9882, -0.781 -1.563 0.9882, -0.759 -1.563 0.9882, -0.7456 -1.5614 0.9882, -0.7364 -1.5579 0.9882, 1.7717 -1.4602 0.9882, -0.6698 -1.483 0.9882, 1.7717 -1.5637 0.9882, -0.6394 -1.563 0.9882, -0.6508 -1.563 0.9882, -0.6589 -1.5411 0.9882, -0.6923 -1.5411 0.9882, -0.6809 -1.483 0.9882, -0.7168 -1.5123 0.9882, -0.7158 -1.522 0.9882, -0.7162 -1.5277 0.9882, -0.7182 -1.537 0.9882, -0.7223 -1.5452 0.9882, -0.7279 -1.5518 0.9882, -0.7287 -1.5525 0.9882, -0.7279 -1.4936 0.9882, -0.7243 -1.4972 0.9882, -0.7196 -1.5044 0.9882, -0.7582 -1.483 0.9882, -0.7449 -1.4846 0.9882, -0.7353 -1.4883 0.9882, -1.0167 -1.5637 0.9882, -1.061 -1.563 0.9882, -1.0179 -1.563 0.9882, -1.0179 -1.5539 0.9882, -1.0197 -1.4922 0.9882, -1.061 -1.483 0.9882, -1.0197 -1.483 0.9882, -1.0506 -1.527 0.9882, -1.0506 -1.5539 0.9882, -1.022 -1.527 0.9882, -1.022 -1.5178 0.9882, -1.0506 -1.5178 0.9882, -1.0506 -1.4922 0.9882, -0.8139 -1.5954 0.9882, -0.7886 -1.5954 0.9882, 1.7717 -1.5954 0.9882, -1.0167 -1.5954 0.9882, -1.0167 -1.7717 0.9882, -1.0119 -1.7717 0.9882, -0.9441 -1.7717 0.9882, -0.9075 -1.7717 0.9882, -0.8889 -1.7717 0.9882, -0.8446 -1.7717 0.9882, -0.8139 -1.7717 0.9882, -0.7886 -1.7717 0.9882, 1.7717 -1.7717 0.9882, -1.7717 -1.3553 0.9882, -1.7717 -1.4367 0.9882, -1.7717 -1.4602 0.9882, -1.7717 -1.5637 0.9882, -1.7717 -1.5954 0.9882, -1.7717 -1.7717 0.9882
            ]
        }
        coordIndex [
            0,1,2,-1,3,4,5,-1,6,7,8,-1,8,7,9,-1,10,11,8,-1,8,11,12,-1,8,12,13,-1,13,14,8,-1,8,14,15,-1,8,15,6,-1,16,17,18,-1,18,17,19,-1,19,17,20,-1,19,20,21,-1,22,23,24,-1,25,26,22,-1,22,26,27,-1,22,27,28,-1,16,18,29,-1,29,18,22,-1,29,22,30,-1,30,22,24,-1,30,24,31,-1,31,24,32,-1,31,32,33,-1,28,34,22,-1,22,34,35,-1,22,35,23,-1,36,37,38,-1,38,37,39,-1,38,39,40,-1,40,41,38,-1,38,41,42,-1,38,42,43,-1,43,42,44,-1,44,45,43,-1,43,45,46,-1,43,46,25,-1,25,46,47,-1,25,47,26,-1,48,49,50,-1,50,49,51,-1,50,51,38,-1,38,51,52,-1,38,52,36,-1,53,54,55,-1,55,54,56,-1,55,56,57,-1,53,58,54,-1,54,58,59,-1,54,59,50,-1,50,59,60,-1,50,60,48,-1,61,62,63,-1,63,62,64,-1,64,65,63,-1,63,65,66,-1,63,66,57,-1,67,68,69,-1,70,71,72,-1,73,74,75,-1,76,77,78,-1,78,77,79,-1,70,72,80,-1,73,75,81,-1,69,68,75,-1,75,68,82,-1,75,82,81,-1,71,83,72,-1,72,83,84,-1,72,84,85,-1,86,87,88,-1,88,87,89,-1,88,89,90,-1,91,92,93,-1,93,92,94,-1,93,94,88,-1,88,94,95,-1,88,95,86,-1,91,96,92,-1,92,96,97,-1,92,97,77,-1,77,97,98,-1,77,98,79,-1,99,100,101,-1,101,100,102,-1,101,102,72,-1,72,102,103,-1,72,103,80,-1,104,105,72,-1,72,105,106,-1,72,106,77,-1,77,106,107,-1,77,107,108,-1,109,110,61,-1,61,110,111,-1,61,111,112,-1,112,113,61,-1,61,113,114,-1,61,114,115,-1,115,114,99,-1,115,99,116,-1,116,99,101,-1,74,117,75,-1,75,117,118,-1,75,118,61,-1,61,118,119,-1,61,119,109,-1,85,120,72,-1,72,120,121,-1,72,121,122,-1,122,123,72,-1,72,123,124,-1,72,124,104,-1,125,126,127,-1,125,127,128,-1,108,129,77,-1,77,129,127,-1,77,127,92,-1,92,127,126,-1,92,126,130,-1,130,126,131,-1,132,133,127,-1,127,133,134,-1,127,134,128,-1,135,136,137,-1,136,138,137,-1,137,138,139,-1,137,139,140,-1,141,137,142,-1,131,126,141,-1,141,126,143,-1,141,143,137,-1,137,143,144,-1,137,144,135,-1,142,145,141,-1,141,145,146,-1,141,146,147,-1,140,139,148,-1,148,139,149,-1,148,149,150,-1,150,149,151,-1,150,151,152,-1,153,154,147,-1,147,154,155,-1,147,155,141,-1,7,156,9,-1,9,156,157,-1,9,157,69,-1,69,157,158,-1,69,158,67,-1,159,160,161,-1,161,160,162,-1,161,162,163,-1,164,165,166,-1,166,165,167,-1,160,168,162,-1,162,168,169,-1,162,169,170,-1,170,169,171,-1,170,171,172,-1,172,171,173,-1,172,173,167,-1,167,173,174,-1,167,174,166,-1,175,176,177,-1,177,176,178,-1,179,180,181,-1,181,180,182,-1,175,177,183,-1,183,177,184,-1,183,184,185,-1,185,184,186,-1,185,186,187,-1,186,188,187,-1,187,188,189,-1,187,189,190,-1,191,192,193,-1,181,186,179,-1,179,186,184,-1,179,184,194,-1,194,184,195,-1,194,195,193,-1,193,195,196,-1,193,196,191,-1,182,180,197,-1,197,180,198,-1,197,198,191,-1,199,200,198,-1,198,200,201,-1,198,201,202,-1,203,204,192,-1,204,205,192,-1,192,205,206,-1,192,206,207,-1,208,209,210,-1,210,209,203,-1,210,203,211,-1,212,213,203,-1,203,213,214,-1,203,214,211,-1,191,198,192,-1,192,198,202,-1,192,202,203,-1,203,202,215,-1,203,215,216,-1,210,217,218,-1,216,219,203,-1,203,219,220,-1,203,220,221,-1,217,210,222,-1,222,210,223,-1,222,223,224,-1,218,225,210,-1,210,225,226,-1,210,226,208,-1,221,227,203,-1,203,227,228,-1,203,228,212,-1,0,229,230,-1,231,232,0,-1,0,232,233,-1,0,233,1,-1,1,233,234,-1,1,234,235,-1,235,234,236,-1,235,236,199,-1,230,237,0,-1,0,237,238,-1,0,238,231,-1,239,240,241,-1,242,243,244,-1,244,243,245,-1,239,241,245,-1,246,247,248,-1,247,249,248,-1,248,249,250,-1,248,250,251,-1,246,248,252,-1,252,248,253,-1,252,253,254,-1,254,253,255,-1,255,253,256,-1,255,256,207,-1,257,258,259,-1,259,258,260,-1,259,260,261,-1,260,262,261,-1,261,262,263,-1,261,263,264,-1,264,265,261,-1,261,265,266,-1,261,266,267,-1,18,268,269,-1,270,19,271,-1,271,19,272,-1,270,273,19,-1,19,273,274,-1,19,274,18,-1,18,274,275,-1,18,275,268,-1,276,277,278,-1,278,277,279,-1,278,279,259,-1,259,279,280,-1,259,280,257,-1,281,282,278,-1,278,282,283,-1,278,283,276,-1,284,285,281,-1,281,285,286,-1,281,286,282,-1,287,288,170,-1,289,290,172,-1,172,290,291,-1,291,292,172,-1,172,292,293,-1,172,293,294,-1,295,296,297,-1,297,296,170,-1,288,298,170,-1,170,298,299,-1,170,299,297,-1,294,300,172,-1,172,300,301,-1,172,301,170,-1,170,301,302,-1,170,302,287,-1,179,303,289,-1,289,303,304,-1,289,304,290,-1,295,305,296,-1,296,305,306,-1,296,306,194,-1,194,306,307,-1,194,307,179,-1,179,307,308,-1,179,308,303,-1,309,310,311,-1,312,313,314,-1,314,313,315,-1,316,317,318,-1,309,311,319,-1,320,321,322,-1,312,323,313,-1,313,323,324,-1,313,324,325,-1,325,324,318,-1,325,318,326,-1,326,318,317,-1,321,327,322,-1,322,327,328,-1,322,328,329,-1,330,253,331,-1,331,253,332,-1,333,334,311,-1,311,334,335,-1,311,335,319,-1,329,336,322,-1,322,336,337,-1,322,337,253,-1,253,337,315,-1,253,315,332,-1,332,315,313,-1,338,339,340,-1,340,339,341,-1,340,341,342,-1,342,341,343,-1,344,345,318,-1,318,345,346,-1,318,346,347,-1,348,349,350,-1,350,349,351,-1,350,351,352,-1,330,353,253,-1,253,353,354,-1,253,354,355,-1,356,357,358,-1,347,359,318,-1,318,359,360,-1,318,360,316,-1,343,361,342,-1,342,361,362,-1,342,362,363,-1,363,362,358,-1,363,358,364,-1,364,358,357,-1,310,365,366,-1,366,365,367,-1,367,365,368,-1,367,368,369,-1,348,338,349,-1,349,338,340,-1,349,340,370,-1,370,340,371,-1,370,371,372,-1,372,371,373,-1,372,373,374,-1,374,373,375,-1,376,375,366,-1,366,375,373,-1,366,373,310,-1,310,373,371,-1,310,371,311,-1,376,366,4,-1,4,366,377,-1,4,377,5,-1,378,379,5,-1,380,381,256,-1,355,356,253,-1,253,356,358,-1,253,358,256,-1,256,358,382,-1,256,382,380,-1,383,384,5,-1,5,384,385,-1,381,386,256,-1,256,386,387,-1,256,387,388,-1,388,387,389,-1,388,389,378,-1,390,391,379,-1,379,391,392,-1,379,392,5,-1,5,392,393,-1,5,393,383,-1,385,394,5,-1,5,394,395,-1,5,395,3,-1,396,397,398,-1,398,397,399,-1,398,399,400,-1,398,401,396,-1,396,401,402,-1,396,402,403,-1,403,404,396,-1,396,404,405,-1,396,405,406,-1,406,405,407,-1,406,407,408,-1,408,407,409,-1,408,409,379,-1,379,409,410,-1,379,410,390,-1,411,412,400,-1,400,412,413,-1,400,413,398,-1,414,415,352,-1,352,415,416,-1,352,416,350,-1,414,417,415,-1,415,417,418,-1,415,418,419,-1,419,418,420,-1,419,421,422,-1,420,423,419,-1,419,423,424,-1,419,424,425,-1,425,426,419,-1,419,426,427,-1,419,427,421,-1,422,428,419,-1,419,428,429,-1,419,429,430,-1,431,432,433,-1,434,435,436,-1,433,437,431,-1,431,437,438,-1,431,438,439,-1,439,438,434,-1,439,434,440,-1,440,434,436,-1,441,442,5,-1,378,5,388,-1,388,5,442,-1,388,442,437,-1,437,442,443,-1,437,443,438,-1,444,445,441,-1,446,447,448,-1,448,447,449,-1,448,449,444,-1,444,441,448,-1,448,441,5,-1,448,5,450,-1,450,5,377,-1,450,377,451,-1,450,452,448,-1,448,452,453,-1,448,453,454,-1,455,456,457,-1,457,456,458,-1,457,458,377,-1,377,458,459,-1,377,459,451,-1,454,460,448,-1,448,460,461,-1,448,461,446,-1,462,463,464,-1,462,464,465,-1,463,466,464,-1,464,466,467,-1,464,467,457,-1,457,467,468,-1,457,468,455,-1,469,470,471,-1,471,470,472,-1,473,474,475,-1,475,474,476,-1,475,476,477,-1,477,476,478,-1,477,478,479,-1,469,471,480,-1,480,471,476,-1,480,476,481,-1,481,476,474,-1,481,474,482,-1,474,483,482,-1,482,483,484,-1,482,484,485,-1,478,486,479,-1,479,486,487,-1,479,487,488,-1,488,487,489,-1,473,475,490,-1,490,475,491,-1,490,491,489,-1,489,491,433,-1,489,433,488,-1,488,433,432,-1,488,432,465,-1,261,2,492,-1,492,2,1,-1,492,1,493,-1,493,1,235,-1,493,235,494,-1,494,235,495,-1,494,495,496,-1,496,495,497,-1,496,497,498,-1,498,497,499,-1,498,499,500,-1,500,499,501,-1,500,501,502,-1,502,501,503,-1,502,503,504,-1,504,503,505,-1,504,505,506,-1,199,198,235,-1,235,198,180,-1,235,180,495,-1,495,180,179,-1,495,179,497,-1,497,179,289,-1,497,289,499,-1,499,289,172,-1,499,172,501,-1,501,172,167,-1,501,167,503,-1,503,167,165,-1,503,165,505,-1,267,272,261,-1,261,272,19,-1,261,19,2,-1,2,19,241,-1,2,241,0,-1,0,241,240,-1,0,240,229,-1,245,241,244,-1,244,241,507,-1,244,507,508,-1,9,509,8,-1,8,509,510,-1,8,510,511,-1,512,507,511,-1,511,507,241,-1,511,241,8,-1,8,241,19,-1,8,19,10,-1,10,19,21,-1,207,256,192,-1,192,256,388,-1,192,388,193,-1,193,388,437,-1,193,437,194,-1,194,437,433,-1,194,433,296,-1,296,433,491,-1,296,491,170,-1,170,491,475,-1,170,475,162,-1,508,509,244,-1,244,509,9,-1,244,9,513,-1,513,9,69,-1,514,515,477,-1,516,475,517,-1,517,475,477,-1,517,477,518,-1,518,477,515,-1,518,515,519,-1,519,515,520,-1,521,522,523,-1,523,522,524,-1,523,524,477,-1,477,524,525,-1,477,525,514,-1,514,525,526,-1,514,526,527,-1,166,163,164,-1,164,163,162,-1,164,162,521,-1,521,162,475,-1,521,475,522,-1,522,475,528,-1,529,530,528,-1,528,530,531,-1,528,531,515,-1,515,531,532,-1,515,532,533,-1,533,534,515,-1,515,534,535,-1,515,535,520,-1,536,537,528,-1,528,537,538,-1,528,538,529,-1,516,539,475,-1,475,539,540,-1,475,540,528,-1,528,540,541,-1,528,541,536,-1,251,242,248,-1,248,242,244,-1,248,244,253,-1,253,244,513,-1,253,513,322,-1,322,513,542,-1,75,542,543,-1,543,542,544,-1,544,542,545,-1,545,542,513,-1,545,513,546,-1,75,543,69,-1,69,543,547,-1,69,547,513,-1,513,547,548,-1,513,548,546,-1,549,550,551,-1,551,550,545,-1,551,545,552,-1,552,545,546,-1,552,546,553,-1,553,546,554,-1,465,464,488,-1,488,464,555,-1,488,555,479,-1,479,555,556,-1,479,556,477,-1,477,556,557,-1,477,557,523,-1,61,63,75,-1,75,63,558,-1,75,558,542,-1,542,558,367,-1,542,367,322,-1,322,367,369,-1,322,369,320,-1,57,56,63,-1,63,56,559,-1,63,559,558,-1,558,559,560,-1,558,560,367,-1,367,560,561,-1,367,561,366,-1,366,561,562,-1,366,562,377,-1,377,562,563,-1,377,563,457,-1,457,563,564,-1,457,564,464,-1,464,564,565,-1,464,565,555,-1,555,565,566,-1,555,566,556,-1,556,566,567,-1,556,567,557,-1,269,284,18,-1,18,284,281,-1,18,281,22,-1,22,281,568,-1,22,568,25,-1,25,568,569,-1,25,569,43,-1,43,569,570,-1,43,570,38,-1,38,570,571,-1,38,571,50,-1,50,571,572,-1,50,572,54,-1,54,572,573,-1,
        ]
    }
}
Shape{
    appearance Appearance {
        material  Material 	{
            diffuseColor 0.25098039215686274 0.25098039215686274 0.25098039215686274
            specularColor 0.12549019607843137 0.12549019607843137 0.12549019607843137
            ambientIntensity 0.251
            transparency 0.0
            shininess 0.5
        }
    }
    geometry IndexedFaceSet {
        ccw TRUE
        solid FALSE
        coord DEF co Coordinate {
            point [
                0.2559 2.1654 0.3189, 0.2559 2.3622 0.3189, 0.0984 2.3622 0.3189, 0.8071 2.1654 0.3189, 0.6102 2.1654 0.3189, -1.7717 1.9685 0.3189, -2.3622 2.3622 0.3189, -2.3622 1.8701 0.3189, -2.1654 1.8701 0.3189, 2.3622 2.3622 0.3189, 1.8701 2.3622 0.3189, 1.8701 2.1654 0.3189, 1.6732 2.3622 0.3189, 1.5157 2.3622 0.3189, 1.6732 2.1654 0.3189, 1.5157 2.1654 0.3189, 0.9646 2.1654 0.3189, 0.9646 2.3622 0.3189, 0.8071 2.3622 0.3189, -2.1654 -0.8071 0.3189, -2.3622 -0.8071 0.3189, -2.3622 -0.9646 0.3189, -1.8701 2.3622 0.3189, 1.8226 1.9618 0.3189, 1.8701 1.9421 0.3189, 1.9108 1.9108 0.3189, 1.1614 2.1654 0.3189, 1.3189 2.1654 0.3189, 1.1614 2.3622 0.3189, 1.3189 2.3622 0.3189, 0.0984 2.1654 0.3189, -0.0984 2.1654 0.3189, 1.7717 1.9685 0.3189, -0.6102 2.1654 0.3189, -0.8071 2.1654 0.3189, -2.1654 0.8071 0.3189, -2.1654 0.6102 0.3189, -1.9685 -1.7717 0.3189, -2.1654 0.0984 0.3189, -2.1654 -0.0984 0.3189, 2.1654 1.8701 0.3189, 2.3622 1.8701 0.3189, -0.4528 2.1654 0.3189, -0.4528 2.3622 0.3189, -0.6102 2.3622 0.3189, -1.1614 2.3622 0.3189, -1.3189 2.3622 0.3189, -1.1614 2.1654 0.3189, -1.3189 2.1654 0.3189, -2.3622 1.6732 0.3189, -2.3622 1.5157 0.3189, -2.1654 1.6732 0.3189, -2.1654 1.5157 0.3189, -2.1654 0.9646 0.3189, -2.3622 0.9646 0.3189, -2.3622 0.8071 0.3189, -2.1654 0.2559 0.3189, -2.3622 0.2559 0.3189, -2.3622 0.0984 0.3189, -2.1654 -0.9646 0.3189, -2.1654 -1.1614 0.3189, -1.9618 -1.8226 0.3189, 0.4528 2.1654 0.3189, 0.4528 2.3622 0.3189, 0.6102 2.3622 0.3189, -0.2559 2.1654 0.3189, -0.2559 2.3622 0.3189, -0.0984 2.3622 0.3189, -2.1654 1.1614 0.3189, -2.1654 1.3189 0.3189, -2.3622 1.1614 0.3189, -2.3622 1.3189 0.3189, -2.1654 0.4528 0.3189, -2.3622 0.4528 0.3189, -2.3622 0.6102 0.3189, -1.6732 -2.3622 0.3189, -1.5157 -2.3622 0.3189, -1.6732 -2.1654 0.3189, -1.5157 -2.1654 0.3189, 1.8701 -2.1654 0.3189, 1.8701 -2.3622 0.3189, 2.1654 -1.8701 0.3189, 2.3622 -2.3622 0.3189, 2.3622 -1.8701 0.3189, -1.9618 1.8226 0.3189, -1.9421 1.8701 0.3189, -2.3622 -0.0984 0.3189, -2.3622 -0.2559 0.3189, -2.1654 -0.2559 0.3189, -2.1654 -0.4528 0.3189, -0.9646 -2.1654 0.3189, 1.7717 -1.9685 0.3189, -1.1614 -2.1654 0.3189, -1.3189 -2.1654 0.3189, -1.1614 -2.3622 0.3189, -1.3189 -2.3622 0.3189, -0.6102 -2.1654 0.3189, -0.6102 -2.3622 0.3189, -0.4528 -2.3622 0.3189, 0.0984 -2.1654 0.3189, 0.0984 -2.3622 0.3189, 0.2559 -2.3622 0.3189, 0.9646 -2.1654 0.3189, 1.1614 -2.1654 0.3189, 1.8226 -1.9618 0.3189, 2.1654 -1.6732 0.3189, 2.3622 -1.6732 0.3189, 2.3622 -1.5157 0.3189, -1.8701 2.1654 0.3189, -1.9108 1.9108 0.3189, -0.8071 2.3622 0.3189, -0.9646 2.3622 0.3189, -0.9646 2.1654 0.3189, -1.8226 1.9618 0.3189, -1.5157 2.1654 0.3189, -1.8701 1.9421 0.3189, -1.6732 2.1654 0.3189, -1.6732 2.3622 0.3189, -1.5157 2.3622 0.3189, -2.3622 -1.5157 0.3189, -2.3622 -1.6732 0.3189, -2.1654 -1.5157 0.3189, -2.1654 -1.6732 0.3189, -2.1654 -1.8701 0.3189, -2.3622 -1.8701 0.3189, -1.8701 -2.1654 0.3189, -2.3622 -2.3622 0.3189, -1.8701 -2.3622 0.3189, -0.4528 -2.1654 0.3189, -0.2559 -2.1654 0.3189, 0.2559 -2.1654 0.3189, 0.4528 -2.1654 0.3189, 0.8071 -2.1654 0.3189, 0.8071 -2.3622 0.3189, 0.9646 -2.3622 0.3189, 1.9618 -1.8226 0.3189, 2.1654 -1.5157 0.3189, 1.9685 -1.7717 0.3189, 2.1654 -1.3189 0.3189, 1.9685 1.7717 0.3189, -1.9685 1.7717 0.3189, -2.1654 -0.6102 0.3189, -2.3622 -0.6102 0.3189, -2.3622 -0.4528 0.3189, -1.9108 -1.9108 0.3189, -1.9421 -1.8701 0.3189, -0.8071 -2.1654 0.3189, -0.8071 -2.3622 0.3189, -0.9646 -2.3622 0.3189, -0.0984 -2.1654 0.3189, -0.0984 -2.3622 0.3189, -0.2559 -2.3622 0.3189, 0.6102 -2.1654 0.3189, 0.6102 -2.3622 0.3189, 0.4528 -2.3622 0.3189, 1.5157 -2.3622 0.3189, 1.6732 -2.3622 0.3189, 1.5157 -2.1654 0.3189, 1.6732 -2.1654 0.3189, -1.8701 -1.9421 0.3189, -1.8226 -1.9618 0.3189, -2.3622 -1.1614 0.3189, -2.3622 -1.3189 0.3189, -2.1654 -1.3189 0.3189, 2.1654 1.5157 0.3189, 2.3622 1.5157 0.3189, 2.3622 1.6732 0.3189, 1.1614 -2.3622 0.3189, 1.3189 -2.3622 0.3189, 1.3189 -2.1654 0.3189, 1.8701 -1.9421 0.3189, 2.1654 -0.9646 0.3189, 2.3622 -0.9646 0.3189, 2.3622 -0.8071 0.3189, -1.7717 -1.9685 0.3189, 1.9421 -1.8701 0.3189, 1.9108 -1.9108 0.3189, 2.1654 -0.2559 0.3189, 2.3622 -0.2559 0.3189, 2.3622 -0.0984 0.3189, 2.1654 -0.8071 0.3189, 2.1654 -0.6102 0.3189, 2.1654 0.8071 0.3189, 2.3622 0.8071 0.3189, 2.3622 0.9646 0.3189, 2.1654 -1.1614 0.3189, 2.3622 -1.1614 0.3189, 2.3622 -1.3189 0.3189, 1.9421 1.8701 0.3189, 1.9618 1.8226 0.3189, 2.1654 1.6732 0.3189, 2.1654 -0.0984 0.3189, 2.1654 0.0984 0.3189, 2.1654 -0.4528 0.3189, 2.3622 -0.4528 0.3189, 2.3622 -0.6102 0.3189, 2.1654 0.9646 0.3189, 2.1654 1.1614 0.3189, 2.3622 0.0984 0.3189, 2.3622 0.2559 0.3189, 2.1654 0.2559 0.3189, 2.1654 0.4528 0.3189, 2.1654 0.6102 0.3189, 2.3622 0.6102 0.3189, 2.3622 0.4528 0.3189, 2.3622 1.1614 0.3189, 2.3622 1.3189 0.3189, 2.1654 1.3189 0.3189
            ]
        }
        coordIndex [
            0,1,2,-1,3,4,5,-1,6,7,8,-1,9,10,11,-1,12,13,14,-1,14,13,15,-1,16,17,18,-1,19,20,21,-1,6,8,22,-1,23,24,11,-1,11,24,25,-1,18,3,16,-1,16,3,5,-1,16,5,26,-1,26,5,27,-1,26,27,28,-1,28,27,29,-1,30,31,5,-1,23,11,32,-1,32,11,14,-1,32,14,5,-1,5,14,15,-1,5,15,27,-1,33,34,5,-1,35,36,37,-1,38,39,37,-1,40,41,9,-1,42,43,44,-1,45,46,47,-1,47,46,48,-1,49,50,51,-1,51,50,52,-1,53,54,55,-1,56,57,58,-1,59,60,61,-1,2,30,0,-1,0,30,5,-1,0,5,62,-1,62,5,4,-1,62,4,63,-1,63,4,64,-1,44,33,42,-1,42,33,5,-1,42,5,65,-1,65,5,31,-1,65,31,66,-1,66,31,67,-1,55,35,53,-1,53,35,37,-1,53,37,68,-1,68,37,69,-1,68,69,70,-1,70,69,71,-1,58,38,56,-1,56,38,37,-1,56,37,72,-1,72,37,36,-1,72,36,73,-1,73,36,74,-1,75,76,77,-1,77,76,78,-1,79,80,81,-1,81,80,82,-1,81,82,83,-1,84,85,8,-1,86,87,39,-1,39,87,88,-1,39,88,37,-1,37,88,89,-1,37,89,61,-1,90,91,92,-1,92,91,93,-1,92,93,94,-1,94,93,95,-1,96,97,98,-1,99,100,101,-1,102,103,104,-1,105,106,107,-1,22,8,108,-1,108,8,85,-1,108,85,109,-1,110,111,34,-1,34,111,112,-1,34,112,5,-1,5,112,47,-1,5,47,113,-1,113,47,48,-1,113,48,114,-1,109,115,108,-1,108,115,113,-1,108,113,116,-1,116,113,114,-1,116,114,117,-1,117,114,118,-1,119,120,121,-1,121,120,122,-1,123,124,125,-1,125,124,126,-1,125,126,127,-1,128,129,91,-1,130,131,91,-1,91,131,104,-1,132,133,134,-1,135,136,137,-1,137,136,138,-1,137,138,139,-1,84,8,140,-1,140,8,51,-1,140,51,37,-1,37,51,52,-1,37,52,69,-1,21,59,19,-1,19,59,61,-1,19,61,141,-1,141,61,89,-1,141,89,142,-1,142,89,143,-1,123,144,145,-1,98,128,96,-1,96,128,91,-1,96,91,146,-1,146,91,90,-1,146,90,147,-1,147,90,148,-1,101,130,99,-1,99,130,91,-1,99,91,149,-1,149,91,129,-1,149,129,150,-1,150,129,151,-1,134,102,132,-1,132,102,104,-1,132,104,152,-1,152,104,131,-1,152,131,153,-1,153,131,154,-1,155,156,157,-1,157,156,158,-1,144,123,159,-1,159,123,125,-1,159,125,160,-1,161,162,60,-1,60,162,163,-1,60,163,61,-1,61,163,121,-1,61,121,145,-1,145,121,122,-1,145,122,123,-1,164,165,166,-1,167,168,103,-1,103,168,169,-1,103,169,104,-1,104,169,157,-1,104,157,170,-1,170,157,158,-1,170,158,79,-1,171,172,173,-1,160,125,174,-1,174,125,77,-1,174,77,91,-1,91,77,78,-1,91,78,93,-1,107,136,105,-1,105,136,135,-1,105,135,81,-1,81,135,175,-1,81,175,79,-1,79,175,176,-1,79,176,170,-1,177,178,179,-1,180,181,139,-1,182,183,184,-1,173,180,171,-1,171,180,139,-1,171,139,185,-1,185,139,138,-1,185,138,186,-1,186,138,187,-1,25,188,11,-1,11,188,189,-1,11,189,9,-1,9,189,139,-1,9,139,40,-1,40,139,190,-1,191,192,139,-1,179,191,177,-1,177,191,139,-1,177,139,193,-1,193,139,181,-1,193,181,194,-1,194,181,195,-1,196,197,139,-1,198,199,192,-1,192,199,200,-1,192,200,139,-1,139,200,201,-1,184,196,182,-1,182,196,139,-1,182,139,202,-1,202,139,201,-1,202,201,203,-1,203,201,204,-1,205,206,197,-1,197,206,207,-1,197,207,139,-1,139,207,164,-1,139,164,190,-1,190,164,166,-1,
        ]
    }
}
Shape{
    appearance Appearance {
        material  Material 	{
            diffuseColor 0.9882352941176471 0.7372549019607844 0.5176470588235295
            specularColor 0.49411764705882355 0.3686274509803922 0.25882352941176473
            ambientIntensity 0.7873
            transparency 0.0
            shininess 0.5
        }
    }
    geometry IndexedFaceSet {
        ccw TRUE
        solid FALSE
        coord DEF co Coordinate {
            point [
                2.3661 1.8701 0.0, 2.3661 1.8701 0.3228, 2.3661 1.8504 0.0, 2.3661 1.8504 0.3228, 2.3661 1.5157 0.0, 2.3661 1.5157 0.3228, 2.3661 1.4961 0.0, 2.3661 1.4961 0.3228, 2.3661 1.1614 0.0, 2.3661 1.1614 0.3228, 2.3661 1.1417 0.0, 2.3661 1.1417 0.3228, 2.3661 0.8071 0.0, 2.3661 0.8071 0.3228, 2.3661 0.7874 0.0, 2.3661 0.7874 0.3228, 2.3661 0.4528 0.0, 2.3661 0.4528 0.3228, 2.3661 0.4331 0.0, 2.3661 0.4331 0.3228, 2.3661 0.0984 0.0, 2.3661 0.0984 0.3228, 2.3661 0.0787 0.0, 2.3661 0.0787 0.3228, 2.3661 -0.2559 0.0, 2.3661 -0.2559 0.3228, 2.3661 -0.2756 0.0, 2.3661 -0.2756 0.3228, 2.3661 -0.6102 0.0, 2.3661 -0.6102 0.3228, 2.3661 -0.6299 0.0, 2.3661 -0.6299 0.3228, 2.3661 -0.9646 0.0, 2.3661 -0.9646 0.3228, 2.3661 -0.9843 0.0, 2.3661 -0.9843 0.3228, 2.3661 -1.3189 0.0, 2.3661 -1.3189 0.3228, 2.3661 -1.3386 0.0, 2.3661 -1.3386 0.3228, 2.3661 -1.6732 0.0, 2.3661 -1.6732 0.3228, 2.3661 -1.6929 0.0, 2.3661 -1.6929 0.3228
            ]
        }
        coordIndex [
            0,1,2,-1,2,1,3,-1,4,5,6,-1,6,5,7,-1,8,9,10,-1,10,9,11,-1,12,13,14,-1,14,13,15,-1,16,17,18,-1,18,17,19,-1,20,21,22,-1,22,21,23,-1,24,25,26,-1,26,25,27,-1,28,29,30,-1,30,29,31,-1,32,33,34,-1,34,33,35,-1,36,37,38,-1,38,37,39,-1,40,41,42,-1,42,41,43,-1,
        ]
    }
}
Shape{
    appearance Appearance {
        material  Material 	{
            diffuseColor 0.25098039215686274 0.25098039215686274 0.25098039215686274
            specularColor 0.12549019607843137 0.12549019607843137 0.12549019607843137
            ambientIntensity 0.251
            transparency 0.0
            shininess 0.5
        }
    }
    geometry IndexedFaceSet {
        ccw TRUE
        solid FALSE
        coord DEF co Coordinate {
            point [
                2.3622 -1.8701 0.3189, 2.3622 -2.3622 0.3189, 2.3622 -1.8701 0.0039, 2.3622 -2.3622 0.0039, 2.3622 -1.6732 0.0039, 2.3622 -1.5157 0.0039, 2.3622 -1.6732 0.3189, 2.3622 -1.5157 0.3189, 2.3622 -1.3189 0.0039, 2.3622 -1.1614 0.0039, 2.3622 -1.3189 0.3189, 2.3622 -1.1614 0.3189, 2.3622 -0.9646 0.0039, 2.3622 -0.8071 0.0039, 2.3622 -0.9646 0.3189, 2.3622 -0.8071 0.3189, 2.3622 -0.6102 0.0039, 2.3622 -0.4528 0.0039, 2.3622 -0.6102 0.3189, 2.3622 -0.4528 0.3189, 2.3622 -0.2559 0.0039, 2.3622 -0.0984 0.0039, 2.3622 -0.2559 0.3189, 2.3622 -0.0984 0.3189, 2.3622 0.0984 0.0039, 2.3622 0.2559 0.0039, 2.3622 0.0984 0.3189, 2.3622 0.2559 0.3189, 2.3622 0.4528 0.0039, 2.3622 0.6102 0.0039, 2.3622 0.4528 0.3189, 2.3622 0.6102 0.3189, 2.3622 0.8071 0.0039, 2.3622 0.9646 0.0039, 2.3622 0.8071 0.3189, 2.3622 0.9646 0.3189, 2.3622 1.1614 0.0039, 2.3622 1.3189 0.0039, 2.3622 1.1614 0.3189, 2.3622 1.3189 0.3189, 2.3622 1.5157 0.0039, 2.3622 1.6732 0.0039, 2.3622 1.5157 0.3189, 2.3622 1.6732 0.3189
            ]
        }
        coordIndex [
            0,1,2,-1,2,1,3,-1,4,5,6,-1,6,5,7,-1,8,9,10,-1,10,9,11,-1,12,13,14,-1,14,13,15,-1,16,17,18,-1,18,17,19,-1,20,21,22,-1,22,21,23,-1,24,25,26,-1,26,25,27,-1,28,29,30,-1,30,29,31,-1,32,33,34,-1,34,33,35,-1,36,37,38,-1,38,37,39,-1,40,41,42,-1,42,41,43,-1,
        ]
    }
}
Shape{
    appearance Appearance {
        material  Material 	{
            diffuseColor 0.9882352941176471 0.7372549019607844 0.5176470588235295
            specularColor 0.49411764705882355 0.3686274509803922 0.25882352941176473
            ambientIntensity 0.7873
            transparency 0.0
            shininess 0.5
        }
    }
    geometry IndexedFaceSet {
        ccw TRUE
        solid FALSE
        coord DEF co Coordinate {
            point [
                1.8701 -2.3661 0.0, 1.8701 -2.3661 0.3228, 1.8504 -2.3661 0.0, 1.8504 -2.3661 0.3228, 1.5157 -2.3661 0.0, 1.5157 -2.3661 0.3228, 1.4961 -2.3661 0.0, 1.4961 -2.3661 0.3228, 1.1614 -2.3661 0.0, 1.1614 -2.3661 0.3228, 1.1417 -2.3661 0.0, 1.1417 -2.3661 0.3228, 0.8071 -2.3661 0.0, 0.8071 -2.3661 0.3228, 0.7874 -2.3661 0.0, 0.7874 -2.3661 0.3228, 0.4528 -2.3661 0.0, 0.4528 -2.3661 0.3228, 0.4331 -2.3661 0.0, 0.4331 -2.3661 0.3228, 0.0984 -2.3661 0.0, 0.0984 -2.3661 0.3228, 0.0787 -2.3661 0.0, 0.0787 -2.3661 0.3228, -0.2559 -2.3661 0.0, -0.2559 -2.3661 0.3228, -0.2756 -2.3661 0.0, -0.2756 -2.3661 0.3228, -0.6102 -2.3661 0.0, -0.6102 -2.3661 0.3228, -0.6299 -2.3661 0.0, -0.6299 -2.3661 0.3228, -0.9646 -2.3661 0.0, -0.9646 -2.3661 0.3228, -0.9843 -2.3661 0.0, -0.9843 -2.3661 0.3228, -1.3189 -2.3661 0.0, -1.3189 -2.3661 0.3228, -1.3386 -2.3661 0.0, -1.3386 -2.3661 0.3228, -1.6732 -2.3661 0.0, -1.6732 -2.3661 0.3228, -1.6929 -2.3661 0.0, -1.6929 -2.3661 0.3228
            ]
        }
        coordIndex [
            0,1,2,-1,2,1,3,-1,4,5,6,-1,6,5,7,-1,8,9,10,-1,10,9,11,-1,12,13,14,-1,14,13,15,-1,16,17,18,-1,18,17,19,-1,20,21,22,-1,22,21,23,-1,24,25,26,-1,26,25,27,-1,28,29,30,-1,30,29,31,-1,32,33,34,-1,34,33,35,-1,36,37,38,-1,38,37,39,-1,40,41,42,-1,42,41,43,-1,
        ]
    }
}
Shape{
    appearance Appearance {
        material  Material 	{
            diffuseColor 0.25098039215686274 0.25098039215686274 0.25098039215686274
            specularColor 0.12549019607843137 0.12549019607843137 0.12549019607843137
            ambientIntensity 0.251
            transparency 0.0
            shininess 0.5
        }
    }
    geometry IndexedFaceSet {
        ccw TRUE
        solid FALSE
        coord DEF co Coordinate {
            point [
                -1.8701 -2.3622 0.3189, -2.3622 -2.3622 0.3189, -1.8701 -2.3622 0.0039, -2.3622 -2.3622 0.0039, -1.6732 -2.3622 0.0039, -1.5157 -2.3622 0.0039, -1.6732 -2.3622 0.3189, -1.5157 -2.3622 0.3189, -1.3189 -2.3622 0.0039, -1.1614 -2.3622 0.0039, -1.3189 -2.3622 0.3189, -1.1614 -2.3622 0.3189, -0.9646 -2.3622 0.0039, -0.8071 -2.3622 0.0039, -0.9646 -2.3622 0.3189, -0.8071 -2.3622 0.3189, -0.6102 -2.3622 0.0039, -0.4528 -2.3622 0.0039, -0.6102 -2.3622 0.3189, -0.4528 -2.3622 0.3189, -0.2559 -2.3622 0.0039, -0.0984 -2.3622 0.0039, -0.2559 -2.3622 0.3189, -0.0984 -2.3622 0.3189, 0.0984 -2.3622 0.0039, 0.2559 -2.3622 0.0039, 0.0984 -2.3622 0.3189, 0.2559 -2.3622 0.3189, 0.4528 -2.3622 0.0039, 0.6102 -2.3622 0.0039, 0.4528 -2.3622 0.3189, 0.6102 -2.3622 0.3189, 0.8071 -2.3622 0.0039, 0.9646 -2.3622 0.0039, 0.8071 -2.3622 0.3189, 0.9646 -2.3622 0.3189, 1.1614 -2.3622 0.0039, 1.3189 -2.3622 0.0039, 1.1614 -2.3622 0.3189, 1.3189 -2.3622 0.3189, 1.5157 -2.3622 0.0039, 1.6732 -2.3622 0.0039, 1.5157 -2.3622 0.3189, 1.6732 -2.3622 0.3189
            ]
        }
        coordIndex [
            0,1,2,-1,2,1,3,-1,4,5,6,-1,6,5,7,-1,8,9,10,-1,10,9,11,-1,12,13,14,-1,14,13,15,-1,16,17,18,-1,18,17,19,-1,20,21,22,-1,22,21,23,-1,24,25,26,-1,26,25,27,-1,28,29,30,-1,30,29,31,-1,32,33,34,-1,34,33,35,-1,36,37,38,-1,38,37,39,-1,40,41,42,-1,42,41,43,-1,
        ]
    }
}
Shape{
    appearance Appearance {
        material  Material 	{
            diffuseColor 0.9882352941176471 0.7372549019607844 0.5176470588235295
            specularColor 0.49411764705882355 0.3686274509803922 0.25882352941176473
            ambientIntensity 0.7873
            transparency 0.0
            shininess 0.5
        }
    }
    geometry IndexedFaceSet {
        ccw TRUE
        solid FALSE
        coord DEF co Coordinate {
            point [
                -2.3661 -1.8701 0.0, -2.3661 -1.8701 0.3228, -2.3661 -1.8504 0.0, -2.3661 -1.8504 0.3228, -2.3661 -1.5157 0.0, -2.3661 -1.5157 0.3228, -2.3661 -1.4961 0.0, -2.3661 -1.4961 0.3228, -2.3661 -1.1614 0.0, -2.3661 -1.1614 0.3228, -2.3661 -1.1417 0.0, -2.3661 -1.1417 0.3228, -2.3661 -0.8071 0.0, -2.3661 -0.8071 0.3228, -2.3661 -0.7874 0.0, -2.3661 -0.7874 0.3228, -2.3661 -0.4528 0.0, -2.3661 -0.4528 0.3228, -2.3661 -0.4331 0.0, -2.3661 -0.4331 0.3228, -2.3661 -0.0984 0.0, -2.3661 -0.0984 0.3228, -2.3661 -0.0787 0.0, -2.3661 -0.0787 0.3228, -2.3661 0.2559 0.0, -2.3661 0.2559 0.3228, -2.3661 0.2756 0.0, -2.3661 0.2756 0.3228, -2.3661 0.6102 0.0, -2.3661 0.6102 0.3228, -2.3661 0.6299 0.0, -2.3661 0.6299 0.3228, -2.3661 0.9646 0.0, -2.3661 0.9646 0.3228, -2.3661 0.9843 0.0, -2.3661 0.9843 0.3228, -2.3661 1.3189 0.0, -2.3661 1.3189 0.3228, -2.3661 1.3386 0.0, -2.3661 1.3386 0.3228, -2.3661 1.6732 0.0, -2.3661 1.6732 0.3228, -2.3661 1.6929 0.0, -2.3661 1.6929 0.3228
            ]
        }
        coordIndex [
            0,1,2,-1,2,1,3,-1,4,5,6,-1,6,5,7,-1,8,9,10,-1,10,9,11,-1,12,13,14,-1,14,13,15,-1,16,17,18,-1,18,17,19,-1,20,21,22,-1,22,21,23,-1,24,25,26,-1,26,25,27,-1,28,29,30,-1,30,29,31,-1,32,33,34,-1,34,33,35,-1,36,37,38,-1,38,37,39,-1,40,41,42,-1,42,41,43,-1,
        ]
    }
}
Shape{
    appearance Appearance {
        material  Material 	{
            diffuseColor 0.25098039215686274 0.25098039215686274 0.25098039215686274
            specularColor 0.12549019607843137 0.12549019607843137 0.12549019607843137
            ambientIntensity 0.251
            transparency 0.0
            shininess 0.5
        }
    }
    geometry IndexedFaceSet {
        ccw TRUE
        solid FALSE
        coord DEF co Coordinate {
            point [
                -2.3622 1.8701 0.3189, -2.3622 2.3622 0.3189, -2.3622 1.8701 0.0039, -2.3622 2.3622 0.0039, -2.3622 1.6732 0.0039, -2.3622 1.5157 0.0039, -2.3622 1.6732 0.3189, -2.3622 1.5157 0.3189, -2.3622 1.3189 0.0039, -2.3622 1.1614 0.0039, -2.3622 1.3189 0.3189, -2.3622 1.1614 0.3189, -2.3622 0.9646 0.0039, -2.3622 0.8071 0.0039, -2.3622 0.9646 0.3189, -2.3622 0.8071 0.3189, -2.3622 0.6102 0.0039, -2.3622 0.4528 0.0039, -2.3622 0.6102 0.3189, -2.3622 0.4528 0.3189, -2.3622 0.2559 0.0039, -2.3622 0.0984 0.0039, -2.3622 0.2559 0.3189, -2.3622 0.0984 0.3189, -2.3622 -0.0984 0.0039, -2.3622 -0.2559 0.0039, -2.3622 -0.0984 0.3189, -2.3622 -0.2559 0.3189, -2.3622 -0.4528 0.0039, -2.3622 -0.6102 0.0039, -2.3622 -0.4528 0.3189, -2.3622 -0.6102 0.3189, -2.3622 -0.8071 0.0039, -2.3622 -0.9646 0.0039, -2.3622 -0.8071 0.3189, -2.3622 -0.9646 0.3189, -2.3622 -1.1614 0.0039, -2.3622 -1.3189 0.0039, -2.3622 -1.1614 0.3189, -2.3622 -1.3189 0.3189, -2.3622 -1.5157 0.0039, -2.3622 -1.6732 0.0039, -2.3622 -1.5157 0.3189, -2.3622 -1.6732 0.3189
            ]
        }
        coordIndex [
            0,1,2,-1,2,1,3,-1,4,5,6,-1,6,5,7,-1,8,9,10,-1,10,9,11,-1,12,13,14,-1,14,13,15,-1,16,17,18,-1,18,17,19,-1,20,21,22,-1,22,21,23,-1,24,25,26,-1,26,25,27,-1,28,29,30,-1,30,29,31,-1,32,33,34,-1,34,33,35,-1,36,37,38,-1,38,37,39,-1,40,41,42,-1,42,41,43,-1,
        ]
    }
}
Shape{
    appearance Appearance {
        material  Material 	{
            diffuseColor 0.9882352941176471 0.7372549019607844 0.5176470588235295
            specularColor 0.49411764705882355 0.3686274509803922 0.25882352941176473
            ambientIntensity 0.7873
            transparency 0.0
            shininess 0.5
        }
    }
    geometry IndexedFaceSet {
        ccw TRUE
        solid FALSE
        coord DEF co Coordinate {
            point [
                -1.5157 2.3661 0.0, -1.5157 2.3661 0.3228, -1.4961 2.3661 0.0, -1.4961 2.3661 0.3228, -1.1614 2.3661 0.0, -1.1614 2.3661 0.3228, -1.1417 2.3661 0.0, -1.1417 2.3661 0.3228, -0.8071 2.3661 0.0, -0.8071 2.3661 0.3228, -0.7874 2.3661 0.0, -0.7874 2.3661 0.3228, -0.4528 2.3661 0.0, -0.4528 2.3661 0.3228, -0.4331 2.3661 0.0, -0.4331 2.3661 0.3228, -0.0984 2.3661 0.0, -0.0984 2.3661 0.3228, -0.0787 2.3661 0.0, -0.0787 2.3661 0.3228, 0.2559 2.3661 0.0, 0.2559 2.3661 0.3228, 0.2756 2.3661 0.0, 0.2756 2.3661 0.3228, 0.6102 2.3661 0.0, 0.6102 2.3661 0.3228, 0.6299 2.3661 0.0, 0.6299 2.3661 0.3228, 0.9646 2.3661 0.0, 0.9646 2.3661 0.3228, 0.9843 2.3661 0.0, 0.9843 2.3661 0.3228, 1.3189 2.3661 0.0, 1.3189 2.3661 0.3228, 1.3386 2.3661 0.0, 1.3386 2.3661 0.3228, 1.6732 2.3661 0.0, 1.6732 2.3661 0.3228, 1.6929 2.3661 0.0, 1.6929 2.3661 0.3228
            ]
        }
        coordIndex [
            0,1,2,-1,2,1,3,-1,4,5,6,-1,6,5,7,-1,8,9,10,-1,10,9,11,-1,12,13,14,-1,14,13,15,-1,16,17,18,-1,18,17,19,-1,20,21,22,-1,22,21,23,-1,24,25,26,-1,26,25,27,-1,28,29,30,-1,30,29,31,-1,32,33,34,-1,34,33,35,-1,36,37,38,-1,38,37,39,-1,
        ]
    }
}
Shape{
    appearance Appearance {
        material  Material 	{
            diffuseColor 0.25098039215686274 0.25098039215686274 0.25098039215686274
            specularColor 0.12549019607843137 0.12549019607843137 0.12549019607843137
            ambientIntensity 0.251
            transparency 0.0
            shininess 0.5
        }
    }
    geometry IndexedFaceSet {
        ccw TRUE
        solid FALSE
        coord DEF co Coordinate {
            point [
                1.8701 2.3622 0.3189, 2.3622 2.3622 0.3189, 1.8701 2.3622 0.0039, 2.3622 2.3622 0.0039, 1.6732 2.3622 0.0039, 1.5157 2.3622 0.0039, 1.6732 2.3622 0.3189, 1.5157 2.3622 0.3189, 1.3189 2.3622 0.0039, 1.1614 2.3622 0.0039, 1.3189 2.3622 0.3189, 1.1614 2.3622 0.3189, 0.9646 2.3622 0.0039, 0.8071 2.3622 0.0039, 0.9646 2.3622 0.3189, 0.8071 2.3622 0.3189, 0.6102 2.3622 0.0039, 0.4528 2.3622 0.0039, 0.6102 2.3622 0.3189, 0.4528 2.3622 0.3189, 0.2559 2.3622 0.0039, 0.0984 2.3622 0.0039, 0.2559 2.3622 0.3189, 0.0984 2.3622 0.3189, -0.0984 2.3622 0.0039, -0.2559 2.3622 0.0039, -0.0984 2.3622 0.3189, -0.2559 2.3622 0.3189, -0.4528 2.3622 0.0039, -0.6102 2.3622 0.0039, -0.4528 2.3622 0.3189, -0.6102 2.3622 0.3189, -0.8071 2.3622 0.0039, -0.9646 2.3622 0.0039, -0.8071 2.3622 0.3189, -0.9646 2.3622 0.3189, -1.1614 2.3622 0.0039, -1.3189 2.3622 0.0039, -1.1614 2.3622 0.3189, -1.3189 2.3622 0.3189
            ]
        }
        coordIndex [
            0,1,2,-1,2,1,3,-1,4,5,6,-1,6,5,7,-1,8,9,10,-1,10,9,11,-1,12,13,14,-1,14,13,15,-1,16,17,18,-1,18,17,19,-1,20,21,22,-1,22,21,23,-1,24,25,26,-1,26,25,27,-1,28,29,30,-1,30,29,31,-1,32,33,34,-1,34,33,35,-1,36,37,38,-1,38,37,39,-1,
        ]
    }
}
Shape{
    appearance Appearance {
        material  Material 	{
            diffuseColor 0.9882352941176471 0.7372549019607844 0.5176470588235295
            specularColor 0.49411764705882355 0.3686274509803922 0.25882352941176473
            ambientIntensity 0.7873
            transparency 0.0
            shininess 0.5
        }
    }
    geometry IndexedFaceSet {
        ccw TRUE
        solid FALSE
        coord DEF co Coordinate {
            point [
                -1.8701 2.3661 0.0, -1.8701 2.3661 0.3228, -1.8504 2.3661 0.0, -1.8504 2.3661 0.3228
            ]
        }
        coordIndex [
            0,1,2,-1,2,1,3,-1,
        ]
    }
}
Shape{
    appearance Appearance {
        material  Material 	{
            diffuseColor 0.25098039215686274 0.25098039215686274 0.25098039215686274
            specularColor 0.12549019607843137 0.12549019607843137 0.12549019607843137
            ambientIntensity 0.251
            transparency 0.0
            shininess 0.5
        }
    }
    geometry IndexedFaceSet {
        ccw TRUE
        solid FALSE
        coord DEF co Coordinate {
            point [
                -1.5157 2.3622 0.0039, -1.6732 2.3622 0.0039, -1.5157 2.3622 0.3189, -1.6732 2.3622 0.3189, 2.3622 1.8701 0.0039, 2.3622 2.3622 0.0039, 2.3622 1.8701 0.3189, 2.3622 2.3622 0.3189, -1.8701 2.3622 0.0039, -2.3622 2.3622 0.0039, -1.8701 2.3622 0.3189, -2.3622 2.3622 0.3189, -2.3622 -1.8701 0.0039, -2.3622 -2.3622 0.0039, -2.3622 -1.8701 0.3189, -2.3622 -2.3622 0.3189, 1.8701 -2.3622 0.0039, 2.3622 -2.3622 0.0039, 1.8701 -2.3622 0.3189, 2.3622 -2.3622 0.3189, 1.8701 2.0118 0.0039, 2.0118 1.8701 0.0039, 2.0118 1.6732 0.0039, 1.8701 -2.0118 0.0039, 2.3622 -1.8701 0.0039, 2.3622 -1.5157 0.0039, 2.3622 -1.6732 0.0039, 2.0118 -1.5157 0.0039, 2.0118 -1.6732 0.0039, 1.6732 -2.3622 0.0039, 1.5157 -2.3622 0.0039, 1.6732 -2.0118 0.0039, 1.5157 -2.0118 0.0039, 2.3622 -1.1614 0.0039, 2.3622 -1.3189 0.0039, 2.0118 -1.1614 0.0039, 2.0118 -1.3189 0.0039, 1.3189 -2.3622 0.0039, 1.1614 -2.3622 0.0039, 1.3189 -2.0118 0.0039, 1.1614 -2.0118 0.0039, 2.3622 -0.8071 0.0039, 2.3622 -0.9646 0.0039, 2.0118 -0.8071 0.0039, 2.0118 -0.9646 0.0039, 0.9646 -2.3622 0.0039, 0.8071 -2.3622 0.0039, 0.9646 -2.0118 0.0039, 0.8071 -2.0118 0.0039, 2.3622 -0.4528 0.0039, 2.3622 -0.6102 0.0039, 2.0118 -0.4528 0.0039, 2.0118 -0.6102 0.0039, 0.6102 -2.3622 0.0039, 0.4528 -2.3622 0.0039, 0.6102 -2.0118 0.0039, 0.4528 -2.0118 0.0039, 2.3622 -0.0984 0.0039, 2.3622 -0.2559 0.0039, 2.0118 -0.0984 0.0039, 2.0118 -0.2559 0.0039, -0.4528 -2.0118 0.0039, -0.4528 -2.3622 0.0039, -0.6102 -2.3622 0.0039, 0.2559 -2.3622 0.0039, 0.0984 -2.3622 0.0039, 0.2559 -2.0118 0.0039, 0.0984 -2.0118 0.0039, 2.3622 0.2559 0.0039, 2.3622 0.0984 0.0039, 2.0118 0.2559 0.0039, 2.0118 0.0984 0.0039, 2.0118 0.6102 0.0039, 2.3622 0.6102 0.0039, 2.3622 0.4528 0.0039, -0.0984 -2.3622 0.0039, -0.2559 -2.3622 0.0039, -0.0984 -2.0118 0.0039, -0.2559 -2.0118 0.0039, 2.3622 0.9646 0.0039, 2.3622 0.8071 0.0039, 2.0118 0.9646 0.0039, 2.0118 0.8071 0.0039, -0.8071 -2.3622 0.0039, -0.9646 -2.3622 0.0039, -0.8071 -2.0118 0.0039, -0.9646 -2.0118 0.0039, 2.3622 1.3189 0.0039, 2.3622 1.1614 0.0039, 2.0118 1.3189 0.0039, 2.0118 1.1614 0.0039, -0.6102 -2.0118 0.0039, 2.0118 0.4528 0.0039, 2.0118 -1.8701 0.0039, -1.1614 -2.3622 0.0039, -1.3189 -2.3622 0.0039, -1.1614 -2.0118 0.0039, -1.3189 -2.0118 0.0039, 2.3622 1.6732 0.0039, 2.3622 1.5157 0.0039, 2.0118 1.5157 0.0039, -2.0118 -1.8701 0.0039, -1.5157 -2.3622 0.0039, -1.6732 -2.3622 0.0039, -1.5157 -2.0118 0.0039, -1.6732 -2.0118 0.0039, -1.8701 -2.3622 0.0039, -2.0118 -1.6732 0.0039, -1.8701 -2.0118 0.0039, -2.3622 -1.6732 0.0039, -2.3622 -1.5157 0.0039, -2.0118 -1.5157 0.0039, -2.0118 -1.3189 0.0039, -2.3622 -1.3189 0.0039, -2.3622 -1.1614 0.0039, -2.0118 -1.1614 0.0039, -2.0118 -0.9646 0.0039, -2.3622 -0.9646 0.0039, -2.3622 -0.8071 0.0039, -2.0118 -0.8071 0.0039, -2.0118 -0.6102 0.0039, -2.3622 -0.6102 0.0039, -2.3622 -0.4528 0.0039, -2.0118 -0.4528 0.0039, -2.0118 -0.2559 0.0039, -2.3622 -0.2559 0.0039, -2.3622 -0.0984 0.0039, -2.0118 -0.0984 0.0039, -2.0118 0.0984 0.0039, -2.3622 0.0984 0.0039, -2.3622 0.2559 0.0039, -2.0118 0.2559 0.0039, -2.0118 0.4528 0.0039, -2.0118 1.1614 0.0039, -2.3622 1.1614 0.0039, -2.3622 1.3189 0.0039, -2.3622 0.4528 0.0039, -2.3622 0.6102 0.0039, -2.0118 0.6102 0.0039, -2.0118 0.8071 0.0039, -2.3622 0.8071 0.0039, -2.3622 0.9646 0.0039, -2.0118 0.9646 0.0039, -2.0118 1.3189 0.0039, -2.3622 1.5157 0.0039, -2.3622 1.6732 0.0039, -2.0118 1.5157 0.0039, -2.0118 1.6732 0.0039, -1.8701 2.0118 0.0039, -2.3622 1.8701 0.0039, -1.6732 2.0118 0.0039, -2.0118 1.8701 0.0039, -1.5157 2.0118 0.0039, -1.3189 2.0118 0.0039, -1.3189 2.3622 0.0039, -1.1614 2.3622 0.0039, -1.1614 2.0118 0.0039, -0.9646 2.0118 0.0039, -0.8071 2.0118 0.0039, -0.6102 2.0118 0.0039, -0.9646 2.3622 0.0039, -0.8071 2.3622 0.0039, -0.6102 2.3622 0.0039, -0.4528 2.3622 0.0039, -0.4528 2.0118 0.0039, -0.2559 2.0118 0.0039, -0.2559 2.3622 0.0039, -0.0984 2.3622 0.0039, -0.0984 2.0118 0.0039, 0.0984 2.0118 0.0039, 0.0984 2.3622 0.0039, 0.2559 2.3622 0.0039, 0.2559 2.0118 0.0039, 0.4528 2.0118 0.0039, 0.4528 2.3622 0.0039, 0.6102 2.3622 0.0039, 0.6102 2.0118 0.0039, 0.8071 2.0118 0.0039, 1.5157 2.0118 0.0039, 1.5157 2.3622 0.0039, 1.6732 2.3622 0.0039, 0.8071 2.3622 0.0039, 0.9646 2.3622 0.0039, 0.9646 2.0118 0.0039, 1.1614 2.0118 0.0039, 1.1614 2.3622 0.0039, 1.3189 2.3622 0.0039, 1.3189 2.0118 0.0039, 1.6732 2.0118 0.0039, 1.8701 2.3622 0.0039
            ]
        }
        coordIndex [
            0,1,2,-1,2,1,3,-1,4,5,6,-1,6,5,7,-1,8,9,10,-1,10,9,11,-1,12,13,14,-1,14,13,15,-1,16,17,18,-1,18,17,19,-1,20,21,22,-1,17,16,23,-1,17,23,24,-1,25,26,27,-1,27,26,28,-1,29,30,31,-1,31,30,32,-1,33,34,35,-1,35,34,36,-1,37,38,39,-1,39,38,40,-1,41,42,43,-1,43,42,44,-1,45,46,47,-1,47,46,48,-1,49,50,51,-1,51,50,52,-1,53,54,55,-1,55,54,56,-1,57,58,59,-1,59,58,60,-1,61,62,63,-1,64,65,66,-1,66,65,67,-1,68,69,70,-1,70,69,71,-1,72,73,74,-1,75,76,77,-1,77,76,78,-1,79,80,81,-1,81,80,82,-1,83,84,85,-1,85,84,86,-1,87,88,89,-1,89,88,90,-1,63,91,61,-1,61,91,92,-1,61,92,78,-1,78,92,70,-1,78,70,77,-1,77,70,71,-1,77,71,67,-1,67,71,59,-1,67,59,66,-1,66,59,60,-1,66,60,56,-1,56,60,51,-1,56,51,55,-1,55,51,52,-1,55,52,48,-1,48,52,43,-1,48,43,47,-1,47,43,44,-1,47,44,40,-1,40,44,35,-1,40,35,39,-1,39,35,36,-1,39,36,32,-1,32,36,27,-1,32,27,31,-1,31,27,28,-1,31,28,23,-1,23,28,93,-1,23,93,24,-1,94,95,96,-1,96,95,97,-1,98,99,22,-1,22,99,100,-1,13,12,101,-1,102,103,104,-1,104,103,105,-1,13,101,106,-1,107,105,101,-1,101,105,108,-1,101,108,106,-1,109,110,107,-1,107,110,111,-1,107,111,105,-1,105,111,112,-1,113,114,112,-1,112,114,115,-1,112,115,105,-1,105,115,116,-1,117,118,116,-1,116,118,119,-1,116,119,105,-1,105,119,120,-1,121,122,120,-1,120,122,123,-1,120,123,105,-1,105,123,124,-1,125,126,124,-1,124,126,127,-1,124,127,105,-1,105,127,128,-1,129,130,128,-1,128,130,131,-1,128,131,105,-1,105,131,132,-1,133,134,135,-1,136,137,132,-1,132,137,138,-1,132,138,105,-1,105,138,139,-1,140,141,139,-1,139,141,142,-1,139,142,105,-1,105,142,133,-1,105,133,143,-1,143,133,135,-1,144,145,146,-1,146,145,147,-1,9,8,148,-1,9,148,149,-1,150,147,148,-1,148,147,151,-1,148,151,149,-1,1,0,150,-1,150,0,152,-1,150,152,147,-1,147,152,153,-1,154,155,153,-1,153,155,156,-1,153,156,147,-1,147,156,157,-1,158,159,105,-1,160,161,157,-1,157,161,158,-1,157,158,147,-1,147,158,105,-1,147,105,146,-1,146,105,143,-1,162,163,159,-1,159,163,164,-1,159,164,105,-1,105,164,165,-1,166,167,165,-1,165,167,168,-1,165,168,105,-1,105,168,169,-1,170,171,169,-1,169,171,172,-1,169,172,105,-1,105,172,173,-1,174,175,173,-1,173,175,176,-1,173,176,105,-1,105,176,177,-1,178,179,180,-1,181,182,177,-1,177,182,183,-1,177,183,105,-1,105,183,184,-1,185,186,184,-1,184,186,187,-1,184,187,105,-1,105,187,178,-1,105,178,188,-1,188,178,180,-1,20,189,21,-1,21,189,5,-1,21,5,4,-1,188,20,105,-1,105,20,22,-1,105,22,104,-1,104,22,100,-1,104,100,97,-1,97,100,89,-1,97,89,96,-1,96,89,90,-1,96,90,86,-1,86,90,81,-1,86,81,85,-1,85,81,82,-1,85,82,91,-1,91,82,72,-1,91,72,92,-1,92,72,74,-1,
        ]
    }
}
Shape{
    appearance Appearance {
        material  Material 	{
            diffuseColor 0.9882352941176471 0.7372549019607844 0.5176470588235295
            specularColor 0.49411764705882355 0.3686274509803922 0.25882352941176473
            ambientIntensity 0.7873
            transparency 0.0
            shininess 0.5
        }
    }
    geometry IndexedFaceSet {
        ccw TRUE
        solid FALSE
        coord DEF co Coordinate {
            point [
                -1.8701 2.0118 0.0, -1.6732 2.0118 0.0, -1.8701 2.0118 0.0039, -1.6732 2.0118 0.0039, -1.6732 2.3622 0.0039, -1.6732 2.3661 0.0, -1.6732 2.3622 0.3189, -1.6732 2.3661 0.3228, -1.6732 2.1654 0.3189, -1.6732 2.1654 0.3228, -1.8701 2.1654 0.3189, -1.8701 2.1654 0.3228, -1.8701 2.3622 0.3189, -1.8701 2.3661 0.3228, -1.8701 2.3622 0.0039, -1.8701 2.3661 0.0, -1.6929 2.3661 0.3228, -1.6929 2.3661 0.0, -1.8504 2.3661 0.0, -1.8477 2.3458 0.0, -1.8398 2.3268 0.0, -1.8273 2.3105 0.0, -1.811 2.298 0.0, -1.792 2.2901 0.0, -1.7717 2.2874 0.0, -1.7513 2.2901 0.0, -1.7323 2.298 0.0, -1.716 2.3105 0.0, -1.7035 2.3268 0.0, -1.6956 2.3458 0.0, -1.6956 2.3458 0.3228, -1.811 2.298 0.3228, -1.8273 2.3105 0.3228, -1.8398 2.3268 0.3228, -1.8477 2.3458 0.3228, -1.8504 2.3661 0.3228, -1.716 2.3105 0.3228, -1.7323 2.298 0.3228, -1.7513 2.2901 0.3228, -1.7717 2.2874 0.3228, -1.792 2.2901 0.3228, -1.7035 2.3268 0.3228, -1.5157 2.0118 0.0, -1.3189 2.0118 0.0, -1.5157 2.0118 0.0039, -1.3189 2.0118 0.0039, -1.3189 2.3622 0.0039, -1.3189 2.3661 0.0, -1.3189 2.3622 0.3189, -1.3189 2.3661 0.3228, -1.3189 2.1654 0.3189, -1.3189 2.1654 0.3228, -1.5157 2.1654 0.3189, -1.5157 2.1654 0.3228, -1.5157 2.3622 0.3189, -1.5157 2.3661 0.3228, -1.5157 2.3622 0.0039, -1.5157 2.3661 0.0, -1.3386 2.3661 0.3228, -1.3386 2.3661 0.0, -1.4961 2.3661 0.0, -1.4934 2.3458 0.0, -1.473 2.3105 0.0, -1.4567 2.298 0.0, -1.4377 2.2901 0.0, -1.4173 2.2874 0.0, -1.3969 2.2901 0.0, -1.378 2.298 0.0, -1.3616 2.3105 0.0, -1.3491 2.3268 0.0, -1.3413 2.3458 0.0, -1.4855 2.3268 0.0, -1.3413 2.3458 0.3228, -1.3491 2.3268 0.3228, -1.3616 2.3105 0.3228, -1.378 2.298 0.3228, -1.3969 2.2901 0.3228, -1.4173 2.2874 0.3228, -1.4377 2.2901 0.3228, -1.4567 2.298 0.3228, -1.473 2.3105 0.3228, -1.4855 2.3268 0.3228, -1.4934 2.3458 0.3228, -1.4961 2.3661 0.3228, -1.1614 2.0118 0.0, -0.9646 2.0118 0.0, -1.1614 2.0118 0.0039, -0.9646 2.0118 0.0039, -0.9646 2.3622 0.0039, -0.9646 2.3661 0.0, -0.9646 2.3622 0.3189, -0.9646 2.3661 0.3228, -0.9646 2.1654 0.3189, -0.9646 2.1654 0.3228, -1.1614 2.1654 0.3189, -1.1614 2.1654 0.3228, -1.1614 2.3622 0.3189, -1.1614 2.3661 0.3228, -1.1614 2.3622 0.0039, -1.1614 2.3661 0.0, -0.9843 2.3661 0.3228, -0.9843 2.3661 0.0, -1.1312 2.3268 0.0, -1.1187 2.3105 0.0, -1.139 2.3458 0.0, -1.1417 2.3661 0.0, -1.1024 2.298 0.0, -1.0834 2.2901 0.0, -1.063 2.2874 0.0, -1.0426 2.2901 0.0, -1.0236 2.298 0.0, -1.0073 2.3105 0.0, -0.9948 2.3268 0.0, -0.9869 2.3458 0.0, -0.9869 2.3458 0.3228, -1.1024 2.298 0.3228, -1.1187 2.3105 0.3228, -1.1312 2.3268 0.3228, -1.139 2.3458 0.3228, -1.1417 2.3661 0.3228, -0.9948 2.3268 0.3228, -1.0073 2.3105 0.3228, -1.0236 2.298 0.3228, -1.0426 2.2901 0.3228, -1.063 2.2874 0.3228, -1.0834 2.2901 0.3228, -0.8071 2.0118 0.0, -0.6102 2.0118 0.0, -0.8071 2.0118 0.0039, -0.6102 2.0118 0.0039, -0.6102 2.3622 0.0039, -0.6102 2.3661 0.0, -0.6102 2.3622 0.3189, -0.6102 2.3661 0.3228, -0.6102 2.1654 0.3189, -0.6102 2.1654 0.3228, -0.8071 2.1654 0.3189, -0.8071 2.1654 0.3228, -0.8071 2.3622 0.3189, -0.8071 2.3661 0.3228, -0.8071 2.3622 0.0039, -0.8071 2.3661 0.0, -0.6299 2.3661 0.3228, -0.6299 2.3661 0.0, -0.7874 2.3661 0.0, -0.7847 2.3458 0.0, -0.7769 2.3268 0.0, -0.7643 2.3105 0.0, -0.748 2.298 0.0, -0.729 2.2901 0.0, -0.7087 2.2874 0.0, -0.6883 2.2901 0.0, -0.6693 2.298 0.0, -0.653 2.3105 0.0, -0.6405 2.3268 0.0, -0.6326 2.3458 0.0, -0.6326 2.3458 0.3228, -0.748 2.298 0.3228, -0.7643 2.3105 0.3228, -0.7769 2.3268 0.3228, -0.7847 2.3458 0.3228, -0.7874 2.3661 0.3228, -0.6405 2.3268 0.3228, -0.653 2.3105 0.3228, -0.6693 2.298 0.3228, -0.6883 2.2901 0.3228, -0.7087 2.2874 0.3228, -0.729 2.2901 0.3228, -0.4528 2.0118 0.0, -0.2559 2.0118 0.0, -0.4528 2.0118 0.0039, -0.2559 2.0118 0.0039, -0.2559 2.3622 0.0039, -0.2559 2.3661 0.0, -0.2559 2.3622 0.3189, -0.2559 2.3661 0.3228, -0.2559 2.1654 0.3189, -0.2559 2.1654 0.3228, -0.4528 2.1654 0.3189, -0.4528 2.1654 0.3228, -0.4528 2.3622 0.3189, -0.4528 2.3661 0.3228, -0.4528 2.3622 0.0039, -0.4528 2.3661 0.0, -0.2756 2.3661 0.3228, -0.2756 2.3661 0.0, -0.4331 2.3661 0.0, -0.4304 2.3458 0.0, -0.4225 2.3268 0.0, -0.41 2.3105 0.0, -0.3937 2.298 0.0, -0.3747 2.2901 0.0, -0.3543 2.2874 0.0, -0.334 2.2901 0.0, -0.315 2.298 0.0, -0.2987 2.3105 0.0, -0.2861 2.3268 0.0, -0.2783 2.3458 0.0, -0.2783 2.3458 0.3228, -0.3937 2.298 0.3228, -0.41 2.3105 0.3228, -0.4225 2.3268 0.3228, -0.4304 2.3458 0.3228, -0.4331 2.3661 0.3228, -0.2861 2.3268 0.3228, -0.2987 2.3105 0.3228, -0.315 2.298 0.3228, -0.334 2.2901 0.3228, -0.3543 2.2874 0.3228, -0.3747 2.2901 0.3228, -0.0984 2.0118 0.0, 0.0984 2.0118 0.0, -0.0984 2.0118 0.0039, 0.0984 2.0118 0.0039, 0.0984 2.3622 0.0039, 0.0984 2.3661 0.0, 0.0984 2.3622 0.3189, 0.0984 2.3661 0.3228, 0.0984 2.1654 0.3189, 0.0984 2.1654 0.3228, -0.0984 2.1654 0.3189, -0.0984 2.1654 0.3228, -0.0984 2.3622 0.3189, -0.0984 2.3661 0.3228, -0.0984 2.3622 0.0039, -0.0984 2.3661 0.0, 0.0787 2.3661 0.3228, 0.0787 2.3661 0.0, -0.0787 2.3661 0.0, -0.0761 2.3458 0.0, -0.0557 2.3105 0.0, -0.0394 2.298 0.0, -0.0204 2.2901 0.0, 0.0 2.2874 0.0, 0.0204 2.2901 0.0, 0.0394 2.298 0.0, -0.0682 2.3268 0.0, 0.0557 2.3105 0.0, 0.0682 2.3268 0.0, 0.0761 2.3458 0.0, 0.0761 2.3458 0.3228, 0.0557 2.3105 0.3228, 0.0394 2.298 0.3228, 0.0682 2.3268 0.3228, 0.0204 2.2901 0.3228, 0.0 2.2874 0.3228, -0.0204 2.2901 0.3228, -0.0394 2.298 0.3228, -0.0557 2.3105 0.3228, -0.0682 2.3268 0.3228, -0.0761 2.3458 0.3228, -0.0787 2.3661 0.3228, 0.2559 2.0118 0.0, 0.4528 2.0118 0.0, 0.2559 2.0118 0.0039, 0.4528 2.0118 0.0039, 0.4528 2.3622 0.0039, 0.4528 2.3661 0.0, 0.4528 2.3622 0.3189, 0.4528 2.3661 0.3228, 0.4528 2.1654 0.3189, 0.4528 2.1654 0.3228, 0.2559 2.1654 0.3189, 0.2559 2.1654 0.3228, 0.2559 2.3622 0.3189, 0.2559 2.3661 0.3228, 0.2559 2.3622 0.0039, 0.2559 2.3661 0.0, 0.4331 2.3661 0.3228, 0.4331 2.3661 0.0, 0.2756 2.3661 0.0, 0.2783 2.3458 0.0, 0.2987 2.3105 0.0, 0.315 2.298 0.0, 0.334 2.2901 0.0, 0.3543 2.2874 0.0, 0.3747 2.2901 0.0, 0.3937 2.298 0.0, 0.41 2.3105 0.0, 0.4225 2.3268 0.0, 0.4304 2.3458 0.0, 0.2861 2.3268 0.0, 0.4304 2.3458 0.3228, 0.4225 2.3268 0.3228, 0.41 2.3105 0.3228, 0.3937 2.298 0.3228, 0.3747 2.2901 0.3228, 0.3543 2.2874 0.3228, 0.334 2.2901 0.3228, 0.315 2.298 0.3228, 0.2987 2.3105 0.3228, 0.2861 2.3268 0.3228, 0.2783 2.3458 0.3228, 0.2756 2.3661 0.3228, 0.6102 2.0118 0.0, 0.8071 2.0118 0.0, 0.6102 2.0118 0.0039, 0.8071 2.0118 0.0039, 0.8071 2.3622 0.0039, 0.8071 2.3661 0.0, 0.8071 2.3622 0.3189, 0.8071 2.3661 0.3228, 0.8071 2.1654 0.3189, 0.8071 2.1654 0.3228, 0.6102 2.1654 0.3189, 0.6102 2.1654 0.3228, 0.6102 2.3622 0.3189, 0.6102 2.3661 0.3228, 0.6102 2.3622 0.0039, 0.6102 2.3661 0.0, 0.7874 2.3661 0.3228, 0.7874 2.3661 0.0, 0.6299 2.3661 0.0, 0.6326 2.3458 0.0, 0.6405 2.3268 0.0, 0.653 2.3105 0.0, 0.6693 2.298 0.0, 0.6883 2.2901 0.0, 0.7087 2.2874 0.0, 0.729 2.2901 0.0, 0.748 2.298 0.0, 0.7643 2.3105 0.0, 0.7769 2.3268 0.0, 0.7847 2.3458 0.0, 0.7847 2.3458 0.3228, 0.6693 2.298 0.3228, 0.653 2.3105 0.3228, 0.6405 2.3268 0.3228, 0.6326 2.3458 0.3228, 0.6299 2.3661 0.3228, 0.7769 2.3268 0.3228, 0.7643 2.3105 0.3228, 0.748 2.298 0.3228, 0.729 2.2901 0.3228, 0.7087 2.2874 0.3228, 0.6883 2.2901 0.3228, 0.9646 2.0118 0.0, 1.1614 2.0118 0.0, 0.9646 2.0118 0.0039, 1.1614 2.0118 0.0039, 1.1614 2.3622 0.0039, 1.1614 2.3661 0.0, 1.1614 2.3622 0.3189, 1.1614 2.3661 0.3228, 1.1614 2.1654 0.3189, 1.1614 2.1654 0.3228, 0.9646 2.1654 0.3189, 0.9646 2.1654 0.3228, 0.9646 2.3622 0.3189, 0.9646 2.3661 0.3228, 0.9646 2.3622 0.0039, 0.9646 2.3661 0.0, 1.1417 2.3661 0.3228, 1.1417 2.3661 0.0, 0.9948 2.3268 0.0, 1.0073 2.3105 0.0, 0.9869 2.3458 0.0, 0.9843 2.3661 0.0, 1.0236 2.298 0.0, 1.0426 2.2901 0.0, 1.063 2.2874 0.0, 1.0834 2.2901 0.0, 1.1024 2.298 0.0, 1.1187 2.3105 0.0, 1.1312 2.3268 0.0, 1.139 2.3458 0.0, 1.139 2.3458 0.3228, 1.0236 2.298 0.3228, 1.0073 2.3105 0.3228, 0.9948 2.3268 0.3228, 0.9869 2.3458 0.3228, 0.9843 2.3661 0.3228, 1.1312 2.3268 0.3228, 1.1187 2.3105 0.3228, 1.1024 2.298 0.3228, 1.0834 2.2901 0.3228, 1.063 2.2874 0.3228, 1.0426 2.2901 0.3228, 1.3189 2.0118 0.0, 1.5157 2.0118 0.0, 1.3189 2.0118 0.0039, 1.5157 2.0118 0.0039, 1.5157 2.3622 0.0039, 1.5157 2.3661 0.0, 1.5157 2.3622 0.3189, 1.5157 2.3661 0.3228, 1.5157 2.1654 0.3189, 1.5157 2.1654 0.3228, 1.3189 2.1654 0.3189, 1.3189 2.1654 0.3228, 1.3189 2.3622 0.3189, 1.3189 2.3661 0.3228, 1.3189 2.3622 0.0039, 1.3189 2.3661 0.0, 1.4961 2.3661 0.3228, 1.4961 2.3661 0.0, 1.3491 2.3268 0.0, 1.3616 2.3105 0.0, 1.3413 2.3458 0.0, 1.3386 2.3661 0.0, 1.378 2.298 0.0, 1.3969 2.2901 0.0, 1.4173 2.2874 0.0, 1.4377 2.2901 0.0, 1.4567 2.298 0.0, 1.473 2.3105 0.0, 1.4855 2.3268 0.0, 1.4934 2.3458 0.0, 1.4934 2.3458 0.3228, 1.378 2.298 0.3228, 1.3616 2.3105 0.3228, 1.3491 2.3268 0.3228, 1.3413 2.3458 0.3228, 1.3386 2.3661 0.3228, 1.4855 2.3268 0.3228, 1.473 2.3105 0.3228, 1.4567 2.298 0.3228, 1.4377 2.2901 0.3228, 1.4173 2.2874 0.3228, 1.3969 2.2901 0.3228, 1.6732 2.0118 0.0, 1.8701 2.0118 0.0, 1.6732 2.0118 0.0039, 1.8701 2.0118 0.0039, 1.8701 2.3622 0.0039, 1.8701 2.3661 0.0, 1.8701 2.3622 0.3189, 1.8701 2.3661 0.3228, 1.8701 2.1654 0.3189, 1.8701 2.1654 0.3228, 1.6732 2.1654 0.3189, 1.6732 2.1654 0.3228, 1.6732 2.3622 0.3189, 1.6732 2.3661 0.3228, 1.6732 2.3622 0.0039, 1.6732 2.3661 0.0, 1.8504 2.3661 0.3228, 1.8504 2.3661 0.0, 1.6929 2.3661 0.0, 1.6956 2.3458 0.0, 1.7035 2.3268 0.0, 1.716 2.3105 0.0, 1.7323 2.298 0.0, 1.7513 2.2901 0.0, 1.7717 2.2874 0.0, 1.792 2.2901 0.0, 1.811 2.298 0.0, 1.8273 2.3105 0.0, 1.8398 2.3268 0.0, 1.8477 2.3458 0.0, 1.8477 2.3458 0.3228, 1.7323 2.298 0.3228, 1.716 2.3105 0.3228, 1.7035 2.3268 0.3228, 1.6956 2.3458 0.3228, 1.6929 2.3661 0.3228, 1.8273 2.3105 0.3228, 1.811 2.298 0.3228, 1.792 2.2901 0.3228, 1.7717 2.2874 0.3228, 1.7513 2.2901 0.3228, 1.8398 2.3268 0.3228, -2.0118 -1.8701 0.0, -2.0118 -1.6732 0.0, -2.0118 -1.8701 0.0039, -2.0118 -1.6732 0.0039, -2.3622 -1.6732 0.0039, -2.3661 -1.6732 0.0, -2.3622 -1.6732 0.3189, -2.3661 -1.6732 0.3228, -2.1654 -1.6732 0.3189, -2.1654 -1.6732 0.3228, -2.1654 -1.8701 0.3189, -2.1654 -1.8701 0.3228, -2.3622 -1.8701 0.3189, -2.3661 -1.8701 0.3228, -2.3622 -1.8701 0.0039, -2.3661 -1.8701 0.0, -2.3661 -1.6929 0.3228, -2.3661 -1.6929 0.0, -2.3268 -1.8398 0.0, -2.3105 -1.8273 0.0, -2.2901 -1.7513 0.0, -2.298 -1.7323 0.0, -2.3458 -1.8477 0.0, -2.3661 -1.8504 0.0, -2.3105 -1.716 0.0, -2.3268 -1.7035 0.0, -2.3458 -1.6956 0.0, -2.298 -1.811 0.0, -2.2901 -1.792 0.0, -2.2874 -1.7717 0.0, -2.3458 -1.6956 0.3228, -2.3105 -1.716 0.3228, -2.298 -1.7323 0.3228, -2.3268 -1.7035 0.3228, -2.298 -1.811 0.3228, -2.3105 -1.8273 0.3228, -2.3268 -1.8398 0.3228, -2.3458 -1.8477 0.3228, -2.3661 -1.8504 0.3228, -2.2901 -1.7513 0.3228, -2.2874 -1.7717 0.3228, -2.2901 -1.792 0.3228, -2.0118 -1.5157 0.0, -2.0118 -1.3189 0.0, -2.0118 -1.5157 0.0039, -2.0118 -1.3189 0.0039, -2.3622 -1.3189 0.0039, -2.3661 -1.3189 0.0, -2.3622 -1.3189 0.3189, -2.3661 -1.3189 0.3228, -2.1654 -1.3189 0.3189, -2.1654 -1.3189 0.3228, -2.1654 -1.5157 0.3189, -2.1654 -1.5157 0.3228, -2.3622 -1.5157 0.3189, -2.3661 -1.5157 0.3228, -2.3622 -1.5157 0.0039, -2.3661 -1.5157 0.0, -2.3661 -1.3386 0.3228, -2.3661 -1.3386 0.0, -2.3661 -1.4961 0.0, -2.3458 -1.4934 0.0, -2.2901 -1.3969 0.0, -2.298 -1.378 0.0, -2.3268 -1.4855 0.0, -2.3105 -1.473 0.0, -2.3105 -1.3616 0.0, -2.3268 -1.3491 0.0, -2.3458 -1.3413 0.0, -2.298 -1.4567 0.0, -2.2901 -1.4377 0.0, -2.2874 -1.4173 0.0, -2.3458 -1.3413 0.3228, -2.3105 -1.3616 0.3228, -2.298 -1.378 0.3228, -2.3268 -1.3491 0.3228, -2.298 -1.4567 0.3228, -2.3105 -1.473 0.3228, -2.3268 -1.4855 0.3228, -2.3458 -1.4934 0.3228, -2.3661 -1.4961 0.3228, -2.2901 -1.3969 0.3228, -2.2874 -1.4173 0.3228, -2.2901 -1.4377 0.3228, -2.0118 -1.1614 0.0, -2.0118 -0.9646 0.0, -2.0118 -1.1614 0.0039, -2.0118 -0.9646 0.0039, -2.3622 -0.9646 0.0039, -2.3661 -0.9646 0.0, -2.3622 -0.9646 0.3189, -2.3661 -0.9646 0.3228, -2.1654 -0.9646 0.3189, -2.1654 -0.9646 0.3228, -2.1654 -1.1614 0.3189, -2.1654 -1.1614 0.3228, -2.3622 -1.1614 0.3189, -2.3661 -1.1614 0.3228, -2.3622 -1.1614 0.0039, -2.3661 -1.1614 0.0, -2.3661 -0.9843 0.3228, -2.3661 -0.9843 0.0, -2.3661 -1.1417 0.0, -2.3458 -1.139 0.0, -2.3268 -0.9948 0.0, -2.3458 -0.9869 0.0, -2.3268 -1.1312 0.0, -2.3105 -1.1187 0.0, -2.298 -1.1024 0.0, -2.2901 -1.0834 0.0, -2.2874 -1.063 0.0, -2.2901 -1.0426 0.0, -2.298 -1.0236 0.0, -2.3105 -1.0073 0.0, -2.3458 -0.9869 0.3228, -2.298 -1.1024 0.3228, -2.3105 -1.1187 0.3228, -2.3268 -1.1312 0.3228, -2.3458 -1.139 0.3228, -2.3661 -1.1417 0.3228, -2.3268 -0.9948 0.3228, -2.3105 -1.0073 0.3228, -2.298 -1.0236 0.3228, -2.2901 -1.0426 0.3228, -2.2874 -1.063 0.3228, -2.2901 -1.0834 0.3228, -2.0118 -0.8071 0.0, -2.0118 -0.6102 0.0, -2.0118 -0.8071 0.0039, -2.0118 -0.6102 0.0039, -2.3622 -0.6102 0.0039, -2.3661 -0.6102 0.0, -2.3622 -0.6102 0.3189, -2.3661 -0.6102 0.3228, -2.1654 -0.6102 0.3189, -2.1654 -0.6102 0.3228, -2.1654 -0.8071 0.3189, -2.1654 -0.8071 0.3228, -2.3622 -0.8071 0.3189, -2.3661 -0.8071 0.3228, -2.3622 -0.8071 0.0039, -2.3661 -0.8071 0.0, -2.3661 -0.6299 0.3228, -2.3661 -0.6299 0.0, -2.3268 -0.7769 0.0, -2.3105 -0.7643 0.0, -2.2901 -0.6883 0.0, -2.298 -0.6693 0.0, -2.3458 -0.7847 0.0, -2.3661 -0.7874 0.0, -2.298 -0.748 0.0, -2.2901 -0.729 0.0, -2.2874 -0.7087 0.0, -2.3105 -0.653 0.0, -2.3268 -0.6405 0.0, -2.3458 -0.6326 0.0, -2.3458 -0.6326 0.3228, -2.3105 -0.653 0.3228, -2.298 -0.6693 0.3228, -2.3268 -0.6405 0.3228, -2.2901 -0.6883 0.3228, -2.2874 -0.7087 0.3228, -2.2901 -0.729 0.3228, -2.298 -0.748 0.3228, -2.3105 -0.7643 0.3228, -2.3268 -0.7769 0.3228, -2.3458 -0.7847 0.3228, -2.3661 -0.7874 0.3228, -2.0118 -0.4528 0.0, -2.0118 -0.2559 0.0, -2.0118 -0.4528 0.0039, -2.0118 -0.2559 0.0039, -2.3622 -0.2559 0.0039, -2.3661 -0.2559 0.0, -2.3622 -0.2559 0.3189, -2.3661 -0.2559 0.3228, -2.1654 -0.2559 0.3189, -2.1654 -0.2559 0.3228, -2.1654 -0.4528 0.3189, -2.1654 -0.4528 0.3228, -2.3622 -0.4528 0.3189, -2.3661 -0.4528 0.3228, -2.3622 -0.4528 0.0039, -2.3661 -0.4528 0.0, -2.3661 -0.2756 0.3228, -2.3661 -0.2756 0.0, -2.2901 -0.3747 0.0, -2.2874 -0.3543 0.0, -2.2901 -0.334 0.0, -2.298 -0.315 0.0, -2.3105 -0.2987 0.0, -2.3268 -0.2861 0.0, -2.3458 -0.2783 0.0, -2.3268 -0.4225 0.0, -2.3105 -0.41 0.0, -2.298 -0.3937 0.0, -2.3458 -0.4304 0.0, -2.3661 -0.4331 0.0, -2.3458 -0.2783 0.3228, -2.3105 -0.2987 0.3228, -2.298 -0.315 0.3228, -2.3268 -0.2861 0.3228, -2.2901 -0.334 0.3228, -2.2874 -0.3543 0.3228, -2.2901 -0.3747 0.3228, -2.298 -0.3937 0.3228, -2.3105 -0.41 0.3228, -2.3268 -0.4225 0.3228, -2.3458 -0.4304 0.3228, -2.3661 -0.4331 0.3228, -2.0118 -0.0984 0.0, -2.0118 0.0984 0.0, -2.0118 -0.0984 0.0039, -2.0118 0.0984 0.0039, -2.3622 0.0984 0.0039, -2.3661 0.0984 0.0, -2.3622 0.0984 0.3189, -2.3661 0.0984 0.3228, -2.1654 0.0984 0.3189, -2.1654 0.0984 0.3228, -2.1654 -0.0984 0.3189, -2.1654 -0.0984 0.3228, -2.3622 -0.0984 0.3189, -2.3661 -0.0984 0.3228, -2.3622 -0.0984 0.0039, -2.3661 -0.0984 0.0, -2.3661 0.0787 0.3228, -2.3661 0.0787 0.0, -2.2901 0.0204 0.0, -2.298 0.0394 0.0, -2.3661 -0.0787 0.0, -2.3458 -0.0761 0.0, -2.3268 -0.0682 0.0, -2.3105 -0.0557 0.0, -2.298 -0.0394 0.0, -2.2901 -0.0204 0.0, -2.2874 -0.0 0.0, -2.3105 0.0557 0.0, -2.3268 0.0682 0.0, -2.3458 0.0761 0.0, -2.3458 0.0761 0.3228, -2.3105 0.0557 0.3228, -2.298 0.0394 0.3228, -2.3268 0.0682 0.3228, -2.2901 0.0204 0.3228, -2.2874 -0.0 0.3228, -2.2901 -0.0204 0.3228, -2.298 -0.0394 0.3228, -2.3105 -0.0557 0.3228, -2.3268 -0.0682 0.3228, -2.3458 -0.0761 0.3228, -2.3661 -0.0787 0.3228, -2.0118 0.2559 0.0, -2.0118 0.4528 0.0, -2.0118 0.2559 0.0039, -2.0118 0.4528 0.0039, -2.3622 0.4528 0.0039, -2.3661 0.4528 0.0, -2.3622 0.4528 0.3189, -2.3661 0.4528 0.3228, -2.1654 0.4528 0.3189, -2.1654 0.4528 0.3228, -2.1654 0.2559 0.3189, -2.1654 0.2559 0.3228, -2.3622 0.2559 0.3189, -2.3661 0.2559 0.3228, -2.3622 0.2559 0.0039, -2.3661 0.2559 0.0, -2.3661 0.4331 0.3228, -2.3661 0.4331 0.0, -2.2901 0.3747 0.0, -2.298 0.3937 0.0, -2.3268 0.2861 0.0, -2.3105 0.2987 0.0, -2.3105 0.41 0.0, -2.3268 0.4225 0.0, -2.3458 0.4304 0.0, -2.3458 0.2783 0.0, -2.3661 0.2756 0.0, -2.298 0.315 0.0, -2.2901 0.334 0.0, -2.2874 0.3543 0.0, -2.3458 0.4304 0.3228, -2.3105 0.41 0.3228, -2.298 0.3937 0.3228, -2.3268 0.4225 0.3228, -2.298 0.315 0.3228, -2.3105 0.2987 0.3228, -2.3268 0.2861 0.3228, -2.3458 0.2783 0.3228, -2.3661 0.2756 0.3228, -2.2901 0.3747 0.3228, -2.2874 0.3543 0.3228, -2.2901 0.334 0.3228, -2.0118 0.6102 0.0, -2.0118 0.8071 0.0, -2.0118 0.6102 0.0039, -2.0118 0.8071 0.0039, -2.3622 0.8071 0.0039, -2.3661 0.8071 0.0, -2.3622 0.8071 0.3189, -2.3661 0.8071 0.3228, -2.1654 0.8071 0.3189, -2.1654 0.8071 0.3228, -2.1654 0.6102 0.3189, -2.1654 0.6102 0.3228, -2.3622 0.6102 0.3189, -2.3661 0.6102 0.3228, -2.3622 0.6102 0.0039, -2.3661 0.6102 0.0, -2.3661 0.7874 0.3228, -2.3661 0.7874 0.0, -2.3268 0.7769 0.0, -2.3458 0.7847 0.0, -2.3268 0.6405 0.0, -2.3105 0.653 0.0, -2.298 0.6693 0.0, -2.2901 0.6883 0.0, -2.2874 0.7087 0.0, -2.2901 0.729 0.0, -2.298 0.748 0.0, -2.3105 0.7643 0.0, -2.3458 0.6326 0.0, -2.3661 0.6299 0.0, -2.3458 0.7847 0.3228, -2.3268 0.7769 0.3228, -2.3105 0.7643 0.3228, -2.298 0.748 0.3228, -2.2901 0.729 0.3228, -2.2874 0.7087 0.3228, -2.2901 0.6883 0.3228, -2.298 0.6693 0.3228, -2.3105 0.653 0.3228, -2.3268 0.6405 0.3228, -2.3458 0.6326 0.3228, -2.3661 0.6299 0.3228, -2.0118 0.9646 0.0, -2.0118 1.1614 0.0, -2.0118 0.9646 0.0039, -2.0118 1.1614 0.0039, -2.3622 1.1614 0.0039, -2.3661 1.1614 0.0, -2.3622 1.1614 0.3189, -2.3661 1.1614 0.3228, -2.1654 1.1614 0.3189, -2.1654 1.1614 0.3228, -2.1654 0.9646 0.3189, -2.1654 0.9646 0.3228, -2.3622 0.9646 0.3189, -2.3661 0.9646 0.3228, -2.3622 0.9646 0.0039, -2.3661 0.9646 0.0, -2.3661 1.1417 0.3228, -2.3661 1.1417 0.0, -2.3268 0.9948 0.0, -2.3105 1.0073 0.0, -2.3458 0.9869 0.0, -2.3661 0.9843 0.0, -2.3268 1.1312 0.0, -2.3458 1.139 0.0, -2.2901 1.0834 0.0, -2.298 1.1024 0.0, -2.3105 1.1187 0.0, -2.298 1.0236 0.0, -2.2901 1.0426 0.0, -2.2874 1.063 0.0, -2.3458 1.139 0.3228, -2.298 1.0236 0.3228, -2.3105 1.0073 0.3228, -2.3268 0.9948 0.3228, -2.3458 0.9869 0.3228, -2.3661 0.9843 0.3228, -2.3268 1.1312 0.3228, -2.3105 1.1187 0.3228, -2.298 1.1024 0.3228, -2.2901 1.0834 0.3228, -2.2874 1.063 0.3228, -2.2901 1.0426 0.3228, -2.0118 1.3189 0.0, -2.0118 1.5157 0.0, -2.0118 1.3189 0.0039, -2.0118 1.5157 0.0039, -2.3622 1.5157 0.0039, -2.3661 1.5157 0.0, -2.3622 1.5157 0.3189, -2.3661 1.5157 0.3228, -2.1654 1.5157 0.3189, -2.1654 1.5157 0.3228, -2.1654 1.3189 0.3189, -2.1654 1.3189 0.3228, -2.3622 1.3189 0.3189, -2.3661 1.3189 0.3228, -2.3622 1.3189 0.0039, -2.3661 1.3189 0.0, -2.3661 1.4961 0.3228, -2.3661 1.4961 0.0, -2.2901 1.4377 0.0, -2.298 1.4567 0.0, -2.3661 1.3386 0.0, -2.3458 1.3413 0.0, -2.3105 1.473 0.0, -2.3268 1.4855 0.0, -2.3458 1.4934 0.0, -2.3105 1.3616 0.0, -2.298 1.378 0.0, -2.2901 1.3969 0.0, -2.2874 1.4173 0.0, -2.3268 1.3491 0.0, -2.3458 1.4934 0.3228, -2.3105 1.473 0.3228, -2.298 1.4567 0.3228, -2.3268 1.4855 0.3228, -2.2901 1.4377 0.3228, -2.2874 1.4173 0.3228, -2.2901 1.3969 0.3228, -2.298 1.378 0.3228, -2.3105 1.3616 0.3228, -2.3268 1.3491 0.3228, -2.3458 1.3413 0.3228, -2.3661 1.3386 0.3228, -2.0118 1.6732 0.0, -2.0118 1.8701 0.0, -2.0118 1.6732 0.0039, -2.0118 1.8701 0.0039, -2.3622 1.8701 0.0039, -2.3661 1.8701 0.0, -2.3622 1.8701 0.3189, -2.3661 1.8701 0.3228, -2.1654 1.8701 0.3189, -2.1654 1.8701 0.3228, -2.1654 1.6732 0.3189, -2.1654 1.6732 0.3228, -2.3622 1.6732 0.3189, -2.3661 1.6732 0.3228, -2.3622 1.6732 0.0039, -2.3661 1.6732 0.0, -2.3661 1.8504 0.3228, -2.3661 1.8504 0.0, -2.3661 1.6929 0.0, -2.3458 1.6956 0.0, -2.3268 1.7035 0.0, -2.3105 1.716 0.0, -2.2901 1.792 0.0, -2.298 1.811 0.0, -2.298 1.7323 0.0, -2.2901 1.7513 0.0, -2.2874 1.7717 0.0, -2.3105 1.8273 0.0, -2.3268 1.8398 0.0, -2.3458 1.8477 0.0, -2.3458 1.8477 0.3228, -2.3105 1.8273 0.3228, -2.298 1.811 0.3228, -2.298 1.7323 0.3228, -2.3105 1.716 0.3228, -2.3268 1.7035 0.3228, -2.3458 1.6956 0.3228, -2.3661 1.6929 0.3228, -2.3268 1.8398 0.3228, -2.2901 1.792 0.3228, -2.2874 1.7717 0.3228, -2.2901 1.7513 0.3228
            ]
        }
        coordIndex [
            0,1,2,-1,2,1,3,-1,3,1,4,-1,4,1,5,-1,4,5,6,-1,6,5,7,-1,6,7,8,-1,8,7,9,-1,10,11,12,-1,12,11,13,-1,12,13,14,-1,14,13,15,-1,14,15,2,-1,2,15,0,-1,7,5,16,-1,16,5,17,-1,15,18,19,-1,15,19,0,-1,0,19,20,-1,0,20,21,-1,21,22,0,-1,0,22,23,-1,0,23,1,-1,23,24,1,-1,1,24,25,-1,1,25,26,-1,26,27,1,-1,1,27,28,-1,1,28,5,-1,5,28,29,-1,5,29,17,-1,7,16,30,-1,31,32,11,-1,11,32,33,-1,11,33,13,-1,13,33,34,-1,13,34,35,-1,9,36,37,-1,37,38,9,-1,9,38,39,-1,9,39,11,-1,11,39,40,-1,11,40,31,-1,7,30,9,-1,9,30,41,-1,9,41,36,-1,18,35,19,-1,19,35,34,-1,19,34,20,-1,20,34,33,-1,20,33,21,-1,21,33,32,-1,21,32,22,-1,22,32,31,-1,22,31,23,-1,23,31,40,-1,23,40,24,-1,24,40,39,-1,24,39,25,-1,25,39,38,-1,25,38,26,-1,26,38,37,-1,26,37,27,-1,27,37,36,-1,27,36,28,-1,28,36,41,-1,28,41,29,-1,29,41,30,-1,29,30,17,-1,17,30,16,-1,11,10,9,-1,9,10,8,-1,42,43,44,-1,44,43,45,-1,45,43,46,-1,46,43,47,-1,46,47,48,-1,48,47,49,-1,48,49,50,-1,50,49,51,-1,52,53,54,-1,54,53,55,-1,54,55,56,-1,56,55,57,-1,56,57,44,-1,44,57,42,-1,49,47,58,-1,58,47,59,-1,57,60,61,-1,62,63,42,-1,42,63,64,-1,42,64,43,-1,64,65,43,-1,43,65,66,-1,43,66,67,-1,67,68,43,-1,43,68,69,-1,43,69,47,-1,47,69,70,-1,47,70,59,-1,57,61,42,-1,42,61,71,-1,42,71,62,-1,49,58,72,-1,49,72,51,-1,72,73,51,-1,51,73,74,-1,51,74,75,-1,75,76,51,-1,51,76,77,-1,51,77,53,-1,53,77,78,-1,53,78,79,-1,79,80,53,-1,53,80,81,-1,53,81,55,-1,55,81,82,-1,55,82,83,-1,84,85,86,-1,86,85,87,-1,87,85,88,-1,88,85,89,-1,88,89,90,-1,90,89,91,-1,90,91,92,-1,92,91,93,-1,94,95,96,-1,96,95,97,-1,96,97,98,-1,98,97,99,-1,98,99,86,-1,86,99,84,-1,91,89,100,-1,100,89,101,-1,102,103,84,-1,102,84,104,-1,104,84,99,-1,104,99,105,-1,103,106,84,-1,84,106,107,-1,84,107,85,-1,107,108,85,-1,85,108,109,-1,85,109,110,-1,110,111,85,-1,85,111,112,-1,85,112,89,-1,89,112,113,-1,89,113,101,-1,91,100,114,-1,115,116,95,-1,95,116,117,-1,95,117,97,-1,97,117,118,-1,97,118,119,-1,91,114,93,-1,114,120,93,-1,93,120,121,-1,93,121,122,-1,122,123,93,-1,93,123,124,-1,93,124,95,-1,95,124,125,-1,95,125,115,-1,126,127,128,-1,128,127,129,-1,129,127,130,-1,130,127,131,-1,130,131,132,-1,132,131,133,-1,132,133,134,-1,134,133,135,-1,136,137,138,-1,138,137,139,-1,138,139,140,-1,140,139,141,-1,140,141,128,-1,128,141,126,-1,133,131,142,-1,142,131,143,-1,141,144,145,-1,141,145,126,-1,126,145,146,-1,126,146,147,-1,147,148,126,-1,126,148,149,-1,126,149,127,-1,149,150,127,-1,127,150,151,-1,127,151,152,-1,152,153,127,-1,127,153,154,-1,127,154,131,-1,131,154,155,-1,131,155,143,-1,133,142,156,-1,157,158,137,-1,137,158,159,-1,137,159,139,-1,139,159,160,-1,139,160,161,-1,133,156,135,-1,156,162,135,-1,135,162,163,-1,135,163,164,-1,164,165,135,-1,135,165,166,-1,135,166,137,-1,137,166,167,-1,137,167,157,-1,168,169,170,-1,170,169,171,-1,171,169,172,-1,172,169,173,-1,172,173,174,-1,174,173,175,-1,174,175,176,-1,176,175,177,-1,178,179,180,-1,180,179,181,-1,180,181,182,-1,182,181,183,-1,182,183,170,-1,170,183,168,-1,175,173,184,-1,184,173,185,-1,183,186,187,-1,183,187,168,-1,168,187,188,-1,168,188,189,-1,189,190,168,-1,168,190,191,-1,168,191,169,-1,191,192,169,-1,169,192,193,-1,169,193,194,-1,194,195,169,-1,169,195,196,-1,169,196,173,-1,173,196,197,-1,173,197,185,-1,175,184,198,-1,199,200,179,-1,179,200,201,-1,179,201,181,-1,181,201,202,-1,181,202,203,-1,175,198,177,-1,198,204,177,-1,177,204,205,-1,177,205,206,-1,206,207,177,-1,177,207,208,-1,177,208,179,-1,179,208,209,-1,179,209,199,-1,210,211,212,-1,212,211,213,-1,213,211,214,-1,214,211,215,-1,214,215,216,-1,216,215,217,-1,216,217,218,-1,218,217,219,-1,220,221,222,-1,222,221,223,-1,222,223,224,-1,224,223,225,-1,224,225,212,-1,212,225,210,-1,217,215,226,-1,226,215,227,-1,225,228,229,-1,230,231,210,-1,210,231,232,-1,210,232,211,-1,232,233,211,-1,211,233,234,-1,211,234,235,-1,225,229,210,-1,210,229,236,-1,210,236,230,-1,235,237,211,-1,211,237,238,-1,211,238,215,-1,215,238,239,-1,215,239,227,-1,217,226,240,-1,219,241,242,-1,217,240,219,-1,219,240,243,-1,219,243,241,-1,242,244,219,-1,219,244,245,-1,219,245,221,-1,221,245,246,-1,221,246,247,-1,247,248,221,-1,221,248,249,-1,221,249,223,-1,223,249,250,-1,223,250,251,-1,252,253,254,-1,254,253,255,-1,255,253,256,-1,256,253,257,-1,256,257,258,-1,258,257,259,-1,258,259,260,-1,260,259,261,-1,262,263,264,-1,264,263,265,-1,264,265,266,-1,266,265,267,-1,266,267,254,-1,254,267,252,-1,259,257,268,-1,268,257,269,-1,267,270,271,-1,272,273,252,-1,252,273,274,-1,252,274,253,-1,274,275,253,-1,253,275,276,-1,253,276,277,-1,277,278,253,-1,253,278,279,-1,253,279,257,-1,257,279,280,-1,257,280,269,-1,267,271,252,-1,252,271,281,-1,252,281,272,-1,259,268,282,-1,259,282,261,-1,282,283,261,-1,261,283,284,-1,261,284,285,-1,285,286,261,-1,261,286,287,-1,261,287,263,-1,263,287,288,-1,263,288,289,-1,289,290,263,-1,263,290,291,-1,263,291,265,-1,265,291,292,-1,265,292,293,-1,294,295,296,-1,296,295,297,-1,297,295,298,-1,298,295,299,-1,298,299,300,-1,300,299,301,-1,300,301,302,-1,302,301,303,-1,304,305,306,-1,306,305,307,-1,306,307,308,-1,308,307,309,-1,308,309,296,-1,296,309,294,-1,301,299,310,-1,310,299,311,-1,309,312,313,-1,309,313,294,-1,294,313,314,-1,294,314,315,-1,315,316,294,-1,294,316,317,-1,294,317,295,-1,317,318,295,-1,295,318,319,-1,295,319,320,-1,320,321,295,-1,295,321,322,-1,295,322,299,-1,299,322,323,-1,299,323,311,-1,301,310,324,-1,325,326,305,-1,305,326,327,-1,305,327,307,-1,307,327,328,-1,307,328,329,-1,301,324,303,-1,324,330,303,-1,303,330,331,-1,303,331,332,-1,332,333,303,-1,303,333,334,-1,303,334,305,-1,305,334,335,-1,305,335,325,-1,336,337,338,-1,338,337,339,-1,339,337,340,-1,340,337,341,-1,340,341,342,-1,342,341,343,-1,342,343,344,-1,344,343,345,-1,346,347,348,-1,348,347,349,-1,348,349,350,-1,350,349,351,-1,350,351,338,-1,338,351,336,-1,343,341,352,-1,352,341,353,-1,354,355,336,-1,354,336,356,-1,356,336,351,-1,356,351,357,-1,355,358,336,-1,336,358,359,-1,336,359,337,-1,359,360,337,-1,337,360,361,-1,337,361,362,-1,362,363,337,-1,337,363,364,-1,337,364,341,-1,341,364,365,-1,341,365,353,-1,343,352,366,-1,367,368,347,-1,347,368,369,-1,347,369,349,-1,349,369,370,-1,349,370,371,-1,343,366,345,-1,366,372,345,-1,345,372,373,-1,345,373,374,-1,374,375,345,-1,345,375,376,-1,345,376,347,-1,347,376,377,-1,347,377,367,-1,378,379,380,-1,380,379,381,-1,381,379,382,-1,382,379,383,-1,382,383,384,-1,384,383,385,-1,384,385,386,-1,386,385,387,-1,388,389,390,-1,390,389,391,-1,390,391,392,-1,392,391,393,-1,392,393,380,-1,380,393,378,-1,385,383,394,-1,394,383,395,-1,396,397,378,-1,396,378,398,-1,398,378,393,-1,398,393,399,-1,397,400,378,-1,378,400,401,-1,378,401,379,-1,401,402,379,-1,379,402,403,-1,379,403,404,-1,404,405,379,-1,379,405,406,-1,379,406,383,-1,383,406,407,-1,383,407,395,-1,385,394,408,-1,409,410,389,-1,389,410,411,-1,389,411,391,-1,391,411,412,-1,391,412,413,-1,385,408,387,-1,408,414,387,-1,387,414,415,-1,387,415,416,-1,416,417,387,-1,387,417,418,-1,387,418,389,-1,389,418,419,-1,389,419,409,-1,420,421,422,-1,422,421,423,-1,423,421,424,-1,424,421,425,-1,424,425,426,-1,426,425,427,-1,426,427,428,-1,428,427,429,-1,430,431,432,-1,432,431,433,-1,432,433,434,-1,434,433,435,-1,434,435,422,-1,422,435,420,-1,427,425,436,-1,436,425,437,-1,435,438,439,-1,435,439,420,-1,420,439,440,-1,420,440,441,-1,441,442,420,-1,420,442,443,-1,420,443,421,-1,443,444,421,-1,421,444,445,-1,421,445,446,-1,446,447,421,-1,421,447,448,-1,421,448,425,-1,425,448,449,-1,425,449,437,-1,427,436,450,-1,451,452,431,-1,431,452,453,-1,431,453,433,-1,433,453,454,-1,433,454,455,-1,429,456,457,-1,457,458,429,-1,429,458,459,-1,429,459,431,-1,431,459,460,-1,431,460,451,-1,427,450,429,-1,429,450,461,-1,429,461,456,-1,438,455,439,-1,439,455,454,-1,439,454,440,-1,440,454,453,-1,440,453,441,-1,441,453,452,-1,441,452,442,-1,442,452,451,-1,442,451,443,-1,443,451,460,-1,443,460,444,-1,444,460,459,-1,444,459,445,-1,445,459,458,-1,445,458,446,-1,446,458,457,-1,446,457,447,-1,447,457,456,-1,447,456,448,-1,448,456,461,-1,448,461,449,-1,449,461,450,-1,449,450,437,-1,437,450,436,-1,399,413,398,-1,398,413,412,-1,398,412,396,-1,396,412,411,-1,396,411,397,-1,397,411,410,-1,397,410,400,-1,400,410,409,-1,400,409,401,-1,401,409,419,-1,401,419,402,-1,402,419,418,-1,402,418,403,-1,403,418,417,-1,403,417,404,-1,404,417,416,-1,404,416,405,-1,405,416,415,-1,405,415,406,-1,406,415,414,-1,406,414,407,-1,407,414,408,-1,407,408,395,-1,395,408,394,-1,357,371,356,-1,356,371,370,-1,356,370,354,-1,354,370,369,-1,354,369,355,-1,355,369,368,-1,355,368,358,-1,358,368,367,-1,358,367,359,-1,359,367,377,-1,359,377,360,-1,360,377,376,-1,360,376,361,-1,361,376,375,-1,361,375,362,-1,362,375,374,-1,362,374,363,-1,363,374,373,-1,363,373,364,-1,364,373,372,-1,364,372,365,-1,365,372,366,-1,365,366,353,-1,353,366,352,-1,312,329,313,-1,313,329,328,-1,313,328,314,-1,314,328,327,-1,314,327,315,-1,315,327,326,-1,315,326,316,-1,316,326,325,-1,316,325,317,-1,317,325,335,-1,317,335,318,-1,318,335,334,-1,318,334,319,-1,319,334,333,-1,319,333,320,-1,320,333,332,-1,320,332,321,-1,321,332,331,-1,321,331,322,-1,322,331,330,-1,322,330,323,-1,323,330,324,-1,323,324,311,-1,311,324,310,-1,270,293,271,-1,271,293,292,-1,271,292,281,-1,281,292,291,-1,281,291,272,-1,272,291,290,-1,272,290,273,-1,273,290,289,-1,273,289,274,-1,274,289,288,-1,274,288,275,-1,275,288,287,-1,275,287,276,-1,276,287,286,-1,276,286,277,-1,277,286,285,-1,277,285,278,-1,278,285,284,-1,278,284,279,-1,279,284,283,-1,279,283,280,-1,280,283,282,-1,280,282,269,-1,269,282,268,-1,228,251,229,-1,229,251,250,-1,229,250,236,-1,236,250,249,-1,236,249,230,-1,230,249,248,-1,230,248,231,-1,231,248,247,-1,231,247,232,-1,232,247,246,-1,232,246,233,-1,233,246,245,-1,233,245,234,-1,234,245,244,-1,234,244,235,-1,235,244,242,-1,235,242,237,-1,237,242,241,-1,237,241,238,-1,238,241,243,-1,238,243,239,-1,239,243,240,-1,239,240,227,-1,227,240,226,-1,186,203,187,-1,187,203,202,-1,187,202,188,-1,188,202,201,-1,188,201,189,-1,189,201,200,-1,189,200,190,-1,190,200,199,-1,190,199,191,-1,191,199,209,-1,191,209,192,-1,192,209,208,-1,192,208,193,-1,193,208,207,-1,193,207,194,-1,194,207,206,-1,194,206,195,-1,195,206,205,-1,195,205,196,-1,196,205,204,-1,196,204,197,-1,197,204,198,-1,197,198,185,-1,185,198,184,-1,144,161,145,-1,145,161,160,-1,145,160,146,-1,146,160,159,-1,146,159,147,-1,147,159,158,-1,147,158,148,-1,148,158,157,-1,148,157,149,-1,149,157,167,-1,149,167,150,-1,150,167,166,-1,150,166,151,-1,151,166,165,-1,151,165,152,-1,152,165,164,-1,152,164,153,-1,153,164,163,-1,153,163,154,-1,154,163,162,-1,154,162,155,-1,155,162,156,-1,155,156,143,-1,143,156,142,-1,105,119,104,-1,104,119,118,-1,104,118,102,-1,102,118,117,-1,102,117,103,-1,103,117,116,-1,103,116,106,-1,106,116,115,-1,106,115,107,-1,107,115,125,-1,107,125,108,-1,108,125,124,-1,108,124,109,-1,109,124,123,-1,109,123,110,-1,110,123,122,-1,110,122,111,-1,111,122,121,-1,111,121,112,-1,112,121,120,-1,112,120,113,-1,113,120,114,-1,113,114,101,-1,101,114,100,-1,60,83,61,-1,61,83,82,-1,61,82,71,-1,71,82,81,-1,71,81,62,-1,62,81,80,-1,62,80,63,-1,63,80,79,-1,63,79,64,-1,64,79,78,-1,64,78,65,-1,65,78,77,-1,65,77,66,-1,66,77,76,-1,66,76,67,-1,67,76,75,-1,67,75,68,-1,68,75,74,-1,68,74,69,-1,69,74,73,-1,69,73,70,-1,70,73,72,-1,70,72,59,-1,59,72,58,-1,431,430,429,-1,429,430,428,-1,389,388,387,-1,387,388,386,-1,347,346,345,-1,345,346,344,-1,305,304,303,-1,303,304,302,-1,263,262,261,-1,261,262,260,-1,221,220,219,-1,219,220,218,-1,179,178,177,-1,177,178,176,-1,137,136,135,-1,135,136,134,-1,95,94,93,-1,93,94,92,-1,53,52,51,-1,51,52,50,-1,462,463,464,-1,464,463,465,-1,465,463,466,-1,466,463,467,-1,466,467,468,-1,468,467,469,-1,468,469,470,-1,470,469,471,-1,472,473,474,-1,474,473,475,-1,474,475,476,-1,476,475,477,-1,476,477,464,-1,464,477,462,-1,469,467,478,-1,478,467,479,-1,462,480,481,-1,482,483,463,-1,480,462,484,-1,484,462,477,-1,484,477,485,-1,483,486,463,-1,463,486,487,-1,463,487,467,-1,467,487,488,-1,467,488,479,-1,481,489,462,-1,462,489,490,-1,462,490,463,-1,463,490,491,-1,463,491,482,-1,469,478,492,-1,493,494,471,-1,469,492,471,-1,471,492,495,-1,471,495,493,-1,496,497,473,-1,473,497,498,-1,473,498,475,-1,475,498,499,-1,475,499,500,-1,494,501,471,-1,471,501,502,-1,471,502,473,-1,473,502,503,-1,473,503,496,-1,504,505,506,-1,506,505,507,-1,507,505,508,-1,508,505,509,-1,508,509,510,-1,510,509,511,-1,510,511,512,-1,512,511,513,-1,514,515,516,-1,516,515,517,-1,516,517,518,-1,518,517,519,-1,518,519,506,-1,506,519,504,-1,511,509,520,-1,520,509,521,-1,519,522,523,-1,524,525,505,-1,519,523,504,-1,504,523,526,-1,504,526,527,-1,525,528,505,-1,505,528,529,-1,505,529,509,-1,509,529,530,-1,509,530,521,-1,527,531,504,-1,504,531,532,-1,504,532,505,-1,505,532,533,-1,505,533,524,-1,511,520,534,-1,513,535,536,-1,511,534,513,-1,513,534,537,-1,513,537,535,-1,538,539,515,-1,515,539,540,-1,515,540,517,-1,517,540,541,-1,517,541,542,-1,536,543,513,-1,513,543,544,-1,513,544,515,-1,515,544,545,-1,515,545,538,-1,546,547,548,-1,548,547,549,-1,549,547,550,-1,550,547,551,-1,550,551,552,-1,552,551,553,-1,552,553,554,-1,554,553,555,-1,556,557,558,-1,558,557,559,-1,558,559,560,-1,560,559,561,-1,560,561,548,-1,548,561,546,-1,553,551,562,-1,562,551,563,-1,561,564,565,-1,547,566,551,-1,551,566,567,-1,551,567,563,-1,561,565,546,-1,546,565,568,-1,546,568,569,-1,569,570,546,-1,546,570,571,-1,546,571,547,-1,547,571,572,-1,547,572,573,-1,573,574,547,-1,547,574,575,-1,547,575,566,-1,553,562,576,-1,553,576,555,-1,577,578,557,-1,557,578,579,-1,557,579,559,-1,559,579,580,-1,559,580,581,-1,576,582,555,-1,555,582,583,-1,555,583,584,-1,584,585,555,-1,555,585,586,-1,555,586,557,-1,557,586,587,-1,557,587,577,-1,588,589,590,-1,590,589,591,-1,591,589,592,-1,592,589,593,-1,592,593,594,-1,594,593,595,-1,594,595,596,-1,596,595,597,-1,598,599,600,-1,600,599,601,-1,600,601,602,-1,602,601,603,-1,602,603,590,-1,590,603,588,-1,595,593,604,-1,604,593,605,-1,588,606,607,-1,608,609,589,-1,606,588,610,-1,610,588,603,-1,610,603,611,-1,607,612,588,-1,588,612,613,-1,588,613,589,-1,589,613,614,-1,589,614,608,-1,609,615,589,-1,589,615,616,-1,589,616,593,-1,593,616,617,-1,593,617,605,-1,595,604,618,-1,619,620,597,-1,595,618,597,-1,597,618,621,-1,597,621,619,-1,620,622,597,-1,597,622,623,-1,597,623,599,-1,599,623,624,-1,599,624,625,-1,625,626,599,-1,599,626,627,-1,599,627,601,-1,601,627,628,-1,601,628,629,-1,630,631,632,-1,632,631,633,-1,633,631,634,-1,634,631,635,-1,634,635,636,-1,636,635,637,-1,636,637,638,-1,638,637,639,-1,640,641,642,-1,642,641,643,-1,642,643,644,-1,644,643,645,-1,644,645,632,-1,632,645,630,-1,637,635,646,-1,646,635,647,-1,631,630,648,-1,648,649,631,-1,631,649,650,-1,631,650,651,-1,651,652,631,-1,631,652,653,-1,631,653,635,-1,635,653,654,-1,635,654,647,-1,655,656,630,-1,630,656,657,-1,630,657,648,-1,655,630,658,-1,658,630,645,-1,658,645,659,-1,637,646,660,-1,661,662,639,-1,637,660,639,-1,639,660,663,-1,639,663,661,-1,662,664,639,-1,639,664,665,-1,639,665,641,-1,641,665,666,-1,641,666,667,-1,667,668,641,-1,641,668,669,-1,641,669,643,-1,643,669,670,-1,643,670,671,-1,672,673,674,-1,674,673,675,-1,675,673,676,-1,676,673,677,-1,676,677,678,-1,678,677,679,-1,678,679,680,-1,680,679,681,-1,682,683,684,-1,684,683,685,-1,684,685,686,-1,686,685,687,-1,686,687,674,-1,674,687,672,-1,679,677,688,-1,688,677,689,-1,690,691,673,-1,687,692,693,-1,687,693,672,-1,672,693,694,-1,672,694,695,-1,695,696,672,-1,672,696,697,-1,672,697,673,-1,673,697,698,-1,673,698,690,-1,691,699,673,-1,673,699,700,-1,673,700,677,-1,677,700,701,-1,677,701,689,-1,679,688,702,-1,703,704,681,-1,679,702,681,-1,681,702,705,-1,681,705,703,-1,704,706,681,-1,681,706,707,-1,681,707,683,-1,683,707,708,-1,683,708,709,-1,709,710,683,-1,683,710,711,-1,683,711,685,-1,685,711,712,-1,685,712,713,-1,714,715,716,-1,716,715,717,-1,717,715,718,-1,718,715,719,-1,718,719,720,-1,720,719,721,-1,720,721,722,-1,722,721,723,-1,724,725,726,-1,726,725,727,-1,726,727,728,-1,728,727,729,-1,728,729,716,-1,716,729,714,-1,721,719,730,-1,730,719,731,-1,732,733,715,-1,714,734,735,-1,733,736,715,-1,715,736,737,-1,715,737,719,-1,719,737,738,-1,719,738,731,-1,734,714,739,-1,739,714,729,-1,739,729,740,-1,735,741,714,-1,714,741,742,-1,714,742,715,-1,715,742,743,-1,715,743,732,-1,721,730,744,-1,745,746,723,-1,721,744,723,-1,723,744,747,-1,723,747,745,-1,748,749,725,-1,725,749,750,-1,725,750,727,-1,727,750,751,-1,727,751,752,-1,746,753,723,-1,723,753,754,-1,723,754,725,-1,725,754,755,-1,725,755,748,-1,756,757,758,-1,758,757,759,-1,759,757,760,-1,760,757,761,-1,760,761,762,-1,762,761,763,-1,762,763,764,-1,764,763,765,-1,766,767,768,-1,768,767,769,-1,768,769,770,-1,770,769,771,-1,770,771,758,-1,758,771,756,-1,763,761,772,-1,772,761,773,-1,757,774,761,-1,761,774,775,-1,761,775,773,-1,756,776,777,-1,777,778,756,-1,756,778,779,-1,756,779,757,-1,757,779,780,-1,757,780,781,-1,781,782,757,-1,757,782,783,-1,757,783,774,-1,776,756,784,-1,784,756,771,-1,784,771,785,-1,763,772,786,-1,763,786,765,-1,786,787,765,-1,765,787,788,-1,765,788,789,-1,789,790,765,-1,765,790,791,-1,765,791,767,-1,767,791,792,-1,767,792,793,-1,793,794,767,-1,767,794,795,-1,767,795,769,-1,769,795,796,-1,769,796,797,-1,798,799,800,-1,800,799,801,-1,801,799,802,-1,802,799,803,-1,802,803,804,-1,804,803,805,-1,804,805,806,-1,806,805,807,-1,808,809,810,-1,810,809,811,-1,810,811,812,-1,812,811,813,-1,812,813,800,-1,800,813,798,-1,805,803,814,-1,814,803,815,-1,798,816,817,-1,816,798,818,-1,818,798,813,-1,818,813,819,-1,799,820,803,-1,803,820,821,-1,803,821,815,-1,822,823,799,-1,799,823,824,-1,799,824,820,-1,817,825,798,-1,798,825,826,-1,798,826,799,-1,799,826,827,-1,799,827,822,-1,805,814,828,-1,805,828,807,-1,829,830,809,-1,809,830,831,-1,809,831,811,-1,811,831,832,-1,811,832,833,-1,828,834,807,-1,807,834,835,-1,807,835,836,-1,836,837,807,-1,807,837,838,-1,807,838,809,-1,809,838,839,-1,809,839,829,-1,840,841,842,-1,842,841,843,-1,843,841,844,-1,844,841,845,-1,844,845,846,-1,846,845,847,-1,846,847,848,-1,848,847,849,-1,850,851,852,-1,852,851,853,-1,852,853,854,-1,854,853,855,-1,854,855,842,-1,842,855,840,-1,847,845,856,-1,856,845,857,-1,858,859,841,-1,855,860,861,-1,859,862,841,-1,841,862,863,-1,841,863,845,-1,845,863,864,-1,845,864,857,-1,865,866,840,-1,840,866,867,-1,840,867,841,-1,841,867,868,-1,841,868,858,-1,855,861,840,-1,840,861,869,-1,840,869,865,-1,847,856,870,-1,871,872,849,-1,847,870,849,-1,849,870,873,-1,849,873,871,-1,872,874,849,-1,849,874,875,-1,849,875,851,-1,851,875,876,-1,851,876,877,-1,877,878,851,-1,851,878,879,-1,851,879,853,-1,853,879,880,-1,853,880,881,-1,882,883,884,-1,884,883,885,-1,885,883,886,-1,886,883,887,-1,886,887,888,-1,888,887,889,-1,888,889,890,-1,890,889,891,-1,892,893,894,-1,894,893,895,-1,894,895,896,-1,896,895,897,-1,896,897,884,-1,884,897,882,-1,889,887,898,-1,898,887,899,-1,897,900,901,-1,897,901,882,-1,882,901,902,-1,882,902,903,-1,883,904,905,-1,903,906,882,-1,882,906,907,-1,882,907,883,-1,883,907,908,-1,883,908,904,-1,905,909,883,-1,883,909,910,-1,883,910,887,-1,887,910,911,-1,887,911,899,-1,889,898,912,-1,913,914,891,-1,915,916,893,-1,893,916,917,-1,893,917,895,-1,895,917,918,-1,895,918,919,-1,889,912,891,-1,891,912,920,-1,891,920,913,-1,914,921,891,-1,891,921,922,-1,891,922,893,-1,893,922,923,-1,893,923,915,-1,900,919,901,-1,901,919,918,-1,901,918,902,-1,902,918,917,-1,902,917,903,-1,903,917,916,-1,903,916,906,-1,906,916,915,-1,906,915,907,-1,907,915,923,-1,907,923,908,-1,908,923,922,-1,908,922,904,-1,904,922,921,-1,904,921,905,-1,905,921,914,-1,905,914,909,-1,909,914,913,-1,909,913,910,-1,910,913,920,-1,910,920,911,-1,911,920,912,-1,911,912,899,-1,899,912,898,-1,860,881,861,-1,861,881,880,-1,861,880,869,-1,869,880,879,-1,869,879,865,-1,865,879,878,-1,865,878,866,-1,866,878,877,-1,866,877,867,-1,867,877,876,-1,867,876,868,-1,868,876,875,-1,868,875,858,-1,858,875,874,-1,858,874,859,-1,859,874,872,-1,859,872,862,-1,862,872,871,-1,862,871,863,-1,863,871,873,-1,863,873,864,-1,864,873,870,-1,864,870,857,-1,857,870,856,-1,819,833,818,-1,818,833,832,-1,818,832,816,-1,816,832,831,-1,816,831,817,-1,817,831,830,-1,817,830,825,-1,825,830,829,-1,825,829,826,-1,826,829,839,-1,826,839,827,-1,827,839,838,-1,827,838,822,-1,822,838,837,-1,822,837,823,-1,823,837,836,-1,823,836,824,-1,824,836,835,-1,824,835,820,-1,820,835,834,-1,820,834,821,-1,821,834,828,-1,821,828,815,-1,815,828,814,-1,785,797,784,-1,784,797,796,-1,784,796,776,-1,776,796,795,-1,776,795,777,-1,777,795,794,-1,777,794,778,-1,778,794,793,-1,778,793,779,-1,779,793,792,-1,779,792,780,-1,780,792,791,-1,780,791,781,-1,781,791,790,-1,781,790,782,-1,782,790,789,-1,782,789,783,-1,783,789,788,-1,783,788,774,-1,774,788,787,-1,774,787,775,-1,775,787,786,-1,775,786,773,-1,773,786,772,-1,740,752,739,-1,739,752,751,-1,739,751,734,-1,734,751,750,-1,734,750,735,-1,735,750,749,-1,735,749,741,-1,741,749,748,-1,741,748,742,-1,742,748,755,-1,742,755,743,-1,743,755,754,-1,743,754,732,-1,732,754,753,-1,732,753,733,-1,733,753,746,-1,733,746,736,-1,736,746,745,-1,736,745,737,-1,737,745,747,-1,737,747,738,-1,738,747,744,-1,738,744,731,-1,731,744,730,-1,692,713,693,-1,693,713,712,-1,693,712,694,-1,694,712,711,-1,694,711,695,-1,695,711,710,-1,695,710,696,-1,696,710,709,-1,696,709,697,-1,697,709,708,-1,697,708,698,-1,698,708,707,-1,698,707,690,-1,690,707,706,-1,690,706,691,-1,691,706,704,-1,691,704,699,-1,699,704,703,-1,699,703,700,-1,700,703,705,-1,700,705,701,-1,701,705,702,-1,701,702,689,-1,689,702,688,-1,659,671,658,-1,658,671,670,-1,658,670,655,-1,655,670,669,-1,655,669,656,-1,656,669,668,-1,656,668,657,-1,657,668,667,-1,657,667,648,-1,648,667,666,-1,648,666,649,-1,649,666,665,-1,649,665,650,-1,650,665,664,-1,650,664,651,-1,651,664,662,-1,651,662,652,-1,652,662,661,-1,652,661,653,-1,653,661,663,-1,653,663,654,-1,654,663,660,-1,654,660,647,-1,647,660,646,-1,611,629,610,-1,610,629,628,-1,610,628,606,-1,606,628,627,-1,606,627,607,-1,607,627,626,-1,607,626,612,-1,612,626,625,-1,612,625,613,-1,613,625,624,-1,613,624,614,-1,614,624,623,-1,614,623,608,-1,608,623,622,-1,608,622,609,-1,609,622,620,-1,609,620,615,-1,615,620,619,-1,615,619,616,-1,616,619,621,-1,616,621,617,-1,617,621,618,-1,617,618,605,-1,605,618,604,-1,564,581,565,-1,565,581,580,-1,565,580,568,-1,568,580,579,-1,568,579,569,-1,569,579,578,-1,569,578,570,-1,570,578,577,-1,570,577,571,-1,571,577,587,-1,571,587,572,-1,572,587,586,-1,572,586,573,-1,573,586,585,-1,573,585,574,-1,574,585,584,-1,574,584,575,-1,575,584,583,-1,575,583,566,-1,566,583,582,-1,566,582,567,-1,567,582,576,-1,567,576,563,-1,563,576,562,-1,522,542,523,-1,523,542,541,-1,523,541,526,-1,526,541,540,-1,526,540,527,-1,527,540,539,-1,527,539,531,-1,531,539,538,-1,531,538,532,-1,532,538,545,-1,532,545,533,-1,533,545,544,-1,533,544,524,-1,524,544,543,-1,524,543,525,-1,525,543,536,-1,525,536,528,-1,528,536,535,-1,528,535,529,-1,529,535,537,-1,529,537,530,-1,530,537,534,-1,530,534,521,-1,521,534,520,-1,485,500,484,-1,484,500,499,-1,484,499,480,-1,480,499,498,-1,480,498,481,-1,481,498,497,-1,481,497,489,-1,489,497,496,-1,489,496,490,-1,490,496,503,-1,490,503,491,-1,491,503,502,-1,491,502,482,-1,482,502,501,-1,482,501,483,-1,483,501,494,-1,483,494,486,-1,486,494,493,-1,486,493,487,-1,487,493,495,-1,487,495,488,-1,488,495,492,-1,488,492,479,-1,479,492,478,-1,
        ]
    }
}
Shape{
    appearance Appearance {
        material  Material 	{
            diffuseColor 1.0 1.0 1.0
            specularColor 0.8784313725490196 0.8784313725490196 0.8784313725490196
            ambientIntensity 1.0
            transparency 0.0
            shininess 0.5
        }
    }
    geometry IndexedFaceSet {
        ccw TRUE
        solid FALSE
        coord DEF co Coordinate {
            point [
                -2.1654 1.6732 0.3228, -2.1654 1.6732 0.3189, -2.1654 1.8701 0.3228, -2.1654 1.8701 0.3189, -2.1654 1.3189 0.3228, -2.1654 1.3189 0.3189, -2.1654 1.5157 0.3228, -2.1654 1.5157 0.3189, -2.1654 0.9646 0.3228, -2.1654 0.9646 0.3189, -2.1654 1.1614 0.3228, -2.1654 1.1614 0.3189, -2.1654 0.6102 0.3228, -2.1654 0.6102 0.3189, -2.1654 0.8071 0.3228, -2.1654 0.8071 0.3189, -2.1654 0.2559 0.3228, -2.1654 0.2559 0.3189, -2.1654 0.4528 0.3228, -2.1654 0.4528 0.3189, -2.1654 -0.0984 0.3228, -2.1654 -0.0984 0.3189, -2.1654 0.0984 0.3228, -2.1654 0.0984 0.3189, -2.1654 -0.4528 0.3228, -2.1654 -0.4528 0.3189, -2.1654 -0.2559 0.3228, -2.1654 -0.2559 0.3189, -2.1654 -0.8071 0.3228, -2.1654 -0.8071 0.3189, -2.1654 -0.6102 0.3228, -2.1654 -0.6102 0.3189, -2.1654 -1.1614 0.3228, -2.1654 -1.1614 0.3189, -2.1654 -0.9646 0.3228, -2.1654 -0.9646 0.3189, -2.1654 -1.5157 0.3228, -2.1654 -1.5157 0.3189, -2.1654 -1.3189 0.3228, -2.1654 -1.3189 0.3189, -2.1654 -1.8701 0.3228, -2.1654 -1.8701 0.3189, -2.1654 -1.6732 0.3228, -2.1654 -1.6732 0.3189
            ]
        }
        coordIndex [
            0,1,2,-1,2,1,3,-1,4,5,6,-1,6,5,7,-1,8,9,10,-1,10,9,11,-1,12,13,14,-1,14,13,15,-1,16,17,18,-1,18,17,19,-1,20,21,22,-1,22,21,23,-1,24,25,26,-1,26,25,27,-1,28,29,30,-1,30,29,31,-1,32,33,34,-1,34,33,35,-1,36,37,38,-1,38,37,39,-1,40,41,42,-1,42,41,43,-1,
        ]
    }
}
Shape{
    appearance Appearance {
        material  Material 	{
            diffuseColor 0.9882352941176471 0.7372549019607844 0.5176470588235295
            specularColor 0.49411764705882355 0.3686274509803922 0.25882352941176473
            ambientIntensity 0.7873
            transparency 0.0
            shininess 0.5
        }
    }
    geometry IndexedFaceSet {
        ccw TRUE
        solid FALSE
        coord DEF co Coordinate {
            point [
                1.8701 -2.0118 0.0, 1.6732 -2.0118 0.0, 1.8701 -2.0118 0.0039, 1.6732 -2.0118 0.0039, 1.6732 -2.3622 0.0039, 1.6732 -2.3661 0.0, 1.6732 -2.3622 0.3189, 1.6732 -2.3661 0.3228, 1.6732 -2.1654 0.3189, 1.6732 -2.1654 0.3228, 1.8701 -2.1654 0.3189, 1.8701 -2.1654 0.3228, 1.8701 -2.3622 0.3189, 1.8701 -2.3661 0.3228, 1.8701 -2.3622 0.0039, 1.8701 -2.3661 0.0, 1.6929 -2.3661 0.3228, 1.6929 -2.3661 0.0, 1.8504 -2.3661 0.0, 1.8477 -2.3458 0.0, 1.8398 -2.3268 0.0, 1.8273 -2.3105 0.0, 1.811 -2.298 0.0, 1.792 -2.2901 0.0, 1.7717 -2.2874 0.0, 1.7513 -2.2901 0.0, 1.7323 -2.298 0.0, 1.716 -2.3105 0.0, 1.7035 -2.3268 0.0, 1.6956 -2.3458 0.0, 1.6956 -2.3458 0.3228, 1.811 -2.298 0.3228, 1.8273 -2.3105 0.3228, 1.8398 -2.3268 0.3228, 1.8477 -2.3458 0.3228, 1.8504 -2.3661 0.3228, 1.716 -2.3105 0.3228, 1.7323 -2.298 0.3228, 1.7513 -2.2901 0.3228, 1.7717 -2.2874 0.3228, 1.792 -2.2901 0.3228, 1.7035 -2.3268 0.3228, 1.5157 -2.0118 0.0, 1.3189 -2.0118 0.0, 1.5157 -2.0118 0.0039, 1.3189 -2.0118 0.0039, 1.3189 -2.3622 0.0039, 1.3189 -2.3661 0.0, 1.3189 -2.3622 0.3189, 1.3189 -2.3661 0.3228, 1.3189 -2.1654 0.3189, 1.3189 -2.1654 0.3228, 1.5157 -2.1654 0.3189, 1.5157 -2.1654 0.3228, 1.5157 -2.3622 0.3189, 1.5157 -2.3661 0.3228, 1.5157 -2.3622 0.0039, 1.5157 -2.3661 0.0, 1.3386 -2.3661 0.3228, 1.3386 -2.3661 0.0, 1.4961 -2.3661 0.0, 1.4934 -2.3458 0.0, 1.473 -2.3105 0.0, 1.4567 -2.298 0.0, 1.4377 -2.2901 0.0, 1.4173 -2.2874 0.0, 1.3969 -2.2901 0.0, 1.378 -2.298 0.0, 1.3616 -2.3105 0.0, 1.3491 -2.3268 0.0, 1.3413 -2.3458 0.0, 1.4855 -2.3268 0.0, 1.3413 -2.3458 0.3228, 1.3491 -2.3268 0.3228, 1.3616 -2.3105 0.3228, 1.378 -2.298 0.3228, 1.3969 -2.2901 0.3228, 1.4173 -2.2874 0.3228, 1.4377 -2.2901 0.3228, 1.4567 -2.298 0.3228, 1.473 -2.3105 0.3228, 1.4855 -2.3268 0.3228, 1.4934 -2.3458 0.3228, 1.4961 -2.3661 0.3228, 1.1614 -2.0118 0.0, 0.9646 -2.0118 0.0, 1.1614 -2.0118 0.0039, 0.9646 -2.0118 0.0039, 0.9646 -2.3622 0.0039, 0.9646 -2.3661 0.0, 0.9646 -2.3622 0.3189, 0.9646 -2.3661 0.3228, 0.9646 -2.1654 0.3189, 0.9646 -2.1654 0.3228, 1.1614 -2.1654 0.3189, 1.1614 -2.1654 0.3228, 1.1614 -2.3622 0.3189, 1.1614 -2.3661 0.3228, 1.1614 -2.3622 0.0039, 1.1614 -2.3661 0.0, 0.9843 -2.3661 0.3228, 0.9843 -2.3661 0.0, 1.1312 -2.3268 0.0, 1.1187 -2.3105 0.0, 0.9948 -2.3268 0.0, 0.9869 -2.3458 0.0, 1.139 -2.3458 0.0, 1.1417 -2.3661 0.0, 1.0426 -2.2901 0.0, 1.0236 -2.298 0.0, 1.0073 -2.3105 0.0, 1.1024 -2.298 0.0, 1.0834 -2.2901 0.0, 1.063 -2.2874 0.0, 0.9869 -2.3458 0.3228, 0.9948 -2.3268 0.3228, 1.0073 -2.3105 0.3228, 1.0236 -2.298 0.3228, 1.1024 -2.298 0.3228, 1.1187 -2.3105 0.3228, 1.1312 -2.3268 0.3228, 1.139 -2.3458 0.3228, 1.1417 -2.3661 0.3228, 1.0426 -2.2901 0.3228, 1.063 -2.2874 0.3228, 1.0834 -2.2901 0.3228, 0.8071 -2.0118 0.0, 0.6102 -2.0118 0.0, 0.8071 -2.0118 0.0039, 0.6102 -2.0118 0.0039, 0.6102 -2.3622 0.0039, 0.6102 -2.3661 0.0, 0.6102 -2.3622 0.3189, 0.6102 -2.3661 0.3228, 0.6102 -2.1654 0.3189, 0.6102 -2.1654 0.3228, 0.8071 -2.1654 0.3189, 0.8071 -2.1654 0.3228, 0.8071 -2.3622 0.3189, 0.8071 -2.3661 0.3228, 0.8071 -2.3622 0.0039, 0.8071 -2.3661 0.0, 0.6299 -2.3661 0.3228, 0.6299 -2.3661 0.0, 0.7874 -2.3661 0.0, 0.7847 -2.3458 0.0, 0.7769 -2.3268 0.0, 0.7643 -2.3105 0.0, 0.748 -2.298 0.0, 0.729 -2.2901 0.0, 0.7087 -2.2874 0.0, 0.6883 -2.2901 0.0, 0.6693 -2.298 0.0, 0.653 -2.3105 0.0, 0.6405 -2.3268 0.0, 0.6326 -2.3458 0.0, 0.6326 -2.3458 0.3228, 0.748 -2.298 0.3228, 0.7643 -2.3105 0.3228, 0.7769 -2.3268 0.3228, 0.7847 -2.3458 0.3228, 0.7874 -2.3661 0.3228, 0.6405 -2.3268 0.3228, 0.653 -2.3105 0.3228, 0.6693 -2.298 0.3228, 0.6883 -2.2901 0.3228, 0.7087 -2.2874 0.3228, 0.729 -2.2901 0.3228, 0.4528 -2.0118 0.0, 0.2559 -2.0118 0.0, 0.4528 -2.0118 0.0039, 0.2559 -2.0118 0.0039, 0.2559 -2.3622 0.0039, 0.2559 -2.3661 0.0, 0.2559 -2.3622 0.3189, 0.2559 -2.3661 0.3228, 0.2559 -2.1654 0.3189, 0.2559 -2.1654 0.3228, 0.4528 -2.1654 0.3189, 0.4528 -2.1654 0.3228, 0.4528 -2.3622 0.3189, 0.4528 -2.3661 0.3228, 0.4528 -2.3622 0.0039, 0.4528 -2.3661 0.0, 0.2756 -2.3661 0.3228, 0.2756 -2.3661 0.0, 0.4225 -2.3268 0.0, 0.41 -2.3105 0.0, 0.3937 -2.298 0.0, 0.3747 -2.2901 0.0, 0.4304 -2.3458 0.0, 0.4331 -2.3661 0.0, 0.3543 -2.2874 0.0, 0.334 -2.2901 0.0, 0.315 -2.298 0.0, 0.2987 -2.3105 0.0, 0.2861 -2.3268 0.0, 0.2783 -2.3458 0.0, 0.2783 -2.3458 0.3228, 0.2861 -2.3268 0.3228, 0.2987 -2.3105 0.3228, 0.315 -2.298 0.3228, 0.334 -2.2901 0.3228, 0.3543 -2.2874 0.3228, 0.3747 -2.2901 0.3228, 0.3937 -2.298 0.3228, 0.41 -2.3105 0.3228, 0.4225 -2.3268 0.3228, 0.4304 -2.3458 0.3228, 0.4331 -2.3661 0.3228, 0.0984 -2.0118 0.0, -0.0984 -2.0118 0.0, 0.0984 -2.0118 0.0039, -0.0984 -2.0118 0.0039, -0.0984 -2.3622 0.0039, -0.0984 -2.3661 0.0, -0.0984 -2.3622 0.3189, -0.0984 -2.3661 0.3228, -0.0984 -2.1654 0.3189, -0.0984 -2.1654 0.3228, 0.0984 -2.1654 0.3189, 0.0984 -2.1654 0.3228, 0.0984 -2.3622 0.3189, 0.0984 -2.3661 0.3228, 0.0984 -2.3622 0.0039, 0.0984 -2.3661 0.0, -0.0787 -2.3661 0.3228, -0.0787 -2.3661 0.0, 0.0787 -2.3661 0.0, 0.0761 -2.3458 0.0, 0.0557 -2.3105 0.0, 0.0394 -2.298 0.0, 0.0204 -2.2901 0.0, 0.0682 -2.3268 0.0, 0.0 -2.2874 0.0, -0.0204 -2.2901 0.0, -0.0394 -2.298 0.0, -0.0557 -2.3105 0.0, -0.0682 -2.3268 0.0, -0.0761 -2.3458 0.0, -0.0761 -2.3458 0.3228, -0.0557 -2.3105 0.3228, -0.0394 -2.298 0.3228, -0.0682 -2.3268 0.3228, -0.0204 -2.2901 0.3228, 0.0 -2.2874 0.3228, 0.0204 -2.2901 0.3228, 0.0394 -2.298 0.3228, 0.0557 -2.3105 0.3228, 0.0682 -2.3268 0.3228, 0.0761 -2.3458 0.3228, 0.0787 -2.3661 0.3228, -0.2559 -2.0118 0.0, -0.4528 -2.0118 0.0, -0.2559 -2.0118 0.0039, -0.4528 -2.0118 0.0039, -0.4528 -2.3622 0.0039, -0.4528 -2.3661 0.0, -0.4528 -2.3622 0.3189, -0.4528 -2.3661 0.3228, -0.4528 -2.1654 0.3189, -0.4528 -2.1654 0.3228, -0.2559 -2.1654 0.3189, -0.2559 -2.1654 0.3228, -0.2559 -2.3622 0.3189, -0.2559 -2.3661 0.3228, -0.2559 -2.3622 0.0039, -0.2559 -2.3661 0.0, -0.4331 -2.3661 0.3228, -0.4331 -2.3661 0.0, -0.2861 -2.3268 0.0, -0.2987 -2.3105 0.0, -0.315 -2.298 0.0, -0.334 -2.2901 0.0, -0.2783 -2.3458 0.0, -0.2756 -2.3661 0.0, -0.3543 -2.2874 0.0, -0.3747 -2.2901 0.0, -0.3937 -2.298 0.0, -0.41 -2.3105 0.0, -0.4225 -2.3268 0.0, -0.4304 -2.3458 0.0, -0.4304 -2.3458 0.3228, -0.4225 -2.3268 0.3228, -0.41 -2.3105 0.3228, -0.3937 -2.298 0.3228, -0.3747 -2.2901 0.3228, -0.3543 -2.2874 0.3228, -0.334 -2.2901 0.3228, -0.315 -2.298 0.3228, -0.2987 -2.3105 0.3228, -0.2861 -2.3268 0.3228, -0.2783 -2.3458 0.3228, -0.2756 -2.3661 0.3228, -0.6102 -2.0118 0.0, -0.8071 -2.0118 0.0, -0.6102 -2.0118 0.0039, -0.8071 -2.0118 0.0039, -0.8071 -2.3622 0.0039, -0.8071 -2.3661 0.0, -0.8071 -2.3622 0.3189, -0.8071 -2.3661 0.3228, -0.8071 -2.1654 0.3189, -0.8071 -2.1654 0.3228, -0.6102 -2.1654 0.3189, -0.6102 -2.1654 0.3228, -0.6102 -2.3622 0.3189, -0.6102 -2.3661 0.3228, -0.6102 -2.3622 0.0039, -0.6102 -2.3661 0.0, -0.7874 -2.3661 0.3228, -0.7874 -2.3661 0.0, -0.6405 -2.3268 0.0, -0.653 -2.3105 0.0, -0.6693 -2.298 0.0, -0.6883 -2.2901 0.0, -0.6326 -2.3458 0.0, -0.6299 -2.3661 0.0, -0.7087 -2.2874 0.0, -0.729 -2.2901 0.0, -0.748 -2.298 0.0, -0.7643 -2.3105 0.0, -0.7769 -2.3268 0.0, -0.7847 -2.3458 0.0, -0.7847 -2.3458 0.3228, -0.7769 -2.3268 0.3228, -0.7643 -2.3105 0.3228, -0.748 -2.298 0.3228, -0.729 -2.2901 0.3228, -0.7087 -2.2874 0.3228, -0.6883 -2.2901 0.3228, -0.6693 -2.298 0.3228, -0.653 -2.3105 0.3228, -0.6405 -2.3268 0.3228, -0.6326 -2.3458 0.3228, -0.6299 -2.3661 0.3228, -0.9646 -2.0118 0.0, -1.1614 -2.0118 0.0, -0.9646 -2.0118 0.0039, -1.1614 -2.0118 0.0039, -1.1614 -2.3622 0.0039, -1.1614 -2.3661 0.0, -1.1614 -2.3622 0.3189, -1.1614 -2.3661 0.3228, -1.1614 -2.1654 0.3189, -1.1614 -2.1654 0.3228, -0.9646 -2.1654 0.3189, -0.9646 -2.1654 0.3228, -0.9646 -2.3622 0.3189, -0.9646 -2.3661 0.3228, -0.9646 -2.3622 0.0039, -0.9646 -2.3661 0.0, -1.1417 -2.3661 0.3228, -1.1417 -2.3661 0.0, -0.9948 -2.3268 0.0, -1.0073 -2.3105 0.0, -1.1312 -2.3268 0.0, -1.139 -2.3458 0.0, -0.9869 -2.3458 0.0, -0.9843 -2.3661 0.0, -1.0834 -2.2901 0.0, -1.1024 -2.298 0.0, -1.1187 -2.3105 0.0, -1.0236 -2.298 0.0, -1.0426 -2.2901 0.0, -1.063 -2.2874 0.0, -1.139 -2.3458 0.3228, -1.1312 -2.3268 0.3228, -1.1187 -2.3105 0.3228, -1.1024 -2.298 0.3228, -1.0236 -2.298 0.3228, -1.0073 -2.3105 0.3228, -0.9948 -2.3268 0.3228, -0.9869 -2.3458 0.3228, -0.9843 -2.3661 0.3228, -1.0834 -2.2901 0.3228, -1.063 -2.2874 0.3228, -1.0426 -2.2901 0.3228, -1.3189 -2.0118 0.0, -1.5157 -2.0118 0.0, -1.3189 -2.0118 0.0039, -1.5157 -2.0118 0.0039, -1.5157 -2.3622 0.0039, -1.5157 -2.3661 0.0, -1.5157 -2.3622 0.3189, -1.5157 -2.3661 0.3228, -1.5157 -2.1654 0.3189, -1.5157 -2.1654 0.3228, -1.3189 -2.1654 0.3189, -1.3189 -2.1654 0.3228, -1.3189 -2.3622 0.3189, -1.3189 -2.3661 0.3228, -1.3189 -2.3622 0.0039, -1.3189 -2.3661 0.0, -1.4961 -2.3661 0.3228, -1.4961 -2.3661 0.0, -1.3491 -2.3268 0.0, -1.3616 -2.3105 0.0, -1.4855 -2.3268 0.0, -1.4934 -2.3458 0.0, -1.3413 -2.3458 0.0, -1.3386 -2.3661 0.0, -1.4377 -2.2901 0.0, -1.4567 -2.298 0.0, -1.473 -2.3105 0.0, -1.378 -2.298 0.0, -1.3969 -2.2901 0.0, -1.4173 -2.2874 0.0, -1.4934 -2.3458 0.3228, -1.4855 -2.3268 0.3228, -1.473 -2.3105 0.3228, -1.4567 -2.298 0.3228, -1.378 -2.298 0.3228, -1.3616 -2.3105 0.3228, -1.3491 -2.3268 0.3228, -1.3413 -2.3458 0.3228, -1.3386 -2.3661 0.3228, -1.4377 -2.2901 0.3228, -1.4173 -2.2874 0.3228, -1.3969 -2.2901 0.3228, -1.6732 -2.0118 0.0, -1.8701 -2.0118 0.0, -1.6732 -2.0118 0.0039, -1.8701 -2.0118 0.0039, -1.8701 -2.3622 0.0039, -1.8701 -2.3661 0.0, -1.8701 -2.3622 0.3189, -1.8701 -2.3661 0.3228, -1.8701 -2.1654 0.3189, -1.8701 -2.1654 0.3228, -1.6732 -2.1654 0.3189, -1.6732 -2.1654 0.3228, -1.6732 -2.3622 0.3189, -1.6732 -2.3661 0.3228, -1.6732 -2.3622 0.0039, -1.6732 -2.3661 0.0, -1.8504 -2.3661 0.3228, -1.8504 -2.3661 0.0, -1.6929 -2.3661 0.0, -1.6956 -2.3458 0.0, -1.7035 -2.3268 0.0, -1.716 -2.3105 0.0, -1.7323 -2.298 0.0, -1.7513 -2.2901 0.0, -1.7717 -2.2874 0.0, -1.792 -2.2901 0.0, -1.811 -2.298 0.0, -1.8273 -2.3105 0.0, -1.8398 -2.3268 0.0, -1.8477 -2.3458 0.0, -1.8477 -2.3458 0.3228, -1.7323 -2.298 0.3228, -1.716 -2.3105 0.3228, -1.7035 -2.3268 0.3228, -1.6956 -2.3458 0.3228, -1.6929 -2.3661 0.3228, -1.8273 -2.3105 0.3228, -1.811 -2.298 0.3228, -1.792 -2.2901 0.3228, -1.7717 -2.2874 0.3228, -1.7513 -2.2901 0.3228, -1.8398 -2.3268 0.3228
            ]
        }
        coordIndex [
            0,1,2,-1,2,1,3,-1,3,1,4,-1,4,1,5,-1,4,5,6,-1,6,5,7,-1,6,7,8,-1,8,7,9,-1,10,11,12,-1,12,11,13,-1,12,13,14,-1,14,13,15,-1,14,15,2,-1,2,15,0,-1,7,5,16,-1,16,5,17,-1,15,18,19,-1,15,19,0,-1,0,19,20,-1,0,20,21,-1,21,22,0,-1,0,22,23,-1,0,23,1,-1,23,24,1,-1,1,24,25,-1,1,25,26,-1,26,27,1,-1,1,27,28,-1,1,28,5,-1,5,28,29,-1,5,29,17,-1,7,16,30,-1,31,32,11,-1,11,32,33,-1,11,33,13,-1,13,33,34,-1,13,34,35,-1,9,36,37,-1,37,38,9,-1,9,38,39,-1,9,39,11,-1,11,39,40,-1,11,40,31,-1,7,30,9,-1,9,30,41,-1,9,41,36,-1,42,43,44,-1,44,43,45,-1,45,43,46,-1,46,43,47,-1,46,47,48,-1,48,47,49,-1,48,49,50,-1,50,49,51,-1,52,53,54,-1,54,53,55,-1,54,55,56,-1,56,55,57,-1,56,57,44,-1,44,57,42,-1,49,47,58,-1,58,47,59,-1,57,60,61,-1,62,63,42,-1,42,63,64,-1,42,64,43,-1,64,65,43,-1,43,65,66,-1,43,66,67,-1,67,68,43,-1,43,68,69,-1,43,69,47,-1,47,69,70,-1,47,70,59,-1,57,61,42,-1,42,61,71,-1,42,71,62,-1,49,58,72,-1,49,72,51,-1,72,73,51,-1,51,73,74,-1,51,74,75,-1,75,76,51,-1,51,76,77,-1,51,77,53,-1,53,77,78,-1,53,78,79,-1,79,80,53,-1,53,80,81,-1,53,81,55,-1,55,81,82,-1,55,82,83,-1,84,85,86,-1,86,85,87,-1,87,85,88,-1,88,85,89,-1,88,89,90,-1,90,89,91,-1,90,91,92,-1,92,91,93,-1,94,95,96,-1,96,95,97,-1,96,97,98,-1,98,97,99,-1,98,99,86,-1,86,99,84,-1,91,89,100,-1,100,89,101,-1,102,103,84,-1,85,104,89,-1,89,104,105,-1,89,105,101,-1,102,84,106,-1,106,84,99,-1,106,99,107,-1,108,109,85,-1,85,109,110,-1,85,110,104,-1,103,111,84,-1,84,111,112,-1,84,112,85,-1,85,112,113,-1,85,113,108,-1,91,100,114,-1,91,114,93,-1,114,115,93,-1,93,115,116,-1,93,116,117,-1,118,119,95,-1,95,119,120,-1,95,120,97,-1,97,120,121,-1,97,121,122,-1,117,123,93,-1,93,123,124,-1,93,124,95,-1,95,124,125,-1,95,125,118,-1,126,127,128,-1,128,127,129,-1,129,127,130,-1,130,127,131,-1,130,131,132,-1,132,131,133,-1,132,133,134,-1,134,133,135,-1,136,137,138,-1,138,137,139,-1,138,139,140,-1,140,139,141,-1,140,141,128,-1,128,141,126,-1,133,131,142,-1,142,131,143,-1,141,144,145,-1,141,145,126,-1,126,145,146,-1,126,146,147,-1,147,148,126,-1,126,148,149,-1,126,149,127,-1,149,150,127,-1,127,150,151,-1,127,151,152,-1,152,153,127,-1,127,153,154,-1,127,154,131,-1,131,154,155,-1,131,155,143,-1,133,142,156,-1,157,158,137,-1,137,158,159,-1,137,159,139,-1,139,159,160,-1,139,160,161,-1,133,156,135,-1,156,162,135,-1,135,162,163,-1,135,163,164,-1,164,165,135,-1,135,165,166,-1,135,166,137,-1,137,166,167,-1,137,167,157,-1,168,169,170,-1,170,169,171,-1,171,169,172,-1,172,169,173,-1,172,173,174,-1,174,173,175,-1,174,175,176,-1,176,175,177,-1,178,179,180,-1,180,179,181,-1,180,181,182,-1,182,181,183,-1,182,183,170,-1,170,183,168,-1,175,173,184,-1,184,173,185,-1,186,187,168,-1,187,188,168,-1,168,188,189,-1,168,189,169,-1,186,168,190,-1,190,168,183,-1,190,183,191,-1,189,192,169,-1,169,192,193,-1,169,193,194,-1,194,195,169,-1,169,195,196,-1,169,196,173,-1,173,196,197,-1,173,197,185,-1,175,184,198,-1,175,198,177,-1,198,199,177,-1,177,199,200,-1,177,200,201,-1,201,202,177,-1,177,202,203,-1,177,203,179,-1,179,203,204,-1,179,204,205,-1,205,206,179,-1,179,206,207,-1,179,207,181,-1,181,207,208,-1,181,208,209,-1,210,211,212,-1,212,211,213,-1,213,211,214,-1,214,211,215,-1,214,215,216,-1,216,215,217,-1,216,217,218,-1,218,217,219,-1,220,221,222,-1,222,221,223,-1,222,223,224,-1,224,223,225,-1,224,225,212,-1,212,225,210,-1,217,215,226,-1,226,215,227,-1,225,228,229,-1,230,231,210,-1,210,231,232,-1,210,232,211,-1,225,229,210,-1,210,229,233,-1,210,233,230,-1,232,234,211,-1,211,234,235,-1,211,235,236,-1,236,237,211,-1,211,237,238,-1,211,238,215,-1,215,238,239,-1,215,239,227,-1,217,226,240,-1,241,242,219,-1,217,240,219,-1,219,240,243,-1,219,243,241,-1,242,244,219,-1,219,244,245,-1,219,245,221,-1,221,245,246,-1,221,246,247,-1,247,248,221,-1,221,248,249,-1,221,249,223,-1,223,249,250,-1,223,250,251,-1,252,253,254,-1,254,253,255,-1,255,253,256,-1,256,253,257,-1,256,257,258,-1,258,257,259,-1,258,259,260,-1,260,259,261,-1,262,263,264,-1,264,263,265,-1,264,265,266,-1,266,265,267,-1,266,267,254,-1,254,267,252,-1,259,257,268,-1,268,257,269,-1,270,271,252,-1,271,272,252,-1,252,272,273,-1,252,273,253,-1,270,252,274,-1,274,252,267,-1,274,267,275,-1,273,276,253,-1,253,276,277,-1,253,277,278,-1,278,279,253,-1,253,279,280,-1,253,280,257,-1,257,280,281,-1,257,281,269,-1,259,268,282,-1,259,282,261,-1,282,283,261,-1,261,283,284,-1,261,284,285,-1,285,286,261,-1,261,286,287,-1,261,287,263,-1,263,287,288,-1,263,288,289,-1,289,290,263,-1,263,290,291,-1,263,291,265,-1,265,291,292,-1,265,292,293,-1,294,295,296,-1,296,295,297,-1,297,295,298,-1,298,295,299,-1,298,299,300,-1,300,299,301,-1,300,301,302,-1,302,301,303,-1,304,305,306,-1,306,305,307,-1,306,307,308,-1,308,307,309,-1,308,309,296,-1,296,309,294,-1,301,299,310,-1,310,299,311,-1,312,313,294,-1,313,314,294,-1,294,314,315,-1,294,315,295,-1,312,294,316,-1,316,294,309,-1,316,309,317,-1,315,318,295,-1,295,318,319,-1,295,319,320,-1,320,321,295,-1,295,321,322,-1,295,322,299,-1,299,322,323,-1,299,323,311,-1,301,310,324,-1,301,324,303,-1,324,325,303,-1,303,325,326,-1,303,326,327,-1,327,328,303,-1,303,328,329,-1,303,329,305,-1,305,329,330,-1,305,330,331,-1,331,332,305,-1,305,332,333,-1,305,333,307,-1,307,333,334,-1,307,334,335,-1,336,337,338,-1,338,337,339,-1,339,337,340,-1,340,337,341,-1,340,341,342,-1,342,341,343,-1,342,343,344,-1,344,343,345,-1,346,347,348,-1,348,347,349,-1,348,349,350,-1,350,349,351,-1,350,351,338,-1,338,351,336,-1,343,341,352,-1,352,341,353,-1,354,355,336,-1,337,356,341,-1,341,356,357,-1,341,357,353,-1,354,336,358,-1,358,336,351,-1,358,351,359,-1,360,361,337,-1,337,361,362,-1,337,362,356,-1,355,363,336,-1,336,363,364,-1,336,364,337,-1,337,364,365,-1,337,365,360,-1,343,352,366,-1,343,366,345,-1,366,367,345,-1,345,367,368,-1,345,368,369,-1,370,371,347,-1,347,371,372,-1,347,372,349,-1,349,372,373,-1,349,373,374,-1,369,375,345,-1,345,375,376,-1,345,376,347,-1,347,376,377,-1,347,377,370,-1,378,379,380,-1,380,379,381,-1,381,379,382,-1,382,379,383,-1,382,383,384,-1,384,383,385,-1,384,385,386,-1,386,385,387,-1,388,389,390,-1,390,389,391,-1,390,391,392,-1,392,391,393,-1,392,393,380,-1,380,393,378,-1,385,383,394,-1,394,383,395,-1,396,397,378,-1,379,398,383,-1,383,398,399,-1,383,399,395,-1,396,378,400,-1,400,378,393,-1,400,393,401,-1,402,403,379,-1,379,403,404,-1,379,404,398,-1,397,405,378,-1,378,405,406,-1,378,406,379,-1,379,406,407,-1,379,407,402,-1,385,394,408,-1,385,408,387,-1,408,409,387,-1,387,409,410,-1,387,410,411,-1,412,413,389,-1,389,413,414,-1,389,414,391,-1,391,414,415,-1,391,415,416,-1,411,417,387,-1,387,417,418,-1,387,418,389,-1,389,418,419,-1,389,419,412,-1,420,421,422,-1,422,421,423,-1,423,421,424,-1,424,421,425,-1,424,425,426,-1,426,425,427,-1,426,427,428,-1,428,427,429,-1,430,431,432,-1,432,431,433,-1,432,433,434,-1,434,433,435,-1,434,435,422,-1,422,435,420,-1,427,425,436,-1,436,425,437,-1,435,438,439,-1,435,439,420,-1,420,439,440,-1,420,440,441,-1,441,442,420,-1,420,442,443,-1,420,443,421,-1,443,444,421,-1,421,444,445,-1,421,445,446,-1,446,447,421,-1,421,447,448,-1,421,448,425,-1,425,448,449,-1,425,449,437,-1,427,436,450,-1,451,452,431,-1,431,452,453,-1,431,453,433,-1,433,453,454,-1,433,454,455,-1,429,456,457,-1,457,458,429,-1,429,458,459,-1,429,459,431,-1,431,459,460,-1,431,460,451,-1,427,450,429,-1,429,450,461,-1,429,461,456,-1,438,455,439,-1,439,455,454,-1,439,454,440,-1,440,454,453,-1,440,453,441,-1,441,453,452,-1,441,452,442,-1,442,452,451,-1,442,451,443,-1,443,451,460,-1,443,460,444,-1,444,460,459,-1,444,459,445,-1,445,459,458,-1,445,458,446,-1,446,458,457,-1,446,457,447,-1,447,457,456,-1,447,456,448,-1,448,456,461,-1,448,461,449,-1,449,461,450,-1,449,450,437,-1,437,450,436,-1,401,416,400,-1,400,416,415,-1,400,415,396,-1,396,415,414,-1,396,414,397,-1,397,414,413,-1,397,413,405,-1,405,413,412,-1,405,412,406,-1,406,412,419,-1,406,419,407,-1,407,419,418,-1,407,418,402,-1,402,418,417,-1,402,417,403,-1,403,417,411,-1,403,411,404,-1,404,411,410,-1,404,410,398,-1,398,410,409,-1,398,409,399,-1,399,409,408,-1,399,408,395,-1,395,408,394,-1,359,374,358,-1,358,374,373,-1,358,373,354,-1,354,373,372,-1,354,372,355,-1,355,372,371,-1,355,371,363,-1,363,371,370,-1,363,370,364,-1,364,370,377,-1,364,377,365,-1,365,377,376,-1,365,376,360,-1,360,376,375,-1,360,375,361,-1,361,375,369,-1,361,369,362,-1,362,369,368,-1,362,368,356,-1,356,368,367,-1,356,367,357,-1,357,367,366,-1,357,366,353,-1,353,366,352,-1,317,335,316,-1,316,335,334,-1,316,334,312,-1,312,334,333,-1,312,333,313,-1,313,333,332,-1,313,332,314,-1,314,332,331,-1,314,331,315,-1,315,331,330,-1,315,330,318,-1,318,330,329,-1,318,329,319,-1,319,329,328,-1,319,328,320,-1,320,328,327,-1,320,327,321,-1,321,327,326,-1,321,326,322,-1,322,326,325,-1,322,325,323,-1,323,325,324,-1,323,324,311,-1,311,324,310,-1,275,293,274,-1,274,293,292,-1,274,292,270,-1,270,292,291,-1,270,291,271,-1,271,291,290,-1,271,290,272,-1,272,290,289,-1,272,289,273,-1,273,289,288,-1,273,288,276,-1,276,288,287,-1,276,287,277,-1,277,287,286,-1,277,286,278,-1,278,286,285,-1,278,285,279,-1,279,285,284,-1,279,284,280,-1,280,284,283,-1,280,283,281,-1,281,283,282,-1,281,282,269,-1,269,282,268,-1,228,251,229,-1,229,251,250,-1,229,250,233,-1,233,250,249,-1,233,249,230,-1,230,249,248,-1,230,248,231,-1,231,248,247,-1,231,247,232,-1,232,247,246,-1,232,246,234,-1,234,246,245,-1,234,245,235,-1,235,245,244,-1,235,244,236,-1,236,244,242,-1,236,242,237,-1,237,242,241,-1,237,241,238,-1,238,241,243,-1,238,243,239,-1,239,243,240,-1,239,240,227,-1,227,240,226,-1,191,209,190,-1,190,209,208,-1,190,208,186,-1,186,208,207,-1,186,207,187,-1,187,207,206,-1,187,206,188,-1,188,206,205,-1,188,205,189,-1,189,205,204,-1,189,204,192,-1,192,204,203,-1,192,203,193,-1,193,203,202,-1,193,202,194,-1,194,202,201,-1,194,201,195,-1,195,201,200,-1,195,200,196,-1,196,200,199,-1,196,199,197,-1,197,199,198,-1,197,198,185,-1,185,198,184,-1,144,161,145,-1,145,161,160,-1,145,160,146,-1,146,160,159,-1,146,159,147,-1,147,159,158,-1,147,158,148,-1,148,158,157,-1,148,157,149,-1,149,157,167,-1,149,167,150,-1,150,167,166,-1,150,166,151,-1,151,166,165,-1,151,165,152,-1,152,165,164,-1,152,164,153,-1,153,164,163,-1,153,163,154,-1,154,163,162,-1,154,162,155,-1,155,162,156,-1,155,156,143,-1,143,156,142,-1,107,122,106,-1,106,122,121,-1,106,121,102,-1,102,121,120,-1,102,120,103,-1,103,120,119,-1,103,119,111,-1,111,119,118,-1,111,118,112,-1,112,118,125,-1,112,125,113,-1,113,125,124,-1,113,124,108,-1,108,124,123,-1,108,123,109,-1,109,123,117,-1,109,117,110,-1,110,117,116,-1,110,116,104,-1,104,116,115,-1,104,115,105,-1,105,115,114,-1,105,114,101,-1,101,114,100,-1,60,83,61,-1,61,83,82,-1,61,82,71,-1,71,82,81,-1,71,81,62,-1,62,81,80,-1,62,80,63,-1,63,80,79,-1,63,79,64,-1,64,79,78,-1,64,78,65,-1,65,78,77,-1,65,77,66,-1,66,77,76,-1,66,76,67,-1,67,76,75,-1,67,75,68,-1,68,75,74,-1,68,74,69,-1,69,74,73,-1,69,73,70,-1,70,73,72,-1,70,72,59,-1,59,72,58,-1,18,35,19,-1,19,35,34,-1,19,34,20,-1,20,34,33,-1,20,33,21,-1,21,33,32,-1,21,32,22,-1,22,32,31,-1,22,31,23,-1,23,31,40,-1,23,40,24,-1,24,40,39,-1,24,39,25,-1,25,39,38,-1,25,38,26,-1,26,38,37,-1,26,37,27,-1,27,37,36,-1,27,36,28,-1,28,36,41,-1,28,41,29,-1,29,41,30,-1,29,30,17,-1,17,30,16,-1,
        ]
    }
}
Shape{
    appearance Appearance {
        material  Material 	{
            diffuseColor 1.0 1.0 1.0
            specularColor 0.8784313725490196 0.8784313725490196 0.8784313725490196
            ambientIntensity 1.0
            transparency 0.0
            shininess 0.5
        }
    }
    geometry IndexedFaceSet {
        ccw TRUE
        solid FALSE
        coord DEF co Coordinate {
            point [
                -1.6732 -2.1654 0.3228, -1.6732 -2.1654 0.3189, -1.8701 -2.1654 0.3228, -1.8701 -2.1654 0.3189, -1.3189 -2.1654 0.3228, -1.3189 -2.1654 0.3189, -1.5157 -2.1654 0.3228, -1.5157 -2.1654 0.3189, -0.9646 -2.1654 0.3228, -0.9646 -2.1654 0.3189, -1.1614 -2.1654 0.3228, -1.1614 -2.1654 0.3189, -0.6102 -2.1654 0.3228, -0.6102 -2.1654 0.3189, -0.8071 -2.1654 0.3228, -0.8071 -2.1654 0.3189, -0.2559 -2.1654 0.3228, -0.2559 -2.1654 0.3189, -0.4528 -2.1654 0.3228, -0.4528 -2.1654 0.3189, 0.0984 -2.1654 0.3228, 0.0984 -2.1654 0.3189, -0.0984 -2.1654 0.3228, -0.0984 -2.1654 0.3189, 0.4528 -2.1654 0.3228, 0.4528 -2.1654 0.3189, 0.2559 -2.1654 0.3228, 0.2559 -2.1654 0.3189, 0.8071 -2.1654 0.3228, 0.8071 -2.1654 0.3189, 0.6102 -2.1654 0.3228, 0.6102 -2.1654 0.3189, 1.1614 -2.1654 0.3228, 1.1614 -2.1654 0.3189, 0.9646 -2.1654 0.3228, 0.9646 -2.1654 0.3189, 1.5157 -2.1654 0.3228, 1.5157 -2.1654 0.3189, 1.3189 -2.1654 0.3228, 1.3189 -2.1654 0.3189, 1.8701 -2.1654 0.3228, 1.8701 -2.1654 0.3189, 1.6732 -2.1654 0.3228, 1.6732 -2.1654 0.3189
            ]
        }
        coordIndex [
            0,1,2,-1,2,1,3,-1,4,5,6,-1,6,5,7,-1,8,9,10,-1,10,9,11,-1,12,13,14,-1,14,13,15,-1,16,17,18,-1,18,17,19,-1,20,21,22,-1,22,21,23,-1,24,25,26,-1,26,25,27,-1,28,29,30,-1,30,29,31,-1,32,33,34,-1,34,33,35,-1,36,37,38,-1,38,37,39,-1,40,41,42,-1,42,41,43,-1,
        ]
    }
}
Shape{
    appearance Appearance {
        material  Material 	{
            diffuseColor 0.9882352941176471 0.7372549019607844 0.5176470588235295
            specularColor 0.49411764705882355 0.3686274509803922 0.25882352941176473
            ambientIntensity 0.7873
            transparency 0.0
            shininess 0.5
        }
    }
    geometry IndexedFaceSet {
        ccw TRUE
        solid FALSE
        coord DEF co Coordinate {
            point [
                2.0118 1.8701 0.0, 2.0118 1.6732 0.0, 2.0118 1.8701 0.0039, 2.0118 1.6732 0.0039, 2.3622 1.6732 0.0039, 2.3661 1.6732 0.0, 2.3622 1.6732 0.3189, 2.3661 1.6732 0.3228, 2.1654 1.6732 0.3189, 2.1654 1.6732 0.3228, 2.1654 1.8701 0.3189, 2.1654 1.8701 0.3228, 2.3622 1.8701 0.3189, 2.3661 1.8701 0.3228, 2.3622 1.8701 0.0039, 2.3661 1.8701 0.0, 2.3661 1.6929 0.3228, 2.3661 1.6929 0.0, 2.3661 1.8504 0.0, 2.3458 1.8477 0.0, 2.3105 1.8273 0.0, 2.298 1.811 0.0, 2.3268 1.8398 0.0, 2.2901 1.792 0.0, 2.2874 1.7717 0.0, 2.2901 1.7513 0.0, 2.298 1.7323 0.0, 2.3105 1.716 0.0, 2.3268 1.7035 0.0, 2.3458 1.6956 0.0, 2.3268 1.7035 0.3228, 2.3105 1.716 0.3228, 2.298 1.7323 0.3228, 2.3458 1.6956 0.3228, 2.298 1.811 0.3228, 2.3105 1.8273 0.3228, 2.3268 1.8398 0.3228, 2.3458 1.8477 0.3228, 2.3661 1.8504 0.3228, 2.2901 1.7513 0.3228, 2.2874 1.7717 0.3228, 2.2901 1.792 0.3228, 2.0118 1.5157 0.0, 2.0118 1.3189 0.0, 2.0118 1.5157 0.0039, 2.0118 1.3189 0.0039, 2.3622 1.3189 0.0039, 2.3661 1.3189 0.0, 2.3622 1.3189 0.3189, 2.3661 1.3189 0.3228, 2.1654 1.3189 0.3189, 2.1654 1.3189 0.3228, 2.1654 1.5157 0.3189, 2.1654 1.5157 0.3228, 2.3622 1.5157 0.3189, 2.3661 1.5157 0.3228, 2.3622 1.5157 0.0039, 2.3661 1.5157 0.0, 2.3661 1.3386 0.3228, 2.3661 1.3386 0.0, 2.3661 1.4961 0.0, 2.3458 1.4934 0.0, 2.3105 1.473 0.0, 2.298 1.4567 0.0, 2.3268 1.4855 0.0, 2.298 1.378 0.0, 2.3105 1.3616 0.0, 2.3268 1.3491 0.0, 2.3458 1.3413 0.0, 2.2901 1.4377 0.0, 2.2874 1.4173 0.0, 2.2901 1.3969 0.0, 2.3458 1.3413 0.3228, 2.298 1.4567 0.3228, 2.3105 1.473 0.3228, 2.3268 1.4855 0.3228, 2.3458 1.4934 0.3228, 2.3661 1.4961 0.3228, 2.3268 1.3491 0.3228, 2.3105 1.3616 0.3228, 2.298 1.378 0.3228, 2.2901 1.3969 0.3228, 2.2874 1.4173 0.3228, 2.2901 1.4377 0.3228, 2.0118 1.1614 0.0, 2.0118 0.9646 0.0, 2.0118 1.1614 0.0039, 2.0118 0.9646 0.0039, 2.3622 0.9646 0.0039, 2.3661 0.9646 0.0, 2.3622 0.9646 0.3189, 2.3661 0.9646 0.3228, 2.1654 0.9646 0.3189, 2.1654 0.9646 0.3228, 2.1654 1.1614 0.3189, 2.1654 1.1614 0.3228, 2.3622 1.1614 0.3189, 2.3661 1.1614 0.3228, 2.3622 1.1614 0.0039, 2.3661 1.1614 0.0, 2.3661 0.9843 0.3228, 2.3661 0.9843 0.0, 2.3661 1.1417 0.0, 2.3458 1.139 0.0, 2.3105 1.1187 0.0, 2.298 1.1024 0.0, 2.3268 1.1312 0.0, 2.2901 1.0834 0.0, 2.2874 1.063 0.0, 2.2901 1.0426 0.0, 2.298 1.0236 0.0, 2.3105 1.0073 0.0, 2.3268 0.9948 0.0, 2.3458 0.9869 0.0, 2.3458 0.9869 0.3228, 2.298 1.1024 0.3228, 2.3105 1.1187 0.3228, 2.3268 1.1312 0.3228, 2.3458 1.139 0.3228, 2.3661 1.1417 0.3228, 2.3268 0.9948 0.3228, 2.3105 1.0073 0.3228, 2.298 1.0236 0.3228, 2.2901 1.0426 0.3228, 2.2874 1.063 0.3228, 2.2901 1.0834 0.3228, 2.0118 0.8071 0.0, 2.0118 0.6102 0.0, 2.0118 0.8071 0.0039, 2.0118 0.6102 0.0039, 2.3622 0.6102 0.0039, 2.3661 0.6102 0.0, 2.3622 0.6102 0.3189, 2.3661 0.6102 0.3228, 2.1654 0.6102 0.3189, 2.1654 0.6102 0.3228, 2.1654 0.8071 0.3189, 2.1654 0.8071 0.3228, 2.3622 0.8071 0.3189, 2.3661 0.8071 0.3228, 2.3622 0.8071 0.0039, 2.3661 0.8071 0.0, 2.3661 0.6299 0.3228, 2.3661 0.6299 0.0, 2.3661 0.7874 0.0, 2.3458 0.7847 0.0, 2.3105 0.7643 0.0, 2.298 0.748 0.0, 2.3268 0.7769 0.0, 2.2901 0.729 0.0, 2.2874 0.7087 0.0, 2.2901 0.6883 0.0, 2.298 0.6693 0.0, 2.3105 0.653 0.0, 2.3268 0.6405 0.0, 2.3458 0.6326 0.0, 2.298 0.6693 0.3228, 2.3105 0.653 0.3228, 2.3268 0.6405 0.3228, 2.298 0.748 0.3228, 2.3105 0.7643 0.3228, 2.3268 0.7769 0.3228, 2.3458 0.7847 0.3228, 2.3661 0.7874 0.3228, 2.3458 0.6326 0.3228, 2.2901 0.6883 0.3228, 2.2874 0.7087 0.3228, 2.2901 0.729 0.3228, 2.0118 0.4528 0.0, 2.0118 0.2559 0.0, 2.0118 0.4528 0.0039, 2.0118 0.2559 0.0039, 2.3622 0.2559 0.0039, 2.3661 0.2559 0.0, 2.3622 0.2559 0.3189, 2.3661 0.2559 0.3228, 2.1654 0.2559 0.3189, 2.1654 0.2559 0.3228, 2.1654 0.4528 0.3189, 2.1654 0.4528 0.3228, 2.3622 0.4528 0.3189, 2.3661 0.4528 0.3228, 2.3622 0.4528 0.0039, 2.3661 0.4528 0.0, 2.3661 0.2756 0.3228, 2.3661 0.2756 0.0, 2.3661 0.4331 0.0, 2.3458 0.4304 0.0, 2.3268 0.4225 0.0, 2.3105 0.41 0.0, 2.298 0.3937 0.0, 2.2901 0.3747 0.0, 2.2874 0.3543 0.0, 2.2901 0.334 0.0, 2.298 0.315 0.0, 2.3105 0.2987 0.0, 2.3268 0.2861 0.0, 2.3458 0.2783 0.0, 2.3105 0.2987 0.3228, 2.298 0.315 0.3228, 2.3458 0.2783 0.3228, 2.298 0.3937 0.3228, 2.3105 0.41 0.3228, 2.3268 0.4225 0.3228, 2.3458 0.4304 0.3228, 2.3661 0.4331 0.3228, 2.3268 0.2861 0.3228, 2.2901 0.334 0.3228, 2.2874 0.3543 0.3228, 2.2901 0.3747 0.3228, 2.0118 0.0984 0.0, 2.0118 -0.0984 0.0, 2.0118 0.0984 0.0039, 2.0118 -0.0984 0.0039, 2.3622 -0.0984 0.0039, 2.3661 -0.0984 0.0, 2.3622 -0.0984 0.3189, 2.3661 -0.0984 0.3228, 2.1654 -0.0984 0.3189, 2.1654 -0.0984 0.3228, 2.1654 0.0984 0.3189, 2.1654 0.0984 0.3228, 2.3622 0.0984 0.3189, 2.3661 0.0984 0.3228, 2.3622 0.0984 0.0039, 2.3661 0.0984 0.0, 2.3661 -0.0787 0.3228, 2.3661 -0.0787 0.0, 2.2901 -0.0204 0.0, 2.298 -0.0394 0.0, 2.3661 0.0787 0.0, 2.3458 0.0761 0.0, 2.3268 0.0682 0.0, 2.3105 0.0557 0.0, 2.298 0.0394 0.0, 2.2901 0.0204 0.0, 2.2874 0.0 0.0, 2.3105 -0.0557 0.0, 2.3268 -0.0682 0.0, 2.3458 -0.0761 0.0, 2.298 -0.0394 0.3228, 2.3105 -0.0557 0.3228, 2.3268 -0.0682 0.3228, 2.298 0.0394 0.3228, 2.3105 0.0557 0.3228, 2.3268 0.0682 0.3228, 2.3458 0.0761 0.3228, 2.3661 0.0787 0.3228, 2.3458 -0.0761 0.3228, 2.2901 -0.0204 0.3228, 2.2874 0.0 0.3228, 2.2901 0.0204 0.3228, 2.0118 -0.2559 0.0, 2.0118 -0.4528 0.0, 2.0118 -0.2559 0.0039, 2.0118 -0.4528 0.0039, 2.3622 -0.4528 0.0039, 2.3661 -0.4528 0.0, 2.3622 -0.4528 0.3189, 2.3661 -0.4528 0.3228, 2.1654 -0.4528 0.3189, 2.1654 -0.4528 0.3228, 2.1654 -0.2559 0.3189, 2.1654 -0.2559 0.3228, 2.3622 -0.2559 0.3189, 2.3661 -0.2559 0.3228, 2.3622 -0.2559 0.0039, 2.3661 -0.2559 0.0, 2.3661 -0.4331 0.3228, 2.3661 -0.4331 0.0, 2.3661 -0.2756 0.0, 2.3458 -0.2783 0.0, 2.3268 -0.2861 0.0, 2.3105 -0.2987 0.0, 2.298 -0.315 0.0, 2.2901 -0.334 0.0, 2.2874 -0.3543 0.0, 2.2901 -0.3747 0.0, 2.298 -0.3937 0.0, 2.3105 -0.41 0.0, 2.3268 -0.4225 0.0, 2.3458 -0.4304 0.0, 2.298 -0.315 0.3228, 2.3105 -0.2987 0.3228, 2.3268 -0.2861 0.3228, 2.3458 -0.2783 0.3228, 2.3661 -0.2756 0.3228, 2.3458 -0.4304 0.3228, 2.3105 -0.41 0.3228, 2.298 -0.3937 0.3228, 2.2901 -0.3747 0.3228, 2.2874 -0.3543 0.3228, 2.2901 -0.334 0.3228, 2.3268 -0.4225 0.3228, 2.0118 -0.6102 0.0, 2.0118 -0.8071 0.0, 2.0118 -0.6102 0.0039, 2.0118 -0.8071 0.0039, 2.3622 -0.8071 0.0039, 2.3661 -0.8071 0.0, 2.3622 -0.8071 0.3189, 2.3661 -0.8071 0.3228, 2.1654 -0.8071 0.3189, 2.1654 -0.8071 0.3228, 2.1654 -0.6102 0.3189, 2.1654 -0.6102 0.3228, 2.3622 -0.6102 0.3189, 2.3661 -0.6102 0.3228, 2.3622 -0.6102 0.0039, 2.3661 -0.6102 0.0, 2.3661 -0.7874 0.3228, 2.3661 -0.7874 0.0, 2.3661 -0.6299 0.0, 2.3458 -0.6326 0.0, 2.298 -0.748 0.0, 2.3105 -0.7643 0.0, 2.3268 -0.7769 0.0, 2.3458 -0.7847 0.0, 2.3268 -0.6405 0.0, 2.3105 -0.653 0.0, 2.2874 -0.7087 0.0, 2.2901 -0.729 0.0, 2.298 -0.6693 0.0, 2.2901 -0.6883 0.0, 2.3458 -0.7847 0.3228, 2.3268 -0.7769 0.3228, 2.3105 -0.7643 0.3228, 2.298 -0.748 0.3228, 2.298 -0.6693 0.3228, 2.3105 -0.653 0.3228, 2.3268 -0.6405 0.3228, 2.3458 -0.6326 0.3228, 2.3661 -0.6299 0.3228, 2.2901 -0.729 0.3228, 2.2874 -0.7087 0.3228, 2.2901 -0.6883 0.3228, 2.0118 -0.9646 0.0, 2.0118 -1.1614 0.0, 2.0118 -0.9646 0.0039, 2.0118 -1.1614 0.0039, 2.3622 -1.1614 0.0039, 2.3661 -1.1614 0.0, 2.3622 -1.1614 0.3189, 2.3661 -1.1614 0.3228, 2.1654 -1.1614 0.3189, 2.1654 -1.1614 0.3228, 2.1654 -0.9646 0.3189, 2.1654 -0.9646 0.3228, 2.3622 -0.9646 0.3189, 2.3661 -0.9646 0.3228, 2.3622 -0.9646 0.0039, 2.3661 -0.9646 0.0, 2.3661 -1.1417 0.3228, 2.3661 -1.1417 0.0, 2.298 -1.0236 0.0, 2.3105 -1.0073 0.0, 2.3268 -0.9948 0.0, 2.298 -1.1024 0.0, 2.3105 -1.1187 0.0, 2.3268 -1.1312 0.0, 2.3458 -1.139 0.0, 2.3458 -0.9869 0.0, 2.3661 -0.9843 0.0, 2.2901 -1.0426 0.0, 2.2874 -1.063 0.0, 2.2901 -1.0834 0.0, 2.3458 -1.139 0.3228, 2.3268 -1.1312 0.3228, 2.3105 -1.1187 0.3228, 2.298 -1.1024 0.3228, 2.298 -1.0236 0.3228, 2.3105 -1.0073 0.3228, 2.3268 -0.9948 0.3228, 2.3458 -0.9869 0.3228, 2.3661 -0.9843 0.3228, 2.2901 -1.0834 0.3228, 2.2874 -1.063 0.3228, 2.2901 -1.0426 0.3228, 2.0118 -1.3189 0.0, 2.0118 -1.5157 0.0, 2.0118 -1.3189 0.0039, 2.0118 -1.5157 0.0039, 2.3622 -1.5157 0.0039, 2.3661 -1.5157 0.0, 2.3622 -1.5157 0.3189, 2.3661 -1.5157 0.3228, 2.1654 -1.5157 0.3189, 2.1654 -1.5157 0.3228, 2.1654 -1.3189 0.3189, 2.1654 -1.3189 0.3228, 2.3622 -1.3189 0.3189, 2.3661 -1.3189 0.3228, 2.3622 -1.3189 0.0039, 2.3661 -1.3189 0.0, 2.3661 -1.4961 0.3228, 2.3661 -1.4961 0.0, 2.3661 -1.3386 0.0, 2.3458 -1.3413 0.0, 2.3105 -1.3616 0.0, 2.298 -1.378 0.0, 2.3268 -1.3491 0.0, 2.2901 -1.3969 0.0, 2.2874 -1.4173 0.0, 2.2901 -1.4377 0.0, 2.298 -1.4567 0.0, 2.3105 -1.473 0.0, 2.3268 -1.4855 0.0, 2.3458 -1.4934 0.0, 2.3458 -1.4934 0.3228, 2.3105 -1.473 0.3228, 2.298 -1.4567 0.3228, 2.298 -1.378 0.3228, 2.3105 -1.3616 0.3228, 2.3268 -1.3491 0.3228, 2.3458 -1.3413 0.3228, 2.3661 -1.3386 0.3228, 2.3268 -1.4855 0.3228, 2.2901 -1.4377 0.3228, 2.2874 -1.4173 0.3228, 2.2901 -1.3969 0.3228, 2.0118 -1.6732 0.0, 2.0118 -1.8701 0.0, 2.0118 -1.6732 0.0039, 2.0118 -1.8701 0.0039, 2.3622 -1.8701 0.0039, 2.3661 -1.8701 0.0, 2.3622 -1.8701 0.3189, 2.3661 -1.8701 0.3228, 2.1654 -1.8701 0.3189, 2.1654 -1.8701 0.3228, 2.1654 -1.6732 0.3189, 2.1654 -1.6732 0.3228, 2.3622 -1.6732 0.3189, 2.3661 -1.6732 0.3228, 2.3622 -1.6732 0.0039, 2.3661 -1.6732 0.0, 2.3661 -1.8504 0.3228, 2.3661 -1.8504 0.0, 2.3661 -1.6929 0.0, 2.3458 -1.6956 0.0, 2.3105 -1.716 0.0, 2.298 -1.7323 0.0, 2.3268 -1.7035 0.0, 2.298 -1.811 0.0, 2.3105 -1.8273 0.0, 2.3268 -1.8398 0.0, 2.3458 -1.8477 0.0, 2.2901 -1.7513 0.0, 2.2874 -1.7717 0.0, 2.2901 -1.792 0.0, 2.3458 -1.8477 0.3228, 2.3105 -1.8273 0.3228, 2.298 -1.811 0.3228, 2.3268 -1.8398 0.3228, 2.298 -1.7323 0.3228, 2.3105 -1.716 0.3228, 2.3268 -1.7035 0.3228, 2.3458 -1.6956 0.3228, 2.3661 -1.6929 0.3228, 2.2901 -1.792 0.3228, 2.2874 -1.7717 0.3228, 2.2901 -1.7513 0.3228
            ]
        }
        coordIndex [
            0,1,2,-1,2,1,3,-1,3,1,4,-1,4,1,5,-1,4,5,6,-1,6,5,7,-1,6,7,8,-1,8,7,9,-1,10,11,12,-1,12,11,13,-1,12,13,14,-1,14,13,15,-1,14,15,2,-1,2,15,0,-1,7,5,16,-1,16,5,17,-1,15,18,19,-1,0,20,21,-1,15,19,0,-1,0,19,22,-1,0,22,20,-1,21,23,0,-1,0,23,24,-1,0,24,1,-1,1,24,25,-1,1,25,26,-1,26,27,1,-1,1,27,28,-1,1,28,5,-1,5,28,29,-1,5,29,17,-1,30,31,9,-1,9,31,32,-1,30,9,33,-1,33,9,7,-1,33,7,16,-1,34,35,11,-1,11,35,36,-1,11,36,13,-1,13,36,37,-1,13,37,38,-1,32,39,9,-1,9,39,40,-1,9,40,11,-1,11,40,41,-1,11,41,34,-1,42,43,44,-1,44,43,45,-1,45,43,46,-1,46,43,47,-1,46,47,48,-1,48,47,49,-1,48,49,50,-1,50,49,51,-1,52,53,54,-1,54,53,55,-1,54,55,56,-1,56,55,57,-1,56,57,44,-1,44,57,42,-1,49,47,58,-1,58,47,59,-1,57,60,61,-1,62,63,42,-1,57,61,42,-1,42,61,64,-1,42,64,62,-1,65,66,43,-1,43,66,67,-1,43,67,47,-1,47,67,68,-1,47,68,59,-1,63,69,42,-1,42,69,70,-1,42,70,43,-1,43,70,71,-1,43,71,65,-1,49,58,72,-1,49,72,51,-1,73,74,53,-1,53,74,75,-1,53,75,55,-1,55,75,76,-1,55,76,77,-1,72,78,51,-1,51,78,79,-1,51,79,80,-1,80,81,51,-1,51,81,82,-1,51,82,53,-1,53,82,83,-1,53,83,73,-1,84,85,86,-1,86,85,87,-1,87,85,88,-1,88,85,89,-1,88,89,90,-1,90,89,91,-1,90,91,92,-1,92,91,93,-1,94,95,96,-1,96,95,97,-1,96,97,98,-1,98,97,99,-1,98,99,86,-1,86,99,84,-1,91,89,100,-1,100,89,101,-1,99,102,103,-1,104,105,84,-1,99,103,84,-1,84,103,106,-1,84,106,104,-1,105,107,84,-1,84,107,108,-1,84,108,85,-1,85,108,109,-1,85,109,110,-1,110,111,85,-1,85,111,112,-1,85,112,89,-1,89,112,113,-1,89,113,101,-1,91,100,114,-1,91,114,93,-1,115,116,95,-1,95,116,117,-1,95,117,97,-1,97,117,118,-1,97,118,119,-1,114,120,93,-1,93,120,121,-1,93,121,122,-1,122,123,93,-1,93,123,124,-1,93,124,95,-1,95,124,125,-1,95,125,115,-1,126,127,128,-1,128,127,129,-1,129,127,130,-1,130,127,131,-1,130,131,132,-1,132,131,133,-1,132,133,134,-1,134,133,135,-1,136,137,138,-1,138,137,139,-1,138,139,140,-1,140,139,141,-1,140,141,128,-1,128,141,126,-1,133,131,142,-1,142,131,143,-1,141,144,145,-1,146,147,126,-1,141,145,126,-1,126,145,148,-1,126,148,146,-1,147,149,126,-1,126,149,150,-1,126,150,127,-1,127,150,151,-1,127,151,152,-1,152,153,127,-1,127,153,154,-1,127,154,131,-1,131,154,155,-1,131,155,143,-1,156,135,157,-1,157,135,158,-1,159,160,137,-1,137,160,161,-1,137,161,139,-1,139,161,162,-1,139,162,163,-1,158,135,164,-1,164,135,133,-1,164,133,142,-1,156,165,135,-1,135,165,166,-1,135,166,137,-1,137,166,167,-1,137,167,159,-1,168,169,170,-1,170,169,171,-1,171,169,172,-1,172,169,173,-1,172,173,174,-1,174,173,175,-1,174,175,176,-1,176,175,177,-1,178,179,180,-1,180,179,181,-1,180,181,182,-1,182,181,183,-1,182,183,170,-1,170,183,168,-1,175,173,184,-1,184,173,185,-1,183,186,187,-1,183,187,168,-1,187,188,168,-1,168,188,189,-1,168,189,190,-1,190,191,168,-1,168,191,192,-1,168,192,169,-1,169,192,193,-1,169,193,194,-1,194,195,169,-1,169,195,196,-1,169,196,173,-1,173,196,197,-1,173,197,185,-1,198,199,177,-1,175,184,200,-1,201,202,179,-1,179,202,203,-1,179,203,181,-1,181,203,204,-1,181,204,205,-1,175,200,177,-1,177,200,206,-1,177,206,198,-1,199,207,177,-1,177,207,208,-1,177,208,179,-1,179,208,209,-1,179,209,201,-1,210,211,212,-1,212,211,213,-1,213,211,214,-1,214,211,215,-1,214,215,216,-1,216,215,217,-1,216,217,218,-1,218,217,219,-1,220,221,222,-1,222,221,223,-1,222,223,224,-1,224,223,225,-1,224,225,212,-1,212,225,210,-1,217,215,226,-1,226,215,227,-1,228,229,211,-1,225,230,231,-1,225,231,210,-1,210,231,232,-1,210,232,233,-1,233,234,210,-1,210,234,235,-1,210,235,211,-1,211,235,236,-1,211,236,228,-1,229,237,211,-1,211,237,238,-1,211,238,215,-1,215,238,239,-1,215,239,227,-1,240,219,241,-1,241,219,242,-1,243,244,221,-1,221,244,245,-1,221,245,223,-1,223,245,246,-1,223,246,247,-1,242,219,248,-1,248,219,217,-1,248,217,226,-1,240,249,219,-1,219,249,250,-1,219,250,221,-1,221,250,251,-1,221,251,243,-1,252,253,254,-1,254,253,255,-1,255,253,256,-1,256,253,257,-1,256,257,258,-1,258,257,259,-1,258,259,260,-1,260,259,261,-1,262,263,264,-1,264,263,265,-1,264,265,266,-1,266,265,267,-1,266,267,254,-1,254,267,252,-1,259,257,268,-1,268,257,269,-1,267,270,271,-1,267,271,252,-1,271,272,252,-1,252,272,273,-1,252,273,274,-1,274,275,252,-1,252,275,276,-1,252,276,253,-1,253,276,277,-1,253,277,278,-1,278,279,253,-1,253,279,280,-1,253,280,257,-1,257,280,281,-1,257,281,269,-1,282,283,263,-1,263,283,284,-1,263,284,265,-1,265,284,285,-1,265,285,286,-1,259,268,287,-1,288,289,261,-1,289,290,261,-1,261,290,291,-1,261,291,263,-1,263,291,292,-1,263,292,282,-1,259,287,261,-1,261,287,293,-1,261,293,288,-1,294,295,296,-1,296,295,297,-1,297,295,298,-1,298,295,299,-1,298,299,300,-1,300,299,301,-1,300,301,302,-1,302,301,303,-1,304,305,306,-1,306,305,307,-1,306,307,308,-1,308,307,309,-1,308,309,296,-1,296,309,294,-1,301,299,310,-1,310,299,311,-1,309,312,313,-1,314,315,295,-1,295,315,316,-1,295,316,299,-1,299,316,317,-1,299,317,311,-1,309,313,294,-1,294,313,318,-1,294,318,319,-1,294,320,295,-1,295,320,321,-1,295,321,314,-1,319,322,294,-1,294,322,323,-1,294,323,320,-1,301,310,324,-1,301,324,303,-1,324,325,303,-1,303,325,326,-1,303,326,327,-1,328,329,305,-1,305,329,330,-1,305,330,307,-1,307,330,331,-1,307,331,332,-1,327,333,303,-1,303,333,334,-1,303,334,305,-1,305,334,335,-1,305,335,328,-1,336,337,338,-1,338,337,339,-1,339,337,340,-1,340,337,341,-1,340,341,342,-1,342,341,343,-1,342,343,344,-1,344,343,345,-1,346,347,348,-1,348,347,349,-1,348,349,350,-1,350,349,351,-1,350,351,338,-1,338,351,336,-1,343,341,352,-1,352,341,353,-1,354,336,355,-1,355,336,356,-1,357,358,337,-1,337,358,359,-1,337,359,341,-1,341,359,360,-1,341,360,353,-1,356,336,361,-1,361,336,351,-1,361,351,362,-1,354,363,336,-1,336,363,364,-1,336,364,337,-1,337,364,365,-1,337,365,357,-1,343,352,366,-1,343,366,345,-1,366,367,345,-1,345,367,368,-1,345,368,369,-1,370,371,347,-1,347,371,372,-1,347,372,349,-1,349,372,373,-1,349,373,374,-1,369,375,345,-1,345,375,376,-1,345,376,347,-1,347,376,377,-1,347,377,370,-1,378,379,380,-1,380,379,381,-1,381,379,382,-1,382,379,383,-1,382,383,384,-1,384,383,385,-1,384,385,386,-1,386,385,387,-1,388,389,390,-1,390,389,391,-1,390,391,392,-1,392,391,393,-1,392,393,380,-1,380,393,378,-1,385,383,394,-1,394,383,395,-1,393,396,397,-1,398,399,378,-1,393,397,378,-1,378,397,400,-1,378,400,398,-1,399,401,378,-1,378,401,402,-1,378,402,379,-1,379,402,403,-1,379,403,404,-1,404,405,379,-1,379,405,406,-1,379,406,383,-1,383,406,407,-1,383,407,395,-1,385,394,408,-1,387,409,410,-1,411,412,389,-1,389,412,413,-1,389,413,391,-1,391,413,414,-1,391,414,415,-1,385,408,387,-1,387,408,416,-1,387,416,409,-1,410,417,387,-1,387,417,418,-1,387,418,389,-1,389,418,419,-1,389,419,411,-1,420,421,422,-1,422,421,423,-1,423,421,424,-1,424,421,425,-1,424,425,426,-1,426,425,427,-1,426,427,428,-1,428,427,429,-1,430,431,432,-1,432,431,433,-1,432,433,434,-1,434,433,435,-1,434,435,422,-1,422,435,420,-1,427,425,436,-1,436,425,437,-1,435,438,439,-1,440,441,420,-1,435,439,420,-1,420,439,442,-1,420,442,440,-1,443,444,421,-1,421,444,445,-1,421,445,425,-1,425,445,446,-1,425,446,437,-1,441,447,420,-1,420,447,448,-1,420,448,421,-1,421,448,449,-1,421,449,443,-1,427,436,450,-1,451,452,429,-1,427,450,429,-1,429,450,453,-1,429,453,451,-1,454,455,431,-1,431,455,456,-1,431,456,433,-1,433,456,457,-1,433,457,458,-1,452,459,429,-1,429,459,460,-1,429,460,431,-1,431,460,461,-1,431,461,454,-1,438,458,439,-1,439,458,457,-1,439,457,442,-1,442,457,456,-1,442,456,440,-1,440,456,455,-1,440,455,441,-1,441,455,454,-1,441,454,447,-1,447,454,461,-1,447,461,448,-1,448,461,460,-1,448,460,449,-1,449,460,459,-1,449,459,443,-1,443,459,452,-1,443,452,444,-1,444,452,451,-1,444,451,445,-1,445,451,453,-1,445,453,446,-1,446,453,450,-1,446,450,437,-1,437,450,436,-1,396,415,397,-1,397,415,414,-1,397,414,400,-1,400,414,413,-1,400,413,398,-1,398,413,412,-1,398,412,399,-1,399,412,411,-1,399,411,401,-1,401,411,419,-1,401,419,402,-1,402,419,418,-1,402,418,403,-1,403,418,417,-1,403,417,404,-1,404,417,410,-1,404,410,405,-1,405,410,409,-1,405,409,406,-1,406,409,416,-1,406,416,407,-1,407,416,408,-1,407,408,395,-1,395,408,394,-1,362,374,361,-1,361,374,373,-1,361,373,356,-1,356,373,372,-1,356,372,355,-1,355,372,371,-1,355,371,354,-1,354,371,370,-1,354,370,363,-1,363,370,377,-1,363,377,364,-1,364,377,376,-1,364,376,365,-1,365,376,375,-1,365,375,357,-1,357,375,369,-1,357,369,358,-1,358,369,368,-1,358,368,359,-1,359,368,367,-1,359,367,360,-1,360,367,366,-1,360,366,353,-1,353,366,352,-1,312,332,313,-1,313,332,331,-1,313,331,318,-1,318,331,330,-1,318,330,319,-1,319,330,329,-1,319,329,322,-1,322,329,328,-1,322,328,323,-1,323,328,335,-1,323,335,320,-1,320,335,334,-1,320,334,321,-1,321,334,333,-1,321,333,314,-1,314,333,327,-1,314,327,315,-1,315,327,326,-1,315,326,316,-1,316,326,325,-1,316,325,317,-1,317,325,324,-1,317,324,311,-1,311,324,310,-1,270,286,271,-1,271,286,285,-1,271,285,272,-1,272,285,284,-1,272,284,273,-1,273,284,283,-1,273,283,274,-1,274,283,282,-1,274,282,275,-1,275,282,292,-1,275,292,276,-1,276,292,291,-1,276,291,277,-1,277,291,290,-1,277,290,278,-1,278,290,289,-1,278,289,279,-1,279,289,288,-1,279,288,280,-1,280,288,293,-1,280,293,281,-1,281,293,287,-1,281,287,269,-1,269,287,268,-1,230,247,231,-1,231,247,246,-1,231,246,232,-1,232,246,245,-1,232,245,233,-1,233,245,244,-1,233,244,234,-1,234,244,243,-1,234,243,235,-1,235,243,251,-1,235,251,236,-1,236,251,250,-1,236,250,228,-1,228,250,249,-1,228,249,229,-1,229,249,240,-1,229,240,237,-1,237,240,241,-1,237,241,238,-1,238,241,242,-1,238,242,239,-1,239,242,248,-1,239,248,227,-1,227,248,226,-1,186,205,187,-1,187,205,204,-1,187,204,188,-1,188,204,203,-1,188,203,189,-1,189,203,202,-1,189,202,190,-1,190,202,201,-1,190,201,191,-1,191,201,209,-1,191,209,192,-1,192,209,208,-1,192,208,193,-1,193,208,207,-1,193,207,194,-1,194,207,199,-1,194,199,195,-1,195,199,198,-1,195,198,196,-1,196,198,206,-1,196,206,197,-1,197,206,200,-1,197,200,185,-1,185,200,184,-1,144,163,145,-1,145,163,162,-1,145,162,148,-1,148,162,161,-1,148,161,146,-1,146,161,160,-1,146,160,147,-1,147,160,159,-1,147,159,149,-1,149,159,167,-1,149,167,150,-1,150,167,166,-1,150,166,151,-1,151,166,165,-1,151,165,152,-1,152,165,156,-1,152,156,153,-1,153,156,157,-1,153,157,154,-1,154,157,158,-1,154,158,155,-1,155,158,164,-1,155,164,143,-1,143,164,142,-1,102,119,103,-1,103,119,118,-1,103,118,106,-1,106,118,117,-1,106,117,104,-1,104,117,116,-1,104,116,105,-1,105,116,115,-1,105,115,107,-1,107,115,125,-1,107,125,108,-1,108,125,124,-1,108,124,109,-1,109,124,123,-1,109,123,110,-1,110,123,122,-1,110,122,111,-1,111,122,121,-1,111,121,112,-1,112,121,120,-1,112,120,113,-1,113,120,114,-1,113,114,101,-1,101,114,100,-1,60,77,61,-1,61,77,76,-1,61,76,64,-1,64,76,75,-1,64,75,62,-1,62,75,74,-1,62,74,63,-1,63,74,73,-1,63,73,69,-1,69,73,83,-1,69,83,70,-1,70,83,82,-1,70,82,71,-1,71,82,81,-1,71,81,65,-1,65,81,80,-1,65,80,66,-1,66,80,79,-1,66,79,67,-1,67,79,78,-1,67,78,68,-1,68,78,72,-1,68,72,59,-1,59,72,58,-1,18,38,19,-1,19,38,37,-1,19,37,22,-1,22,37,36,-1,22,36,20,-1,20,36,35,-1,20,35,21,-1,21,35,34,-1,21,34,23,-1,23,34,41,-1,23,41,24,-1,24,41,40,-1,24,40,25,-1,25,40,39,-1,25,39,26,-1,26,39,32,-1,26,32,27,-1,27,32,31,-1,27,31,28,-1,28,31,30,-1,28,30,29,-1,29,30,33,-1,29,33,17,-1,17,33,16,-1,
        ]
    }
}
Shape{
    appearance Appearance {
        material  Material 	{
            diffuseColor 1.0 1.0 1.0
            specularColor 0.8784313725490196 0.8784313725490196 0.8784313725490196
            ambientIntensity 1.0
            transparency 0.0
            shininess 0.5
        }
    }
    geometry IndexedFaceSet {
        ccw TRUE
        solid FALSE
        coord DEF co Coordinate {
            point [
                2.1654 -1.6732 0.3228, 2.1654 -1.6732 0.3189, 2.1654 -1.8701 0.3228, 2.1654 -1.8701 0.3189, 2.1654 -1.3189 0.3228, 2.1654 -1.3189 0.3189, 2.1654 -1.5157 0.3228, 2.1654 -1.5157 0.3189, 2.1654 -0.9646 0.3228, 2.1654 -0.9646 0.3189, 2.1654 -1.1614 0.3228, 2.1654 -1.1614 0.3189, 2.1654 -0.6102 0.3228, 2.1654 -0.6102 0.3189, 2.1654 -0.8071 0.3228, 2.1654 -0.8071 0.3189, 2.1654 -0.2559 0.3228, 2.1654 -0.2559 0.3189, 2.1654 -0.4528 0.3228, 2.1654 -0.4528 0.3189, 2.1654 0.0984 0.3228, 2.1654 0.0984 0.3189, 2.1654 -0.0984 0.3228, 2.1654 -0.0984 0.3189, 2.1654 0.4528 0.3228, 2.1654 0.4528 0.3189, 2.1654 0.2559 0.3228, 2.1654 0.2559 0.3189, 2.1654 0.8071 0.3228, 2.1654 0.8071 0.3189, 2.1654 0.6102 0.3228, 2.1654 0.6102 0.3189, 2.1654 1.1614 0.3228, 2.1654 1.1614 0.3189, 2.1654 0.9646 0.3228, 2.1654 0.9646 0.3189, 2.1654 1.5157 0.3228, 2.1654 1.5157 0.3189, 2.1654 1.3189 0.3228, 2.1654 1.3189 0.3189, 2.1654 1.8701 0.3228, 2.1654 1.8701 0.3189, 2.1654 1.6732 0.3228, 2.1654 1.6732 0.3189
            ]
        }
        coordIndex [
            0,1,2,-1,2,1,3,-1,4,5,6,-1,6,5,7,-1,8,9,10,-1,10,9,11,-1,12,13,14,-1,14,13,15,-1,16,17,18,-1,18,17,19,-1,20,21,22,-1,22,21,23,-1,24,25,26,-1,26,25,27,-1,28,29,30,-1,30,29,31,-1,32,33,34,-1,34,33,35,-1,36,37,38,-1,38,37,39,-1,40,41,42,-1,42,41,43,-1,
        ]
    }
}
Shape{
    appearance Appearance {
        material  Material 	{
            diffuseColor 0.7529411764705882 0.7529411764705882 0.7529411764705882
            specularColor 0.3764705882352941 0.3764705882352941 0.3764705882352941
            ambientIntensity 0.7529
            transparency 0.0
            shininess 0.5
        }
    }
    geometry IndexedFaceSet {
        ccw TRUE
        solid FALSE
        coord DEF co Coordinate {
            point [
                1.9685 1.7717 0.7913, 1.9685 -1.7717 0.7913, 1.9685 1.7717 0.3189, 1.9685 -1.7717 0.3189, -1.7717 1.9685 0.7913, 1.7717 1.9685 0.7913, -1.7717 1.9685 0.3189, 1.7717 1.9685 0.3189, -1.9685 1.7717 0.3189, -1.9685 -1.7717 0.3189, -1.9685 1.7717 0.7913, -1.9685 -1.7717 0.7913, 1.7717 -1.9685 0.7913, -1.7717 -1.9685 0.7913, 1.7717 -1.9685 0.3189, -1.7717 -1.9685 0.3189, -1.8226 1.9618 0.3189, -1.8226 1.9618 0.7913, -1.8701 1.9421 0.3189, -1.8701 1.9421 0.7913, -1.9108 1.9108 0.3189, -1.9108 1.9108 0.7913, -1.9421 1.8701 0.3189, -1.9421 1.8701 0.7913, -1.9618 1.8226 0.3189, -1.9618 1.8226 0.7913, -1.7717 1.7717 0.9882, 1.7717 1.7717 0.9882, 1.7717 1.8226 0.9815, -1.7717 1.8226 0.9815, 1.7717 1.8701 0.9618, -1.7717 1.8701 0.9618, 1.7717 1.9108 0.9305, -1.7717 1.9108 0.9305, 1.7717 1.9421 0.8898, -1.7717 1.9421 0.8898, 1.7717 1.9618 0.8423, -1.7717 1.9618 0.8423, 1.9618 1.8226 0.3189, 1.9618 1.8226 0.7913, 1.9421 1.8701 0.3189, 1.9421 1.8701 0.7913, 1.9108 1.9108 0.3189, 1.9108 1.9108 0.7913, 1.8701 1.9421 0.3189, 1.8701 1.9421 0.7913, 1.8226 1.9618 0.3189, 1.8226 1.9618 0.7913, -1.9618 1.7717 0.8423, -1.9553 1.8209 0.8423, -1.8569 1.8209 0.9618, -1.8158 1.7971 0.9815, -1.8077 1.8077 0.9815, -1.7848 1.8209 0.9815, -1.8209 1.7848 0.9815, -1.8667 1.7971 0.9618, -1.9061 1.8077 0.9305, -1.8226 1.7717 0.9815, -1.8413 1.8413 0.9618, -1.7971 1.8158 0.9815, -1.8209 1.8569 0.9618, -1.7971 1.8667 0.9618, -1.8701 1.7717 0.9618, -1.9108 1.7717 0.9305, -1.9421 1.7717 0.8898, -1.8922 1.8413 0.9305, -1.8701 1.8701 0.9305, -1.8413 1.8922 0.9305, -1.8077 1.9061 0.9305, -1.9363 1.8158 0.8898, -1.9193 1.8569 0.8898, -1.8922 1.8922 0.8898, -1.8569 1.9193 0.8898, -1.8158 1.9363 0.8898, -1.9363 1.8667 0.8423, -1.9061 1.9061 0.8423, -1.8667 1.9363 0.8423, -1.8209 1.9553 0.8423, 1.8209 1.9553 0.8423, 1.8209 1.8569 0.9618, 1.7971 1.8158 0.9815, 1.8077 1.8077 0.9815, 1.8226 1.7717 0.9815, 1.8209 1.7848 0.9815, 1.7848 1.8209 0.9815, 1.7971 1.8667 0.9618, 1.8077 1.9061 0.9305, 1.8413 1.8413 0.9618, 1.8158 1.7971 0.9815, 1.8569 1.8209 0.9618, 1.8667 1.7971 0.9618, 1.8701 1.7717 0.9618, 1.8413 1.8922 0.9305, 1.8701 1.8701 0.9305, 1.8922 1.8413 0.9305, 1.9061 1.8077 0.9305, 1.9108 1.7717 0.9305, 1.8158 1.9363 0.8898, 1.8569 1.9193 0.8898, 1.8922 1.8922 0.8898, 1.9193 1.8569 0.8898, 1.9363 1.8158 0.8898, 1.9421 1.7717 0.8898, 1.8667 1.9363 0.8423, 1.9061 1.9061 0.8423, 1.9363 1.8667 0.8423, 1.9553 1.8209 0.8423, 1.9618 1.7717 0.8423, -1.9618 -1.8226 0.3189, -1.9618 -1.8226 0.7913, -1.9421 -1.8701 0.3189, -1.9421 -1.8701 0.7913, -1.9108 -1.9108 0.3189, -1.9108 -1.9108 0.7913, -1.8701 -1.9421 0.3189, -1.8701 -1.9421 0.7913, -1.8226 -1.9618 0.3189, -1.8226 -1.9618 0.7913, -1.7717 -1.7717 0.9882, -1.8226 -1.7717 0.9815, -1.8701 -1.7717 0.9618, -1.9108 -1.7717 0.9305, -1.9421 -1.7717 0.8898, -1.9618 -1.7717 0.8423, 1.7717 -1.7717 0.9882, 1.8226 -1.7717 0.9815, 1.8701 -1.7717 0.9618, 1.9108 -1.7717 0.9305, 1.9421 -1.7717 0.8898, 1.9618 -1.7717 0.8423, 1.8226 -1.9618 0.3189, 1.8226 -1.9618 0.7913, 1.8701 -1.9421 0.3189, 1.8701 -1.9421 0.7913, 1.9108 -1.9108 0.3189, 1.9108 -1.9108 0.7913, 1.9421 -1.8701 0.3189, 1.9421 -1.8701 0.7913, 1.9618 -1.8226 0.3189, 1.9618 -1.8226 0.7913, -1.7717 -1.9618 0.8423, -1.8209 -1.9553 0.8423, -1.8209 -1.8569 0.9618, -1.7971 -1.8158 0.9815, -1.8077 -1.8077 0.9815, -1.8209 -1.7848 0.9815, -1.7848 -1.8209 0.9815, -1.7971 -1.8667 0.9618, -1.8077 -1.9061 0.9305, -1.7717 -1.8226 0.9815, -1.8413 -1.8413 0.9618, -1.8158 -1.7971 0.9815, -1.8569 -1.8209 0.9618, -1.8667 -1.7971 0.9618, -1.7717 -1.8701 0.9618, -1.7717 -1.9108 0.9305, -1.7717 -1.9421 0.8898, -1.8413 -1.8922 0.9305, -1.8701 -1.8701 0.9305, -1.8922 -1.8413 0.9305, -1.9061 -1.8077 0.9305, -1.8158 -1.9363 0.8898, -1.8569 -1.9193 0.8898, -1.8922 -1.8922 0.8898, -1.9193 -1.8569 0.8898, -1.9363 -1.8158 0.8898, -1.8667 -1.9363 0.8423, -1.9061 -1.9061 0.8423, -1.9363 -1.8667 0.8423, -1.9553 -1.8209 0.8423, 1.9553 -1.8209 0.8423, 1.8569 -1.8209 0.9618, 1.8158 -1.7971 0.9815, 1.8077 -1.8077 0.9815, 1.7717 -1.8226 0.9815, 1.7848 -1.8209 0.9815, 1.8209 -1.7848 0.9815, 1.8667 -1.7971 0.9618, 1.9061 -1.8077 0.9305, 1.8413 -1.8413 0.9618, 1.7971 -1.8158 0.9815, 1.8209 -1.8569 0.9618, 1.7971 -1.8667 0.9618, 1.7717 -1.8701 0.9618, 1.8922 -1.8413 0.9305, 1.8701 -1.8701 0.9305, 1.8413 -1.8922 0.9305, 1.8077 -1.9061 0.9305, 1.7717 -1.9108 0.9305, 1.9363 -1.8158 0.8898, 1.9193 -1.8569 0.8898, 1.8922 -1.8922 0.8898, 1.8569 -1.9193 0.8898, 1.8158 -1.9363 0.8898, 1.7717 -1.9421 0.8898, 1.9363 -1.8667 0.8423, 1.9061 -1.9061 0.8423, 1.8667 -1.9363 0.8423, 1.8209 -1.9553 0.8423, 1.7717 -1.9618 0.8423
            ]
        }
        coordIndex [
            0,1,2,-1,2,1,3,-1,4,5,6,-1,6,5,7,-1,8,9,10,-1,10,9,11,-1,12,13,14,-1,14,13,15,-1,4,6,16,-1,4,16,17,-1,17,16,18,-1,17,18,19,-1,19,18,20,-1,19,20,21,-1,21,20,22,-1,21,22,23,-1,23,22,24,-1,23,24,25,-1,25,24,8,-1,25,8,10,-1,26,27,28,-1,26,28,29,-1,29,28,30,-1,29,30,31,-1,31,30,32,-1,31,32,33,-1,33,32,34,-1,33,34,35,-1,35,34,36,-1,35,36,37,-1,37,36,5,-1,37,5,4,-1,0,2,38,-1,0,38,39,-1,39,38,40,-1,39,40,41,-1,41,40,42,-1,41,42,43,-1,43,42,44,-1,43,44,45,-1,45,44,46,-1,45,46,47,-1,47,46,7,-1,47,7,5,-1,10,48,49,-1,50,51,52,-1,26,29,53,-1,52,51,26,-1,54,26,51,-1,54,51,55,-1,55,51,50,-1,55,50,56,-1,57,26,54,-1,58,59,60,-1,60,59,53,-1,60,53,61,-1,61,53,29,-1,61,29,31,-1,57,54,62,-1,62,54,55,-1,62,55,63,-1,63,55,56,-1,63,56,64,-1,65,58,66,-1,66,58,60,-1,66,60,67,-1,67,60,61,-1,67,61,68,-1,68,61,31,-1,68,31,33,-1,69,65,70,-1,70,65,66,-1,70,66,71,-1,71,66,67,-1,71,67,72,-1,72,67,68,-1,72,68,73,-1,73,68,33,-1,73,33,35,-1,48,69,49,-1,49,69,70,-1,49,70,74,-1,74,70,71,-1,74,71,75,-1,75,71,72,-1,75,72,76,-1,76,72,73,-1,76,73,77,-1,77,73,35,-1,77,35,37,-1,10,49,25,-1,25,49,74,-1,25,74,23,-1,23,74,75,-1,23,75,21,-1,21,75,76,-1,21,76,19,-1,19,76,77,-1,19,77,17,-1,17,77,37,-1,17,37,4,-1,59,26,53,-1,48,64,69,-1,69,64,56,-1,69,56,65,-1,65,56,50,-1,65,50,58,-1,58,50,52,-1,58,52,59,-1,59,52,26,-1,5,36,78,-1,79,80,81,-1,27,82,83,-1,81,80,27,-1,84,27,80,-1,84,80,85,-1,85,80,79,-1,85,79,86,-1,28,27,84,-1,87,88,89,-1,89,88,83,-1,89,83,90,-1,90,83,82,-1,90,82,91,-1,28,84,30,-1,30,84,85,-1,30,85,32,-1,32,85,86,-1,32,86,34,-1,92,87,93,-1,93,87,89,-1,93,89,94,-1,94,89,90,-1,94,90,95,-1,95,90,91,-1,95,91,96,-1,97,92,98,-1,98,92,93,-1,98,93,99,-1,99,93,94,-1,99,94,100,-1,100,94,95,-1,100,95,101,-1,101,95,96,-1,101,96,102,-1,36,97,78,-1,78,97,98,-1,78,98,103,-1,103,98,99,-1,103,99,104,-1,104,99,100,-1,104,100,105,-1,105,100,101,-1,105,101,106,-1,106,101,102,-1,106,102,107,-1,5,78,47,-1,47,78,103,-1,47,103,45,-1,45,103,104,-1,45,104,43,-1,43,104,105,-1,43,105,41,-1,41,105,106,-1,41,106,39,-1,39,106,107,-1,39,107,0,-1,88,27,83,-1,36,34,97,-1,97,34,86,-1,97,86,92,-1,92,86,79,-1,92,79,87,-1,87,79,81,-1,87,81,88,-1,88,81,27,-1,11,9,108,-1,11,108,109,-1,109,108,110,-1,109,110,111,-1,111,110,112,-1,111,112,113,-1,113,112,114,-1,113,114,115,-1,115,114,116,-1,115,116,117,-1,117,116,15,-1,117,15,13,-1,118,26,57,-1,118,57,119,-1,119,57,62,-1,119,62,120,-1,120,62,63,-1,120,63,121,-1,121,63,64,-1,121,64,122,-1,122,64,48,-1,122,48,123,-1,123,48,10,-1,123,10,11,-1,27,124,125,-1,27,125,82,-1,82,125,126,-1,82,126,91,-1,91,126,127,-1,91,127,96,-1,96,127,128,-1,96,128,102,-1,102,128,129,-1,102,129,107,-1,107,129,1,-1,107,1,0,-1,12,14,130,-1,12,130,131,-1,131,130,132,-1,131,132,133,-1,133,132,134,-1,133,134,135,-1,135,134,136,-1,135,136,137,-1,137,136,138,-1,137,138,139,-1,139,138,3,-1,139,3,1,-1,13,140,141,-1,142,143,144,-1,118,119,145,-1,144,143,118,-1,146,118,143,-1,146,143,147,-1,147,143,142,-1,147,142,148,-1,149,118,146,-1,150,151,152,-1,152,151,145,-1,152,145,153,-1,153,145,119,-1,153,119,120,-1,149,146,154,-1,154,146,147,-1,154,147,155,-1,155,147,148,-1,155,148,156,-1,157,150,158,-1,158,150,152,-1,158,152,159,-1,159,152,153,-1,159,153,160,-1,160,153,120,-1,160,120,121,-1,161,157,162,-1,162,157,158,-1,162,158,163,-1,163,158,159,-1,163,159,164,-1,164,159,160,-1,164,160,165,-1,165,160,121,-1,165,121,122,-1,140,161,141,-1,141,161,162,-1,141,162,166,-1,166,162,163,-1,166,163,167,-1,167,163,164,-1,167,164,168,-1,168,164,165,-1,168,165,169,-1,169,165,122,-1,169,122,123,-1,13,141,117,-1,117,141,166,-1,117,166,115,-1,115,166,167,-1,115,167,113,-1,113,167,168,-1,113,168,111,-1,111,168,169,-1,111,169,109,-1,109,169,123,-1,109,123,11,-1,151,118,145,-1,140,156,161,-1,161,156,148,-1,161,148,157,-1,157,148,142,-1,157,142,150,-1,150,142,144,-1,150,144,151,-1,151,144,118,-1,1,129,170,-1,171,172,173,-1,124,174,175,-1,173,172,124,-1,176,124,172,-1,176,172,177,-1,177,172,171,-1,177,171,178,-1,125,124,176,-1,179,180,181,-1,181,180,175,-1,181,175,182,-1,182,175,174,-1,182,174,183,-1,125,176,126,-1,126,176,177,-1,126,177,127,-1,127,177,178,-1,127,178,128,-1,184,179,185,-1,185,179,181,-1,185,181,186,-1,186,181,182,-1,186,182,187,-1,187,182,183,-1,187,183,188,-1,189,184,190,-1,190,184,185,-1,190,185,191,-1,191,185,186,-1,191,186,192,-1,192,186,187,-1,192,187,193,-1,193,187,188,-1,193,188,194,-1,129,189,170,-1,170,189,190,-1,170,190,195,-1,195,190,191,-1,195,191,196,-1,196,191,192,-1,196,192,197,-1,197,192,193,-1,197,193,198,-1,198,193,194,-1,198,194,199,-1,1,170,139,-1,139,170,195,-1,139,195,137,-1,137,195,196,-1,137,196,135,-1,135,196,197,-1,135,197,133,-1,133,197,198,-1,133,198,131,-1,131,198,199,-1,131,199,12,-1,180,124,175,-1,129,128,189,-1,189,128,178,-1,189,178,184,-1,184,178,171,-1,184,171,179,-1,179,171,173,-1,179,173,180,-1,180,173,124,-1,124,118,149,-1,124,149,174,-1,174,149,154,-1,174,154,183,-1,183,154,155,-1,183,155,188,-1,188,155,156,-1,188,156,194,-1,194,156,140,-1,194,140,199,-1,199,140,13,-1,199,13,12,-1,
        ]
    }
}
Shape{
    appearance Appearance {
        material  Material 	{
            diffuseColor 0.0 0.0 0.0
            specularColor 0.0 0.0 0.0
            ambientIntensity 0.0
            transparency 0.0
            shininess 0.5
        }
    }
    geometry IndexedFaceSet {
        ccw TRUE
        solid FALSE
        coord DEF co Coordinate {
            point [
                -1.3205 1.4761 0.9843, -1.3205 1.4761 0.9882, -1.3253 1.5128 0.9843, -1.3253 1.5128 0.9882, -1.3395 1.5471 0.9843, -1.3395 1.5471 0.9882, -1.362 1.5765 0.9843, -1.362 1.5765 0.9882, -1.3914 1.599 0.9843, -1.3914 1.599 0.9882, -1.4257 1.6132 0.9843, -1.4257 1.6132 0.9882, -1.4624 1.618 0.9843, -1.4624 1.618 0.9882, -1.4992 1.6132 0.9843, -1.4992 1.6132 0.9882, -1.5334 1.599 0.9843, -1.5334 1.599 0.9882, -1.5628 1.5765 0.9843, -1.5628 1.5765 0.9882, -1.5854 1.5471 0.9843, -1.5854 1.5471 0.9882, -1.5995 1.5128 0.9843, -1.5995 1.5128 0.9882, -1.6044 1.4761 0.9843, -1.6044 1.4761 0.9882, -1.5995 1.4393 0.9843, -1.5995 1.4393 0.9882, -1.5854 1.4051 0.9843, -1.5854 1.4051 0.9882, -1.5628 1.3757 0.9843, -1.5628 1.3757 0.9882, -1.5334 1.3531 0.9843, -1.5334 1.3531 0.9882, -1.4992 1.339 0.9843, -1.4992 1.339 0.9882, -1.4624 1.3341 0.9843, -1.4624 1.3341 0.9882, -1.4257 1.339 0.9843, -1.4257 1.339 0.9882, -1.3914 1.3531 0.9843, -1.3914 1.3531 0.9882, -1.362 1.3757 0.9843, -1.362 1.3757 0.9882, -1.3395 1.4051 0.9843, -1.3395 1.4051 0.9882, -1.3253 1.4393 0.9843, -1.3253 1.4393 0.9882, -1.4624 1.4761 0.9843, -1.0187 -1.4269 0.9921, -1.0187 -1.436 0.9921, -1.0187 -1.4269 0.9882, -1.0187 -1.436 0.9882, -1.0506 -1.4269 0.9921, -1.0506 -1.4269 0.9882, -1.0506 -1.3559 0.9921, -1.0506 -1.3559 0.9882, -1.061 -1.3559 0.9921, -1.061 -1.3559 0.9882, -1.061 -1.436 0.9921, -1.061 -1.436 0.9882, -0.9777 -1.4374 0.9921, -0.9777 -1.4374 0.9882, -0.9655 -1.4362 0.9921, -0.9706 -1.4367 0.9882, -0.9655 -1.4362 0.9882, -0.9569 -1.4334 0.9882, -0.9569 -1.4334 0.9921, -0.9555 -1.4327 0.9882, -0.9555 -1.4327 0.9921, -0.9555 -1.4228 0.9921, -0.9555 -1.4228 0.9882, -0.963 -1.4262 0.9882, -0.963 -1.4262 0.9921, -0.972 -1.428 0.9882, -0.972 -1.428 0.9921, -0.9762 -1.4281 0.9882, -0.9762 -1.4281 0.9921, -0.9843 -1.4272 0.9882, -0.9843 -1.4272 0.9921, -0.99 -1.4249 0.9882, -0.99 -1.4249 0.9921, -0.9952 -1.4212 0.9882, -0.9952 -1.4212 0.9921, -0.9968 -1.4197 0.9882, -0.9968 -1.4197 0.9921, -1.0008 -1.414 0.9882, -1.0008 -1.414 0.9921, -1.0034 -1.4074 0.9882, -1.0034 -1.4074 0.9921, -1.0046 -1.3976 0.9882, -1.0046 -1.3976 0.9921, -1.0046 -1.3969 0.9882, -1.0046 -1.3969 0.9921, -1.0036 -1.3872 0.9882, -1.0036 -1.3872 0.9921, -1.0011 -1.3799 0.9882, -1.0011 -1.3799 0.9921, -0.9974 -1.3742 0.9882, -0.9974 -1.3742 0.9921, -0.9962 -1.3728 0.9882, -0.9962 -1.3728 0.9921, -0.9911 -1.3685 0.9882, -0.9911 -1.3685 0.9921, -0.9848 -1.3655 0.9882, -0.9848 -1.3655 0.9921, -0.9779 -1.3641 0.9882, -0.9779 -1.3641 0.9921, -0.9744 -1.3639 0.9882, -0.9744 -1.3639 0.9921, -0.9653 -1.3649 0.9882, -0.9653 -1.3649 0.9921, -0.957 -1.3679 0.9882, -0.957 -1.3679 0.9921, -0.9555 -1.3687 0.9882, -0.9555 -1.3687 0.9921, -0.9555 -1.3579 0.9921, -0.9555 -1.3579 0.9882, -0.9745 -1.3546 0.9882, -0.9745 -1.3546 0.9921, -0.9737 -1.3546 0.9921, -0.9633 -1.3555 0.9882, -0.9633 -1.3555 0.9921, -0.9663 -1.3553 0.9882, -0.9737 -1.3546 0.9882, -0.9844 -1.3556 0.9921, -0.9811 -1.3553 0.9882, -0.9844 -1.3556 0.9882, -0.993 -1.3585 0.9882, -0.993 -1.3585 0.9921, -1.001 -1.3637 0.9882, -1.001 -1.3637 0.9921, -1.0039 -1.3664 0.9882, -1.0039 -1.3664 0.9921, -1.0093 -1.3733 0.9882, -1.0119 -1.379 0.9882, -1.0133 -1.3821 0.9921, -1.0093 -1.3733 0.9921, -1.0133 -1.3821 0.9882, -1.0153 -1.3924 0.9882, -1.0153 -1.3924 0.9921, -1.0155 -1.3975 0.9882, -1.0155 -1.3975 0.9921, -1.0139 -1.4103 0.9882, -1.0119 -1.4157 0.9882, -1.0107 -1.4187 0.9921, -1.0139 -1.4103 0.9921, -1.0107 -1.4187 0.9882, -1.006 -1.4256 0.9882, -1.006 -1.4256 0.9921, -1.0052 -1.4264 0.9882, -1.0052 -1.4264 0.9921, -0.9827 -1.4371 0.9921, -0.9989 -1.4317 0.9882, -0.9989 -1.4317 0.9921, -0.9914 -1.4353 0.9882, -0.9914 -1.4353 0.9921, -0.9847 -1.4367 0.9882, -0.9827 -1.4371 0.9882, -0.8964 -1.4269 0.9921, -0.8964 -1.436 0.9921, -0.8964 -1.4269 0.9882, -0.8964 -1.436 0.9882, -0.9292 -1.4269 0.9882, -0.9292 -1.4269 0.9921, -0.9075 -1.4269 0.9882, -0.9292 -1.3999 0.9921, -0.9292 -1.3999 0.9882, -0.9005 -1.3999 0.9921, -0.9075 -1.3999 0.9882, -0.9005 -1.3999 0.9882, -0.9005 -1.3908 0.9921, -0.9005 -1.3908 0.9882, -0.9292 -1.3908 0.9882, -0.9292 -1.3908 0.9921, -0.9075 -1.3908 0.9882, -0.9292 -1.3651 0.9921, -0.9292 -1.3651 0.9882, -0.8982 -1.3651 0.9921, -0.9075 -1.3651 0.9882, -0.8982 -1.3651 0.9882, -0.8982 -1.3559 0.9921, -0.8982 -1.3559 0.9882, -0.9395 -1.3559 0.9882, -0.9395 -1.3559 0.9921, -0.9075 -1.3559 0.9882, -0.9395 -1.436 0.9921, -0.9395 -1.436 0.9882, -0.9075 -1.436 0.9882, -0.8332 -1.3753 0.9921, -0.8246 -1.3702 0.9921, -0.8358 -1.3727 0.9921, -0.8282 -1.3665 0.9921, -0.8419 -1.3686 0.9921, -0.8356 -1.3613 0.9921, -0.8489 -1.3662 0.9921, -0.8451 -1.3576 0.9921, -0.8589 -1.3651 0.9921, -0.8585 -1.3559 0.9921, -0.871 -1.3651 0.9921, -0.8813 -1.3559 0.9921, -0.871 -1.4269 0.9921, -0.8813 -1.436 0.9921, -0.8593 -1.4269 0.9921, -0.8593 -1.436 0.9921, -0.8496 -1.4259 0.9921, -0.8459 -1.4344 0.9921, -0.8426 -1.4235 0.9921, -0.8367 -1.4309 0.9921, -0.8372 -1.4201 0.9921, -0.829 -1.4255 0.9921, -0.8355 -1.4185 0.9921, -0.8282 -1.4248 0.9921, -0.8314 -1.4133 0.9921, -0.8226 -1.4182 0.9921, -0.8287 -1.4072 0.9921, -0.8185 -1.41 0.9921, -0.8272 -1.3998 0.9921, -0.8164 -1.4007 0.9921, -0.827 -1.3952 0.9921, -0.8161 -1.3949 0.9921, -0.828 -1.386 0.9921, -0.8171 -1.3853 0.9921, -0.8301 -1.3799 0.9921, -0.8198 -1.3774 0.9921, -0.8593 -1.436 0.9882, -0.8813 -1.436 0.9882, -0.8459 -1.4344 0.9882, -0.8446 -1.4339 0.9882, -0.8367 -1.4309 0.9882, -0.829 -1.4255 0.9882, -0.8282 -1.4248 0.9882, -0.8226 -1.4182 0.9882, -0.8185 -1.41 0.9882, -0.8164 -1.4007 0.9882, -0.8161 -1.3949 0.9882, -0.8171 -1.3853 0.9882, -0.8198 -1.3774 0.9882, -0.8246 -1.3702 0.9882, -0.8282 -1.3665 0.9882, -0.8585 -1.3559 0.9882, -0.8356 -1.3613 0.9882, -0.8446 -1.3578 0.9882, -0.8451 -1.3576 0.9882, -0.8813 -1.3559 0.9882, -0.8589 -1.3651 0.9882, -0.871 -1.3651 0.9882, -0.871 -1.4269 0.9882, -0.8593 -1.4269 0.9882, -0.8355 -1.4185 0.9882, -0.8372 -1.4201 0.9882, -0.8426 -1.4235 0.9882, -0.8496 -1.4259 0.9882, -0.827 -1.3952 0.9882, -0.8272 -1.3998 0.9882, -0.8287 -1.4072 0.9882, -0.8314 -1.4133 0.9882, -0.8358 -1.3727 0.9882, -0.8332 -1.3753 0.9882, -0.8301 -1.3799 0.9882, -0.828 -1.386 0.9882, -0.8489 -1.3662 0.9882, -0.8419 -1.3686 0.9882
            ]
        }
        coordIndex [
            0,1,2,-1,2,1,3,-1,2,3,4,-1,4,3,5,-1,4,5,6,-1,6,5,7,-1,6,7,8,-1,8,7,9,-1,8,9,10,-1,10,9,11,-1,10,11,12,-1,12,11,13,-1,12,13,14,-1,14,13,15,-1,14,15,16,-1,16,15,17,-1,16,17,18,-1,18,17,19,-1,18,19,20,-1,20,19,21,-1,20,21,22,-1,22,21,23,-1,22,23,24,-1,24,23,25,-1,24,25,26,-1,26,25,27,-1,26,27,28,-1,28,27,29,-1,28,29,30,-1,30,29,31,-1,30,31,32,-1,32,31,33,-1,32,33,34,-1,34,33,35,-1,34,35,36,-1,36,35,37,-1,36,37,38,-1,38,37,39,-1,38,39,40,-1,40,39,41,-1,40,41,42,-1,42,41,43,-1,42,43,44,-1,44,43,45,-1,44,45,46,-1,46,45,47,-1,46,47,0,-1,0,47,1,-1,44,46,48,-1,48,46,0,-1,48,0,2,-1,38,40,48,-1,48,40,42,-1,48,42,44,-1,32,34,48,-1,48,34,36,-1,48,36,38,-1,26,28,48,-1,48,28,30,-1,48,30,32,-1,20,22,48,-1,48,22,24,-1,48,24,26,-1,14,16,48,-1,48,16,18,-1,48,18,20,-1,8,10,48,-1,48,10,12,-1,48,12,14,-1,2,4,48,-1,48,4,6,-1,48,6,8,-1,49,50,51,-1,51,50,52,-1,53,49,54,-1,54,49,51,-1,55,53,56,-1,56,53,54,-1,57,55,58,-1,58,55,56,-1,59,57,60,-1,60,57,58,-1,50,59,52,-1,52,59,60,-1,55,57,53,-1,53,57,59,-1,53,59,49,-1,49,59,50,-1,61,62,63,-1,63,62,64,-1,64,65,63,-1,63,65,66,-1,63,66,67,-1,67,66,68,-1,67,68,69,-1,70,69,71,-1,71,69,68,-1,70,71,72,-1,70,72,73,-1,73,72,74,-1,73,74,75,-1,75,74,76,-1,75,76,77,-1,77,76,78,-1,77,78,79,-1,79,78,80,-1,79,80,81,-1,81,80,82,-1,81,82,83,-1,83,82,84,-1,83,84,85,-1,85,84,86,-1,85,86,87,-1,87,86,88,-1,87,88,89,-1,89,88,90,-1,89,90,91,-1,91,90,92,-1,91,92,93,-1,93,92,94,-1,93,94,95,-1,95,94,96,-1,95,96,97,-1,97,96,98,-1,97,98,99,-1,99,98,100,-1,99,100,101,-1,101,100,102,-1,101,102,103,-1,103,102,104,-1,103,104,105,-1,105,104,106,-1,105,106,107,-1,107,106,108,-1,107,108,109,-1,109,108,110,-1,109,110,111,-1,111,110,112,-1,111,112,113,-1,113,112,114,-1,113,114,115,-1,116,115,117,-1,117,115,114,-1,118,119,120,-1,116,117,121,-1,116,121,122,-1,122,121,123,-1,122,123,120,-1,120,123,124,-1,120,124,118,-1,119,118,125,-1,125,118,126,-1,126,127,125,-1,125,127,128,-1,125,128,129,-1,129,128,130,-1,129,130,131,-1,131,130,132,-1,131,132,133,-1,133,132,134,-1,135,136,134,-1,134,136,137,-1,134,137,133,-1,135,138,136,-1,136,138,139,-1,136,139,140,-1,140,139,141,-1,140,141,142,-1,142,141,143,-1,144,145,143,-1,143,145,146,-1,143,146,142,-1,144,147,145,-1,145,147,148,-1,145,148,149,-1,149,148,150,-1,149,150,151,-1,62,61,152,-1,151,150,153,-1,151,153,154,-1,154,153,155,-1,154,155,156,-1,156,155,157,-1,156,157,152,-1,152,157,158,-1,152,158,62,-1,113,115,116,-1,103,105,125,-1,95,97,137,-1,125,105,119,-1,113,116,111,-1,69,70,67,-1,67,70,73,-1,67,73,63,-1,63,73,75,-1,63,75,61,-1,61,75,77,-1,61,77,152,-1,152,77,79,-1,152,79,156,-1,156,79,81,-1,156,81,154,-1,154,81,83,-1,154,83,151,-1,151,83,85,-1,151,85,149,-1,149,85,87,-1,149,87,145,-1,145,87,146,-1,146,87,89,-1,146,89,142,-1,137,97,133,-1,105,107,119,-1,119,107,109,-1,119,109,120,-1,120,109,111,-1,120,111,122,-1,122,111,116,-1,125,129,103,-1,103,129,131,-1,103,131,101,-1,101,131,133,-1,101,133,99,-1,99,133,97,-1,89,91,142,-1,142,91,93,-1,142,93,140,-1,140,93,95,-1,140,95,136,-1,136,95,137,-1,159,160,161,-1,161,160,162,-1,163,164,165,-1,165,164,159,-1,165,159,161,-1,166,164,167,-1,167,164,163,-1,166,167,168,-1,168,167,169,-1,168,169,170,-1,171,168,172,-1,172,168,170,-1,173,174,175,-1,175,174,171,-1,175,171,172,-1,176,174,177,-1,177,174,173,-1,176,177,178,-1,178,177,179,-1,178,179,180,-1,181,178,182,-1,182,178,180,-1,183,184,185,-1,185,184,181,-1,185,181,182,-1,186,184,187,-1,187,184,183,-1,186,187,160,-1,160,187,188,-1,160,188,162,-1,186,160,159,-1,159,164,186,-1,186,164,166,-1,186,166,184,-1,178,181,176,-1,176,181,184,-1,176,184,174,-1,174,184,166,-1,174,166,171,-1,171,166,168,-1,189,190,191,-1,191,190,192,-1,191,192,193,-1,193,192,194,-1,193,194,195,-1,195,194,196,-1,195,196,197,-1,197,196,198,-1,197,198,199,-1,199,198,200,-1,199,200,201,-1,201,200,202,-1,201,202,203,-1,203,202,204,-1,203,204,205,-1,205,204,206,-1,205,206,207,-1,207,206,208,-1,207,208,209,-1,209,208,210,-1,209,210,211,-1,211,210,212,-1,211,212,213,-1,213,212,214,-1,213,214,215,-1,215,214,216,-1,215,216,217,-1,217,216,218,-1,217,218,219,-1,219,218,220,-1,219,220,221,-1,221,220,222,-1,221,222,223,-1,223,222,224,-1,223,224,189,-1,189,224,190,-1,204,202,225,-1,225,202,226,-1,204,225,227,-1,204,227,206,-1,206,227,228,-1,206,228,208,-1,228,229,208,-1,208,229,230,-1,208,230,210,-1,210,230,231,-1,210,231,212,-1,212,231,232,-1,212,232,214,-1,214,232,233,-1,214,233,216,-1,216,233,234,-1,216,234,218,-1,218,234,235,-1,218,235,220,-1,220,235,236,-1,220,236,222,-1,222,236,237,-1,222,237,224,-1,224,237,238,-1,224,238,190,-1,190,238,239,-1,190,239,192,-1,240,198,196,-1,192,239,241,-1,192,241,194,-1,194,241,242,-1,194,242,196,-1,196,242,243,-1,196,243,240,-1,200,198,244,-1,244,198,240,-1,202,200,226,-1,226,200,244,-1,197,199,245,-1,245,199,246,-1,199,201,246,-1,246,201,247,-1,201,203,247,-1,247,203,248,-1,211,249,250,-1,211,250,209,-1,209,250,251,-1,209,251,207,-1,207,251,252,-1,207,252,205,-1,205,252,248,-1,205,248,203,-1,219,253,254,-1,219,254,217,-1,217,254,255,-1,217,255,215,-1,215,255,256,-1,215,256,213,-1,213,256,249,-1,213,249,211,-1,191,257,258,-1,191,258,189,-1,189,258,259,-1,189,259,223,-1,223,259,260,-1,223,260,221,-1,221,260,253,-1,221,253,219,-1,197,245,261,-1,197,261,195,-1,195,261,262,-1,195,262,193,-1,193,262,257,-1,193,257,191,-1,
        ]
    }
}
Shape{
    appearance Appearance {
        material  Material 	{
            diffuseColor 0.7529411764705882 0.7529411764705882 0.7529411764705882
            specularColor 0.3764705882352941 0.3764705882352941 0.3764705882352941
            ambientIntensity 0.7529
            transparency 0.0
            shininess 0.5
        }
    }
    geometry IndexedFaceSet {
        ccw TRUE
        solid FALSE
        coord DEF co Coordinate {
            point [
                -0.871 -1.3651 0.9882, -0.871 -1.4269 0.9882, -0.8589 -1.3651 0.9882, -0.8593 -1.4269 0.9882, -0.8496 -1.4259 0.9882, -0.8426 -1.4235 0.9882, -0.8372 -1.4201 0.9882, -0.8355 -1.4185 0.9882, -0.8314 -1.4133 0.9882, -0.8287 -1.4072 0.9882, -0.8272 -1.3998 0.9882, -0.827 -1.3952 0.9882, -0.828 -1.386 0.9882, -0.8301 -1.3799 0.9882, -0.8332 -1.3753 0.9882, -0.8358 -1.3727 0.9882, -0.8489 -1.3662 0.9882, -0.8419 -1.3686 0.9882
            ]
        }
        coordIndex [
            0,1,2,-1,2,1,3,-1,2,3,4,-1,4,5,2,-1,2,5,6,-1,2,6,7,-1,7,8,2,-1,2,8,9,-1,2,9,10,-1,10,11,2,-1,2,11,12,-1,2,12,13,-1,13,14,2,-1,2,14,15,-1,2,15,16,-1,16,15,17,-1,
        ]
    }
}
Shape{
    appearance Appearance {
        material  Material 	{
            diffuseColor 0.0 0.0 0.0
            specularColor 0.0 0.0 0.0
            ambientIntensity 0.0
            transparency 0.0
            shininess 0.5
        }
    }
    geometry IndexedFaceSet {
        ccw TRUE
        solid FALSE
        coord DEF co Coordinate {
            point [
                -0.7893 -1.4051 0.9921, -0.7926 -1.4141 0.9921, -0.7624 -1.4051 0.9921, -0.7592 -1.4141 0.9921, -0.7773 -1.3718 0.9921, -0.7812 -1.3559 0.9921, -0.8117 -1.436 0.9921, -0.8002 -1.436 0.9921, -0.7766 -1.3694 0.9921, -0.776 -1.3662 0.9921, -0.7701 -1.3559 0.9921, -0.7757 -1.3662 0.9921, -0.7751 -1.3696 0.9921, -0.7745 -1.3718 0.9921, -0.7396 -1.436 0.9921, -0.751 -1.436 0.9921, -0.7701 -1.3559 0.9882, -0.7396 -1.436 0.9882, -0.7812 -1.3559 0.9882, -0.8117 -1.436 0.9882, -0.7886 -1.3754 0.9882, -0.8002 -1.436 0.9882, -0.7926 -1.4141 0.9882, -0.7592 -1.4141 0.9882, -0.7886 -1.4141 0.9882, -0.751 -1.436 0.9882, -0.7893 -1.4051 0.9882, -0.7624 -1.4051 0.9882, -0.7745 -1.3718 0.9882, -0.7757 -1.3662 0.9882, -0.7751 -1.3696 0.9882, -0.776 -1.3662 0.9882, -0.7773 -1.3718 0.9882, -0.7766 -1.3694 0.9882
            ]
        }
        coordIndex [
            0,1,2,-1,2,1,3,-1,4,5,0,-1,0,5,6,-1,0,6,1,-1,1,6,7,-1,4,8,5,-1,5,8,9,-1,5,9,10,-1,10,9,11,-1,10,11,12,-1,12,13,10,-1,10,13,2,-1,10,2,14,-1,14,2,3,-1,14,3,15,-1,10,14,16,-1,16,14,17,-1,5,10,18,-1,18,10,16,-1,19,6,20,-1,20,6,5,-1,20,5,18,-1,7,6,21,-1,21,6,19,-1,1,7,22,-1,22,7,21,-1,23,3,24,-1,24,3,1,-1,24,1,22,-1,15,3,25,-1,25,3,23,-1,14,15,17,-1,17,15,25,-1,0,2,26,-1,26,2,27,-1,2,13,27,-1,27,13,28,-1,11,29,30,-1,11,30,12,-1,12,30,28,-1,12,28,13,-1,11,9,29,-1,29,9,31,-1,4,32,33,-1,4,33,8,-1,8,33,31,-1,8,31,9,-1,4,0,32,-1,32,0,26,-1,
        ]
    }
}
Shape{
    appearance Appearance {
        material  Material 	{
            diffuseColor 0.7529411764705882 0.7529411764705882 0.7529411764705882
            specularColor 0.3764705882352941 0.3764705882352941 0.3764705882352941
            ambientIntensity 0.7529
            transparency 0.0
            shininess 0.5
        }
    }
    geometry IndexedFaceSet {
        ccw TRUE
        solid FALSE
        coord DEF co Coordinate {
            point [
                -0.7757 -1.3662 0.9882, -0.776 -1.3662 0.9882, -0.7751 -1.3696 0.9882, -0.7766 -1.3694 0.9882, -0.7745 -1.3718 0.9882, -0.7773 -1.3718 0.9882, -0.7624 -1.4051 0.9882, -0.7893 -1.4051 0.9882
            ]
        }
        coordIndex [
            0,1,2,-1,2,1,3,-1,2,3,4,-1,4,3,5,-1,4,5,6,-1,6,5,7,-1,
        ]
    }
}
Shape{
    appearance Appearance {
        material  Material 	{
            diffuseColor 0.0 0.0 0.0
            specularColor 0.0 0.0 0.0
            ambientIntensity 0.0
            transparency 0.0
            shininess 0.5
        }
    }
    geometry IndexedFaceSet {
        ccw TRUE
        solid FALSE
        coord DEF co Coordinate {
            point [
                -1.0179 -1.5539 0.9921, -1.0179 -1.563 0.9921, -1.0179 -1.5539 0.9882, -1.0179 -1.563 0.9882, -1.0506 -1.5539 0.9921, -1.0506 -1.5539 0.9882, -1.0506 -1.527 0.9921, -1.0506 -1.527 0.9882, -1.022 -1.527 0.9921, -1.022 -1.527 0.9882, -1.022 -1.5178 0.9921, -1.022 -1.5178 0.9882, -1.0506 -1.5178 0.9921, -1.0506 -1.5178 0.9882, -1.0506 -1.4922 0.9921, -1.0506 -1.4922 0.9882, -1.0197 -1.4922 0.9921, -1.0197 -1.4922 0.9882, -1.0197 -1.483 0.9921, -1.0197 -1.483 0.9882, -1.061 -1.483 0.9921, -1.061 -1.483 0.9882, -1.061 -1.563 0.9921, -1.061 -1.563 0.9882, -0.9724 -1.563 0.9921, -0.9624 -1.563 0.9921, -0.9724 -1.5542 0.9921, -0.9624 -1.5262 0.9921, -0.9724 -1.5267 0.9921, -0.994 -1.5386 0.9921, -0.9916 -1.5375 0.9921, -0.9858 -1.5361 0.9921, -0.9724 -1.5343 0.9921, -0.9724 -1.5398 0.9921, -0.9727 -1.5222 0.9921, -0.9633 -1.5177 0.9921, -0.9738 -1.5187 0.9921, -0.965 -1.5135 0.9921, -0.9749 -1.5166 0.9921, -0.9671 -1.5104 0.9921, -0.9765 -1.515 0.9921, -1.0027 -1.5099 0.9921, -1.0027 -1.5196 0.9921, -0.9998 -1.5082 0.9921, -0.9958 -1.5152 0.9921, -0.9922 -1.5055 0.9921, -0.9895 -1.5132 0.9921, -0.983 -1.5045 0.9921, -0.984 -1.5127 0.9921, -0.983 -1.5045 0.9921, -0.9806 -1.513 0.9921, -0.9759 -1.5053 0.9921, -0.9782 -1.5138 0.9921, -0.972 -1.5067 0.9921, -0.9688 -1.5088 0.9921, -0.9724 -1.5405 0.9921, -0.973 -1.545 0.9921, -0.9745 -1.5485 0.9921, -0.9726 -1.5542 0.9921, -0.9767 -1.5515 0.9921, -0.9742 -1.5566 0.9921, -0.9779 -1.5527 0.9921, -0.9774 -1.56 0.9921, -0.9808 -1.5546 0.9921, -0.9809 -1.5623 0.9921, -0.9838 -1.5557 0.9921, -0.985 -1.5638 0.9921, -0.9876 -1.5562 0.9921, -0.9902 -1.5644 0.9921, -0.991 -1.5558 0.9921, -0.9962 -1.5637 0.9921, -0.9932 -1.5549 0.9921, -1.0 -1.5622 0.9921, -0.9952 -1.5536 0.9921, -1.0034 -1.5599 0.9921, -0.9961 -1.5527 0.9921, -0.9893 -1.5291 0.9921, -0.9976 -1.5312 0.9921, -0.9955 -1.5397 0.9921, -1.0017 -1.5334 0.9921, -0.9967 -1.5411 0.9921, -1.0046 -1.5362 0.9921, -0.9976 -1.543 0.9921, -1.0066 -1.5394 0.9921, -0.998 -1.5453 0.9921, -1.0079 -1.5431 0.9921, -0.9981 -1.5469 0.9921, -1.0083 -1.5477 0.9921, -0.9979 -1.5492 0.9921, -1.0078 -1.5523 0.9921, -0.9972 -1.551 0.9921, -1.0066 -1.5557 0.9921, -1.0045 -1.5587 0.9921, -0.983 -1.5045 0.9882, -0.9922 -1.5055 0.9882, -0.9998 -1.5082 0.9882, -1.0027 -1.5099 0.9882, -1.0027 -1.5196 0.9882, -0.9958 -1.5152 0.9882, -0.9895 -1.5132 0.9882, -0.984 -1.5127 0.9882, -0.9806 -1.513 0.9882, -0.9782 -1.5138 0.9882, -0.9765 -1.515 0.9882, -0.9749 -1.5166 0.9882, -0.9738 -1.5187 0.9882, -0.9727 -1.5222 0.9882, -0.9724 -1.5267 0.9882, -0.9893 -1.5291 0.9882, -0.9976 -1.5312 0.9882, -1.0017 -1.5334 0.9882, -1.0046 -1.5362 0.9882, -1.0066 -1.5394 0.9882, -1.0079 -1.5431 0.9882, -1.0083 -1.5477 0.9882, -1.0078 -1.5523 0.9882, -1.0066 -1.5557 0.9882, -1.0045 -1.5587 0.9882, -1.0034 -1.5599 0.9882, -0.9902 -1.5644 0.9882, -0.996 -1.5637 0.9882, -0.9962 -1.5637 0.9882, -1.0 -1.5622 0.9882, -0.985 -1.5638 0.9882, -0.9847 -1.5637 0.9882, -0.9809 -1.5623 0.9882, -0.9774 -1.56 0.9882, -0.9742 -1.5566 0.9882, -0.9726 -1.5542 0.9882, -0.9724 -1.5542 0.9882, -0.9724 -1.563 0.9882, -0.9624 -1.563 0.9882, -0.9624 -1.5262 0.9882, -0.9633 -1.5177 0.9882, -0.965 -1.5135 0.9882, -0.9671 -1.5104 0.9882, -0.9688 -1.5088 0.9882, -0.972 -1.5067 0.9882, -0.9759 -1.5053 0.9882, -0.983 -1.5045 0.9882, -0.9955 -1.5397 0.9882, -0.994 -1.5386 0.9882, -0.9916 -1.5375 0.9882, -0.9858 -1.5361 0.9882, -0.9981 -1.5469 0.9882, -0.998 -1.5453 0.9882, -0.9976 -1.543 0.9882, -0.9967 -1.5411 0.9882, -0.9952 -1.5536 0.9882, -0.9961 -1.5527 0.9882, -0.9972 -1.551 0.9882, -0.9979 -1.5492 0.9882, -0.9876 -1.5562 0.9882, -0.991 -1.5558 0.9882, -0.9932 -1.5549 0.9882, -0.9767 -1.5515 0.9882, -0.9779 -1.5527 0.9882, -0.9808 -1.5546 0.9882, -0.9838 -1.5557 0.9882, -0.9724 -1.5398 0.9882, -0.9724 -1.5405 0.9882, -0.973 -1.545 0.9882, -0.9745 -1.5485 0.9882, -0.9724 -1.5343 0.9882
            ]
        }
        coordIndex [
            0,1,2,-1,2,1,3,-1,4,0,5,-1,5,0,2,-1,6,4,7,-1,7,4,5,-1,8,6,9,-1,9,6,7,-1,10,8,11,-1,11,8,9,-1,12,10,13,-1,13,10,11,-1,14,12,15,-1,15,12,13,-1,16,14,17,-1,17,14,15,-1,18,16,19,-1,19,16,17,-1,20,18,21,-1,21,18,19,-1,22,20,23,-1,23,20,21,-1,1,22,3,-1,3,22,23,-1,22,1,0,-1,0,4,22,-1,22,4,6,-1,22,6,20,-1,16,18,14,-1,14,18,20,-1,14,20,12,-1,12,20,6,-1,12,6,10,-1,10,6,8,-1,24,25,26,-1,26,25,27,-1,28,29,30,-1,31,32,27,-1,27,32,33,-1,30,31,28,-1,28,31,27,-1,28,27,34,-1,34,27,35,-1,34,35,36,-1,36,35,37,-1,36,37,38,-1,38,37,39,-1,38,39,40,-1,41,42,43,-1,43,42,44,-1,43,44,45,-1,45,44,46,-1,45,46,47,-1,47,46,48,-1,47,48,49,-1,49,48,50,-1,49,50,51,-1,51,50,52,-1,51,52,53,-1,53,52,40,-1,53,40,54,-1,54,40,39,-1,33,55,27,-1,27,55,56,-1,27,56,26,-1,26,56,57,-1,26,57,58,-1,58,57,59,-1,58,59,60,-1,60,59,61,-1,60,61,62,-1,62,61,63,-1,62,63,64,-1,64,63,65,-1,64,65,66,-1,66,65,67,-1,66,67,68,-1,68,67,69,-1,68,69,70,-1,70,69,71,-1,70,71,72,-1,72,71,73,-1,72,73,74,-1,74,73,75,-1,28,76,29,-1,29,76,77,-1,29,77,78,-1,78,77,79,-1,78,79,80,-1,80,79,81,-1,80,81,82,-1,82,81,83,-1,82,83,84,-1,84,83,85,-1,84,85,86,-1,86,85,87,-1,86,87,88,-1,88,87,89,-1,88,89,90,-1,90,89,91,-1,90,91,75,-1,75,91,92,-1,75,92,74,-1,47,93,94,-1,47,94,45,-1,45,94,95,-1,45,95,43,-1,43,95,96,-1,43,96,41,-1,42,41,97,-1,97,41,96,-1,42,97,98,-1,42,98,44,-1,44,98,99,-1,44,99,46,-1,46,99,100,-1,46,100,48,-1,48,100,101,-1,48,101,50,-1,50,101,102,-1,50,102,52,-1,52,102,103,-1,52,103,40,-1,40,103,104,-1,40,104,38,-1,38,104,105,-1,38,105,36,-1,36,105,106,-1,36,106,34,-1,34,106,107,-1,34,107,28,-1,76,28,108,-1,108,28,107,-1,76,108,109,-1,76,109,77,-1,77,109,110,-1,77,110,79,-1,79,110,111,-1,79,111,81,-1,81,111,112,-1,81,112,83,-1,83,112,113,-1,83,113,85,-1,85,113,114,-1,85,114,87,-1,87,114,115,-1,87,115,89,-1,89,115,116,-1,89,116,91,-1,91,116,117,-1,91,117,92,-1,92,117,118,-1,92,118,74,-1,119,68,120,-1,120,68,70,-1,120,70,121,-1,121,70,72,-1,121,72,122,-1,122,72,74,-1,122,74,118,-1,68,119,123,-1,68,123,66,-1,66,123,124,-1,66,124,64,-1,124,125,64,-1,64,125,126,-1,64,126,62,-1,62,126,127,-1,62,127,60,-1,60,127,128,-1,60,128,58,-1,26,58,129,-1,129,58,128,-1,24,26,130,-1,130,26,129,-1,25,24,131,-1,131,24,130,-1,27,25,132,-1,132,25,131,-1,27,132,133,-1,27,133,35,-1,35,133,134,-1,35,134,37,-1,37,134,135,-1,37,135,39,-1,39,135,136,-1,39,136,54,-1,54,136,137,-1,54,137,53,-1,53,137,138,-1,53,138,51,-1,51,138,139,-1,51,139,49,-1,49,139,93,-1,49,93,47,-1,78,140,141,-1,78,141,29,-1,29,141,142,-1,29,142,30,-1,30,142,143,-1,30,143,31,-1,86,144,145,-1,86,145,84,-1,84,145,146,-1,84,146,82,-1,82,146,147,-1,82,147,80,-1,80,147,140,-1,80,140,78,-1,73,148,149,-1,73,149,75,-1,75,149,150,-1,75,150,90,-1,90,150,151,-1,90,151,88,-1,88,151,144,-1,88,144,86,-1,67,152,153,-1,67,153,69,-1,69,153,154,-1,69,154,71,-1,71,154,148,-1,71,148,73,-1,59,155,156,-1,59,156,61,-1,61,156,157,-1,61,157,63,-1,63,157,158,-1,63,158,65,-1,65,158,152,-1,65,152,67,-1,33,159,160,-1,33,160,55,-1,55,160,161,-1,55,161,56,-1,56,161,162,-1,56,162,57,-1,57,162,155,-1,57,155,59,-1,33,32,159,-1,159,32,163,-1,32,31,163,-1,163,31,143,-1,
        ]
    }
}
Shape{
    appearance Appearance {
        material  Material 	{
            diffuseColor 0.7529411764705882 0.7529411764705882 0.7529411764705882
            specularColor 0.3764705882352941 0.3764705882352941 0.3764705882352941
            ambientIntensity 0.7529
            transparency 0.0
            shininess 0.5
        }
    }
    geometry IndexedFaceSet {
        ccw TRUE
        solid FALSE
        coord DEF co Coordinate {
            point [
                -0.9724 -1.5343 0.9882, -0.9858 -1.5361 0.9882, -0.9724 -1.5398 0.9882, -0.9916 -1.5375 0.9882, -0.994 -1.5386 0.9882, -0.9955 -1.5397 0.9882, -0.9724 -1.5405 0.9882, -0.973 -1.545 0.9882, -0.9967 -1.5411 0.9882, -0.9745 -1.5485 0.9882, -0.9961 -1.5527 0.9882, -0.9952 -1.5536 0.9882, -0.9779 -1.5527 0.9882, -0.9972 -1.551 0.9882, -0.9808 -1.5546 0.9882, -0.9838 -1.5557 0.9882, -0.9876 -1.5562 0.9882, -0.9976 -1.543 0.9882, -0.998 -1.5453 0.9882, -0.9767 -1.5515 0.9882, -0.9981 -1.5469 0.9882, -0.9979 -1.5492 0.9882, -0.9932 -1.5549 0.9882, -0.991 -1.5558 0.9882
            ]
        }
        coordIndex [
            0,1,2,-1,2,1,3,-1,3,4,2,-1,2,4,5,-1,2,5,6,-1,6,5,7,-1,7,5,8,-1,7,8,9,-1,10,11,12,-1,10,12,13,-1,14,12,15,-1,15,12,16,-1,8,17,9,-1,9,17,18,-1,9,18,19,-1,19,18,20,-1,19,20,12,-1,12,20,21,-1,12,21,13,-1,11,22,12,-1,12,22,23,-1,12,23,16,-1,
        ]
    }
}
Shape{
    appearance Appearance {
        material  Material 	{
            diffuseColor 0.0 0.0 0.0
            specularColor 0.0 0.0 0.0
            ambientIntensity 0.0
            transparency 0.0
            shininess 0.5
        }
    }
    geometry IndexedFaceSet {
        ccw TRUE
        solid FALSE
        coord DEF co Coordinate {
            point [
                -0.9488 -1.5507 0.9882, -0.9488 -1.5507 0.9921, -0.9448 -1.5531 0.9921, -0.9323 -1.5562 0.9921, -0.9323 -1.5562 0.9882, -0.9386 -1.5555 0.9882, -0.9386 -1.5555 0.9921, -0.9441 -1.5534 0.9882, -0.9448 -1.5531 0.9882, -0.9488 -1.561 0.9921, -0.9488 -1.561 0.9882, -0.9416 -1.5635 0.9921, -0.9441 -1.5626 0.9882, -0.9332 -1.5644 0.9882, -0.9332 -1.5644 0.9921, -0.9399 -1.5637 0.9882, -0.9416 -1.5635 0.9882, -0.9245 -1.5634 0.9921, -0.9273 -1.5637 0.9882, -0.9245 -1.5634 0.9882, -0.9191 -1.5614 0.9882, -0.9191 -1.5614 0.9921, -0.9166 -1.5598 0.9882, -0.9166 -1.5598 0.9921, -0.9137 -1.5573 0.9882, -0.9137 -1.5573 0.9921, -0.9118 -1.5547 0.9882, -0.9118 -1.5547 0.9921, -0.9106 -1.5515 0.9882, -0.9106 -1.5515 0.9921, -0.9101 -1.5475 0.9882, -0.9101 -1.5475 0.9921, -0.9106 -1.5437 0.9882, -0.9106 -1.5437 0.9921, -0.9116 -1.5408 0.9882, -0.9116 -1.5408 0.9921, -0.9135 -1.538 0.9882, -0.9135 -1.538 0.9921, -0.9159 -1.5359 0.9882, -0.9159 -1.5359 0.9921, -0.9225 -1.5322 0.9882, -0.9225 -1.5322 0.9921, -0.9264 -1.5306 0.9882, -0.9264 -1.5306 0.9921, -0.9326 -1.5279 0.9882, -0.9326 -1.5279 0.9921, -0.9362 -1.5257 0.9882, -0.9362 -1.5257 0.9921, -0.9372 -1.5246 0.9882, -0.9372 -1.5246 0.9921, -0.9379 -1.5233 0.9882, -0.9379 -1.5233 0.9921, -0.9383 -1.5217 0.9882, -0.9383 -1.5217 0.9921, -0.9384 -1.5204 0.9882, -0.9384 -1.5204 0.9921, -0.9382 -1.5188 0.9882, -0.9382 -1.5188 0.9921, -0.9377 -1.5174 0.9882, -0.9377 -1.5174 0.9921, -0.9368 -1.5161 0.9882, -0.9368 -1.5161 0.9921, -0.9353 -1.5148 0.9882, -0.9353 -1.5148 0.9921, -0.9331 -1.5136 0.9882, -0.9331 -1.5136 0.9921, -0.9304 -1.5129 0.9882, -0.9304 -1.5129 0.9921, -0.9274 -1.5127 0.9882, -0.9274 -1.5127 0.9921, -0.9208 -1.5134 0.9882, -0.9208 -1.5134 0.9921, -0.9152 -1.5155 0.9882, -0.9152 -1.5155 0.9921, -0.9129 -1.5168 0.9882, -0.9129 -1.5168 0.9921, -0.9129 -1.5071 0.9921, -0.9129 -1.5071 0.9882, -0.9205 -1.505 0.9882, -0.9205 -1.505 0.9921, -0.9264 -1.5045 0.9882, -0.9264 -1.5045 0.9921, -0.9346 -1.5055 0.9882, -0.9346 -1.5055 0.9921, -0.9399 -1.5076 0.9882, -0.9399 -1.5076 0.9921, -0.9423 -1.5091 0.9882, -0.9423 -1.5091 0.9921, -0.9441 -1.5107 0.9882, -0.9452 -1.5117 0.9921, -0.9452 -1.5117 0.9882, -0.9471 -1.5145 0.9882, -0.9471 -1.5145 0.9921, -0.9483 -1.5177 0.9882, -0.9483 -1.5177 0.9921, -0.9487 -1.5213 0.9882, -0.9487 -1.5213 0.9921, -0.9483 -1.5252 0.9882, -0.9483 -1.5252 0.9921, -0.9472 -1.5282 0.9882, -0.9472 -1.5282 0.9921, -0.9459 -1.5303 0.9882, -0.9459 -1.5303 0.9921, -0.9335 -1.5379 0.9882, -0.9335 -1.5379 0.9921, -0.9395 -1.5352 0.9921, -0.9442 -1.532 0.9882, -0.9442 -1.532 0.9921, -0.9441 -1.5321 0.9882, -0.9395 -1.5352 0.9882, -0.9269 -1.5407 0.9882, -0.9269 -1.5407 0.9921, -0.923 -1.543 0.9882, -0.923 -1.543 0.9921, -0.9218 -1.5443 0.9882, -0.9218 -1.5443 0.9921, -0.921 -1.5456 0.9882, -0.921 -1.5456 0.9921, -0.9205 -1.5472 0.9882, -0.9205 -1.5472 0.9921, -0.9204 -1.5485 0.9882, -0.9204 -1.5485 0.9921, -0.9206 -1.5504 0.9882, -0.9206 -1.5504 0.9921, -0.9212 -1.5518 0.9882, -0.9212 -1.5518 0.9921, -0.922 -1.5531 0.9882, -0.922 -1.5531 0.9921, -0.9232 -1.5541 0.9882, -0.9232 -1.5541 0.9921, -0.9241 -1.5547 0.9882, -0.9241 -1.5547 0.9921, -0.9267 -1.5556 0.9882, -0.9267 -1.5556 0.9921, -0.9318 -1.5562 0.9882, -0.9318 -1.5562 0.9921, -0.8604 -1.5058 0.9921, -0.85 -1.5058 0.9921, -0.8604 -1.5058 0.9882, -0.85 -1.5058 0.9882, -0.876 -1.5489 0.9921, -0.876 -1.5489 0.9882, -0.8768 -1.5516 0.9882, -0.8768 -1.5516 0.9921, -0.8773 -1.5535 0.9882, -0.8773 -1.5535 0.9921, -0.8775 -1.5535 0.9921, -0.8775 -1.5535 0.9882, -0.8788 -1.5488 0.9921, -0.8788 -1.5488 0.9882, -0.8937 -1.5058 0.9882, -0.8937 -1.5058 0.9921, -0.8889 -1.5198 0.9882, -0.9049 -1.5058 0.9921, -0.9049 -1.5058 0.9882, -0.8825 -1.5629 0.9882, -0.8825 -1.5629 0.9921, -0.8889 -1.5467 0.9882, -0.8869 -1.5733 0.9882, -0.8869 -1.5733 0.9921, -0.8828 -1.5637 0.9882, -0.8889 -1.5769 0.9882, -0.8889 -1.5769 0.9921, -0.8889 -1.5769 0.9882, -0.8907 -1.579 0.9921, -0.8907 -1.579 0.9882, -0.8926 -1.5803 0.9882, -0.8926 -1.5803 0.9921, -0.8948 -1.5811 0.9882, -0.8948 -1.5811 0.9921, -0.8972 -1.5814 0.9882, -0.8972 -1.5814 0.9921, -0.9008 -1.5809 0.9882, -0.9008 -1.5809 0.9921, -0.9029 -1.5802 0.9882, -0.9029 -1.5802 0.9921, -0.9029 -1.5891 0.9921, -0.9029 -1.5891 0.9882, -0.8986 -1.5899 0.9882, -0.8986 -1.5899 0.9921, -0.8964 -1.59 0.9882, -0.8964 -1.59 0.9921, -0.8923 -1.5895 0.9882, -0.8923 -1.5895 0.9921, -0.8889 -1.5882 0.9882, -0.8884 -1.588 0.9921, -0.8884 -1.588 0.9882, -0.8849 -1.5855 0.9882, -0.8849 -1.5855 0.9921, -0.8842 -1.5849 0.9882, -0.8842 -1.5849 0.9921, -0.8805 -1.5805 0.9882, -0.8805 -1.5805 0.9921, -0.876 -1.5717 0.9882, -0.876 -1.5717 0.9921, -0.8728 -1.5637 0.9882, -0.7962 -1.5539 0.9921, -0.7962 -1.563 0.9921, -0.7962 -1.5539 0.9882, -0.7962 -1.563 0.9882, -0.8289 -1.5539 0.9882, -0.8289 -1.5539 0.9921, -0.8139 -1.5539 0.9882, -0.8289 -1.527 0.9921, -0.8289 -1.527 0.9882, -0.8002 -1.527 0.9882, -0.8002 -1.527 0.9921, -0.8139 -1.527 0.9882, -0.8002 -1.5178 0.9921, -0.8002 -1.5178 0.9882, -0.8289 -1.5178 0.9882, -0.8289 -1.5178 0.9921, -0.8139 -1.5178 0.9882, -0.8289 -1.4922 0.9921, -0.8289 -1.4922 0.9882, -0.798 -1.4922 0.9882, -0.798 -1.4922 0.9921, -0.8139 -1.4922 0.9882, -0.798 -1.483 0.9921, -0.798 -1.483 0.9882, -0.8392 -1.483 0.9882, -0.8392 -1.483 0.9921, -0.8139 -1.483 0.9882, -0.8392 -1.563 0.9921, -0.8392 -1.563 0.9882, -0.8139 -1.563 0.9882, -0.7591 -1.5539 0.9921, -0.759 -1.563 0.9921, -0.7493 -1.5529 0.9921, -0.7456 -1.5614 0.9921, -0.7423 -1.5505 0.9921, -0.7364 -1.5579 0.9921, -0.737 -1.5471 0.9921, -0.7287 -1.5525 0.9921, -0.7353 -1.5455 0.9921, -0.7279 -1.5518 0.9921, -0.7311 -1.5403 0.9921, -0.7223 -1.5452 0.9921, -0.7284 -1.5343 0.9921, -0.7182 -1.537 0.9921, -0.7269 -1.5268 0.9921, -0.7162 -1.5277 0.9921, -0.7267 -1.5223 0.9921, -0.7158 -1.522 0.9921, -0.7277 -1.513 0.9921, -0.7168 -1.5123 0.9921, -0.7299 -1.5069 0.9921, -0.7196 -1.5044 0.9921, -0.7329 -1.5023 0.9921, -0.7243 -1.4972 0.9921, -0.7355 -1.4997 0.9921, -0.7279 -1.4936 0.9921, -0.7416 -1.4957 0.9921, -0.7353 -1.4883 0.9921, -0.7487 -1.4932 0.9921, -0.7449 -1.4846 0.9921, -0.7586 -1.4922 0.9921, -0.7582 -1.483 0.9921, -0.7707 -1.4922 0.9921, -0.781 -1.483 0.9921, -0.7707 -1.5539 0.9921, -0.781 -1.563 0.9921, -0.759 -1.563 0.9882, -0.781 -1.563 0.9882, -0.7456 -1.5614 0.9882, -0.7364 -1.5579 0.9882, -0.7287 -1.5525 0.9882, -0.7279 -1.5518 0.9882, -0.7223 -1.5452 0.9882, -0.7182 -1.537 0.9882, -0.7162 -1.5277 0.9882, -0.7158 -1.522 0.9882, -0.7168 -1.5123 0.9882, -0.7196 -1.5044 0.9882, -0.7243 -1.4972 0.9882, -0.7279 -1.4936 0.9882, -0.7353 -1.4883 0.9882, -0.7449 -1.4846 0.9882, -0.7582 -1.483 0.9882, -0.781 -1.483 0.9882, -0.7586 -1.4922 0.9882, -0.7707 -1.4922 0.9882, -0.7707 -1.5539 0.9882, -0.7591 -1.5539 0.9882, -0.7353 -1.5455 0.9882, -0.737 -1.5471 0.9882, -0.7423 -1.5505 0.9882, -0.7493 -1.5529 0.9882, -0.7267 -1.5223 0.9882, -0.7269 -1.5268 0.9882, -0.7284 -1.5343 0.9882, -0.7311 -1.5403 0.9882, -0.7355 -1.4997 0.9882, -0.7329 -1.5023 0.9882, -0.7299 -1.5069 0.9882, -0.7277 -1.513 0.9882, -0.7487 -1.4932 0.9882, -0.7416 -1.4957 0.9882
            ]
        }
        coordIndex [
            0,1,2,-1,3,4,5,-1,3,5,6,-1,6,5,7,-1,6,7,2,-1,2,7,8,-1,2,8,0,-1,9,1,10,-1,10,1,0,-1,9,10,11,-1,11,10,12,-1,13,14,15,-1,15,14,11,-1,15,11,16,-1,16,11,12,-1,14,13,17,-1,17,13,18,-1,18,19,17,-1,17,19,20,-1,17,20,21,-1,21,20,22,-1,21,22,23,-1,23,22,24,-1,23,24,25,-1,25,24,26,-1,25,26,27,-1,27,26,28,-1,27,28,29,-1,29,28,30,-1,29,30,31,-1,31,30,32,-1,31,32,33,-1,33,32,34,-1,33,34,35,-1,35,34,36,-1,35,36,37,-1,37,36,38,-1,37,38,39,-1,39,38,40,-1,39,40,41,-1,41,40,42,-1,41,42,43,-1,43,42,44,-1,43,44,45,-1,45,44,46,-1,45,46,47,-1,47,46,48,-1,47,48,49,-1,49,48,50,-1,49,50,51,-1,51,50,52,-1,51,52,53,-1,53,52,54,-1,53,54,55,-1,55,54,56,-1,55,56,57,-1,57,56,58,-1,57,58,59,-1,59,58,60,-1,59,60,61,-1,61,60,62,-1,61,62,63,-1,63,62,64,-1,63,64,65,-1,65,64,66,-1,65,66,67,-1,67,66,68,-1,67,68,69,-1,69,68,70,-1,69,70,71,-1,71,70,72,-1,71,72,73,-1,73,72,74,-1,73,74,75,-1,76,75,77,-1,77,75,74,-1,76,77,78,-1,76,78,79,-1,79,78,80,-1,79,80,81,-1,81,80,82,-1,81,82,83,-1,83,82,84,-1,83,84,85,-1,85,84,86,-1,85,86,87,-1,86,88,87,-1,87,88,89,-1,88,90,89,-1,89,90,91,-1,89,91,92,-1,92,91,93,-1,92,93,94,-1,94,93,95,-1,94,95,96,-1,96,95,97,-1,96,97,98,-1,98,97,99,-1,98,99,100,-1,100,99,101,-1,100,101,102,-1,103,104,105,-1,102,101,106,-1,102,106,107,-1,107,106,108,-1,107,108,105,-1,105,108,109,-1,105,109,103,-1,104,103,110,-1,104,110,111,-1,111,110,112,-1,111,112,113,-1,113,112,114,-1,113,114,115,-1,115,114,116,-1,115,116,117,-1,117,116,118,-1,117,118,119,-1,119,118,120,-1,119,120,121,-1,121,120,122,-1,121,122,123,-1,123,122,124,-1,123,124,125,-1,125,124,126,-1,125,126,127,-1,127,126,128,-1,127,128,129,-1,129,128,130,-1,129,130,131,-1,131,130,132,-1,131,132,133,-1,133,132,134,-1,133,134,135,-1,135,134,4,-1,135,4,3,-1,61,63,85,-1,85,63,83,-1,111,43,104,-1,104,43,45,-1,21,23,127,-1,127,23,25,-1,127,25,125,-1,125,25,27,-1,125,27,123,-1,123,27,29,-1,123,29,121,-1,121,29,31,-1,121,31,119,-1,119,31,33,-1,119,33,117,-1,117,33,35,-1,117,35,115,-1,115,35,37,-1,115,37,113,-1,113,37,39,-1,113,39,111,-1,111,39,41,-1,111,41,43,-1,14,3,11,-1,11,3,6,-1,11,6,9,-1,9,6,2,-1,9,2,1,-1,63,65,83,-1,83,65,67,-1,83,67,81,-1,81,67,69,-1,81,69,79,-1,79,69,71,-1,79,71,76,-1,76,71,73,-1,76,73,75,-1,127,129,21,-1,21,129,131,-1,21,131,17,-1,17,131,133,-1,17,133,14,-1,14,133,135,-1,14,135,3,-1,85,87,61,-1,61,87,89,-1,61,89,59,-1,59,89,92,-1,59,92,57,-1,57,92,94,-1,57,94,55,-1,55,94,96,-1,55,96,53,-1,53,96,98,-1,53,98,51,-1,51,98,100,-1,51,100,49,-1,49,100,102,-1,49,102,47,-1,47,102,107,-1,47,107,45,-1,45,107,105,-1,45,105,104,-1,136,137,138,-1,138,137,139,-1,140,136,141,-1,141,136,138,-1,140,141,142,-1,140,142,143,-1,143,142,144,-1,143,144,145,-1,146,145,147,-1,147,145,144,-1,148,146,149,-1,149,146,147,-1,150,151,152,-1,152,151,148,-1,152,148,149,-1,153,151,154,-1,154,151,150,-1,155,156,157,-1,157,156,153,-1,157,153,154,-1,158,159,160,-1,160,159,156,-1,160,156,155,-1,159,158,161,-1,159,161,162,-1,162,161,163,-1,162,163,164,-1,163,165,164,-1,164,165,166,-1,164,166,167,-1,167,166,168,-1,167,168,169,-1,169,168,170,-1,169,170,171,-1,171,170,172,-1,171,172,173,-1,173,172,174,-1,173,174,175,-1,176,175,177,-1,177,175,174,-1,176,177,178,-1,176,178,179,-1,179,178,180,-1,179,180,181,-1,181,180,182,-1,181,182,183,-1,183,182,184,-1,183,184,185,-1,184,186,185,-1,185,186,187,-1,185,187,188,-1,188,187,189,-1,188,189,190,-1,190,189,191,-1,190,191,192,-1,192,191,193,-1,192,193,194,-1,139,137,195,-1,195,137,194,-1,195,194,193,-1,143,145,194,-1,137,136,194,-1,194,136,140,-1,194,140,143,-1,151,153,148,-1,148,153,156,-1,148,156,146,-1,192,162,190,-1,190,162,164,-1,175,176,173,-1,173,176,179,-1,173,179,171,-1,171,179,181,-1,171,181,169,-1,169,181,183,-1,169,183,167,-1,167,183,185,-1,167,185,164,-1,164,185,188,-1,164,188,190,-1,145,146,194,-1,194,146,156,-1,194,156,192,-1,192,156,159,-1,192,159,162,-1,196,197,198,-1,198,197,199,-1,200,201,202,-1,202,201,196,-1,202,196,198,-1,203,201,204,-1,204,201,200,-1,205,206,207,-1,207,206,203,-1,207,203,204,-1,208,206,209,-1,209,206,205,-1,210,211,212,-1,212,211,208,-1,212,208,209,-1,213,211,214,-1,214,211,210,-1,215,216,217,-1,217,216,213,-1,217,213,214,-1,218,216,219,-1,219,216,215,-1,220,221,222,-1,222,221,218,-1,222,218,219,-1,223,221,224,-1,224,221,220,-1,199,197,225,-1,225,197,223,-1,225,223,224,-1,223,197,196,-1,196,201,223,-1,223,201,203,-1,223,203,221,-1,216,218,213,-1,213,218,221,-1,213,221,211,-1,211,221,203,-1,211,203,208,-1,208,203,206,-1,226,227,228,-1,228,227,229,-1,228,229,230,-1,230,229,231,-1,230,231,232,-1,232,231,233,-1,232,233,234,-1,234,233,235,-1,234,235,236,-1,236,235,237,-1,236,237,238,-1,238,237,239,-1,238,239,240,-1,240,239,241,-1,240,241,242,-1,242,241,243,-1,242,243,244,-1,244,243,245,-1,244,245,246,-1,246,245,247,-1,246,247,248,-1,248,247,249,-1,248,249,250,-1,250,249,251,-1,250,251,252,-1,252,251,253,-1,252,253,254,-1,254,253,255,-1,254,255,256,-1,256,255,257,-1,256,257,258,-1,258,257,259,-1,258,259,260,-1,260,259,261,-1,260,261,226,-1,226,261,227,-1,227,261,262,-1,262,261,263,-1,227,262,264,-1,227,264,229,-1,229,264,265,-1,229,265,231,-1,231,265,266,-1,231,266,233,-1,233,266,267,-1,233,267,235,-1,235,267,268,-1,235,268,237,-1,237,268,269,-1,237,269,239,-1,239,269,270,-1,239,270,241,-1,241,270,271,-1,241,271,243,-1,243,271,272,-1,243,272,245,-1,245,272,273,-1,245,273,247,-1,247,273,274,-1,247,274,249,-1,249,274,275,-1,249,275,251,-1,251,275,276,-1,251,276,253,-1,253,276,277,-1,253,277,255,-1,255,277,278,-1,255,278,257,-1,259,257,279,-1,279,257,278,-1,261,259,263,-1,263,259,279,-1,256,258,280,-1,280,258,281,-1,258,260,281,-1,281,260,282,-1,260,226,282,-1,282,226,283,-1,234,284,285,-1,234,285,232,-1,232,285,286,-1,232,286,230,-1,230,286,287,-1,230,287,228,-1,228,287,283,-1,228,283,226,-1,242,288,289,-1,242,289,240,-1,240,289,290,-1,240,290,238,-1,238,290,291,-1,238,291,236,-1,236,291,284,-1,236,284,234,-1,250,292,293,-1,250,293,248,-1,248,293,294,-1,248,294,246,-1,246,294,295,-1,246,295,244,-1,244,295,288,-1,244,288,242,-1,256,280,296,-1,256,296,254,-1,254,296,297,-1,254,297,252,-1,252,297,292,-1,252,292,250,-1,
        ]
    }
}
Shape{
    appearance Appearance {
        material  Material 	{
            diffuseColor 0.7529411764705882 0.7529411764705882 0.7529411764705882
            specularColor 0.3764705882352941 0.3764705882352941 0.3764705882352941
            ambientIntensity 0.7529
            transparency 0.0
            shininess 0.5
        }
    }
    geometry IndexedFaceSet {
        ccw TRUE
        solid FALSE
        coord DEF co Coordinate {
            point [
                -0.7707 -1.4922 0.9882, -0.7707 -1.5539 0.9882, -0.7586 -1.4922 0.9882, -0.7591 -1.5539 0.9882, -0.7493 -1.5529 0.9882, -0.7423 -1.5505 0.9882, -0.737 -1.5471 0.9882, -0.7353 -1.5455 0.9882, -0.7311 -1.5403 0.9882, -0.7284 -1.5343 0.9882, -0.7269 -1.5268 0.9882, -0.7267 -1.5223 0.9882, -0.7277 -1.513 0.9882, -0.7299 -1.5069 0.9882, -0.7329 -1.5023 0.9882, -0.7355 -1.4997 0.9882, -0.7487 -1.4932 0.9882, -0.7416 -1.4957 0.9882
            ]
        }
        coordIndex [
            0,1,2,-1,2,1,3,-1,2,3,4,-1,4,5,2,-1,2,5,6,-1,2,6,7,-1,7,8,2,-1,2,8,9,-1,2,9,10,-1,10,11,2,-1,2,11,12,-1,2,12,13,-1,13,14,2,-1,2,14,15,-1,2,15,16,-1,16,15,17,-1,
        ]
    }
}
Shape{
    appearance Appearance {
        material  Material 	{
            diffuseColor 0.0 0.0 0.0
            specularColor 0.0 0.0 0.0
            ambientIntensity 0.0
            transparency 0.0
            shininess 0.5
        }
    }
    geometry IndexedFaceSet {
        ccw TRUE
        solid FALSE
        coord DEF co Coordinate {
            point [
                -0.689 -1.5321 0.9921, -0.6923 -1.5411 0.9921, -0.6621 -1.5321 0.9921, -0.6589 -1.5411 0.9921, -0.677 -1.4988 0.9921, -0.6809 -1.483 0.9921, -0.7114 -1.563 0.9921, -0.7 -1.563 0.9921, -0.6763 -1.4964 0.9921, -0.6757 -1.4932 0.9921, -0.6698 -1.483 0.9921, -0.6755 -1.4932 0.9921, -0.6748 -1.4966 0.9921, -0.6742 -1.4988 0.9921, -0.6394 -1.563 0.9921, -0.6508 -1.563 0.9921, -0.6698 -1.483 0.9882, -0.6394 -1.563 0.9882, -0.6809 -1.483 0.9882, -0.7114 -1.563 0.9882, -0.7 -1.563 0.9882, -0.6923 -1.5411 0.9882, -0.6589 -1.5411 0.9882, -0.6508 -1.563 0.9882, -0.689 -1.5321 0.9882, -0.6621 -1.5321 0.9882, -0.6742 -1.4988 0.9882, -0.6755 -1.4932 0.9882, -0.6748 -1.4966 0.9882, -0.6757 -1.4932 0.9882, -0.677 -1.4988 0.9882, -0.6763 -1.4964 0.9882
            ]
        }
        coordIndex [
            0,1,2,-1,2,1,3,-1,4,5,0,-1,0,5,6,-1,0,6,1,-1,1,6,7,-1,4,8,5,-1,5,8,9,-1,5,9,10,-1,10,9,11,-1,10,11,12,-1,12,13,10,-1,10,13,2,-1,10,2,14,-1,14,2,3,-1,14,3,15,-1,10,14,16,-1,16,14,17,-1,5,10,18,-1,18,10,16,-1,6,5,19,-1,19,5,18,-1,7,6,20,-1,20,6,19,-1,1,7,21,-1,21,7,20,-1,3,1,22,-1,22,1,21,-1,15,3,23,-1,23,3,22,-1,14,15,17,-1,17,15,23,-1,0,2,24,-1,24,2,25,-1,2,13,25,-1,25,13,26,-1,11,27,28,-1,11,28,12,-1,12,28,26,-1,12,26,13,-1,11,9,27,-1,27,9,29,-1,4,30,31,-1,4,31,8,-1,8,31,29,-1,8,29,9,-1,4,0,30,-1,30,0,24,-1,
        ]
    }
}
Shape{
    appearance Appearance {
        material  Material 	{
            diffuseColor 0.7529411764705882 0.7529411764705882 0.7529411764705882
            specularColor 0.3764705882352941 0.3764705882352941 0.3764705882352941
            ambientIntensity 0.7529
            transparency 0.0
            shininess 0.5
        }
    }
    geometry IndexedFaceSet {
        ccw TRUE
        solid FALSE
        coord DEF co Coordinate {
            point [
                -0.6755 -1.4932 0.9882, -0.6757 -1.4932 0.9882, -0.6748 -1.4966 0.9882, -0.6763 -1.4964 0.9882, -0.6742 -1.4988 0.9882, -0.677 -1.4988 0.9882, -0.6621 -1.5321 0.9882, -0.689 -1.5321 0.9882
            ]
        }
        coordIndex [
            0,1,2,-1,2,1,3,-1,2,3,4,-1,4,3,5,-1,4,5,6,-1,6,5,7,-1,
        ]
    }
}
Shape{
    appearance Appearance {
        material  Material 	{
            diffuseColor 0.0 0.0 0.0
            specularColor 0.0 0.0 0.0
            ambientIntensity 0.0
            transparency 0.0
            shininess 0.5
        }
    }
    geometry IndexedFaceSet {
        ccw TRUE
        solid FALSE
        coord DEF co Coordinate {
            point [
                -1.4146 -1.5744 0.9921, -1.4061 -1.5849 0.9921, -1.4197 -1.524 0.9921, -1.4297 -1.4252 0.9921, -1.417 -1.4184 0.9921, -1.42 -1.3833 0.9921, -1.3844 -1.3817 0.9921, -1.3668 -1.4233 0.9921, -1.3581 -1.4052 0.9921, -1.4322 -1.5164 0.9921, -1.4275 -1.56 0.9921, -1.4203 -1.5622 0.9921, -1.3975 -1.3806 0.9921, -1.362 -1.5228 0.9921, -1.3568 -1.5247 0.9921, -1.3093 -1.5383 0.9921, -1.3522 -1.5278 0.9921, -1.3485 -1.5319 0.9921, -1.2296 -1.4961 0.9921, -1.2472 -1.466 0.9921, -1.3235 -1.5058 0.9921, -1.3668 -1.5223 0.9921, -1.3723 -1.523 0.9921, -1.3798 -1.4881 0.9921, -1.3773 -1.525 0.9921, -1.3924 -1.493 0.9921, -1.3818 -1.5282 0.9921, -1.4041 -1.5011 0.9921, -1.384 -1.5305 0.9921, -1.4135 -1.5118 0.9921, -1.387 -1.5352 0.9921, -1.3886 -1.5406 0.9921, -1.3889 -1.5462 0.9921, -1.3456 -1.4903 0.9921, -1.3593 -1.4869 0.9921, -1.3662 -1.4865 0.9921, -1.346 -1.5366 0.9921, -1.3447 -1.5419 0.9921, -1.3093 -1.5439 0.9921, -1.3447 -1.5471 0.9921, -1.3096 -1.55 0.9921, -1.3728 -1.3681 0.9921, -1.3453 -1.39 0.9921, -1.3594 -1.3567 0.9921, -1.3301 -1.3789 0.9921, -1.3455 -1.348 0.9921, -1.403 -1.415 0.9921, -1.397 -1.4147 0.9921, -1.391 -1.3809 0.9921, -1.3835 -1.4164 0.9921, -1.3707 -1.4211 0.9921, -1.3335 -1.4967 0.9921, -1.1476 -1.5377 0.9921, -1.1741 -1.515 0.9921, -1.1631 -1.5508 0.9921, -1.1825 -1.5219 0.9921, -1.1804 -1.5593 0.9921, -1.1925 -1.5266 0.9921, -1.1994 -1.5633 0.9921, -1.2028 -1.5286 0.9921, -1.233 -1.5633 0.9921, -1.2284 -1.5286 0.9921, -1.2362 -1.5628 0.9921, -1.3879 -1.5515 0.9921, -1.3856 -1.5563 0.9921, -1.2108 -1.4398 0.9921, -1.2062 -1.4398 0.9921, -1.1829 -1.409 0.9921, -1.197 -1.4407 0.9921, -1.1802 -1.41 0.9921, -1.187 -1.4442 0.9921, -1.1632 -1.4183 0.9921, -1.1779 -1.45 0.9921, -1.1478 -1.4314 0.9921, -1.1704 -1.458 0.9921, -1.1361 -1.4476 0.9921, -1.165 -1.4678 0.9921, -1.1292 -1.465 0.9921, -1.1622 -1.4787 0.9921, -1.1265 -1.4836 0.9921, -1.1618 -1.4842 0.9921, -1.1291 -1.5039 0.9921, -1.1632 -1.4953 0.9921, -1.1363 -1.5219 0.9921, -1.1671 -1.5054 0.9921, -1.1734 -1.5143 0.9921, -1.2136 -1.3641 0.9921, -1.236 -1.3901 0.9921, -1.1948 -1.3859 0.9921, -1.2231 -1.4055 0.9921, -1.2143 -1.4238 0.9921, -1.4522 -1.4578 0.9921, -1.4896 -1.4674 0.9921, -1.4539 -1.4716 0.9921, -1.4897 -1.4728 0.9921, -1.4532 -1.4805 0.9921, -1.487 -1.4951 0.9921, -1.4491 -1.4945 0.9921, -1.4788 -1.5163 0.9921, -1.4424 -1.5059 0.9921, -1.4658 -1.5348 0.9921, -1.4481 -1.55 0.9921, -1.313 -1.564 0.9921, -1.3461 -1.5525 0.9921, -1.3197 -1.5767 0.9921, -1.3487 -1.5574 0.9921, -1.3284 -1.5864 0.9921, -1.3518 -1.5609 0.9921, -1.3397 -1.5943 0.9921, -1.3561 -1.564 0.9921, -1.3524 -1.5992 0.9921, -1.3611 -1.566 0.9921, -1.3662 -1.6009 0.9921, -1.3668 -1.5667 0.9921, -1.3684 -1.6008 0.9921, -1.3678 -1.5667 0.9921, -1.3818 -1.5988 0.9921, -1.3729 -1.5659 0.9921, -1.3949 -1.5932 0.9921, -1.378 -1.5637 0.9921, -1.3824 -1.5603 0.9921, -1.3192 -1.3379 0.9921, -1.3115 -1.3713 0.9921, -1.2911 -1.3345 0.9921, -1.2905 -1.3686 0.9921, -1.2676 -1.3369 0.9921, -1.2712 -1.371 0.9921, -1.239 -1.347 0.9921, -1.2533 -1.3778 0.9921, -1.2373 -1.3889 0.9921, -1.4411 -1.3915 0.9921, -1.4592 -1.4043 0.9921, -1.4394 -1.4338 0.9921, -1.463 -1.4079 0.9921, -1.4473 -1.4451 0.9921, -1.4767 -1.4255 0.9921, -1.4858 -1.446 0.9921, -1.2313 -1.528 0.9921, -1.245 -1.5573 0.9921, -1.2437 -1.5587 0.9921, -1.2296 -1.5284 0.9921, -1.24 -1.5613 0.9921, -1.2495 -1.5457 0.9921, -1.249 -1.5499 0.9921, -1.2475 -1.5538 0.9921, -1.2363 -1.5286 0.9921, -1.2402 -1.5301 0.9921, -1.2494 -1.5434 0.9921, -1.2437 -1.5326 0.9921, -1.246 -1.5352 0.9921, -1.2482 -1.5391 0.9921, -1.2319 -1.528 0.9921, -1.144 -1.4367 0.9882, -1.1361 -1.4476 0.9882, -1.1311 -1.4602 0.9882, -1.1292 -1.465 0.9882, -1.1265 -1.4836 0.9882, -1.1478 -1.4314 0.9882, -1.1632 -1.4183 0.9882, -1.1802 -1.41 0.9882, -1.1829 -1.409 0.9882, -1.1948 -1.3859 0.9882, -1.2136 -1.3641 0.9882, -1.2267 -1.3553 0.9882, -1.239 -1.347 0.9882, -1.2676 -1.3369 0.9882, -1.2911 -1.3345 0.9882, -1.3192 -1.3379 0.9882, -1.3455 -1.348 0.9882, -1.3571 -1.3553 0.9882, -1.3594 -1.3567 0.9882, -1.3728 -1.3681 0.9882, -1.3844 -1.3817 0.9882, -1.391 -1.3809 0.9882, -1.3975 -1.3806 0.9882, -1.42 -1.3833 0.9882, -1.4411 -1.3915 0.9882, -1.4592 -1.4043 0.9882, -1.463 -1.4079 0.9882, -1.4767 -1.4255 0.9882, -1.4817 -1.4367 0.9882, -1.4858 -1.446 0.9882, -1.4883 -1.4602 0.9882, -1.4896 -1.4674 0.9882, -1.4897 -1.4728 0.9882, -1.487 -1.4951 0.9882, -1.4788 -1.5163 0.9882, -1.4658 -1.5348 0.9882, -1.4481 -1.55 0.9882, -1.4275 -1.56 0.9882, -1.4203 -1.5622 0.9882, -1.4196 -1.5637 0.9882, -1.4146 -1.5744 0.9882, -1.4061 -1.5849 0.9882, -1.3949 -1.5932 0.9882, -1.3898 -1.5954 0.9882, -1.3818 -1.5988 0.9882, -1.3684 -1.6008 0.9882, -1.3662 -1.6009 0.9882, -1.3093 -1.5439 0.9882, -1.3524 -1.5992 0.9882, -1.3426 -1.5954 0.9882, -1.3397 -1.5943 0.9882, -1.3284 -1.5864 0.9882, -1.3197 -1.5767 0.9882, -1.313 -1.564 0.9882, -1.3129 -1.5637 0.9882, -1.3096 -1.55 0.9882, -1.3093 -1.5383 0.9882, -1.2296 -1.4961 0.9882, -1.2472 -1.466 0.9882, -1.3235 -1.5058 0.9882, -1.3335 -1.4967 0.9882, -1.3456 -1.4903 0.9882, -1.3593 -1.4869 0.9882, -1.3662 -1.4865 0.9882, -1.3798 -1.4881 0.9882, -1.3924 -1.493 0.9882, -1.4041 -1.5011 0.9882, -1.4135 -1.5118 0.9882, -1.4197 -1.524 0.9882, -1.4322 -1.5164 0.9882, -1.4424 -1.5059 0.9882, -1.4491 -1.4945 0.9882, -1.4532 -1.4805 0.9882, -1.4539 -1.4716 0.9882, -1.4525 -1.4602 0.9882, -1.4522 -1.4578 0.9882, -1.4473 -1.4451 0.9882, -1.4414 -1.4367 0.9882, -1.4394 -1.4338 0.9882, -1.4297 -1.4252 0.9882, -1.417 -1.4184 0.9882, -1.403 -1.415 0.9882, -1.397 -1.4147 0.9882, -1.3835 -1.4164 0.9882, -1.3707 -1.4211 0.9882, -1.3668 -1.4233 0.9882, -1.3581 -1.4052 0.9882, -1.3453 -1.39 0.9882, -1.3301 -1.3789 0.9882, -1.3115 -1.3713 0.9882, -1.2905 -1.3686 0.9882, -1.2712 -1.371 0.9882, -1.2533 -1.3778 0.9882, -1.2373 -1.3889 0.9882, -1.236 -1.3901 0.9882, -1.2231 -1.4055 0.9882, -1.2143 -1.4238 0.9882, -1.2115 -1.4367 0.9882, -1.2108 -1.4398 0.9882, -1.2062 -1.4398 0.9882, -1.197 -1.4407 0.9882, -1.187 -1.4442 0.9882, -1.1779 -1.45 0.9882, -1.1704 -1.458 0.9882, -1.1692 -1.4602 0.9882, -1.165 -1.4678 0.9882, -1.1622 -1.4787 0.9882, -1.1618 -1.4842 0.9882, -1.1632 -1.4953 0.9882, -1.1671 -1.5054 0.9882, -1.1734 -1.5143 0.9882, -1.1741 -1.515 0.9882, -1.1825 -1.5219 0.9882, -1.1925 -1.5266 0.9882, -1.2028 -1.5286 0.9882, -1.2284 -1.5286 0.9882, -1.2296 -1.5284 0.9882, -1.2313 -1.528 0.9882, -1.2319 -1.528 0.9882, -1.2363 -1.5286 0.9882, -1.2402 -1.5301 0.9882, -1.2437 -1.5326 0.9882, -1.246 -1.5352 0.9882, -1.2482 -1.5391 0.9882, -1.2494 -1.5434 0.9882, -1.2495 -1.5457 0.9882, -1.249 -1.5499 0.9882, -1.2475 -1.5538 0.9882, -1.245 -1.5573 0.9882, -1.2437 -1.5587 0.9882, -1.24 -1.5613 0.9882, -1.2362 -1.5628 0.9882, -1.233 -1.5633 0.9882, -1.1994 -1.5633 0.9882, -1.1804 -1.5593 0.9882, -1.1631 -1.5508 0.9882, -1.1476 -1.5377 0.9882, -1.1363 -1.5219 0.9882, -1.1291 -1.5039 0.9882, -1.3668 -1.5223 0.9882, -1.362 -1.5228 0.9882, -1.3568 -1.5247 0.9882, -1.3522 -1.5278 0.9882, -1.3485 -1.5319 0.9882, -1.346 -1.5366 0.9882, -1.3447 -1.5419 0.9882, -1.3447 -1.5471 0.9882, -1.3461 -1.5525 0.9882, -1.3487 -1.5574 0.9882, -1.3518 -1.5609 0.9882, -1.3561 -1.564 0.9882, -1.3611 -1.566 0.9882, -1.3668 -1.5667 0.9882, -1.3678 -1.5667 0.9882, -1.3729 -1.5659 0.9882, -1.378 -1.5637 0.9882, -1.3824 -1.5603 0.9882, -1.3856 -1.5563 0.9882, -1.3879 -1.5515 0.9882, -1.3889 -1.5462 0.9882, -1.3886 -1.5406 0.9882, -1.387 -1.5352 0.9882, -1.384 -1.5305 0.9882, -1.3818 -1.5282 0.9882, -1.3773 -1.525 0.9882, -1.3723 -1.523 0.9882
            ]
        }
        coordIndex [
            0,1,2,-1,3,4,5,-1,6,7,8,-1,9,10,2,-1,2,10,11,-1,2,11,0,-1,5,4,12,-1,13,14,15,-1,15,14,16,-1,15,16,17,-1,18,19,15,-1,15,19,20,-1,15,20,13,-1,13,20,21,-1,22,23,24,-1,24,23,25,-1,24,25,26,-1,26,25,27,-1,26,27,28,-1,28,27,29,-1,28,29,30,-1,30,29,2,-1,30,2,31,-1,31,2,32,-1,33,34,22,-1,22,34,35,-1,22,35,23,-1,17,36,15,-1,15,36,37,-1,15,37,38,-1,38,37,39,-1,38,39,40,-1,6,8,41,-1,41,8,42,-1,41,42,43,-1,43,42,44,-1,43,44,45,-1,4,46,12,-1,12,46,47,-1,12,47,48,-1,48,47,49,-1,48,49,6,-1,6,49,50,-1,6,50,7,-1,21,20,22,-1,22,20,51,-1,22,51,33,-1,52,53,54,-1,54,53,55,-1,54,55,56,-1,56,55,57,-1,56,57,58,-1,58,57,59,-1,58,59,60,-1,60,59,61,-1,60,61,62,-1,32,2,63,-1,63,2,1,-1,63,1,64,-1,65,66,67,-1,67,66,68,-1,67,68,69,-1,69,68,70,-1,69,70,71,-1,71,70,72,-1,71,72,73,-1,73,72,74,-1,73,74,75,-1,75,74,76,-1,75,76,77,-1,77,76,78,-1,77,78,79,-1,79,78,80,-1,79,80,81,-1,81,80,82,-1,81,82,83,-1,83,82,84,-1,83,84,52,-1,52,84,85,-1,52,85,53,-1,86,87,88,-1,88,87,89,-1,88,89,67,-1,67,89,90,-1,67,90,65,-1,91,92,93,-1,93,92,94,-1,93,94,95,-1,95,94,96,-1,95,96,97,-1,97,96,98,-1,97,98,99,-1,99,98,100,-1,99,100,9,-1,9,100,101,-1,9,101,10,-1,40,39,102,-1,102,39,103,-1,102,103,104,-1,104,103,105,-1,104,105,106,-1,106,105,107,-1,106,107,108,-1,108,107,109,-1,108,109,110,-1,110,109,111,-1,110,111,112,-1,112,111,113,-1,112,113,114,-1,114,113,115,-1,114,115,116,-1,116,115,117,-1,116,117,118,-1,118,117,119,-1,118,119,1,-1,1,119,120,-1,1,120,64,-1,45,44,121,-1,121,44,122,-1,121,122,123,-1,123,122,124,-1,123,124,125,-1,125,124,126,-1,125,126,127,-1,127,126,128,-1,127,128,86,-1,86,128,129,-1,86,129,87,-1,5,130,3,-1,3,130,131,-1,3,131,132,-1,132,131,133,-1,132,133,134,-1,134,133,135,-1,134,135,91,-1,91,135,136,-1,91,136,92,-1,137,138,139,-1,61,140,62,-1,62,140,137,-1,62,137,141,-1,141,137,139,-1,142,143,137,-1,137,143,144,-1,137,144,138,-1,145,146,147,-1,146,148,147,-1,147,148,149,-1,147,149,150,-1,142,137,147,-1,147,137,151,-1,147,151,145,-1,152,73,153,-1,153,73,75,-1,153,75,154,-1,154,75,77,-1,154,77,155,-1,155,77,79,-1,155,79,156,-1,152,157,73,-1,73,157,158,-1,73,158,71,-1,71,158,159,-1,71,159,69,-1,69,159,160,-1,69,160,67,-1,67,160,161,-1,67,161,88,-1,88,161,162,-1,88,162,86,-1,127,86,163,-1,163,86,162,-1,163,164,127,-1,127,164,165,-1,127,165,125,-1,125,165,166,-1,125,166,123,-1,123,166,167,-1,123,167,121,-1,121,167,168,-1,121,168,45,-1,45,168,43,-1,43,168,169,-1,43,169,170,-1,43,170,171,-1,43,171,41,-1,41,171,172,-1,41,172,6,-1,6,172,173,-1,6,173,48,-1,48,173,174,-1,48,174,12,-1,12,174,175,-1,12,175,5,-1,5,175,176,-1,5,176,130,-1,130,176,177,-1,130,177,131,-1,131,177,178,-1,131,178,133,-1,136,135,179,-1,179,135,133,-1,179,133,178,-1,179,180,136,-1,136,180,181,-1,136,181,92,-1,92,181,182,-1,182,183,92,-1,92,183,184,-1,92,184,94,-1,94,184,185,-1,94,185,96,-1,96,185,186,-1,96,186,98,-1,98,186,187,-1,98,187,100,-1,100,187,188,-1,100,188,101,-1,101,188,189,-1,101,189,10,-1,10,189,190,-1,10,190,11,-1,11,190,191,-1,11,191,0,-1,191,192,0,-1,0,192,193,-1,0,193,1,-1,1,193,194,-1,1,194,118,-1,118,194,195,-1,118,195,116,-1,195,196,116,-1,116,196,197,-1,116,197,114,-1,114,197,198,-1,114,198,112,-1,199,38,40,-1,112,198,200,-1,201,108,200,-1,200,108,110,-1,200,110,112,-1,201,202,108,-1,108,202,203,-1,108,203,106,-1,106,203,204,-1,106,204,104,-1,104,204,205,-1,104,205,102,-1,102,205,206,-1,102,206,40,-1,40,206,207,-1,40,207,199,-1,15,38,208,-1,208,38,199,-1,18,15,209,-1,209,15,208,-1,19,18,210,-1,210,18,209,-1,20,19,211,-1,211,19,210,-1,20,211,212,-1,20,212,51,-1,51,212,213,-1,51,213,33,-1,33,213,214,-1,33,214,34,-1,34,214,215,-1,34,215,35,-1,35,215,216,-1,35,216,23,-1,23,216,217,-1,23,217,25,-1,25,217,218,-1,25,218,27,-1,27,218,219,-1,27,219,29,-1,29,219,220,-1,29,220,2,-1,2,220,221,-1,2,221,9,-1,9,221,222,-1,9,222,99,-1,99,222,223,-1,99,223,97,-1,97,223,224,-1,97,224,95,-1,95,224,225,-1,95,225,93,-1,91,93,225,-1,225,226,91,-1,91,226,227,-1,91,227,228,-1,229,132,228,-1,228,132,134,-1,228,134,91,-1,229,230,132,-1,132,230,231,-1,132,231,3,-1,3,231,232,-1,3,232,4,-1,4,232,233,-1,4,233,46,-1,46,233,234,-1,46,234,47,-1,47,234,235,-1,47,235,49,-1,49,235,236,-1,49,236,50,-1,50,236,237,-1,50,237,7,-1,7,237,238,-1,7,238,8,-1,8,238,239,-1,8,239,42,-1,42,239,240,-1,42,240,44,-1,44,240,241,-1,44,241,122,-1,122,241,242,-1,122,242,124,-1,124,242,243,-1,124,243,126,-1,126,243,244,-1,126,244,128,-1,128,244,245,-1,128,245,129,-1,129,245,246,-1,129,246,87,-1,87,246,247,-1,87,247,89,-1,89,247,248,-1,89,248,90,-1,90,248,65,-1,65,248,249,-1,65,249,250,-1,66,65,251,-1,251,65,250,-1,66,251,252,-1,66,252,68,-1,68,252,253,-1,68,253,70,-1,70,253,254,-1,70,254,72,-1,72,254,255,-1,72,255,74,-1,74,255,256,-1,74,256,76,-1,256,257,76,-1,76,257,258,-1,76,258,78,-1,78,258,259,-1,78,259,80,-1,80,259,260,-1,80,260,82,-1,82,260,261,-1,82,261,84,-1,84,261,262,-1,84,262,85,-1,85,262,263,-1,85,263,53,-1,53,263,264,-1,53,264,55,-1,55,264,265,-1,55,265,57,-1,57,265,266,-1,57,266,59,-1,61,59,267,-1,267,59,266,-1,61,267,268,-1,61,268,140,-1,140,268,269,-1,140,269,137,-1,137,269,270,-1,137,270,151,-1,151,270,271,-1,151,271,145,-1,145,271,272,-1,145,272,146,-1,146,272,273,-1,146,273,148,-1,148,273,274,-1,148,274,149,-1,149,274,275,-1,149,275,150,-1,150,275,276,-1,150,276,147,-1,147,276,277,-1,147,277,142,-1,142,277,278,-1,142,278,143,-1,143,278,279,-1,143,279,144,-1,144,279,280,-1,144,280,138,-1,138,280,281,-1,138,281,139,-1,139,281,282,-1,139,282,141,-1,141,282,283,-1,141,283,62,-1,62,283,284,-1,62,284,60,-1,58,60,285,-1,285,60,284,-1,58,285,286,-1,58,286,56,-1,56,286,287,-1,56,287,54,-1,54,287,288,-1,54,288,52,-1,52,288,289,-1,52,289,83,-1,83,289,290,-1,83,290,81,-1,81,290,156,-1,81,156,79,-1,21,291,292,-1,21,292,13,-1,13,292,293,-1,13,293,14,-1,14,293,294,-1,14,294,16,-1,16,294,295,-1,16,295,17,-1,17,295,296,-1,17,296,36,-1,36,296,297,-1,36,297,37,-1,37,297,298,-1,37,298,39,-1,39,298,299,-1,39,299,103,-1,103,299,300,-1,103,300,105,-1,105,300,301,-1,105,301,107,-1,107,301,302,-1,107,302,109,-1,109,302,303,-1,109,303,111,-1,111,303,304,-1,111,304,113,-1,113,304,305,-1,113,305,115,-1,115,305,306,-1,115,306,117,-1,117,306,307,-1,117,307,119,-1,119,307,308,-1,119,308,120,-1,120,308,309,-1,120,309,64,-1,64,309,310,-1,64,310,63,-1,63,310,311,-1,63,311,32,-1,32,311,312,-1,32,312,31,-1,31,312,313,-1,31,313,30,-1,30,313,314,-1,30,314,28,-1,28,314,315,-1,28,315,26,-1,26,315,316,-1,26,316,24,-1,24,316,317,-1,24,317,22,-1,22,317,291,-1,22,291,21,-1,
        ]
    }
}
Shape{
    appearance Appearance {
        material  Material 	{
            diffuseColor 0.7529411764705882 0.7529411764705882 0.7529411764705882
            specularColor 0.3764705882352941 0.3764705882352941 0.3764705882352941
            ambientIntensity 0.7529
            transparency 0.0
            shininess 0.5
        }
    }
    geometry IndexedFaceSet {
        ccw TRUE
        solid FALSE
        coord DEF co Coordinate {
            point [
                -1.3678 -1.5667 0.9882, -1.3818 -1.5282 0.9882, -1.384 -1.5305 0.9882, -1.3611 -1.566 0.9882, -1.3561 -1.564 0.9882, -1.362 -1.5228 0.9882, -1.3668 -1.5223 0.9882, -1.3723 -1.523 0.9882, -1.3773 -1.525 0.9882, -1.3879 -1.5515 0.9882, -1.3856 -1.5563 0.9882, -1.3824 -1.5603 0.9882, -1.3668 -1.5667 0.9882, -1.387 -1.5352 0.9882, -1.3886 -1.5406 0.9882, -1.3889 -1.5462 0.9882, -1.378 -1.5637 0.9882, -1.3729 -1.5659 0.9882, -1.3518 -1.5609 0.9882, -1.3487 -1.5574 0.9882, -1.3461 -1.5525 0.9882, -1.3447 -1.5471 0.9882, -1.3447 -1.5419 0.9882, -1.346 -1.5366 0.9882, -1.3485 -1.5319 0.9882, -1.3522 -1.5278 0.9882, -1.3568 -1.5247 0.9882
            ]
        }
        coordIndex [
            0,1,2,-1,3,4,5,-1,6,7,0,-1,0,7,8,-1,0,8,1,-1,9,10,2,-1,2,10,11,-1,6,0,5,-1,5,0,12,-1,5,12,3,-1,13,14,2,-1,2,14,15,-1,2,15,9,-1,11,16,2,-1,2,16,17,-1,2,17,0,-1,4,18,5,-1,5,18,19,-1,5,19,20,-1,20,21,5,-1,5,21,22,-1,5,22,23,-1,23,24,5,-1,5,24,25,-1,5,25,26,-1,
        ]
    }
}