#VRML V2.0 utf8
# 3D model generated by easyeda2kicad.py (https://github.com/uPesy/easyeda2kicad.py)

Shape{
    appearance Appearance {
        material  Material 	{
            diffuseColor 0.0 0.0 0.0
            specularColor 0.0 0.0 0.0
            ambientIntensity 0.0
            transparency 0.0
            shininess 0.5
        }
    }
    geometry IndexedFaceSet {
        ccw TRUE
        solid FALSE
        coord DEF co Coordinate {
            point [
                0.3248 0.3681 0.2362, 0.3248 -0.3681 0.2362, 0.3248 0.3681 0.2205, 0.3248 -0.3681 0.2205, -0.3248 0.3681 0.2362, -0.3248 0.3681 0.2205, -0.3248 -0.3681 0.2362, -0.3248 -0.3681 0.2205, -0.2126 0.2446 0.2362, -0.2104 0.25 0.2362, -0.2096 0.2558 0.2362, -0.2322 0.2333 0.2362, -0.2381 0.234 0.2362, -0.2435 0.2363 0.2362, -0.2482 0.2399 0.2362, -0.2518 0.2446 0.2362, -0.254 0.25 0.2362, -0.2548 0.2558 0.2362, -0.254 0.2617 0.2362, -0.2518 0.2671 0.2362, -0.2482 0.2718 0.2362, -0.2435 0.2754 0.2362, -0.2381 0.2777 0.2362, -0.2162 0.2399 0.2362, -0.2209 0.2363 0.2362, -0.2264 0.234 0.2362, -0.2162 0.2718 0.2362, -0.2126 0.2671 0.2362, -0.2104 0.2617 0.2362, -0.2322 0.2784 0.2362, -0.2264 0.2777 0.2362, -0.2209 0.2754 0.2362
            ]
        }
        coordIndex [
            0,1,2,-1,2,1,3,-1,4,0,5,-1,5,0,2,-1,6,4,7,-1,7,4,5,-1,1,6,3,-1,3,6,7,-1,8,1,9,-1,9,1,0,-1,9,0,10,-1,11,12,6,-1,6,12,13,-1,6,13,14,-1,14,15,6,-1,6,15,16,-1,6,16,4,-1,16,17,4,-1,4,17,18,-1,4,18,19,-1,19,20,4,-1,4,20,21,-1,4,21,22,-1,8,23,1,-1,1,23,24,-1,1,24,6,-1,6,24,25,-1,6,25,11,-1,26,27,0,-1,0,27,28,-1,0,28,10,-1,22,29,4,-1,4,29,30,-1,4,30,0,-1,0,30,31,-1,0,31,26,-1,7,5,3,-1,3,5,2,-1,
        ]
    }
}
Shape{
    appearance Appearance {
        material  Material 	{
            diffuseColor 0.5019607843137255 0.5019607843137255 0.5019607843137255
            specularColor 0.25098039215686274 0.25098039215686274 0.25098039215686274
            ambientIntensity 0.502
            transparency 0.0
            shininess 0.5
        }
    }
    geometry IndexedFaceSet {
        ccw TRUE
        solid FALSE
        coord DEF co Coordinate {
            point [
                -0.2096 0.2558 0.2358, -0.2096 0.2558 0.2362, -0.2104 0.2617 0.2358, -0.2104 0.2617 0.2362, -0.2126 0.2671 0.2358, -0.2126 0.2671 0.2362, -0.2162 0.2718 0.2358, -0.2162 0.2718 0.2362, -0.2209 0.2754 0.2358, -0.2209 0.2754 0.2362, -0.2264 0.2777 0.2358, -0.2264 0.2777 0.2362, -0.2322 0.2784 0.2358, -0.2322 0.2784 0.2362, -0.2381 0.2777 0.2358, -0.2381 0.2777 0.2362, -0.2435 0.2754 0.2358, -0.2435 0.2754 0.2362, -0.2482 0.2718 0.2358, -0.2482 0.2718 0.2362, -0.2518 0.2671 0.2358, -0.2518 0.2671 0.2362, -0.254 0.2617 0.2358, -0.254 0.2617 0.2362, -0.2548 0.2558 0.2358, -0.2548 0.2558 0.2362, -0.254 0.25 0.2358, -0.254 0.25 0.2362, -0.2518 0.2446 0.2358, -0.2518 0.2446 0.2362, -0.2482 0.2399 0.2358, -0.2482 0.2399 0.2362, -0.2435 0.2363 0.2358, -0.2435 0.2363 0.2362, -0.2381 0.234 0.2358, -0.2381 0.234 0.2362, -0.2322 0.2333 0.2358, -0.2322 0.2333 0.2362, -0.2264 0.234 0.2358, -0.2264 0.234 0.2362, -0.2209 0.2363 0.2358, -0.2209 0.2363 0.2362, -0.2162 0.2399 0.2358, -0.2162 0.2399 0.2362, -0.2126 0.2446 0.2358, -0.2126 0.2446 0.2362, -0.2104 0.25 0.2358, -0.2104 0.25 0.2362, -0.2322 0.2558 0.2358
            ]
        }
        coordIndex [
            0,1,2,-1,2,1,3,-1,2,3,4,-1,4,3,5,-1,4,5,6,-1,6,5,7,-1,6,7,8,-1,8,7,9,-1,8,9,10,-1,10,9,11,-1,10,11,12,-1,12,11,13,-1,12,13,14,-1,14,13,15,-1,14,15,16,-1,16,15,17,-1,16,17,18,-1,18,17,19,-1,18,19,20,-1,20,19,21,-1,20,21,22,-1,22,21,23,-1,22,23,24,-1,24,23,25,-1,24,25,26,-1,26,25,27,-1,26,27,28,-1,28,27,29,-1,28,29,30,-1,30,29,31,-1,30,31,32,-1,32,31,33,-1,32,33,34,-1,34,33,35,-1,34,35,36,-1,36,35,37,-1,36,37,38,-1,38,37,39,-1,38,39,40,-1,40,39,41,-1,40,41,42,-1,42,41,43,-1,42,43,44,-1,44,43,45,-1,44,45,46,-1,46,45,47,-1,46,47,0,-1,0,47,1,-1,44,46,48,-1,48,46,0,-1,48,0,2,-1,38,40,48,-1,48,40,42,-1,48,42,44,-1,32,34,48,-1,48,34,36,-1,48,36,38,-1,26,28,48,-1,48,28,30,-1,48,30,32,-1,20,22,48,-1,48,22,24,-1,48,24,26,-1,14,16,48,-1,48,16,18,-1,48,18,20,-1,8,10,48,-1,48,10,12,-1,48,12,14,-1,2,4,48,-1,48,4,6,-1,48,6,8,-1,
        ]
    }
}
Shape{
    appearance Appearance {
        material  Material 	{
            diffuseColor 0.25098039215686274 0.25098039215686274 0.25098039215686274
            specularColor 0.12549019607843137 0.12549019607843137 0.12549019607843137
            ambientIntensity 0.251
            transparency 0.0
            shininess 0.5
        }
    }
    geometry IndexedFaceSet {
        ccw TRUE
        solid FALSE
        coord DEF co Coordinate {
            point [
                -0.2504 -0.1862 0.0945, -0.2514 -0.1969 0.0945, -0.2881 -0.0984 0.0945, 0.1433 -0.1862 0.0945, 0.1423 -0.1969 0.0945, 0.0642 -0.0984 0.0945, -0.2881 -0.3681 0.0945, -0.3248 -0.3681 0.0945, -0.3248 -0.3098 0.0945, 0.0106 0.1433 0.0945, 0.0173 0.1454 0.0945, 0.0173 0.0984 0.0945, 0.0535 0.1862 0.0945, 0.0546 0.1969 0.0945, 0.0642 0.1969 0.0945, -0.0106 0.0535 0.0945, -0.0115 0.0532 0.0945, -0.0115 0.0984 0.0945, 0.0106 -0.0535 0.0945, 0.0173 -0.0515 0.0945, 0.0173 -0.0984 0.0945, -0.0106 -0.1433 0.0945, -0.0115 -0.1436 0.0945, -0.0115 -0.0984 0.0945, 0.0106 -0.2504 0.0945, 0.0173 -0.2483 0.0945, 0.0173 -0.3098 0.0945, 0.0642 0.3681 0.0945, 0.0642 0.2793 0.0945, 0.0521 0.3681 0.0945, 0.0538 0.2793 0.0945, 0.0521 0.2747 0.0945, 0.0538 0.2749 0.0945, 0.0642 0.2749 0.0945, 0.0642 0.2747 0.0945, 0.0739 0.2749 0.0945, 0.0686 0.2793 0.0945, 0.0686 0.3143 0.0945, 0.0739 0.3143 0.0945, 0.3248 0.3681 0.0945, 0.3248 0.2747 0.0945, -0.2473 0.176 0.0945, -0.2881 0.0984 0.0945, -0.2504 0.1862 0.0945, -0.2881 0.1969 0.0945, -0.2514 0.1969 0.0945, -0.2422 0.1665 0.0945, -0.2354 0.1583 0.0945, -0.2272 0.1515 0.0945, -0.1862 0.1433 0.0945, -0.176 0.1464 0.0945, -0.1139 0.0984 0.0945, -0.1665 0.1515 0.0945, -0.1583 0.1583 0.0945, -0.1515 0.1665 0.0945, -0.1464 0.176 0.0945, -0.1139 0.1969 0.0945, -0.1433 0.1862 0.0945, -0.2177 0.1464 0.0945, -0.2075 0.1433 0.0945, -0.1969 0.1423 0.0945, -0.2177 0.2473 0.0945, -0.2272 0.2422 0.0945, -0.2881 0.2747 0.0945, -0.2354 0.2354 0.0945, -0.176 0.2473 0.0945, -0.1862 0.2504 0.0945, -0.1139 0.2747 0.0945, -0.1969 0.2514 0.0945, -0.2075 0.2504 0.0945, -0.2422 0.2272 0.0945, -0.2473 0.2177 0.0945, -0.2504 0.2075 0.0945, -0.1515 0.2272 0.0945, -0.1583 0.2354 0.0945, -0.1665 0.2422 0.0945, -0.1423 0.1969 0.0945, -0.1433 0.2075 0.0945, -0.1464 0.2177 0.0945, 0.0546 -0.1969 0.0945, 0.0642 -0.3098 0.0945, 0.0303 -0.2422 0.0945, 0.0386 -0.2354 0.0945, 0.0521 -0.3098 0.0945, 0.0454 -0.2272 0.0945, 0.0209 -0.2473 0.0945, 0.0504 -0.2177 0.0945, 0.0521 -0.2122 0.0945, 0.0535 -0.2075 0.0945, 0.0 -0.2514 0.0945, -0.0115 -0.3098 0.0945, -0.0106 -0.2504 0.0945, -0.0454 -0.2272 0.0945, -0.0386 -0.2354 0.0945, -0.0485 -0.3098 0.0945, -0.0303 -0.2422 0.0945, -0.0209 -0.2473 0.0945, -0.0115 -0.2501 0.0945, -0.1139 -0.0984 0.0945, -0.0535 -0.1862 0.0945, -0.0546 -0.1969 0.0945, -0.1139 -0.3098 0.0945, -0.0535 -0.2075 0.0945, -0.0504 -0.2177 0.0945, -0.0485 -0.2213 0.0945, -0.0485 -0.0984 0.0945, -0.0303 -0.1515 0.0945, -0.0386 -0.1583 0.0945, -0.0209 -0.1464 0.0945, -0.0454 -0.1665 0.0945, -0.0485 -0.1724 0.0945, -0.0504 -0.176 0.0945, 0.0106 -0.1433 0.0945, 0.0 -0.1423 0.0945, 0.0454 -0.1665 0.0945, 0.0386 -0.1583 0.0945, 0.0521 -0.0984 0.0945, 0.0535 -0.1862 0.0945, 0.0521 -0.1815 0.0945, 0.0504 -0.176 0.0945, 0.0303 -0.1515 0.0945, 0.0209 -0.1464 0.0945, 0.0173 -0.1454 0.0945, 0.0546 0.0 0.0945, 0.0535 0.0106 0.0945, 0.0642 0.0984 0.0945, 0.0521 0.0153 0.0945, 0.0521 0.0984 0.0945, 0.0303 -0.0454 0.0945, 0.0386 -0.0386 0.0945, 0.0454 -0.0303 0.0945, 0.0209 -0.0504 0.0945, 0.0504 -0.0209 0.0945, 0.0521 -0.0153 0.0945, 0.0535 -0.0106 0.0945, 0.0 -0.0546 0.0945, -0.0106 -0.0535 0.0945, -0.0485 -0.0244 0.0945, -0.0454 -0.0303 0.0945, -0.0386 -0.0386 0.0945, -0.0303 -0.0454 0.0945, -0.0209 -0.0504 0.0945, -0.0115 -0.0532 0.0945, -0.0504 -0.0209 0.0945, -0.0535 -0.0106 0.0945, -0.0535 0.0106 0.0945, -0.0546 -0.0 0.0945, -0.0485 0.0984 0.0945, -0.0209 0.0504 0.0945, -0.0303 0.0454 0.0945, -0.0386 0.0386 0.0945, -0.0454 0.0303 0.0945, -0.0485 0.0244 0.0945, -0.0504 0.0209 0.0945, 0.0106 0.0535 0.0945, 0.0 0.0546 0.0945, 0.0504 0.0209 0.0945, 0.0454 0.0303 0.0945, 0.0386 0.0386 0.0945, 0.0303 0.0454 0.0945, 0.0209 0.0504 0.0945, 0.0173 0.0515 0.0945, 0.0521 0.1815 0.0945, 0.0209 0.1464 0.0945, 0.0303 0.1515 0.0945, 0.0386 0.1583 0.0945, 0.0454 0.1665 0.0945, 0.0504 0.176 0.0945, 0.0 0.1423 0.0945, -0.0106 0.1433 0.0945, -0.0485 0.1724 0.0945, -0.0454 0.1665 0.0945, -0.0386 0.1583 0.0945, -0.0303 0.1515 0.0945, -0.0209 0.1464 0.0945, -0.0115 0.1436 0.0945, -0.0504 0.176 0.0945, -0.0535 0.1862 0.0945, -0.0546 0.1969 0.0945, -0.0485 0.2747 0.0945, -0.0303 0.2422 0.0945, -0.0386 0.2354 0.0945, -0.0454 0.2272 0.0945, -0.0485 0.2213 0.0945, -0.0504 0.2177 0.0945, -0.0535 0.2075 0.0945, 0.0 0.2514 0.0945, -0.0106 0.2504 0.0945, -0.0115 0.2747 0.0945, -0.0115 0.2501 0.0945, -0.0209 0.2473 0.0945, 0.0106 0.2504 0.0945, 0.0173 0.2747 0.0945, 0.0173 0.2483 0.0945, 0.0521 0.2122 0.0945, 0.0504 0.2177 0.0945, 0.0454 0.2272 0.0945, 0.0386 0.2354 0.0945, 0.0303 0.2422 0.0945, 0.0343 0.2747 0.0945, 0.0209 0.2473 0.0945, 0.0293 0.2747 0.0945, 0.0309 0.2745 0.0945, 0.0319 0.2745 0.0945, 0.0535 0.2075 0.0945, 0.1423 0.1969 0.0945, 0.1433 0.1862 0.0945, 0.1464 0.176 0.0945, 0.1515 0.1665 0.0945, 0.3248 0.0984 0.0945, 0.2473 0.176 0.0945, 0.3248 0.1969 0.0945, 0.2504 0.1862 0.0945, 0.2177 0.1464 0.0945, 0.2272 0.1515 0.0945, 0.1583 0.1583 0.0945, 0.1665 0.1515 0.0945, 0.176 0.1464 0.0945, 0.1862 0.1433 0.0945, 0.1969 0.1423 0.0945, 0.2075 0.1433 0.0945, 0.2354 0.1583 0.0945, 0.2422 0.1665 0.0945, 0.2422 0.2272 0.0945, 0.2354 0.2354 0.0945, 0.2272 0.2422 0.0945, 0.2177 0.2473 0.0945, 0.176 0.2473 0.0945, 0.1665 0.2422 0.0945, 0.1583 0.2354 0.0945, 0.2514 0.1969 0.0945, 0.2504 0.2075 0.0945, 0.2473 0.2177 0.0945, 0.1515 0.2272 0.0945, 0.1464 0.2177 0.0945, 0.1433 0.2075 0.0945, 0.2075 0.2504 0.0945, 0.1969 0.2514 0.0945, 0.1862 0.2504 0.0945, 0.0253 0.2753 0.0945, 0.0211 0.277 0.0945, 0.0257 0.3145 0.0945, 0.0211 0.3132 0.0945, 0.0173 0.3681 0.0945, 0.0211 0.308 0.0945, 0.0211 0.2813 0.0945, 0.0255 0.3099 0.0945, 0.0218 0.2809 0.0945, 0.0303 0.3105 0.0945, 0.0342 0.31 0.0945, 0.0406 0.2763 0.0945, 0.0438 0.2783 0.0945, 0.0467 0.2814 0.0945, 0.0488 0.2852 0.0945, 0.0483 0.3039 0.0945, 0.046 0.3076 0.0945, 0.0425 0.311 0.0945, 0.0368 0.275 0.0945, 0.0372 0.309 0.0945, 0.0399 0.3072 0.0945, 0.0423 0.3045 0.0945, 0.0451 0.2942 0.0945, 0.0447 0.2899 0.0945, 0.0437 0.2866 0.0945, 0.0349 0.2792 0.0945, 0.0312 0.2788 0.0945, 0.0378 0.2803 0.0945, 0.0402 0.2819 0.0945, 0.042 0.2838 0.0945, 0.026 0.2794 0.0945, 0.0439 0.3015 0.0945, 0.0449 0.2973 0.0945, 0.05 0.2893 0.0945, 0.0504 0.2939 0.0945, 0.0498 0.2995 0.0945, 0.0387 0.3132 0.0945, 0.0343 0.3145 0.0945, 0.0304 0.3148 0.0945, -0.2881 -0.3098 0.0945, -0.1139 -0.3681 0.0945, -0.0485 -0.3681 0.0945, -0.0115 -0.3681 0.0945, 0.0173 -0.3681 0.0945, 0.0521 -0.3681 0.0945, 0.0642 -0.3681 0.0945, 0.3248 -0.3681 0.0945, 0.3248 -0.3098 0.0945, 0.2075 -0.2504 0.0945, 0.2177 -0.2473 0.0945, 0.1433 -0.2075 0.0945, 0.1464 -0.2177 0.0945, 0.2272 -0.2422 0.0945, 0.2354 -0.2354 0.0945, 0.2422 -0.2272 0.0945, 0.176 -0.1464 0.0945, 0.1665 -0.1515 0.0945, 0.1583 -0.1583 0.0945, 0.1515 -0.2272 0.0945, 0.1583 -0.2354 0.0945, 0.1665 -0.2422 0.0945, 0.176 -0.2473 0.0945, 0.1862 -0.2504 0.0945, 0.1969 -0.2514 0.0945, 0.2473 -0.2177 0.0945, 0.2504 -0.2075 0.0945, 0.3248 -0.0984 0.0945, 0.2514 -0.1969 0.0945, 0.2504 -0.1862 0.0945, 0.2473 -0.176 0.0945, 0.2422 -0.1665 0.0945, 0.2354 -0.1583 0.0945, 0.2272 -0.1515 0.0945, 0.2177 -0.1464 0.0945, 0.1515 -0.1665 0.0945, 0.1464 -0.176 0.0945, 0.2075 -0.1433 0.0945, 0.1969 -0.1423 0.0945, 0.1862 -0.1433 0.0945, -0.2504 -0.2075 0.0945, -0.2473 -0.2177 0.0945, -0.2422 -0.2272 0.0945, -0.2354 -0.2354 0.0945, -0.2272 -0.2422 0.0945, -0.1862 -0.2504 0.0945, -0.176 -0.2473 0.0945, -0.1665 -0.2422 0.0945, -0.2177 -0.1464 0.0945, -0.2272 -0.1515 0.0945, -0.2354 -0.1583 0.0945, -0.2177 -0.2473 0.0945, -0.2075 -0.2504 0.0945, -0.1969 -0.2514 0.0945, -0.2422 -0.1665 0.0945, -0.2473 -0.176 0.0945, -0.1665 -0.1515 0.0945, -0.176 -0.1464 0.0945, -0.1583 -0.2354 0.0945, -0.1515 -0.2272 0.0945, -0.1464 -0.2177 0.0945, -0.1862 -0.1433 0.0945, -0.1969 -0.1423 0.0945, -0.2075 -0.1433 0.0945, -0.1433 -0.2075 0.0945, -0.1423 -0.1969 0.0945, -0.1433 -0.1862 0.0945, -0.1464 -0.176 0.0945, -0.1515 -0.1665 0.0945, -0.1583 -0.1583 0.0945, 0.2422 -0.0303 0.0945, 0.2473 -0.0209 0.0945, 0.1423 -0.0 0.0945, 0.1433 -0.0106 0.0945, 0.1464 -0.0209 0.0945, 0.1515 -0.0303 0.0945, 0.2504 -0.0106 0.0945, 0.2514 0.0 0.0945, 0.2177 -0.0504 0.0945, 0.2272 -0.0454 0.0945, 0.2354 -0.0386 0.0945, 0.2504 0.0106 0.0945, 0.2473 0.0209 0.0945, 0.2422 0.0303 0.0945, 0.1583 -0.0386 0.0945, 0.1665 -0.0454 0.0945, 0.176 -0.0504 0.0945, 0.1433 0.0106 0.0945, 0.1862 -0.0535 0.0945, 0.1969 -0.0546 0.0945, 0.2075 -0.0535 0.0945, 0.2354 0.0386 0.0945, 0.2272 0.0454 0.0945, 0.2177 0.0504 0.0945, 0.1862 0.0535 0.0945, 0.1969 0.0546 0.0945, 0.2075 0.0535 0.0945, 0.176 0.0504 0.0945, 0.1665 0.0454 0.0945, 0.1583 0.0386 0.0945, 0.1515 0.0303 0.0945, 0.1464 0.0209 0.0945, -0.2504 -0.0106 0.0945, -0.2473 -0.0209 0.0945, -0.2422 -0.0303 0.0945, -0.2354 -0.0386 0.0945, -0.2272 -0.0454 0.0945, -0.2177 -0.0504 0.0945, -0.2075 -0.0535 0.0945, -0.1969 -0.0546 0.0945, -0.1862 -0.0535 0.0945, -0.176 -0.0504 0.0945, -0.1665 -0.0454 0.0945, -0.2514 -0.0 0.0945, -0.2504 0.0106 0.0945, -0.1583 -0.0386 0.0945, -0.1515 -0.0303 0.0945, -0.1464 -0.0209 0.0945, -0.2177 0.0504 0.0945, -0.2272 0.0454 0.0945, -0.2354 0.0386 0.0945, -0.1464 0.0209 0.0945, -0.1515 0.0303 0.0945, -0.2422 0.0303 0.0945, -0.2473 0.0209 0.0945, -0.1583 0.0386 0.0945, -0.1665 0.0454 0.0945, -0.176 0.0504 0.0945, -0.1433 -0.0106 0.0945, -0.1423 0.0 0.0945, -0.1433 0.0106 0.0945, -0.1862 0.0535 0.0945, -0.1969 0.0546 0.0945, -0.2075 0.0535 0.0945, -0.0067 0.3143 0.0945, -0.0115 0.3681 0.0945, 0.0134 0.3143 0.0945, -0.0067 0.31 0.0945, -0.0077 0.2793 0.0945, -0.0077 0.2749 0.0945, 0.0134 0.2749 0.0945, 0.0082 0.2927 0.0945, 0.0082 0.2793 0.0945, -0.0058 0.2927 0.0945, -0.0058 0.297 0.0945, 0.0082 0.297 0.0945, 0.0082 0.31 0.0945, -0.0451 0.2857 0.0945, -0.0428 0.2822 0.0945, -0.0396 0.2791 0.0945, -0.0355 0.2767 0.0945, -0.0485 0.3681 0.0945, -0.0368 0.3121 0.0945, -0.0411 0.3092 0.0945, -0.0154 0.3143 0.0945, -0.0265 0.3143 0.0945, -0.0322 0.3137 0.0945, -0.0411 0.3092 0.0945, -0.0439 0.3061 0.0945, -0.0457 0.3027 0.0945, -0.031 0.2754 0.0945, -0.0261 0.2749 0.0945, -0.0154 0.2749 0.0945, -0.0468 0.2988 0.0945, -0.0471 0.2951 0.0945, -0.0465 0.2899 0.0945, -0.0757 0.286 0.0945, -0.0595 0.286 0.0945, -0.0797 0.2749 0.0945, -0.0557 0.2749 0.0945, -0.0499 0.2749 0.0945, -0.0648 0.3143 0.0945, -0.1139 0.3681 0.0945, -0.0701 0.3143 0.0945, -0.0855 0.2749 0.0945, -0.2881 0.3681 0.0945, -0.3248 -0.0984 0.0945, -0.3248 0.0984 0.0945, -0.3248 0.1969 0.0945, -0.3248 0.2747 0.0945, -0.3248 0.3681 0.0945, -0.3248 -0.3681 0.2205, 0.3248 -0.3681 0.2205, -0.3248 0.3681 0.2205, 0.3248 0.3681 0.2205
            ]
        }
        coordIndex [
            0,1,2,-1,3,4,5,-1,6,7,8,-1,9,10,11,-1,12,13,14,-1,15,16,17,-1,18,19,20,-1,21,22,23,-1,24,25,26,-1,27,28,29,-1,29,28,30,-1,29,30,31,-1,32,33,34,-1,34,33,35,-1,36,28,37,-1,37,28,27,-1,37,27,38,-1,38,27,39,-1,38,39,35,-1,35,39,40,-1,35,40,34,-1,41,42,43,-1,43,42,44,-1,43,44,45,-1,41,46,42,-1,42,46,47,-1,42,47,48,-1,49,50,51,-1,51,50,52,-1,51,52,53,-1,53,54,51,-1,51,54,55,-1,51,55,56,-1,56,55,57,-1,48,58,42,-1,42,58,59,-1,42,59,51,-1,51,59,60,-1,51,60,49,-1,61,62,63,-1,63,62,64,-1,65,66,67,-1,67,66,68,-1,67,68,63,-1,63,68,69,-1,63,69,61,-1,64,70,63,-1,63,70,71,-1,63,71,44,-1,44,71,72,-1,44,72,45,-1,73,74,67,-1,67,74,75,-1,67,75,65,-1,57,76,56,-1,56,76,77,-1,56,77,67,-1,67,77,78,-1,67,78,73,-1,79,5,80,-1,81,82,83,-1,83,82,84,-1,26,25,83,-1,83,25,85,-1,83,85,81,-1,84,86,83,-1,83,86,87,-1,83,87,80,-1,80,87,88,-1,80,88,79,-1,24,26,89,-1,89,26,90,-1,89,90,91,-1,92,93,94,-1,93,95,94,-1,94,95,96,-1,94,96,90,-1,90,96,97,-1,90,97,91,-1,98,99,100,-1,98,100,101,-1,100,102,101,-1,101,102,103,-1,101,103,94,-1,94,103,104,-1,94,104,92,-1,105,106,107,-1,23,22,105,-1,105,22,108,-1,105,108,106,-1,107,109,105,-1,105,109,110,-1,105,110,98,-1,98,110,111,-1,98,111,99,-1,20,112,23,-1,23,112,113,-1,23,113,21,-1,114,115,116,-1,79,117,5,-1,5,117,118,-1,5,118,116,-1,116,118,119,-1,116,119,114,-1,115,120,116,-1,116,120,121,-1,116,121,20,-1,20,121,122,-1,20,122,112,-1,123,124,125,-1,125,124,126,-1,125,126,127,-1,128,129,116,-1,116,129,130,-1,20,19,116,-1,116,19,131,-1,116,131,128,-1,130,132,116,-1,116,132,133,-1,116,133,5,-1,5,133,134,-1,5,134,123,-1,18,20,135,-1,135,20,23,-1,135,23,136,-1,137,138,105,-1,105,138,139,-1,139,140,105,-1,105,140,141,-1,105,141,23,-1,23,141,142,-1,23,142,136,-1,137,105,143,-1,143,105,98,-1,143,98,144,-1,51,145,98,-1,98,145,146,-1,98,146,144,-1,17,16,147,-1,16,148,147,-1,147,148,149,-1,147,149,150,-1,150,151,147,-1,147,151,152,-1,147,152,51,-1,51,152,153,-1,51,153,145,-1,11,154,17,-1,17,154,155,-1,17,155,15,-1,126,156,127,-1,127,156,157,-1,127,157,158,-1,158,159,127,-1,127,159,160,-1,127,160,11,-1,11,160,161,-1,11,161,154,-1,12,14,162,-1,11,10,127,-1,127,10,163,-1,127,163,164,-1,164,165,127,-1,127,165,166,-1,127,166,167,-1,9,11,168,-1,168,11,17,-1,168,17,169,-1,170,171,147,-1,147,171,172,-1,172,173,147,-1,147,173,174,-1,147,174,17,-1,17,174,175,-1,17,175,169,-1,170,147,176,-1,176,147,51,-1,176,51,177,-1,177,51,56,-1,177,56,178,-1,179,180,181,-1,181,182,179,-1,179,182,183,-1,179,183,67,-1,67,183,184,-1,67,184,56,-1,56,184,185,-1,56,185,178,-1,186,187,188,-1,188,187,189,-1,188,189,179,-1,179,189,190,-1,179,190,180,-1,186,188,191,-1,191,188,192,-1,191,192,193,-1,31,194,195,-1,195,196,31,-1,31,196,197,-1,31,197,198,-1,199,198,200,-1,201,202,200,-1,200,202,203,-1,200,203,199,-1,30,32,31,-1,31,32,34,-1,31,34,194,-1,194,34,14,-1,194,14,204,-1,204,14,13,-1,14,205,206,-1,207,208,125,-1,209,210,211,-1,211,210,212,-1,213,214,209,-1,167,162,127,-1,127,162,14,-1,127,14,125,-1,125,14,206,-1,125,206,207,-1,208,215,125,-1,125,215,216,-1,125,216,217,-1,217,218,125,-1,125,218,219,-1,125,219,209,-1,209,219,220,-1,209,220,213,-1,214,221,209,-1,209,221,222,-1,209,222,210,-1,223,224,40,-1,40,224,225,-1,40,225,226,-1,227,228,34,-1,34,228,229,-1,212,230,211,-1,211,230,231,-1,211,231,40,-1,40,231,232,-1,40,232,223,-1,229,233,34,-1,34,233,234,-1,34,234,14,-1,14,234,235,-1,14,235,205,-1,226,236,40,-1,40,236,237,-1,40,237,34,-1,34,237,238,-1,34,238,227,-1,200,193,201,-1,201,193,192,-1,201,192,239,-1,239,192,240,-1,241,242,243,-1,243,242,244,-1,243,244,245,-1,245,244,246,-1,245,246,247,-1,247,246,248,-1,247,248,249,-1,250,251,31,-1,31,251,252,-1,31,252,253,-1,254,255,29,-1,29,255,256,-1,198,199,31,-1,31,199,257,-1,31,257,250,-1,249,258,247,-1,247,258,259,-1,247,259,260,-1,261,262,247,-1,247,262,263,-1,264,265,266,-1,266,265,267,-1,263,268,247,-1,247,268,267,-1,247,267,269,-1,269,267,265,-1,260,270,247,-1,247,270,271,-1,247,271,261,-1,253,272,31,-1,31,272,273,-1,31,273,29,-1,29,273,274,-1,29,274,254,-1,256,275,29,-1,29,275,276,-1,29,276,243,-1,243,276,277,-1,243,277,241,-1,6,278,279,-1,279,278,101,-1,279,101,280,-1,280,101,94,-1,280,94,281,-1,281,94,90,-1,281,90,282,-1,282,90,26,-1,282,26,283,-1,283,26,83,-1,283,83,284,-1,284,83,80,-1,284,80,285,-1,285,80,286,-1,286,287,288,-1,5,4,80,-1,80,4,289,-1,80,289,290,-1,288,291,286,-1,286,291,292,-1,286,292,293,-1,294,295,5,-1,5,295,296,-1,290,297,80,-1,80,297,298,-1,80,298,299,-1,299,300,80,-1,80,300,301,-1,80,301,286,-1,286,301,302,-1,286,302,287,-1,293,303,286,-1,286,303,304,-1,286,304,305,-1,305,304,306,-1,306,307,305,-1,305,307,308,-1,305,308,309,-1,309,310,305,-1,305,310,311,-1,305,311,312,-1,296,313,5,-1,5,313,314,-1,5,314,3,-1,312,315,305,-1,305,315,316,-1,305,316,5,-1,5,316,317,-1,5,317,294,-1,2,1,278,-1,278,1,318,-1,278,318,319,-1,319,320,278,-1,278,320,321,-1,278,321,322,-1,323,324,101,-1,101,324,325,-1,326,327,2,-1,2,327,328,-1,322,329,278,-1,278,329,330,-1,278,330,101,-1,101,330,331,-1,101,331,323,-1,328,332,2,-1,2,332,333,-1,2,333,0,-1,334,335,98,-1,325,336,101,-1,101,336,337,-1,101,337,338,-1,335,339,98,-1,98,339,340,-1,98,340,2,-1,2,340,341,-1,2,341,326,-1,338,342,101,-1,101,342,343,-1,101,343,98,-1,98,343,344,-1,98,344,345,-1,345,346,98,-1,98,346,347,-1,98,347,334,-1,348,349,305,-1,350,351,5,-1,5,351,352,-1,5,352,353,-1,349,354,305,-1,305,354,355,-1,305,355,209,-1,356,357,305,-1,305,357,358,-1,305,358,348,-1,355,359,209,-1,209,359,360,-1,209,360,361,-1,353,362,5,-1,5,362,363,-1,5,363,364,-1,123,125,5,-1,5,125,365,-1,5,365,350,-1,364,366,5,-1,5,366,367,-1,5,367,305,-1,305,367,368,-1,305,368,356,-1,361,369,209,-1,209,369,370,-1,209,370,371,-1,372,125,373,-1,373,125,209,-1,373,209,374,-1,374,209,371,-1,372,375,125,-1,125,375,376,-1,125,376,377,-1,377,378,125,-1,125,378,379,-1,125,379,365,-1,380,381,2,-1,2,381,382,-1,2,382,383,-1,383,384,2,-1,2,384,385,-1,2,385,98,-1,98,385,386,-1,98,386,387,-1,387,388,98,-1,98,388,389,-1,98,389,390,-1,380,2,391,-1,391,2,42,-1,391,42,392,-1,390,393,98,-1,98,393,394,-1,98,394,395,-1,396,397,42,-1,42,397,398,-1,51,399,400,-1,398,401,42,-1,42,401,402,-1,42,402,392,-1,400,403,51,-1,51,403,404,-1,51,404,405,-1,395,406,98,-1,98,406,407,-1,98,407,51,-1,51,407,408,-1,51,408,399,-1,405,409,51,-1,51,409,410,-1,51,410,42,-1,42,410,411,-1,42,411,396,-1,412,413,414,-1,414,413,243,-1,414,243,192,-1,192,243,245,-1,192,245,240,-1,412,415,413,-1,413,415,416,-1,413,416,188,-1,188,416,417,-1,188,417,192,-1,192,417,418,-1,192,418,414,-1,419,420,421,-1,421,420,416,-1,421,416,422,-1,422,416,415,-1,422,415,423,-1,423,415,424,-1,425,426,179,-1,179,426,427,-1,179,427,428,-1,429,430,431,-1,188,432,413,-1,413,432,433,-1,413,433,429,-1,429,433,434,-1,429,434,430,-1,431,435,429,-1,429,435,436,-1,429,436,437,-1,428,438,179,-1,179,438,439,-1,179,439,188,-1,188,439,440,-1,188,440,432,-1,437,441,429,-1,429,441,442,-1,429,442,179,-1,179,442,443,-1,179,443,425,-1,444,445,446,-1,446,445,447,-1,179,448,429,-1,429,448,449,-1,429,449,450,-1,451,452,67,-1,67,452,446,-1,67,446,179,-1,179,446,447,-1,179,447,448,-1,63,453,67,-1,67,453,450,-1,67,450,451,-1,451,450,449,-1,6,8,278,-1,278,8,454,-1,278,454,2,-1,2,454,455,-1,2,455,42,-1,42,455,456,-1,42,456,44,-1,44,456,457,-1,44,457,63,-1,63,457,458,-1,63,458,453,-1,459,460,461,-1,461,460,462,-1,8,7,459,-1,461,458,457,-1,457,456,461,-1,461,456,455,-1,461,455,459,-1,459,455,454,-1,459,454,8,-1,7,6,459,-1,459,6,279,-1,279,280,459,-1,459,280,281,-1,459,281,460,-1,460,281,282,-1,282,283,460,-1,460,283,284,-1,460,284,285,-1,285,286,460,-1,460,286,305,-1,460,305,462,-1,462,305,209,-1,209,211,462,-1,462,211,40,-1,462,40,39,-1,462,39,27,-1,27,29,462,-1,462,29,243,-1,462,243,461,-1,461,243,413,-1,461,413,429,-1,429,450,461,-1,461,450,453,-1,461,453,458,-1,
        ]
    }
}
Shape{
    appearance Appearance {
        material  Material 	{
            diffuseColor 1.0 1.0 1.0
            specularColor 0.5019607843137255 0.5019607843137255 0.5019607843137255
            ambientIntensity 1.0
            transparency 0.0
            shininess 0.5
        }
    }
    geometry IndexedFaceSet {
        ccw TRUE
        solid FALSE
        coord DEF co Coordinate {
            point [
                0.2014 0.1858 0.0011, 0.1992 0.1852 0.0011, 0.1969 0.1969 0.0, 0.2035 0.1869 0.0011, 0.2053 0.1884 0.0011, 0.2068 0.1902 0.0011, 0.2079 0.1923 0.0011, 0.2085 0.1945 0.0011, 0.2088 0.1969 0.0011, 0.2085 0.1992 0.0011, 0.2079 0.2014 0.0011, 0.2068 0.2035 0.0011, 0.2053 0.2053 0.0011, 0.2035 0.2068 0.0011, 0.2014 0.2079 0.0011, 0.1992 0.2085 0.0011, 0.1969 0.2088 0.0011, 0.1945 0.2085 0.0011, 0.1923 0.2079 0.0011, 0.1902 0.2068 0.0011, 0.1884 0.2053 0.0011, 0.1869 0.2035 0.0011, 0.1858 0.2014 0.0011, 0.1852 0.1992 0.0011, 0.1849 0.1969 0.0011, 0.1852 0.1945 0.0011, 0.1858 0.1923 0.0011, 0.1869 0.1902 0.0011, 0.1884 0.1884 0.0011, 0.1902 0.1869 0.0011, 0.1923 0.1858 0.0011, 0.1945 0.1852 0.0011, 0.1969 0.1849 0.0011, 0.1969 0.1423 0.0945, 0.2085 0.1385 0.0836, 0.2075 0.1433 0.0945, 0.2196 0.1419 0.0836, 0.2177 0.1464 0.0945, 0.2299 0.1474 0.0836, 0.2272 0.1515 0.0945, 0.2389 0.1548 0.0836, 0.2354 0.1583 0.0945, 0.2463 0.1638 0.0836, 0.2422 0.1665 0.0945, 0.2518 0.1741 0.0836, 0.2473 0.176 0.0945, 0.2552 0.1852 0.0836, 0.2504 0.1862 0.0945, 0.2564 0.1969 0.0836, 0.2514 0.1969 0.0945, 0.2552 0.2085 0.0836, 0.2504 0.2075 0.0945, 0.2518 0.2196 0.0836, 0.2473 0.2177 0.0945, 0.2463 0.2299 0.0836, 0.2422 0.2272 0.0945, 0.2389 0.2389 0.0836, 0.2354 0.2354 0.0945, 0.2299 0.2463 0.0836, 0.2272 0.2422 0.0945, 0.2196 0.2518 0.0836, 0.2177 0.2473 0.0945, 0.2085 0.2552 0.0836, 0.2075 0.2504 0.0945, 0.1969 0.2564 0.0836, 0.1969 0.2514 0.0945, 0.1852 0.2552 0.0836, 0.1862 0.2504 0.0945, 0.1741 0.2518 0.0836, 0.176 0.2473 0.0945, 0.1638 0.2463 0.0836, 0.1665 0.2422 0.0945, 0.1548 0.2389 0.0836, 0.1583 0.2354 0.0945, 0.1474 0.2299 0.0836, 0.1515 0.2272 0.0945, 0.1419 0.2196 0.0836, 0.1464 0.2177 0.0945, 0.1385 0.2085 0.0836, 0.1433 0.2075 0.0945, 0.1373 0.1969 0.0836, 0.1423 0.1969 0.0945, 0.1385 0.1852 0.0836, 0.1433 0.1862 0.0945, 0.1419 0.1741 0.0836, 0.1464 0.176 0.0945, 0.1474 0.1638 0.0836, 0.1515 0.1665 0.0945, 0.1548 0.1548 0.0836, 0.1583 0.1583 0.0945, 0.1638 0.1474 0.0836, 0.1665 0.1515 0.0945, 0.1741 0.1419 0.0836, 0.176 0.1464 0.0945, 0.1852 0.1385 0.0836, 0.1862 0.1433 0.0945, 0.1969 0.1373 0.0836, 0.209 0.1357 0.072, 0.2207 0.1392 0.072, 0.2315 0.145 0.072, 0.2409 0.1528 0.072, 0.2487 0.1622 0.072, 0.2545 0.173 0.072, 0.258 0.1847 0.072, 0.2592 0.1969 0.072, 0.258 0.209 0.072, 0.2545 0.2207 0.072, 0.2487 0.2315 0.072, 0.2409 0.2409 0.072, 0.2315 0.2487 0.072, 0.2207 0.2545 0.072, 0.209 0.258 0.072, 0.1969 0.2592 0.072, 0.1847 0.258 0.072, 0.173 0.2545 0.072, 0.1622 0.2487 0.072, 0.1528 0.2409 0.072, 0.145 0.2315 0.072, 0.1392 0.2207 0.072, 0.1357 0.209 0.072, 0.1345 0.1969 0.072, 0.1357 0.1847 0.072, 0.1392 0.173 0.072, 0.145 0.1622 0.072, 0.1528 0.1528 0.072, 0.1622 0.145 0.072, 0.173 0.1392 0.072, 0.1847 0.1357 0.072, 0.1969 0.1345 0.072, 0.2091 0.1351 0.06, 0.2209 0.1387 0.06, 0.2318 0.1445 0.06, 0.2413 0.1524 0.06, 0.2492 0.1619 0.06, 0.255 0.1728 0.06, 0.2586 0.1846 0.06, 0.2598 0.1969 0.06, 0.2586 0.2091 0.06, 0.255 0.2209 0.06, 0.2492 0.2318 0.06, 0.2413 0.2413 0.06, 0.2318 0.2492 0.06, 0.2209 0.255 0.06, 0.2091 0.2586 0.06, 0.1969 0.2598 0.06, 0.1846 0.2586 0.06, 0.1728 0.255 0.06, 0.1619 0.2492 0.06, 0.1524 0.2413 0.06, 0.1445 0.2318 0.06, 0.1387 0.2209 0.06, 0.1351 0.2091 0.06, 0.1339 0.1969 0.06, 0.1351 0.1846 0.06, 0.1387 0.1728 0.06, 0.1445 0.1619 0.06, 0.1524 0.1524 0.06, 0.1619 0.1445 0.06, 0.1728 0.1387 0.06, 0.1846 0.1351 0.06, 0.1969 0.1339 0.06, 0.2088 0.1368 0.0481, 0.2203 0.1403 0.0481, 0.2309 0.146 0.0481, 0.2401 0.1536 0.0481, 0.2477 0.1628 0.0481, 0.2534 0.1734 0.0481, 0.2569 0.1849 0.0481, 0.2581 0.1969 0.0481, 0.2569 0.2088 0.0481, 0.2534 0.2203 0.0481, 0.2477 0.2309 0.0481, 0.2401 0.2401 0.0481, 0.2309 0.2477 0.0481, 0.2203 0.2534 0.0481, 0.2088 0.2569 0.0481, 0.1969 0.2581 0.0481, 0.1849 0.2569 0.0481, 0.1734 0.2534 0.0481, 0.1628 0.2477 0.0481, 0.1536 0.2401 0.0481, 0.146 0.2309 0.0481, 0.1403 0.2203 0.0481, 0.1368 0.2088 0.0481, 0.1356 0.1969 0.0481, 0.1368 0.1849 0.0481, 0.1403 0.1734 0.0481, 0.146 0.1628 0.0481, 0.1536 0.1536 0.0481, 0.1628 0.146 0.0481, 0.1734 0.1403 0.0481, 0.1849 0.1368 0.0481, 0.1969 0.1356 0.0481, 0.208 0.1407 0.0368, 0.2188 0.1439 0.0368, 0.2287 0.1492 0.0368, 0.2374 0.1563 0.0368, 0.2445 0.165 0.0368, 0.2498 0.1749 0.0368, 0.253 0.1857 0.0368, 0.2541 0.1969 0.0368, 0.253 0.208 0.0368, 0.2498 0.2188 0.0368, 0.2445 0.2287 0.0368, 0.2374 0.2374 0.0368, 0.2287 0.2445 0.0368, 0.2188 0.2498 0.0368, 0.208 0.253 0.0368, 0.1969 0.2541 0.0368, 0.1857 0.253 0.0368, 0.1749 0.2498 0.0368, 0.165 0.2445 0.0368, 0.1563 0.2374 0.0368, 0.1492 0.2287 0.0368, 0.1439 0.2188 0.0368, 0.1407 0.208 0.0368, 0.1396 0.1969 0.0368, 0.1407 0.1857 0.0368, 0.1439 0.1749 0.0368, 0.1492 0.165 0.0368, 0.1563 0.1563 0.0368, 0.165 0.1492 0.0368, 0.1749 0.1439 0.0368, 0.1857 0.1407 0.0368, 0.1969 0.1396 0.0368, 0.2069 0.1465 0.0265, 0.2165 0.1494 0.0265, 0.2254 0.1542 0.0265, 0.2331 0.1606 0.0265, 0.2395 0.1683 0.0265, 0.2443 0.1772 0.0265, 0.2472 0.1868 0.0265, 0.2482 0.1969 0.0265, 0.2472 0.2069 0.0265, 0.2443 0.2165 0.0265, 0.2395 0.2254 0.0265, 0.2331 0.2331 0.0265, 0.2254 0.2395 0.0265, 0.2165 0.2443 0.0265, 0.2069 0.2472 0.0265, 0.1969 0.2482 0.0265, 0.1868 0.2472 0.0265, 0.1772 0.2443 0.0265, 0.1683 0.2395 0.0265, 0.1606 0.2331 0.0265, 0.1542 0.2254 0.0265, 0.1494 0.2165 0.0265, 0.1465 0.2069 0.0265, 0.1455 0.1969 0.0265, 0.1465 0.1868 0.0265, 0.1494 0.1772 0.0265, 0.1542 0.1683 0.0265, 0.1606 0.1606 0.0265, 0.1683 0.1542 0.0265, 0.1772 0.1494 0.0265, 0.1868 0.1465 0.0265, 0.1969 0.1455 0.0265, 0.2053 0.1542 0.0174, 0.2135 0.1567 0.0174, 0.221 0.1607 0.0174, 0.2276 0.1661 0.0174, 0.233 0.1727 0.0174, 0.237 0.1802 0.0174, 0.2395 0.1884 0.0174, 0.2403 0.1969 0.0174, 0.2395 0.2053 0.0174, 0.237 0.2135 0.0174, 0.233 0.221 0.0174, 0.2276 0.2276 0.0174, 0.221 0.233 0.0174, 0.2135 0.237 0.0174, 0.2053 0.2395 0.0174, 0.1969 0.2403 0.0174, 0.1884 0.2395 0.0174, 0.1802 0.237 0.0174, 0.1727 0.233 0.0174, 0.1661 0.2276 0.0174, 0.1607 0.221 0.0174, 0.1567 0.2135 0.0174, 0.1542 0.2053 0.0174, 0.1534 0.1969 0.0174, 0.1542 0.1884 0.0174, 0.1567 0.1802 0.0174, 0.1607 0.1727 0.0174, 0.1661 0.1661 0.0174, 0.1727 0.1607 0.0174, 0.1802 0.1567 0.0174, 0.1884 0.1542 0.0174, 0.1969 0.1534 0.0174, 0.2035 0.1634 0.01, 0.2099 0.1654 0.01, 0.2158 0.1685 0.01, 0.2209 0.1728 0.01, 0.2252 0.1779 0.01, 0.2283 0.1838 0.01, 0.2303 0.1902 0.01, 0.2309 0.1969 0.01, 0.2303 0.2035 0.01, 0.2283 0.2099 0.01, 0.2252 0.2158 0.01, 0.2209 0.2209 0.01, 0.2158 0.2252 0.01, 0.2099 0.2283 0.01, 0.2035 0.2303 0.01, 0.1969 0.2309 0.01, 0.1902 0.2303 0.01, 0.1838 0.2283 0.01, 0.1779 0.2252 0.01, 0.1728 0.2209 0.01, 0.1685 0.2158 0.01, 0.1654 0.2099 0.01, 0.1634 0.2035 0.01, 0.1628 0.1969 0.01, 0.1634 0.1902 0.01, 0.1654 0.1838 0.01, 0.1685 0.1779 0.01, 0.1728 0.1728 0.01, 0.1779 0.1685 0.01, 0.1838 0.1654 0.01, 0.1902 0.1634 0.01, 0.1969 0.1628 0.01, 0.2014 0.1739 0.0045, 0.2058 0.1752 0.0045, 0.2099 0.1774 0.0045, 0.2134 0.1803 0.0045, 0.2163 0.1838 0.0045, 0.2185 0.1879 0.0045, 0.2198 0.1923 0.0045, 0.2203 0.1969 0.0045, 0.2198 0.2014 0.0045, 0.2185 0.2058 0.0045, 0.2163 0.2099 0.0045, 0.2134 0.2134 0.0045, 0.2099 0.2163 0.0045, 0.2058 0.2185 0.0045, 0.2014 0.2198 0.0045, 0.1969 0.2203 0.0045, 0.1923 0.2198 0.0045, 0.1879 0.2185 0.0045, 0.1838 0.2163 0.0045, 0.1803 0.2134 0.0045, 0.1774 0.2099 0.0045, 0.1752 0.2058 0.0045, 0.1739 0.2014 0.0045, 0.1734 0.1969 0.0045, 0.1739 0.1923 0.0045, 0.1752 0.1879 0.0045, 0.1774 0.1838 0.0045, 0.1803 0.1803 0.0045, 0.1838 0.1774 0.0045, 0.1879 0.1752 0.0045, 0.1923 0.1739 0.0045, 0.1969 0.1734 0.0045, 0.2014 -0.011 0.0011, 0.1992 -0.0117 0.0011, 0.1969 0.0 0.0, 0.2035 -0.0099 0.0011, 0.2053 -0.0084 0.0011, 0.2068 -0.0066 0.0011, 0.2079 -0.0046 0.0011, 0.2085 -0.0023 0.0011, 0.2088 0.0 0.0011, 0.2085 0.0023 0.0011, 0.2079 0.0046 0.0011, 0.2068 0.0066 0.0011, 0.2053 0.0084 0.0011, 0.2035 0.0099 0.0011, 0.2014 0.011 0.0011, 0.1992 0.0117 0.0011, 0.1969 0.0119 0.0011, 0.1945 0.0117 0.0011, 0.1923 0.011 0.0011, 0.1902 0.0099 0.0011, 0.1884 0.0084 0.0011, 0.1869 0.0066 0.0011, 0.1858 0.0046 0.0011, 0.1852 0.0023 0.0011, 0.1849 0.0 0.0011, 0.1852 -0.0023 0.0011, 0.1858 -0.0046 0.0011, 0.1869 -0.0066 0.0011, 0.1884 -0.0084 0.0011, 0.1902 -0.0099 0.0011, 0.1923 -0.011 0.0011, 0.1945 -0.0117 0.0011, 0.1969 -0.0119 0.0011, 0.1969 -0.0546 0.0945, 0.2085 -0.0584 0.0836, 0.2075 -0.0535 0.0945, 0.2196 -0.055 0.0836, 0.2177 -0.0504 0.0945, 0.2299 -0.0495 0.0836, 0.2272 -0.0454 0.0945, 0.2389 -0.0421 0.0836, 0.2354 -0.0386 0.0945, 0.2463 -0.0331 0.0836, 0.2422 -0.0303 0.0945, 0.2518 -0.0228 0.0836, 0.2473 -0.0209 0.0945, 0.2552 -0.0116 0.0836, 0.2504 -0.0106 0.0945, 0.2564 0.0 0.0836, 0.2514 0.0 0.0945, 0.2552 0.0116 0.0836, 0.2504 0.0106 0.0945, 0.2518 0.0228 0.0836, 0.2473 0.0209 0.0945, 0.2463 0.0331 0.0836, 0.2422 0.0303 0.0945, 0.2389 0.0421 0.0836, 0.2354 0.0386 0.0945, 0.2299 0.0495 0.0836, 0.2272 0.0454 0.0945, 0.2196 0.055 0.0836, 0.2177 0.0504 0.0945, 0.2085 0.0584 0.0836, 0.2075 0.0535 0.0945, 0.1969 0.0595 0.0836, 0.1969 0.0546 0.0945, 0.1852 0.0584 0.0836, 0.1862 0.0535 0.0945, 0.1741 0.055 0.0836, 0.176 0.0504 0.0945, 0.1638 0.0495 0.0836, 0.1665 0.0454 0.0945, 0.1548 0.0421 0.0836, 0.1583 0.0386 0.0945, 0.1474 0.0331 0.0836, 0.1515 0.0303 0.0945, 0.1419 0.0228 0.0836, 0.1464 0.0209 0.0945, 0.1385 0.0116 0.0836, 0.1433 0.0106 0.0945, 0.1373 0.0 0.0836, 0.1423 -0.0 0.0945, 0.1385 -0.0116 0.0836, 0.1433 -0.0106 0.0945, 0.1419 -0.0228 0.0836, 0.1464 -0.0209 0.0945, 0.1474 -0.0331 0.0836, 0.1515 -0.0303 0.0945, 0.1548 -0.0421 0.0836, 0.1583 -0.0386 0.0945, 0.1638 -0.0495 0.0836, 0.1665 -0.0454 0.0945, 0.1741 -0.055 0.0836, 0.176 -0.0504 0.0945, 0.1852 -0.0584 0.0836, 0.1862 -0.0535 0.0945, 0.1969 -0.0595 0.0836, 0.209 -0.0612 0.072, 0.2207 -0.0576 0.072, 0.2315 -0.0518 0.072, 0.2409 -0.0441 0.072, 0.2487 -0.0346 0.072, 0.2545 -0.0239 0.072, 0.258 -0.0122 0.072, 0.2592 0.0 0.072, 0.258 0.0122 0.072, 0.2545 0.0239 0.072, 0.2487 0.0346 0.072, 0.2409 0.0441 0.072, 0.2315 0.0518 0.072, 0.2207 0.0576 0.072, 0.209 0.0612 0.072, 0.1969 0.0624 0.072, 0.1847 0.0612 0.072, 0.173 0.0576 0.072, 0.1622 0.0518 0.072, 0.1528 0.0441 0.072, 0.145 0.0346 0.072, 0.1392 0.0239 0.072, 0.1357 0.0122 0.072, 0.1345 0.0 0.072, 0.1357 -0.0122 0.072, 0.1392 -0.0239 0.072, 0.145 -0.0346 0.072, 0.1528 -0.0441 0.072, 0.1622 -0.0518 0.072, 0.173 -0.0576 0.072, 0.1847 -0.0612 0.072, 0.1969 -0.0624 0.072, 0.2091 -0.0617 0.06, 0.2209 -0.0581 0.06, 0.2318 -0.0523 0.06, 0.2413 -0.0445 0.06, 0.2492 -0.035 0.06, 0.255 -0.0241 0.06, 0.2586 -0.0123 0.06, 0.2598 0.0 0.06, 0.2586 0.0123 0.06, 0.255 0.0241 0.06, 0.2492 0.035 0.06, 0.2413 0.0445 0.06, 0.2318 0.0523 0.06, 0.2209 0.0581 0.06, 0.2091 0.0617 0.06, 0.1969 0.0629 0.06, 0.1846 0.0617 0.06, 0.1728 0.0581 0.06, 0.1619 0.0523 0.06, 0.1524 0.0445 0.06, 0.1445 0.035 0.06, 0.1387 0.0241 0.06, 0.1351 0.0123 0.06, 0.1339 0.0 0.06, 0.1351 -0.0123 0.06, 0.1387 -0.0241 0.06, 0.1445 -0.035 0.06, 0.1524 -0.0445 0.06, 0.1619 -0.0523 0.06, 0.1728 -0.0581 0.06, 0.1846 -0.0617 0.06, 0.1969 -0.0629 0.06, 0.2088 -0.06 0.0481, 0.2203 -0.0566 0.0481, 0.2309 -0.0509 0.0481, 0.2401 -0.0433 0.0481, 0.2477 -0.034 0.0481, 0.2534 -0.0234 0.0481, 0.2569 -0.0119 0.0481, 0.2581 0.0 0.0481, 0.2569 0.0119 0.0481, 0.2534 0.0234 0.0481, 0.2477 0.034 0.0481, 0.2401 0.0433 0.0481, 0.2309 0.0509 0.0481, 0.2203 0.0566 0.0481, 0.2088 0.06 0.0481, 0.1969 0.0612 0.0481, 0.1849 0.06 0.0481, 0.1734 0.0566 0.0481, 0.1628 0.0509 0.0481, 0.1536 0.0433 0.0481, 0.146 0.034 0.0481, 0.1403 0.0234 0.0481, 0.1368 0.0119 0.0481, 0.1356 0.0 0.0481, 0.1368 -0.0119 0.0481, 0.1403 -0.0234 0.0481, 0.146 -0.034 0.0481, 0.1536 -0.0433 0.0481, 0.1628 -0.0509 0.0481, 0.1734 -0.0566 0.0481, 0.1849 -0.06 0.0481, 0.1969 -0.0612 0.0481, 0.208 -0.0562 0.0368, 0.2188 -0.0529 0.0368, 0.2287 -0.0476 0.0368, 0.2374 -0.0405 0.0368, 0.2445 -0.0318 0.0368, 0.2498 -0.0219 0.0368, 0.253 -0.0112 0.0368, 0.2541 0.0 0.0368, 0.253 0.0112 0.0368, 0.2498 0.0219 0.0368, 0.2445 0.0318 0.0368, 0.2374 0.0405 0.0368, 0.2287 0.0476 0.0368, 0.2188 0.0529 0.0368, 0.208 0.0562 0.0368, 0.1969 0.0573 0.0368, 0.1857 0.0562 0.0368, 0.1749 0.0529 0.0368, 0.165 0.0476 0.0368, 0.1563 0.0405 0.0368, 0.1492 0.0318 0.0368, 0.1439 0.0219 0.0368, 0.1407 0.0112 0.0368, 0.1396 0.0 0.0368, 0.1407 -0.0112 0.0368, 0.1439 -0.0219 0.0368, 0.1492 -0.0318 0.0368, 0.1563 -0.0405 0.0368, 0.165 -0.0476 0.0368, 0.1749 -0.0529 0.0368, 0.1857 -0.0562 0.0368, 0.1969 -0.0573 0.0368, 0.2069 -0.0503 0.0265, 0.2165 -0.0474 0.0265, 0.2254 -0.0427 0.0265, 0.2331 -0.0363 0.0265, 0.2395 -0.0285 0.0265, 0.2443 -0.0196 0.0265, 0.2472 -0.01 0.0265, 0.2482 0.0 0.0265, 0.2472 0.01 0.0265, 0.2443 0.0196 0.0265, 0.2395 0.0285 0.0265, 0.2331 0.0363 0.0265, 0.2254 0.0427 0.0265, 0.2165 0.0474 0.0265, 0.2069 0.0503 0.0265, 0.1969 0.0513 0.0265, 0.1868 0.0503 0.0265, 0.1772 0.0474 0.0265, 0.1683 0.0427 0.0265, 0.1606 0.0363 0.0265, 0.1542 0.0285 0.0265, 0.1494 0.0196 0.0265, 0.1465 0.01 0.0265, 0.1455 0.0 0.0265, 0.1465 -0.01 0.0265, 0.1494 -0.0196 0.0265, 0.1542 -0.0285 0.0265, 0.1606 -0.0363 0.0265, 0.1683 -0.0427 0.0265, 0.1772 -0.0474 0.0265, 0.1868 -0.0503 0.0265, 0.1969 -0.0513 0.0265, 0.2053 -0.0426 0.0174, 0.2135 -0.0402 0.0174, 0.221 -0.0361 0.0174, 0.2276 -0.0307 0.0174, 0.233 -0.0242 0.0174, 0.237 -0.0166 0.0174, 0.2395 -0.0085 0.0174, 0.2403 0.0 0.0174, 0.2395 0.0085 0.0174, 0.237 0.0166 0.0174, 0.233 0.0242 0.0174, 0.2276 0.0307 0.0174, 0.221 0.0361 0.0174, 0.2135 0.0402 0.0174, 0.2053 0.0426 0.0174, 0.1969 0.0435 0.0174, 0.1884 0.0426 0.0174, 0.1802 0.0402 0.0174, 0.1727 0.0361 0.0174, 0.1661 0.0307 0.0174, 0.1607 0.0242 0.0174, 0.1567 0.0166 0.0174, 0.1542 0.0085 0.0174, 0.1534 0.0 0.0174, 0.1542 -0.0085 0.0174, 0.1567 -0.0166 0.0174, 0.1607 -0.0242 0.0174, 0.1661 -0.0307 0.0174, 0.1727 -0.0361 0.0174, 0.1802 -0.0402 0.0174, 0.1884 -0.0426 0.0174, 0.1969 -0.0435 0.0174, 0.2035 -0.0334 0.01, 0.2099 -0.0315 0.01, 0.2158 -0.0283 0.01, 0.2209 -0.0241 0.01, 0.2252 -0.0189 0.01, 0.2283 -0.013 0.01, 0.2303 -0.0066 0.01, 0.2309 0.0 0.01, 0.2303 0.0066 0.01, 0.2283 0.013 0.01, 0.2252 0.0189 0.01, 0.2209 0.0241 0.01, 0.2158 0.0283 0.01, 0.2099 0.0315 0.01, 0.2035 0.0334 0.01, 0.1969 0.0341 0.01, 0.1902 0.0334 0.01, 0.1838 0.0315 0.01, 0.1779 0.0283 0.01, 0.1728 0.0241 0.01, 0.1685 0.0189 0.01, 0.1654 0.013 0.01, 0.1634 0.0066 0.01, 0.1628 0.0 0.01, 0.1634 -0.0066 0.01, 0.1654 -0.013 0.01, 0.1685 -0.0189 0.01, 0.1728 -0.0241 0.01, 0.1779 -0.0283 0.01, 0.1838 -0.0315 0.01, 0.1902 -0.0334 0.01, 0.1969 -0.0341 0.01, 0.2014 -0.023 0.0045, 0.2058 -0.0216 0.0045, 0.2099 -0.0195 0.0045, 0.2134 -0.0166 0.0045, 0.2163 -0.013 0.0045, 0.2185 -0.009 0.0045, 0.2198 -0.0046 0.0045, 0.2203 0.0 0.0045, 0.2198 0.0046 0.0045, 0.2185 0.009 0.0045, 0.2163 0.013 0.0045, 0.2134 0.0166 0.0045, 0.2099 0.0195 0.0045, 0.2058 0.0216 0.0045, 0.2014 0.023 0.0045, 0.1969 0.0234 0.0045, 0.1923 0.023 0.0045, 0.1879 0.0216 0.0045, 0.1838 0.0195 0.0045, 0.1803 0.0166 0.0045, 0.1774 0.013 0.0045, 0.1752 0.009 0.0045, 0.1739 0.0046 0.0045, 0.1734 0.0 0.0045, 0.1739 -0.0046 0.0045, 0.1752 -0.009 0.0045, 0.1774 -0.013 0.0045, 0.1803 -0.0166 0.0045, 0.1838 -0.0195 0.0045, 0.1879 -0.0216 0.0045, 0.1923 -0.023 0.0045, 0.1969 -0.0234 0.0045, 0.2014 -0.2079 0.0011, 0.1992 -0.2085 0.0011, 0.1969 -0.1969 0.0, 0.2035 -0.2068 0.0011, 0.2053 -0.2053 0.0011, 0.2068 -0.2035 0.0011, 0.2079 -0.2014 0.0011, 0.2085 -0.1992 0.0011, 0.2088 -0.1969 0.0011, 0.2085 -0.1945 0.0011, 0.2079 -0.1923 0.0011, 0.2068 -0.1902 0.0011, 0.2053 -0.1884 0.0011, 0.2035 -0.1869 0.0011, 0.2014 -0.1858 0.0011, 0.1992 -0.1852 0.0011, 0.1969 -0.1849 0.0011, 0.1945 -0.1852 0.0011, 0.1923 -0.1858 0.0011, 0.1902 -0.1869 0.0011, 0.1884 -0.1884 0.0011, 0.1869 -0.1902 0.0011, 0.1858 -0.1923 0.0011, 0.1852 -0.1945 0.0011, 0.1849 -0.1969 0.0011, 0.1852 -0.1992 0.0011, 0.1858 -0.2014 0.0011, 0.1869 -0.2035 0.0011, 0.1884 -0.2053 0.0011, 0.1902 -0.2068 0.0011, 0.1923 -0.2079 0.0011, 0.1945 -0.2085 0.0011, 0.1969 -0.2088 0.0011, 0.1969 -0.2514 0.0945, 0.2085 -0.2552 0.0836, 0.2075 -0.2504 0.0945, 0.2196 -0.2518 0.0836, 0.2177 -0.2473 0.0945, 0.2299 -0.2463 0.0836, 0.2272 -0.2422 0.0945, 0.2389 -0.2389 0.0836, 0.2354 -0.2354 0.0945, 0.2463 -0.2299 0.0836, 0.2422 -0.2272 0.0945, 0.2518 -0.2196 0.0836, 0.2473 -0.2177 0.0945, 0.2552 -0.2085 0.0836, 0.2504 -0.2075 0.0945, 0.2564 -0.1969 0.0836, 0.2514 -0.1969 0.0945, 0.2552 -0.1852 0.0836, 0.2504 -0.1862 0.0945, 0.2518 -0.1741 0.0836, 0.2473 -0.176 0.0945, 0.2463 -0.1638 0.0836, 0.2422 -0.1665 0.0945, 0.2389 -0.1548 0.0836, 0.2354 -0.1583 0.0945, 0.2299 -0.1474 0.0836, 0.2272 -0.1515 0.0945, 0.2196 -0.1419 0.0836, 0.2177 -0.1464 0.0945, 0.2085 -0.1385 0.0836, 0.2075 -0.1433 0.0945, 0.1969 -0.1373 0.0836, 0.1969 -0.1423 0.0945, 0.1852 -0.1385 0.0836, 0.1862 -0.1433 0.0945, 0.1741 -0.1419 0.0836, 0.176 -0.1464 0.0945, 0.1638 -0.1474 0.0836, 0.1665 -0.1515 0.0945, 0.1548 -0.1548 0.0836, 0.1583 -0.1583 0.0945, 0.1474 -0.1638 0.0836, 0.1515 -0.1665 0.0945, 0.1419 -0.1741 0.0836, 0.1464 -0.176 0.0945, 0.1385 -0.1852 0.0836, 0.1433 -0.1862 0.0945, 0.1373 -0.1969 0.0836, 0.1423 -0.1969 0.0945, 0.1385 -0.2085 0.0836, 0.1433 -0.2075 0.0945, 0.1419 -0.2196 0.0836, 0.1464 -0.2177 0.0945, 0.1474 -0.2299 0.0836, 0.1515 -0.2272 0.0945, 0.1548 -0.2389 0.0836, 0.1583 -0.2354 0.0945, 0.1638 -0.2463 0.0836, 0.1665 -0.2422 0.0945, 0.1741 -0.2518 0.0836, 0.176 -0.2473 0.0945, 0.1852 -0.2552 0.0836, 0.1862 -0.2504 0.0945, 0.1969 -0.2564 0.0836, 0.209 -0.258 0.072, 0.2207 -0.2545 0.072, 0.2315 -0.2487 0.072, 0.2409 -0.2409 0.072, 0.2487 -0.2315 0.072, 0.2545 -0.2207 0.072, 0.258 -0.209 0.072, 0.2592 -0.1969 0.072, 0.258 -0.1847 0.072, 0.2545 -0.173 0.072, 0.2487 -0.1622 0.072, 0.2409 -0.1528 0.072, 0.2315 -0.145 0.072, 0.2207 -0.1392 0.072, 0.209 -0.1357 0.072, 0.1969 -0.1345 0.072, 0.1847 -0.1357 0.072, 0.173 -0.1392 0.072, 0.1622 -0.145 0.072, 0.1528 -0.1528 0.072, 0.145 -0.1622 0.072, 0.1392 -0.173 0.072, 0.1357 -0.1847 0.072, 0.1345 -0.1969 0.072, 0.1357 -0.209 0.072, 0.1392 -0.2207 0.072, 0.145 -0.2315 0.072, 0.1528 -0.2409 0.072, 0.1622 -0.2487 0.072, 0.173 -0.2545 0.072, 0.1847 -0.258 0.072, 0.1969 -0.2592 0.072, 0.2091 -0.2586 0.06, 0.2209 -0.255 0.06, 0.2318 -0.2492 0.06, 0.2413 -0.2413 0.06, 0.2492 -0.2318 0.06, 0.255 -0.2209 0.06, 0.2586 -0.2091 0.06, 0.2598 -0.1969 0.06, 0.2586 -0.1846 0.06, 0.255 -0.1728 0.06, 0.2492 -0.1619 0.06, 0.2413 -0.1524 0.06, 0.2318 -0.1445 0.06, 0.2209 -0.1387 0.06, 0.2091 -0.1351 0.06, 0.1969 -0.1339 0.06, 0.1846 -0.1351 0.06, 0.1728 -0.1387 0.06, 0.1619 -0.1445 0.06, 0.1524 -0.1524 0.06, 0.1445 -0.1619 0.06, 0.1387 -0.1728 0.06, 0.1351 -0.1846 0.06, 0.1339 -0.1969 0.06, 0.1351 -0.2091 0.06, 0.1387 -0.2209 0.06, 0.1445 -0.2318 0.06, 0.1524 -0.2413 0.06, 0.1619 -0.2492 0.06, 0.1728 -0.255 0.06, 0.1846 -0.2586 0.06, 0.1969 -0.2598 0.06, 0.2088 -0.2569 0.0481, 0.2203 -0.2534 0.0481, 0.2309 -0.2477 0.0481, 0.2401 -0.2401 0.0481, 0.2477 -0.2309 0.0481, 0.2534 -0.2203 0.0481, 0.2569 -0.2088 0.0481, 0.2581 -0.1969 0.0481, 0.2569 -0.1849 0.0481, 0.2534 -0.1734 0.0481, 0.2477 -0.1628 0.0481, 0.2401 -0.1536 0.0481, 0.2309 -0.146 0.0481, 0.2203 -0.1403 0.0481, 0.2088 -0.1368 0.0481, 0.1969 -0.1356 0.0481, 0.1849 -0.1368 0.0481, 0.1734 -0.1403 0.0481, 0.1628 -0.146 0.0481, 0.1536 -0.1536 0.0481, 0.146 -0.1628 0.0481, 0.1403 -0.1734 0.0481, 0.1368 -0.1849 0.0481, 0.1356 -0.1969 0.0481, 0.1368 -0.2088 0.0481, 0.1403 -0.2203 0.0481, 0.146 -0.2309 0.0481, 0.1536 -0.2401 0.0481, 0.1628 -0.2477 0.0481, 0.1734 -0.2534 0.0481, 0.1849 -0.2569 0.0481, 0.1969 -0.2581 0.0481, 0.208 -0.253 0.0368, 0.2188 -0.2498 0.0368, 0.2287 -0.2445 0.0368, 0.2374 -0.2374 0.0368, 0.2445 -0.2287 0.0368, 0.2498 -0.2188 0.0368, 0.253 -0.208 0.0368, 0.2541 -0.1969 0.0368, 0.253 -0.1857 0.0368, 0.2498 -0.1749 0.0368, 0.2445 -0.165 0.0368, 0.2374 -0.1563 0.0368, 0.2287 -0.1492 0.0368, 0.2188 -0.1439 0.0368, 0.208 -0.1407 0.0368, 0.1969 -0.1396 0.0368, 0.1857 -0.1407 0.0368, 0.1749 -0.1439 0.0368, 0.165 -0.1492 0.0368, 0.1563 -0.1563 0.0368, 0.1492 -0.165 0.0368, 0.1439 -0.1749 0.0368, 0.1407 -0.1857 0.0368, 0.1396 -0.1969 0.0368, 0.1407 -0.208 0.0368, 0.1439 -0.2188 0.0368, 0.1492 -0.2287 0.0368, 0.1563 -0.2374 0.0368, 0.165 -0.2445 0.0368, 0.1749 -0.2498 0.0368, 0.1857 -0.253 0.0368, 0.1969 -0.2541 0.0368, 0.2069 -0.2472 0.0265, 0.2165 -0.2443 0.0265, 0.2254 -0.2395 0.0265, 0.2331 -0.2331 0.0265, 0.2395 -0.2254 0.0265, 0.2443 -0.2165 0.0265, 0.2472 -0.2069 0.0265, 0.2482 -0.1969 0.0265, 0.2472 -0.1868 0.0265, 0.2443 -0.1772 0.0265, 0.2395 -0.1683 0.0265, 0.2331 -0.1606 0.0265, 0.2254 -0.1542 0.0265, 0.2165 -0.1494 0.0265, 0.2069 -0.1465 0.0265, 0.1969 -0.1455 0.0265, 0.1868 -0.1465 0.0265, 0.1772 -0.1494 0.0265, 0.1683 -0.1542 0.0265, 0.1606 -0.1606 0.0265, 0.1542 -0.1683 0.0265, 0.1494 -0.1772 0.0265, 0.1465 -0.1868 0.0265, 0.1455 -0.1969 0.0265, 0.1465 -0.2069 0.0265, 0.1494 -0.2165 0.0265, 0.1542 -0.2254 0.0265, 0.1606 -0.2331 0.0265, 0.1683 -0.2395 0.0265, 0.1772 -0.2443 0.0265, 0.1868 -0.2472 0.0265, 0.1969 -0.2482 0.0265, 0.2053 -0.2395 0.0174, 0.2135 -0.237 0.0174, 0.221 -0.233 0.0174, 0.2276 -0.2276 0.0174, 0.233 -0.221 0.0174, 0.237 -0.2135 0.0174, 0.2395 -0.2053 0.0174, 0.2403 -0.1969 0.0174, 0.2395 -0.1884 0.0174, 0.237 -0.1802 0.0174, 0.233 -0.1727 0.0174, 0.2276 -0.1661 0.0174, 0.221 -0.1607 0.0174, 0.2135 -0.1567 0.0174, 0.2053 -0.1542 0.0174, 0.1969 -0.1534 0.0174, 0.1884 -0.1542 0.0174, 0.1802 -0.1567 0.0174, 0.1727 -0.1607 0.0174, 0.1661 -0.1661 0.0174, 0.1607 -0.1727 0.0174, 0.1567 -0.1802 0.0174, 0.1542 -0.1884 0.0174, 0.1534 -0.1969 0.0174, 0.1542 -0.2053 0.0174, 0.1567 -0.2135 0.0174, 0.1607 -0.221 0.0174, 0.1661 -0.2276 0.0174, 0.1727 -0.233 0.0174, 0.1802 -0.237 0.0174, 0.1884 -0.2395 0.0174, 0.1969 -0.2403 0.0174, 0.2035 -0.2303 0.01, 0.2099 -0.2283 0.01, 0.2158 -0.2252 0.01, 0.2209 -0.2209 0.01, 0.2252 -0.2158 0.01, 0.2283 -0.2099 0.01, 0.2303 -0.2035 0.01, 0.2309 -0.1969 0.01, 0.2303 -0.1902 0.01, 0.2283 -0.1838 0.01, 0.2252 -0.1779 0.01, 0.2209 -0.1728 0.01, 0.2158 -0.1685 0.01, 0.2099 -0.1654 0.01, 0.2035 -0.1634 0.01, 0.1969 -0.1628 0.01, 0.1902 -0.1634 0.01, 0.1838 -0.1654 0.01, 0.1779 -0.1685 0.01, 0.1728 -0.1728 0.01, 0.1685 -0.1779 0.01, 0.1654 -0.1838 0.01, 0.1634 -0.1902 0.01, 0.1628 -0.1969 0.01, 0.1634 -0.2035 0.01, 0.1654 -0.2099 0.01, 0.1685 -0.2158 0.01, 0.1728 -0.2209 0.01, 0.1779 -0.2252 0.01, 0.1838 -0.2283 0.01, 0.1902 -0.2303 0.01, 0.1969 -0.2309 0.01, 0.2014 -0.2198 0.0045, 0.2058 -0.2185 0.0045, 0.2099 -0.2163 0.0045, 0.2134 -0.2134 0.0045, 0.2163 -0.2099 0.0045, 0.2185 -0.2058 0.0045, 0.2198 -0.2014 0.0045, 0.2203 -0.1969 0.0045, 0.2198 -0.1923 0.0045, 0.2185 -0.1879 0.0045, 0.2163 -0.1838 0.0045, 0.2134 -0.1803 0.0045, 0.2099 -0.1774 0.0045, 0.2058 -0.1752 0.0045, 0.2014 -0.1739 0.0045, 0.1969 -0.1734 0.0045, 0.1923 -0.1739 0.0045, 0.1879 -0.1752 0.0045, 0.1838 -0.1774 0.0045, 0.1803 -0.1803 0.0045, 0.1774 -0.1838 0.0045, 0.1752 -0.1879 0.0045, 0.1739 -0.1923 0.0045, 0.1734 -0.1969 0.0045, 0.1739 -0.2014 0.0045, 0.1752 -0.2058 0.0045, 0.1774 -0.2099 0.0045, 0.1803 -0.2134 0.0045, 0.1838 -0.2163 0.0045, 0.1879 -0.2185 0.0045, 0.1923 -0.2198 0.0045, 0.1969 -0.2203 0.0045, 0.0046 0.1858 0.0011, 0.0023 0.1852 0.0011, 0.0 0.1969 0.0, 0.0066 0.1869 0.0011, 0.0084 0.1884 0.0011, 0.0099 0.1902 0.0011, 0.011 0.1923 0.0011, 0.0117 0.1945 0.0011, 0.0119 0.1969 0.0011, 0.0117 0.1992 0.0011, 0.011 0.2014 0.0011, 0.0099 0.2035 0.0011, 0.0084 0.2053 0.0011, 0.0066 0.2068 0.0011, 0.0046 0.2079 0.0011, 0.0023 0.2085 0.0011, 0.0 0.2088 0.0011, -0.0023 0.2085 0.0011, -0.0046 0.2079 0.0011, -0.0066 0.2068 0.0011, -0.0084 0.2053 0.0011, -0.0099 0.2035 0.0011, -0.011 0.2014 0.0011, -0.0117 0.1992 0.0011, -0.0119 0.1969 0.0011, -0.0117 0.1945 0.0011, -0.011 0.1923 0.0011, -0.0099 0.1902 0.0011, -0.0084 0.1884 0.0011, -0.0066 0.1869 0.0011, -0.0046 0.1858 0.0011, -0.0023 0.1852 0.0011, 0.0 0.1849 0.0011, -0.0228 0.1419 0.0836, -0.0303 0.1515 0.0945, -0.0331 0.1474 0.0836, -0.0386 0.1583 0.0945, -0.0421 0.1548 0.0836, -0.0454 0.1665 0.0945, -0.0495 0.1638 0.0836, -0.0485 0.1724 0.0945, -0.055 0.1741 0.0836, -0.0504 0.176 0.0945, -0.0535 0.1862 0.0945, -0.0584 0.1852 0.0836, -0.0546 0.1969 0.0945, -0.0595 0.1969 0.0836, -0.0535 0.2075 0.0945, -0.0584 0.2085 0.0836, -0.0504 0.2177 0.0945, -0.055 0.2196 0.0836, -0.0485 0.2213 0.0945, -0.0495 0.2299 0.0836, -0.0454 0.2272 0.0945, -0.0386 0.2354 0.0945, -0.0421 0.2389 0.0836, -0.0303 0.2422 0.0945, -0.0331 0.2463 0.0836, -0.0209 0.2473 0.0945, -0.0228 0.2518 0.0836, -0.0115 0.2501 0.0945, -0.0116 0.2552 0.0836, -0.0106 0.2504 0.0945, 0.0 0.2514 0.0945, 0.0 0.2564 0.0836, 0.0106 0.2504 0.0945, 0.0116 0.2552 0.0836, 0.0173 0.2483 0.0945, 0.0228 0.2518 0.0836, 0.0209 0.2473 0.0945, 0.0303 0.2422 0.0945, 0.0331 0.2463 0.0836, 0.0386 0.2354 0.0945, 0.0421 0.2389 0.0836, 0.0454 0.2272 0.0945, 0.0495 0.2299 0.0836, 0.0504 0.2177 0.0945, 0.055 0.2196 0.0836, 0.0521 0.2122 0.0945, 0.0584 0.2085 0.0836, 0.0535 0.2075 0.0945, 0.0546 0.1969 0.0945, 0.0595 0.1969 0.0836, 0.0535 0.1862 0.0945, 0.0584 0.1852 0.0836, 0.0521 0.1815 0.0945, 0.055 0.1741 0.0836, 0.0504 0.176 0.0945, 0.0454 0.1665 0.0945, 0.0495 0.1638 0.0836, 0.0386 0.1583 0.0945, 0.0421 0.1548 0.0836, 0.0303 0.1515 0.0945, 0.0331 0.1474 0.0836, 0.0209 0.1464 0.0945, 0.0228 0.1419 0.0836, 0.0173 0.1454 0.0945, 0.0116 0.1385 0.0836, 0.0106 0.1433 0.0945, 0.0 0.1423 0.0945, 0.0 0.1373 0.0836, -0.0106 0.1433 0.0945, -0.0116 0.1385 0.0836, -0.0115 0.1436 0.0945, -0.0209 0.1464 0.0945, 0.0122 0.1357 0.072, 0.0239 0.1392 0.072, 0.0346 0.145 0.072, 0.0441 0.1528 0.072, 0.0518 0.1622 0.072, 0.0576 0.173 0.072, 0.0612 0.1847 0.072, 0.0624 0.1969 0.072, 0.0612 0.209 0.072, 0.0576 0.2207 0.072, 0.0518 0.2315 0.072, 0.0441 0.2409 0.072, 0.0346 0.2487 0.072, 0.0239 0.2545 0.072, 0.0122 0.258 0.072, 0.0 0.2592 0.072, -0.0122 0.258 0.072, -0.0239 0.2545 0.072, -0.0346 0.2487 0.072, -0.0441 0.2409 0.072, -0.0518 0.2315 0.072, -0.0576 0.2207 0.072, -0.0612 0.209 0.072, -0.0624 0.1969 0.072, -0.0612 0.1847 0.072, -0.0576 0.173 0.072, -0.0518 0.1622 0.072, -0.0441 0.1528 0.072, -0.0346 0.145 0.072, -0.0239 0.1392 0.072, -0.0122 0.1357 0.072, 0.0 0.1345 0.072, 0.0123 0.1351 0.06, 0.0241 0.1387 0.06, 0.035 0.1445 0.06, 0.0445 0.1524 0.06, 0.0523 0.1619 0.06, 0.0581 0.1728 0.06, 0.0617 0.1846 0.06, 0.0629 0.1969 0.06, 0.0617 0.2091 0.06, 0.0581 0.2209 0.06, 0.0523 0.2318 0.06, 0.0445 0.2413 0.06, 0.035 0.2492 0.06, 0.0241 0.255 0.06, 0.0123 0.2586 0.06, 0.0 0.2598 0.06, -0.0123 0.2586 0.06, -0.0241 0.255 0.06, -0.035 0.2492 0.06, -0.0445 0.2413 0.06, -0.0523 0.2318 0.06, -0.0581 0.2209 0.06, -0.0617 0.2091 0.06, -0.0629 0.1969 0.06, -0.0617 0.1846 0.06, -0.0581 0.1728 0.06, -0.0523 0.1619 0.06, -0.0445 0.1524 0.06, -0.035 0.1445 0.06, -0.0241 0.1387 0.06, -0.0123 0.1351 0.06, 0.0 0.1339 0.06, 0.0119 0.1368 0.0481, 0.0234 0.1403 0.0481, 0.034 0.146 0.0481, 0.0433 0.1536 0.0481, 0.0509 0.1628 0.0481, 0.0566 0.1734 0.0481, 0.06 0.1849 0.0481, 0.0612 0.1969 0.0481, 0.06 0.2088 0.0481, 0.0566 0.2203 0.0481, 0.0509 0.2309 0.0481, 0.0433 0.2401 0.0481, 0.034 0.2477 0.0481, 0.0234 0.2534 0.0481, 0.0119 0.2569 0.0481, 0.0 0.2581 0.0481, -0.0119 0.2569 0.0481, -0.0234 0.2534 0.0481, -0.034 0.2477 0.0481, -0.0433 0.2401 0.0481, -0.0509 0.2309 0.0481, -0.0566 0.2203 0.0481, -0.06 0.2088 0.0481, -0.0612 0.1969 0.0481, -0.06 0.1849 0.0481, -0.0566 0.1734 0.0481, -0.0509 0.1628 0.0481, -0.0433 0.1536 0.0481, -0.034 0.146 0.0481, -0.0234 0.1403 0.0481, -0.0119 0.1368 0.0481, 0.0 0.1356 0.0481, 0.0112 0.1407 0.0368, 0.0219 0.1439 0.0368, 0.0318 0.1492 0.0368, 0.0405 0.1563 0.0368, 0.0476 0.165 0.0368, 0.0529 0.1749 0.0368, 0.0562 0.1857 0.0368, 0.0573 0.1969 0.0368, 0.0562 0.208 0.0368, 0.0529 0.2188 0.0368, 0.0476 0.2287 0.0368, 0.0405 0.2374 0.0368, 0.0318 0.2445 0.0368, 0.0219 0.2498 0.0368, 0.0112 0.253 0.0368, 0.0 0.2541 0.0368, -0.0112 0.253 0.0368, -0.0219 0.2498 0.0368, -0.0318 0.2445 0.0368, -0.0405 0.2374 0.0368, -0.0476 0.2287 0.0368, -0.0529 0.2188 0.0368, -0.0562 0.208 0.0368, -0.0573 0.1969 0.0368, -0.0562 0.1857 0.0368, -0.0529 0.1749 0.0368, -0.0476 0.165 0.0368, -0.0405 0.1563 0.0368, -0.0318 0.1492 0.0368, -0.0219 0.1439 0.0368, -0.0112 0.1407 0.0368, 0.0 0.1396 0.0368, 0.01 0.1465 0.0265, 0.0196 0.1494 0.0265, 0.0285 0.1542 0.0265, 0.0363 0.1606 0.0265, 0.0427 0.1683 0.0265, 0.0474 0.1772 0.0265, 0.0503 0.1868 0.0265, 0.0513 0.1969 0.0265, 0.0503 0.2069 0.0265, 0.0474 0.2165 0.0265, 0.0427 0.2254 0.0265, 0.0363 0.2331 0.0265, 0.0285 0.2395 0.0265, 0.0196 0.2443 0.0265, 0.01 0.2472 0.0265, 0.0 0.2482 0.0265, -0.01 0.2472 0.0265, -0.0196 0.2443 0.0265, -0.0285 0.2395 0.0265, -0.0363 0.2331 0.0265, -0.0427 0.2254 0.0265, -0.0474 0.2165 0.0265, -0.0503 0.2069 0.0265, -0.0513 0.1969 0.0265, -0.0503 0.1868 0.0265, -0.0474 0.1772 0.0265, -0.0427 0.1683 0.0265, -0.0363 0.1606 0.0265, -0.0285 0.1542 0.0265, -0.0196 0.1494 0.0265, -0.01 0.1465 0.0265, 0.0 0.1455 0.0265, 0.0085 0.1542 0.0174, 0.0166 0.1567 0.0174, 0.0242 0.1607 0.0174, 0.0307 0.1661 0.0174, 0.0361 0.1727 0.0174, 0.0402 0.1802 0.0174, 0.0426 0.1884 0.0174, 0.0435 0.1969 0.0174, 0.0426 0.2053 0.0174, 0.0402 0.2135 0.0174, 0.0361 0.221 0.0174, 0.0307 0.2276 0.0174, 0.0242 0.233 0.0174, 0.0166 0.237 0.0174, 0.0085 0.2395 0.0174, 0.0 0.2403 0.0174, -0.0085 0.2395 0.0174, -0.0166 0.237 0.0174, -0.0242 0.233 0.0174, -0.0307 0.2276 0.0174, -0.0361 0.221 0.0174, -0.0402 0.2135 0.0174, -0.0426 0.2053 0.0174, -0.0435 0.1969 0.0174, -0.0426 0.1884 0.0174, -0.0402 0.1802 0.0174, -0.0361 0.1727 0.0174, -0.0307 0.1661 0.0174, -0.0242 0.1607 0.0174, -0.0166 0.1567 0.0174, -0.0085 0.1542 0.0174, 0.0 0.1534 0.0174, 0.0066 0.1634 0.01, 0.013 0.1654 0.01, 0.0189 0.1685 0.01, 0.0241 0.1728 0.01, 0.0283 0.1779 0.01, 0.0315 0.1838 0.01, 0.0334 0.1902 0.01, 0.0341 0.1969 0.01, 0.0334 0.2035 0.01, 0.0315 0.2099 0.01, 0.0283 0.2158 0.01, 0.0241 0.2209 0.01, 0.0189 0.2252 0.01, 0.013 0.2283 0.01, 0.0066 0.2303 0.01, 0.0 0.2309 0.01, -0.0066 0.2303 0.01, -0.013 0.2283 0.01, -0.0189 0.2252 0.01, -0.0241 0.2209 0.01, -0.0283 0.2158 0.01, -0.0315 0.2099 0.01, -0.0334 0.2035 0.01, -0.0341 0.1969 0.01, -0.0334 0.1902 0.01, -0.0315 0.1838 0.01, -0.0283 0.1779 0.01, -0.0241 0.1728 0.01, -0.0189 0.1685 0.01, -0.013 0.1654 0.01, -0.0066 0.1634 0.01, 0.0 0.1628 0.01, 0.0046 0.1739 0.0045, 0.009 0.1752 0.0045, 0.013 0.1774 0.0045, 0.0166 0.1803 0.0045, 0.0195 0.1838 0.0045, 0.0216 0.1879 0.0045, 0.023 0.1923 0.0045, 0.0234 0.1969 0.0045, 0.023 0.2014 0.0045, 0.0216 0.2058 0.0045, 0.0195 0.2099 0.0045, 0.0166 0.2134 0.0045, 0.013 0.2163 0.0045, 0.009 0.2185 0.0045, 0.0046 0.2198 0.0045, 0.0 0.2203 0.0045, -0.0046 0.2198 0.0045, -0.009 0.2185 0.0045, -0.013 0.2163 0.0045, -0.0166 0.2134 0.0045, -0.0195 0.2099 0.0045, -0.0216 0.2058 0.0045, -0.023 0.2014 0.0045, -0.0234 0.1969 0.0045, -0.023 0.1923 0.0045, -0.0216 0.1879 0.0045, -0.0195 0.1838 0.0045, -0.0166 0.1803 0.0045, -0.013 0.1774 0.0045, -0.009 0.1752 0.0045, -0.0046 0.1739 0.0045, 0.0 0.1734 0.0045, 0.0046 -0.011 0.0011, 0.0023 -0.0117 0.0011, 0.0 0.0 0.0, 0.0066 -0.0099 0.0011, 0.0084 -0.0084 0.0011, 0.0099 -0.0066 0.0011, 0.011 -0.0046 0.0011, 0.0117 -0.0023 0.0011, 0.0119 0.0 0.0011, 0.0117 0.0023 0.0011, 0.011 0.0046 0.0011, 0.0099 0.0066 0.0011, 0.0084 0.0084 0.0011, 0.0066 0.0099 0.0011, 0.0046 0.011 0.0011, 0.0023 0.0117 0.0011, 0.0 0.0119 0.0011, -0.0023 0.0117 0.0011, -0.0046 0.011 0.0011, -0.0066 0.0099 0.0011, -0.0084 0.0084 0.0011, -0.0099 0.0066 0.0011, -0.011 0.0046 0.0011, -0.0117 0.0023 0.0011, -0.0119 0.0 0.0011, -0.0117 -0.0023 0.0011, -0.011 -0.0046 0.0011, -0.0099 -0.0066 0.0011, -0.0084 -0.0084 0.0011, -0.0066 -0.0099 0.0011, -0.0046 -0.011 0.0011, -0.0023 -0.0117 0.0011, 0.0 -0.0119 0.0011, -0.0228 -0.055 0.0836, -0.0303 -0.0454 0.0945, -0.0331 -0.0495 0.0836, -0.0386 -0.0386 0.0945, -0.0421 -0.0421 0.0836, -0.0454 -0.0303 0.0945, -0.0495 -0.0331 0.0836, -0.0485 -0.0244 0.0945, -0.055 -0.0228 0.0836, -0.0504 -0.0209 0.0945, -0.0535 -0.0106 0.0945, -0.0584 -0.0116 0.0836, -0.0546 -0.0 0.0945, -0.0595 0.0 0.0836, -0.0535 0.0106 0.0945, -0.0584 0.0116 0.0836, -0.0504 0.0209 0.0945, -0.055 0.0228 0.0836, -0.0485 0.0244 0.0945, -0.0495 0.0331 0.0836, -0.0454 0.0303 0.0945, -0.0386 0.0386 0.0945, -0.0421 0.0421 0.0836, -0.0303 0.0454 0.0945, -0.0331 0.0495 0.0836, -0.0209 0.0504 0.0945, -0.0228 0.055 0.0836, -0.0115 0.0532 0.0945, -0.0116 0.0584 0.0836, -0.0106 0.0535 0.0945, 0.0 0.0546 0.0945, 0.0 0.0595 0.0836, 0.0106 0.0535 0.0945, 0.0116 0.0584 0.0836, 0.0173 0.0515 0.0945, 0.0228 0.055 0.0836, 0.0209 0.0504 0.0945, 0.0303 0.0454 0.0945, 0.0331 0.0495 0.0836, 0.0386 0.0386 0.0945, 0.0421 0.0421 0.0836, 0.0454 0.0303 0.0945, 0.0495 0.0331 0.0836, 0.0504 0.0209 0.0945, 0.055 0.0228 0.0836, 0.0521 0.0153 0.0945, 0.0584 0.0116 0.0836, 0.0535 0.0106 0.0945, 0.0546 0.0 0.0945, 0.0595 0.0 0.0836, 0.0535 -0.0106 0.0945, 0.0584 -0.0116 0.0836, 0.0521 -0.0153 0.0945, 0.055 -0.0228 0.0836, 0.0504 -0.0209 0.0945, 0.0454 -0.0303 0.0945, 0.0495 -0.0331 0.0836, 0.0386 -0.0386 0.0945, 0.0421 -0.0421 0.0836, 0.0303 -0.0454 0.0945, 0.0331 -0.0495 0.0836, 0.0209 -0.0504 0.0945, 0.0228 -0.055 0.0836, 0.0173 -0.0515 0.0945, 0.0116 -0.0584 0.0836, 0.0106 -0.0535 0.0945, 0.0 -0.0546 0.0945, 0.0 -0.0595 0.0836, -0.0106 -0.0535 0.0945, -0.0116 -0.0584 0.0836, -0.0115 -0.0532 0.0945, -0.0209 -0.0504 0.0945, 0.0122 -0.0612 0.072, 0.0239 -0.0576 0.072, 0.0346 -0.0518 0.072, 0.0441 -0.0441 0.072, 0.0518 -0.0346 0.072, 0.0576 -0.0239 0.072, 0.0612 -0.0122 0.072, 0.0624 0.0 0.072, 0.0612 0.0122 0.072, 0.0576 0.0239 0.072, 0.0518 0.0346 0.072, 0.0441 0.0441 0.072, 0.0346 0.0518 0.072, 0.0239 0.0576 0.072, 0.0122 0.0612 0.072, 0.0 0.0624 0.072, -0.0122 0.0612 0.072, -0.0239 0.0576 0.072, -0.0346 0.0518 0.072, -0.0441 0.0441 0.072, -0.0518 0.0346 0.072, -0.0576 0.0239 0.072, -0.0612 0.0122 0.072, -0.0624 0.0 0.072, -0.0612 -0.0122 0.072, -0.0576 -0.0239 0.072, -0.0518 -0.0346 0.072, -0.0441 -0.0441 0.072, -0.0346 -0.0518 0.072, -0.0239 -0.0576 0.072, -0.0122 -0.0612 0.072, 0.0 -0.0624 0.072, 0.0123 -0.0617 0.06, 0.0241 -0.0581 0.06, 0.035 -0.0523 0.06, 0.0445 -0.0445 0.06, 0.0523 -0.035 0.06, 0.0581 -0.0241 0.06, 0.0617 -0.0123 0.06, 0.0629 0.0 0.06, 0.0617 0.0123 0.06, 0.0581 0.0241 0.06, 0.0523 0.035 0.06, 0.0445 0.0445 0.06, 0.035 0.0523 0.06, 0.0241 0.0581 0.06, 0.0123 0.0617 0.06, 0.0 0.0629 0.06, -0.0123 0.0617 0.06, -0.0241 0.0581 0.06, -0.035 0.0523 0.06, -0.0445 0.0445 0.06, -0.0523 0.035 0.06, -0.0581 0.0241 0.06, -0.0617 0.0123 0.06, -0.0629 0.0 0.06, -0.0617 -0.0123 0.06, -0.0581 -0.0241 0.06, -0.0523 -0.035 0.06, -0.0445 -0.0445 0.06, -0.035 -0.0523 0.06, -0.0241 -0.0581 0.06, -0.0123 -0.0617 0.06, 0.0 -0.0629 0.06, 0.0119 -0.06 0.0481, 0.0234 -0.0566 0.0481, 0.034 -0.0509 0.0481, 0.0433 -0.0433 0.0481, 0.0509 -0.034 0.0481, 0.0566 -0.0234 0.0481, 0.06 -0.0119 0.0481, 0.0612 0.0 0.0481, 0.06 0.0119 0.0481, 0.0566 0.0234 0.0481, 0.0509 0.034 0.0481, 0.0433 0.0433 0.0481, 0.034 0.0509 0.0481, 0.0234 0.0566 0.0481, 0.0119 0.06 0.0481, 0.0 0.0612 0.0481, -0.0119 0.06 0.0481, -0.0234 0.0566 0.0481, -0.034 0.0509 0.0481, -0.0433 0.0433 0.0481, -0.0509 0.034 0.0481, -0.0566 0.0234 0.0481, -0.06 0.0119 0.0481, -0.0612 0.0 0.0481, -0.06 -0.0119 0.0481, -0.0566 -0.0234 0.0481, -0.0509 -0.034 0.0481, -0.0433 -0.0433 0.0481, -0.034 -0.0509 0.0481, -0.0234 -0.0566 0.0481, -0.0119 -0.06 0.0481, 0.0 -0.0612 0.0481, 0.0112 -0.0562 0.0368, 0.0219 -0.0529 0.0368, 0.0318 -0.0476 0.0368, 0.0405 -0.0405 0.0368, 0.0476 -0.0318 0.0368, 0.0529 -0.0219 0.0368, 0.0562 -0.0112 0.0368, 0.0573 0.0 0.0368, 0.0562 0.0112 0.0368, 0.0529 0.0219 0.0368, 0.0476 0.0318 0.0368, 0.0405 0.0405 0.0368, 0.0318 0.0476 0.0368, 0.0219 0.0529 0.0368, 0.0112 0.0562 0.0368, 0.0 0.0573 0.0368, -0.0112 0.0562 0.0368, -0.0219 0.0529 0.0368, -0.0318 0.0476 0.0368, -0.0405 0.0405 0.0368, -0.0476 0.0318 0.0368, -0.0529 0.0219 0.0368, -0.0562 0.0112 0.0368, -0.0573 0.0 0.0368, -0.0562 -0.0112 0.0368, -0.0529 -0.0219 0.0368, -0.0476 -0.0318 0.0368, -0.0405 -0.0405 0.0368, -0.0318 -0.0476 0.0368, -0.0219 -0.0529 0.0368, -0.0112 -0.0562 0.0368, 0.0 -0.0573 0.0368, 0.01 -0.0503 0.0265, 0.0196 -0.0474 0.0265, 0.0285 -0.0427 0.0265, 0.0363 -0.0363 0.0265, 0.0427 -0.0285 0.0265, 0.0474 -0.0196 0.0265, 0.0503 -0.01 0.0265, 0.0513 0.0 0.0265, 0.0503 0.01 0.0265, 0.0474 0.0196 0.0265, 0.0427 0.0285 0.0265, 0.0363 0.0363 0.0265, 0.0285 0.0427 0.0265, 0.0196 0.0474 0.0265, 0.01 0.0503 0.0265, 0.0 0.0513 0.0265, -0.01 0.0503 0.0265, -0.0196 0.0474 0.0265, -0.0285 0.0427 0.0265, -0.0363 0.0363 0.0265, -0.0427 0.0285 0.0265, -0.0474 0.0196 0.0265, -0.0503 0.01 0.0265, -0.0513 0.0 0.0265, -0.0503 -0.01 0.0265, -0.0474 -0.0196 0.0265, -0.0427 -0.0285 0.0265, -0.0363 -0.0363 0.0265, -0.0285 -0.0427 0.0265, -0.0196 -0.0474 0.0265, -0.01 -0.0503 0.0265, 0.0 -0.0513 0.0265, 0.0085 -0.0426 0.0174, 0.0166 -0.0402 0.0174, 0.0242 -0.0361 0.0174, 0.0307 -0.0307 0.0174, 0.0361 -0.0242 0.0174, 0.0402 -0.0166 0.0174, 0.0426 -0.0085 0.0174, 0.0435 0.0 0.0174, 0.0426 0.0085 0.0174, 0.0402 0.0166 0.0174, 0.0361 0.0242 0.0174, 0.0307 0.0307 0.0174, 0.0242 0.0361 0.0174, 0.0166 0.0402 0.0174, 0.0085 0.0426 0.0174, 0.0 0.0435 0.0174, -0.0085 0.0426 0.0174, -0.0166 0.0402 0.0174, -0.0242 0.0361 0.0174, -0.0307 0.0307 0.0174, -0.0361 0.0242 0.0174, -0.0402 0.0166 0.0174, -0.0426 0.0085 0.0174, -0.0435 0.0 0.0174, -0.0426 -0.0085 0.0174, -0.0402 -0.0166 0.0174, -0.0361 -0.0242 0.0174, -0.0307 -0.0307 0.0174, -0.0242 -0.0361 0.0174, -0.0166 -0.0402 0.0174, -0.0085 -0.0426 0.0174, 0.0 -0.0435 0.0174, 0.0066 -0.0334 0.01, 0.013 -0.0315 0.01, 0.0189 -0.0283 0.01, 0.0241 -0.0241 0.01, 0.0283 -0.0189 0.01, 0.0315 -0.013 0.01, 0.0334 -0.0066 0.01, 0.0341 0.0 0.01, 0.0334 0.0066 0.01, 0.0315 0.013 0.01, 0.0283 0.0189 0.01, 0.0241 0.0241 0.01, 0.0189 0.0283 0.01, 0.013 0.0315 0.01, 0.0066 0.0334 0.01, 0.0 0.0341 0.01, -0.0066 0.0334 0.01, -0.013 0.0315 0.01, -0.0189 0.0283 0.01, -0.0241 0.0241 0.01, -0.0283 0.0189 0.01, -0.0315 0.013 0.01, -0.0334 0.0066 0.01, -0.0341 0.0 0.01, -0.0334 -0.0066 0.01, -0.0315 -0.013 0.01, -0.0283 -0.0189 0.01, -0.0241 -0.0241 0.01, -0.0189 -0.0283 0.01, -0.013 -0.0315 0.01, -0.0066 -0.0334 0.01, 0.0 -0.0341 0.01, 0.0046 -0.023 0.0045, 0.009 -0.0216 0.0045, 0.013 -0.0195 0.0045, 0.0166 -0.0166 0.0045, 0.0195 -0.013 0.0045, 0.0216 -0.009 0.0045, 0.023 -0.0046 0.0045, 0.0234 0.0 0.0045, 0.023 0.0046 0.0045, 0.0216 0.009 0.0045, 0.0195 0.013 0.0045, 0.0166 0.0166 0.0045, 0.013 0.0195 0.0045, 0.009 0.0216 0.0045, 0.0046 0.023 0.0045, 0.0 0.0234 0.0045, -0.0046 0.023 0.0045, -0.009 0.0216 0.0045, -0.013 0.0195 0.0045, -0.0166 0.0166 0.0045, -0.0195 0.013 0.0045, -0.0216 0.009 0.0045, -0.023 0.0046 0.0045, -0.0234 0.0 0.0045, -0.023 -0.0046 0.0045, -0.0216 -0.009 0.0045, -0.0195 -0.013 0.0045, -0.0166 -0.0166 0.0045, -0.013 -0.0195 0.0045, -0.009 -0.0216 0.0045, -0.0046 -0.023 0.0045, 0.0 -0.0234 0.0045, 0.0046 -0.2079 0.0011, 0.0023 -0.2085 0.0011, 0.0 -0.1969 0.0, 0.0066 -0.2068 0.0011, 0.0084 -0.2053 0.0011, 0.0099 -0.2035 0.0011, 0.011 -0.2014 0.0011, 0.0117 -0.1992 0.0011, 0.0119 -0.1969 0.0011, 0.0117 -0.1945 0.0011, 0.011 -0.1923 0.0011, 0.0099 -0.1902 0.0011, 0.0084 -0.1884 0.0011, 0.0066 -0.1869 0.0011, 0.0046 -0.1858 0.0011, 0.0023 -0.1852 0.0011, 0.0 -0.1849 0.0011, -0.0023 -0.1852 0.0011, -0.0046 -0.1858 0.0011, -0.0066 -0.1869 0.0011, -0.0084 -0.1884 0.0011, -0.0099 -0.1902 0.0011, -0.011 -0.1923 0.0011, -0.0117 -0.1945 0.0011, -0.0119 -0.1969 0.0011, -0.0117 -0.1992 0.0011, -0.011 -0.2014 0.0011, -0.0099 -0.2035 0.0011, -0.0084 -0.2053 0.0011, -0.0066 -0.2068 0.0011, -0.0046 -0.2079 0.0011, -0.0023 -0.2085 0.0011, 0.0 -0.2088 0.0011, -0.0228 -0.2518 0.0836, -0.0303 -0.2422 0.0945, -0.0331 -0.2463 0.0836, -0.0386 -0.2354 0.0945, -0.0421 -0.2389 0.0836, -0.0454 -0.2272 0.0945, -0.0495 -0.2299 0.0836, -0.0485 -0.2213 0.0945, -0.055 -0.2196 0.0836, -0.0504 -0.2177 0.0945, -0.0535 -0.2075 0.0945, -0.0584 -0.2085 0.0836, -0.0546 -0.1969 0.0945, -0.0595 -0.1969 0.0836, -0.0535 -0.1862 0.0945, -0.0584 -0.1852 0.0836, -0.0504 -0.176 0.0945, -0.055 -0.1741 0.0836, -0.0485 -0.1724 0.0945, -0.0495 -0.1638 0.0836, -0.0454 -0.1665 0.0945, -0.0386 -0.1583 0.0945, -0.0421 -0.1548 0.0836, -0.0303 -0.1515 0.0945, -0.0331 -0.1474 0.0836, -0.0209 -0.1464 0.0945, -0.0228 -0.1419 0.0836, -0.0115 -0.1436 0.0945, -0.0116 -0.1385 0.0836, -0.0106 -0.1433 0.0945, 0.0 -0.1423 0.0945, 0.0 -0.1373 0.0836, 0.0106 -0.1433 0.0945, 0.0116 -0.1385 0.0836, 0.0173 -0.1454 0.0945, 0.0228 -0.1419 0.0836, 0.0209 -0.1464 0.0945, 0.0303 -0.1515 0.0945, 0.0331 -0.1474 0.0836, 0.0386 -0.1583 0.0945, 0.0421 -0.1548 0.0836, 0.0454 -0.1665 0.0945, 0.0495 -0.1638 0.0836, 0.0504 -0.176 0.0945, 0.055 -0.1741 0.0836, 0.0521 -0.1815 0.0945, 0.0584 -0.1852 0.0836, 0.0535 -0.1862 0.0945, 0.0546 -0.1969 0.0945, 0.0595 -0.1969 0.0836, 0.0535 -0.2075 0.0945, 0.0584 -0.2085 0.0836, 0.0521 -0.2122 0.0945, 0.055 -0.2196 0.0836, 0.0504 -0.2177 0.0945, 0.0454 -0.2272 0.0945, 0.0495 -0.2299 0.0836, 0.0386 -0.2354 0.0945, 0.0421 -0.2389 0.0836, 0.0303 -0.2422 0.0945, 0.0331 -0.2463 0.0836, 0.0209 -0.2473 0.0945, 0.0228 -0.2518 0.0836, 0.0173 -0.2483 0.0945, 0.0116 -0.2552 0.0836, 0.0106 -0.2504 0.0945, 0.0 -0.2514 0.0945, 0.0 -0.2564 0.0836, -0.0106 -0.2504 0.0945, -0.0116 -0.2552 0.0836, -0.0115 -0.2501 0.0945, -0.0209 -0.2473 0.0945, 0.0122 -0.258 0.072, 0.0239 -0.2545 0.072, 0.0346 -0.2487 0.072, 0.0441 -0.2409 0.072, 0.0518 -0.2315 0.072, 0.0576 -0.2207 0.072, 0.0612 -0.209 0.072, 0.0624 -0.1969 0.072, 0.0612 -0.1847 0.072, 0.0576 -0.173 0.072, 0.0518 -0.1622 0.072, 0.0441 -0.1528 0.072, 0.0346 -0.145 0.072, 0.0239 -0.1392 0.072, 0.0122 -0.1357 0.072, 0.0 -0.1345 0.072, -0.0122 -0.1357 0.072, -0.0239 -0.1392 0.072, -0.0346 -0.145 0.072, -0.0441 -0.1528 0.072, -0.0518 -0.1622 0.072, -0.0576 -0.173 0.072, -0.0612 -0.1847 0.072, -0.0624 -0.1969 0.072, -0.0612 -0.209 0.072, -0.0576 -0.2207 0.072, -0.0518 -0.2315 0.072, -0.0441 -0.2409 0.072, -0.0346 -0.2487 0.072, -0.0239 -0.2545 0.072, -0.0122 -0.258 0.072, 0.0 -0.2592 0.072, 0.0123 -0.2586 0.06, 0.0241 -0.255 0.06, 0.035 -0.2492 0.06, 0.0445 -0.2413 0.06, 0.0523 -0.2318 0.06, 0.0581 -0.2209 0.06, 0.0617 -0.2091 0.06, 0.0629 -0.1969 0.06, 0.0617 -0.1846 0.06, 0.0581 -0.1728 0.06, 0.0523 -0.1619 0.06, 0.0445 -0.1524 0.06, 0.035 -0.1445 0.06, 0.0241 -0.1387 0.06, 0.0123 -0.1351 0.06, 0.0 -0.1339 0.06, -0.0123 -0.1351 0.06, -0.0241 -0.1387 0.06, -0.035 -0.1445 0.06, -0.0445 -0.1524 0.06, -0.0523 -0.1619 0.06, -0.0581 -0.1728 0.06, -0.0617 -0.1846 0.06, -0.0629 -0.1969 0.06, -0.0617 -0.2091 0.06, -0.0581 -0.2209 0.06, -0.0523 -0.2318 0.06, -0.0445 -0.2413 0.06, -0.035 -0.2492 0.06, -0.0241 -0.255 0.06, -0.0123 -0.2586 0.06, 0.0 -0.2598 0.06, 0.0119 -0.2569 0.0481, 0.0234 -0.2534 0.0481, 0.034 -0.2477 0.0481, 0.0433 -0.2401 0.0481, 0.0509 -0.2309 0.0481, 0.0566 -0.2203 0.0481, 0.06 -0.2088 0.0481, 0.0612 -0.1969 0.0481, 0.06 -0.1849 0.0481, 0.0566 -0.1734 0.0481, 0.0509 -0.1628 0.0481, 0.0433 -0.1536 0.0481, 0.034 -0.146 0.0481, 0.0234 -0.1403 0.0481, 0.0119 -0.1368 0.0481, 0.0 -0.1356 0.0481, -0.0119 -0.1368 0.0481, -0.0234 -0.1403 0.0481, -0.034 -0.146 0.0481, -0.0433 -0.1536 0.0481, -0.0509 -0.1628 0.0481, -0.0566 -0.1734 0.0481, -0.06 -0.1849 0.0481, -0.0612 -0.1969 0.0481, -0.06 -0.2088 0.0481, -0.0566 -0.2203 0.0481, -0.0509 -0.2309 0.0481, -0.0433 -0.2401 0.0481, -0.034 -0.2477 0.0481, -0.0234 -0.2534 0.0481, -0.0119 -0.2569 0.0481, 0.0 -0.2581 0.0481, 0.0112 -0.253 0.0368, 0.0219 -0.2498 0.0368, 0.0318 -0.2445 0.0368, 0.0405 -0.2374 0.0368, 0.0476 -0.2287 0.0368, 0.0529 -0.2188 0.0368, 0.0562 -0.208 0.0368, 0.0573 -0.1969 0.0368, 0.0562 -0.1857 0.0368, 0.0529 -0.1749 0.0368, 0.0476 -0.165 0.0368, 0.0405 -0.1563 0.0368, 0.0318 -0.1492 0.0368, 0.0219 -0.1439 0.0368, 0.0112 -0.1407 0.0368, 0.0 -0.1396 0.0368, -0.0112 -0.1407 0.0368, -0.0219 -0.1439 0.0368, -0.0318 -0.1492 0.0368, -0.0405 -0.1563 0.0368, -0.0476 -0.165 0.0368, -0.0529 -0.1749 0.0368, -0.0562 -0.1857 0.0368, -0.0573 -0.1969 0.0368, -0.0562 -0.208 0.0368, -0.0529 -0.2188 0.0368, -0.0476 -0.2287 0.0368, -0.0405 -0.2374 0.0368, -0.0318 -0.2445 0.0368, -0.0219 -0.2498 0.0368, -0.0112 -0.253 0.0368, 0.0 -0.2541 0.0368, 0.01 -0.2472 0.0265, 0.0196 -0.2443 0.0265, 0.0285 -0.2395 0.0265, 0.0363 -0.2331 0.0265, 0.0427 -0.2254 0.0265, 0.0474 -0.2165 0.0265, 0.0503 -0.2069 0.0265, 0.0513 -0.1969 0.0265, 0.0503 -0.1868 0.0265, 0.0474 -0.1772 0.0265, 0.0427 -0.1683 0.0265, 0.0363 -0.1606 0.0265, 0.0285 -0.1542 0.0265, 0.0196 -0.1494 0.0265, 0.01 -0.1465 0.0265, 0.0 -0.1455 0.0265, -0.01 -0.1465 0.0265, -0.0196 -0.1494 0.0265, -0.0285 -0.1542 0.0265, -0.0363 -0.1606 0.0265, -0.0427 -0.1683 0.0265, -0.0474 -0.1772 0.0265, -0.0503 -0.1868 0.0265, -0.0513 -0.1969 0.0265, -0.0503 -0.2069 0.0265, -0.0474 -0.2165 0.0265, -0.0427 -0.2254 0.0265, -0.0363 -0.2331 0.0265, -0.0285 -0.2395 0.0265, -0.0196 -0.2443 0.0265, -0.01 -0.2472 0.0265, 0.0 -0.2482 0.0265, 0.0085 -0.2395 0.0174, 0.0166 -0.237 0.0174, 0.0242 -0.233 0.0174, 0.0307 -0.2276 0.0174, 0.0361 -0.221 0.0174, 0.0402 -0.2135 0.0174, 0.0426 -0.2053 0.0174, 0.0435 -0.1969 0.0174, 0.0426 -0.1884 0.0174, 0.0402 -0.1802 0.0174, 0.0361 -0.1727 0.0174, 0.0307 -0.1661 0.0174, 0.0242 -0.1607 0.0174, 0.0166 -0.1567 0.0174, 0.0085 -0.1542 0.0174, 0.0 -0.1534 0.0174, -0.0085 -0.1542 0.0174, -0.0166 -0.1567 0.0174, -0.0242 -0.1607 0.0174, -0.0307 -0.1661 0.0174, -0.0361 -0.1727 0.0174, -0.0402 -0.1802 0.0174, -0.0426 -0.1884 0.0174, -0.0435 -0.1969 0.0174, -0.0426 -0.2053 0.0174, -0.0402 -0.2135 0.0174, -0.0361 -0.221 0.0174, -0.0307 -0.2276 0.0174, -0.0242 -0.233 0.0174, -0.0166 -0.237 0.0174, -0.0085 -0.2395 0.0174, 0.0 -0.2403 0.0174, 0.0066 -0.2303 0.01, 0.013 -0.2283 0.01, 0.0189 -0.2252 0.01, 0.0241 -0.2209 0.01, 0.0283 -0.2158 0.01, 0.0315 -0.2099 0.01, 0.0334 -0.2035 0.01, 0.0341 -0.1969 0.01, 0.0334 -0.1902 0.01, 0.0315 -0.1838 0.01, 0.0283 -0.1779 0.01, 0.0241 -0.1728 0.01, 0.0189 -0.1685 0.01, 0.013 -0.1654 0.01, 0.0066 -0.1634 0.01, 0.0 -0.1628 0.01, -0.0066 -0.1634 0.01, -0.013 -0.1654 0.01, -0.0189 -0.1685 0.01, -0.0241 -0.1728 0.01, -0.0283 -0.1779 0.01, -0.0315 -0.1838 0.01, -0.0334 -0.1902 0.01, -0.0341 -0.1969 0.01, -0.0334 -0.2035 0.01, -0.0315 -0.2099 0.01, -0.0283 -0.2158 0.01, -0.0241 -0.2209 0.01, -0.0189 -0.2252 0.01, -0.013 -0.2283 0.01, -0.0066 -0.2303 0.01, 0.0 -0.2309 0.01, 0.0046 -0.2198 0.0045, 0.009 -0.2185 0.0045, 0.013 -0.2163 0.0045, 0.0166 -0.2134 0.0045, 0.0195 -0.2099 0.0045, 0.0216 -0.2058 0.0045, 0.023 -0.2014 0.0045, 0.0234 -0.1969 0.0045, 0.023 -0.1923 0.0045, 0.0216 -0.1879 0.0045, 0.0195 -0.1838 0.0045, 0.0166 -0.1803 0.0045, 0.013 -0.1774 0.0045, 0.009 -0.1752 0.0045, 0.0046 -0.1739 0.0045, 0.0 -0.1734 0.0045, -0.0046 -0.1739 0.0045, -0.009 -0.1752 0.0045, -0.013 -0.1774 0.0045, -0.0166 -0.1803 0.0045, -0.0195 -0.1838 0.0045, -0.0216 -0.1879 0.0045, -0.023 -0.1923 0.0045, -0.0234 -0.1969 0.0045, -0.023 -0.2014 0.0045, -0.0216 -0.2058 0.0045, -0.0195 -0.2099 0.0045, -0.0166 -0.2134 0.0045, -0.013 -0.2163 0.0045, -0.009 -0.2185 0.0045, -0.0046 -0.2198 0.0045, 0.0 -0.2203 0.0045, -0.1923 0.1858 0.0011, -0.1945 0.1852 0.0011, -0.1969 0.1969 0.0, -0.1902 0.1869 0.0011, -0.1884 0.1884 0.0011, -0.1869 0.1902 0.0011, -0.1858 0.1923 0.0011, -0.1852 0.1945 0.0011, -0.1849 0.1969 0.0011, -0.1852 0.1992 0.0011, -0.1858 0.2014 0.0011, -0.1869 0.2035 0.0011, -0.1884 0.2053 0.0011, -0.1902 0.2068 0.0011, -0.1923 0.2079 0.0011, -0.1945 0.2085 0.0011, -0.1969 0.2088 0.0011, -0.1992 0.2085 0.0011, -0.2014 0.2079 0.0011, -0.2035 0.2068 0.0011, -0.2053 0.2053 0.0011, -0.2068 0.2035 0.0011, -0.2079 0.2014 0.0011, -0.2085 0.1992 0.0011, -0.2088 0.1969 0.0011, -0.2085 0.1945 0.0011, -0.2079 0.1923 0.0011, -0.2068 0.1902 0.0011, -0.2053 0.1884 0.0011, -0.2035 0.1869 0.0011, -0.2014 0.1858 0.0011, -0.1992 0.1852 0.0011, -0.1969 0.1849 0.0011, -0.1969 0.1423 0.0945, -0.1852 0.1385 0.0836, -0.1862 0.1433 0.0945, -0.1741 0.1419 0.0836, -0.176 0.1464 0.0945, -0.1638 0.1474 0.0836, -0.1665 0.1515 0.0945, -0.1548 0.1548 0.0836, -0.1583 0.1583 0.0945, -0.1474 0.1638 0.0836, -0.1515 0.1665 0.0945, -0.1419 0.1741 0.0836, -0.1464 0.176 0.0945, -0.1385 0.1852 0.0836, -0.1433 0.1862 0.0945, -0.1373 0.1969 0.0836, -0.1423 0.1969 0.0945, -0.1385 0.2085 0.0836, -0.1433 0.2075 0.0945, -0.1419 0.2196 0.0836, -0.1464 0.2177 0.0945, -0.1474 0.2299 0.0836, -0.1515 0.2272 0.0945, -0.1548 0.2389 0.0836, -0.1583 0.2354 0.0945, -0.1638 0.2463 0.0836, -0.1665 0.2422 0.0945, -0.1741 0.2518 0.0836, -0.176 0.2473 0.0945, -0.1852 0.2552 0.0836, -0.1862 0.2504 0.0945, -0.1969 0.2564 0.0836, -0.1969 0.2514 0.0945, -0.2085 0.2552 0.0836, -0.2075 0.2504 0.0945, -0.2196 0.2518 0.0836, -0.2177 0.2473 0.0945, -0.2299 0.2463 0.0836, -0.2272 0.2422 0.0945, -0.2389 0.2389 0.0836, -0.2354 0.2354 0.0945, -0.2463 0.2299 0.0836, -0.2422 0.2272 0.0945, -0.2518 0.2196 0.0836, -0.2473 0.2177 0.0945, -0.2552 0.2085 0.0836, -0.2504 0.2075 0.0945, -0.2564 0.1969 0.0836, -0.2514 0.1969 0.0945, -0.2552 0.1852 0.0836, -0.2504 0.1862 0.0945, -0.2518 0.1741 0.0836, -0.2473 0.176 0.0945, -0.2463 0.1638 0.0836, -0.2422 0.1665 0.0945, -0.2389 0.1548 0.0836, -0.2354 0.1583 0.0945, -0.2299 0.1474 0.0836, -0.2272 0.1515 0.0945, -0.2196 0.1419 0.0836, -0.2177 0.1464 0.0945, -0.2085 0.1385 0.0836, -0.2075 0.1433 0.0945, -0.1969 0.1373 0.0836, -0.1847 0.1357 0.072, -0.173 0.1392 0.072, -0.1622 0.145 0.072, -0.1528 0.1528 0.072, -0.145 0.1622 0.072, -0.1392 0.173 0.072, -0.1357 0.1847 0.072, -0.1345 0.1969 0.072, -0.1357 0.209 0.072, -0.1392 0.2207 0.072, -0.145 0.2315 0.072, -0.1528 0.2409 0.072, -0.1622 0.2487 0.072, -0.173 0.2545 0.072, -0.1847 0.258 0.072, -0.1969 0.2592 0.072, -0.209 0.258 0.072, -0.2207 0.2545 0.072, -0.2315 0.2487 0.072, -0.2409 0.2409 0.072, -0.2487 0.2315 0.072, -0.2545 0.2207 0.072, -0.258 0.209 0.072, -0.2592 0.1969 0.072, -0.258 0.1847 0.072, -0.2545 0.173 0.072, -0.2487 0.1622 0.072, -0.2409 0.1528 0.072, -0.2315 0.145 0.072, -0.2207 0.1392 0.072, -0.209 0.1357 0.072, -0.1969 0.1345 0.072, -0.1846 0.1351 0.06, -0.1728 0.1387 0.06, -0.1619 0.1445 0.06, -0.1524 0.1524 0.06, -0.1445 0.1619 0.06, -0.1387 0.1728 0.06, -0.1351 0.1846 0.06, -0.1339 0.1969 0.06, -0.1351 0.2091 0.06, -0.1387 0.2209 0.06, -0.1445 0.2318 0.06, -0.1524 0.2413 0.06, -0.1619 0.2492 0.06, -0.1728 0.255 0.06, -0.1846 0.2586 0.06, -0.1969 0.2598 0.06, -0.2091 0.2586 0.06, -0.2209 0.255 0.06, -0.2318 0.2492 0.06, -0.2413 0.2413 0.06, -0.2492 0.2318 0.06, -0.255 0.2209 0.06, -0.2586 0.2091 0.06, -0.2598 0.1969 0.06, -0.2586 0.1846 0.06, -0.255 0.1728 0.06, -0.2492 0.1619 0.06, -0.2413 0.1524 0.06, -0.2318 0.1445 0.06, -0.2209 0.1387 0.06, -0.2091 0.1351 0.06, -0.1969 0.1339 0.06, -0.1849 0.1368 0.0481, -0.1734 0.1403 0.0481, -0.1628 0.146 0.0481, -0.1536 0.1536 0.0481, -0.146 0.1628 0.0481, -0.1403 0.1734 0.0481, -0.1368 0.1849 0.0481, -0.1356 0.1969 0.0481, -0.1368 0.2088 0.0481, -0.1403 0.2203 0.0481, -0.146 0.2309 0.0481, -0.1536 0.2401 0.0481, -0.1628 0.2477 0.0481, -0.1734 0.2534 0.0481, -0.1849 0.2569 0.0481, -0.1969 0.2581 0.0481, -0.2088 0.2569 0.0481, -0.2203 0.2534 0.0481, -0.2309 0.2477 0.0481, -0.2401 0.2401 0.0481, -0.2477 0.2309 0.0481, -0.2534 0.2203 0.0481, -0.2569 0.2088 0.0481, -0.2581 0.1969 0.0481, -0.2569 0.1849 0.0481, -0.2534 0.1734 0.0481, -0.2477 0.1628 0.0481, -0.2401 0.1536 0.0481, -0.2309 0.146 0.0481, -0.2203 0.1403 0.0481, -0.2088 0.1368 0.0481, -0.1969 0.1356 0.0481, -0.1857 0.1407 0.0368, -0.1749 0.1439 0.0368, -0.165 0.1492 0.0368, -0.1563 0.1563 0.0368, -0.1492 0.165 0.0368, -0.1439 0.1749 0.0368, -0.1407 0.1857 0.0368, -0.1396 0.1969 0.0368, -0.1407 0.208 0.0368, -0.1439 0.2188 0.0368, -0.1492 0.2287 0.0368, -0.1563 0.2374 0.0368, -0.165 0.2445 0.0368, -0.1749 0.2498 0.0368, -0.1857 0.253 0.0368, -0.1969 0.2541 0.0368, -0.208 0.253 0.0368, -0.2188 0.2498 0.0368, -0.2287 0.2445 0.0368, -0.2374 0.2374 0.0368, -0.2445 0.2287 0.0368, -0.2498 0.2188 0.0368, -0.253 0.208 0.0368, -0.2541 0.1969 0.0368, -0.253 0.1857 0.0368, -0.2498 0.1749 0.0368, -0.2445 0.165 0.0368, -0.2374 0.1563 0.0368, -0.2287 0.1492 0.0368, -0.2188 0.1439 0.0368, -0.208 0.1407 0.0368, -0.1969 0.1396 0.0368, -0.1868 0.1465 0.0265, -0.1772 0.1494 0.0265, -0.1683 0.1542 0.0265, -0.1606 0.1606 0.0265, -0.1542 0.1683 0.0265, -0.1494 0.1772 0.0265, -0.1465 0.1868 0.0265, -0.1455 0.1969 0.0265, -0.1465 0.2069 0.0265, -0.1494 0.2165 0.0265, -0.1542 0.2254 0.0265, -0.1606 0.2331 0.0265, -0.1683 0.2395 0.0265, -0.1772 0.2443 0.0265, -0.1868 0.2472 0.0265, -0.1969 0.2482 0.0265, -0.2069 0.2472 0.0265, -0.2165 0.2443 0.0265, -0.2254 0.2395 0.0265, -0.2331 0.2331 0.0265, -0.2395 0.2254 0.0265, -0.2443 0.2165 0.0265, -0.2472 0.2069 0.0265, -0.2482 0.1969 0.0265, -0.2472 0.1868 0.0265, -0.2443 0.1772 0.0265, -0.2395 0.1683 0.0265, -0.2331 0.1606 0.0265, -0.2254 0.1542 0.0265, -0.2165 0.1494 0.0265, -0.2069 0.1465 0.0265, -0.1969 0.1455 0.0265, -0.1884 0.1542 0.0174, -0.1802 0.1567 0.0174, -0.1727 0.1607 0.0174, -0.1661 0.1661 0.0174, -0.1607 0.1727 0.0174, -0.1567 0.1802 0.0174, -0.1542 0.1884 0.0174, -0.1534 0.1969 0.0174, -0.1542 0.2053 0.0174, -0.1567 0.2135 0.0174, -0.1607 0.221 0.0174, -0.1661 0.2276 0.0174, -0.1727 0.233 0.0174, -0.1802 0.237 0.0174, -0.1884 0.2395 0.0174, -0.1969 0.2403 0.0174, -0.2053 0.2395 0.0174, -0.2135 0.237 0.0174, -0.221 0.233 0.0174, -0.2276 0.2276 0.0174, -0.233 0.221 0.0174, -0.237 0.2135 0.0174, -0.2395 0.2053 0.0174, -0.2403 0.1969 0.0174, -0.2395 0.1884 0.0174, -0.237 0.1802 0.0174, -0.233 0.1727 0.0174, -0.2276 0.1661 0.0174, -0.221 0.1607 0.0174, -0.2135 0.1567 0.0174, -0.2053 0.1542 0.0174, -0.1969 0.1534 0.0174, -0.1902 0.1634 0.01, -0.1838 0.1654 0.01, -0.1779 0.1685 0.01, -0.1728 0.1728 0.01, -0.1685 0.1779 0.01, -0.1654 0.1838 0.01, -0.1634 0.1902 0.01, -0.1628 0.1969 0.01, -0.1634 0.2035 0.01, -0.1654 0.2099 0.01, -0.1685 0.2158 0.01, -0.1728 0.2209 0.01, -0.1779 0.2252 0.01, -0.1838 0.2283 0.01, -0.1902 0.2303 0.01, -0.1969 0.2309 0.01, -0.2035 0.2303 0.01, -0.2099 0.2283 0.01, -0.2158 0.2252 0.01, -0.2209 0.2209 0.01, -0.2252 0.2158 0.01, -0.2283 0.2099 0.01, -0.2303 0.2035 0.01, -0.2309 0.1969 0.01, -0.2303 0.1902 0.01, -0.2283 0.1838 0.01, -0.2252 0.1779 0.01, -0.2209 0.1728 0.01, -0.2158 0.1685 0.01, -0.2099 0.1654 0.01, -0.2035 0.1634 0.01, -0.1969 0.1628 0.01, -0.1923 0.1739 0.0045, -0.1879 0.1752 0.0045, -0.1838 0.1774 0.0045, -0.1803 0.1803 0.0045, -0.1774 0.1838 0.0045, -0.1752 0.1879 0.0045, -0.1739 0.1923 0.0045, -0.1734 0.1969 0.0045, -0.1739 0.2014 0.0045, -0.1752 0.2058 0.0045, -0.1774 0.2099 0.0045, -0.1803 0.2134 0.0045, -0.1838 0.2163 0.0045, -0.1879 0.2185 0.0045, -0.1923 0.2198 0.0045, -0.1969 0.2203 0.0045, -0.2014 0.2198 0.0045, -0.2058 0.2185 0.0045, -0.2099 0.2163 0.0045, -0.2134 0.2134 0.0045, -0.2163 0.2099 0.0045, -0.2185 0.2058 0.0045, -0.2198 0.2014 0.0045, -0.2203 0.1969 0.0045, -0.2198 0.1923 0.0045, -0.2185 0.1879 0.0045, -0.2163 0.1838 0.0045, -0.2134 0.1803 0.0045, -0.2099 0.1774 0.0045, -0.2058 0.1752 0.0045, -0.2014 0.1739 0.0045, -0.1969 0.1734 0.0045, -0.1923 -0.011 0.0011, -0.1945 -0.0117 0.0011, -0.1969 0.0 0.0, -0.1902 -0.0099 0.0011, -0.1884 -0.0084 0.0011, -0.1869 -0.0066 0.0011, -0.1858 -0.0046 0.0011, -0.1852 -0.0023 0.0011, -0.1849 0.0 0.0011, -0.1852 0.0023 0.0011, -0.1858 0.0046 0.0011, -0.1869 0.0066 0.0011, -0.1884 0.0084 0.0011, -0.1902 0.0099 0.0011, -0.1923 0.011 0.0011, -0.1945 0.0117 0.0011, -0.1969 0.0119 0.0011, -0.1992 0.0117 0.0011, -0.2014 0.011 0.0011, -0.2035 0.0099 0.0011, -0.2053 0.0084 0.0011, -0.2068 0.0066 0.0011, -0.2079 0.0046 0.0011, -0.2085 0.0023 0.0011, -0.2088 0.0 0.0011, -0.2085 -0.0023 0.0011, -0.2079 -0.0046 0.0011, -0.2068 -0.0066 0.0011, -0.2053 -0.0084 0.0011, -0.2035 -0.0099 0.0011, -0.2014 -0.011 0.0011, -0.1992 -0.0117 0.0011, -0.1969 -0.0119 0.0011, -0.1969 -0.0546 0.0945, -0.1852 -0.0584 0.0836, -0.1862 -0.0535 0.0945, -0.1741 -0.055 0.0836, -0.176 -0.0504 0.0945, -0.1638 -0.0495 0.0836, -0.1665 -0.0454 0.0945, -0.1548 -0.0421 0.0836, -0.1583 -0.0386 0.0945, -0.1474 -0.0331 0.0836, -0.1515 -0.0303 0.0945, -0.1419 -0.0228 0.0836, -0.1464 -0.0209 0.0945, -0.1385 -0.0116 0.0836, -0.1433 -0.0106 0.0945, -0.1373 0.0 0.0836, -0.1423 0.0 0.0945, -0.1385 0.0116 0.0836, -0.1433 0.0106 0.0945, -0.1419 0.0228 0.0836, -0.1464 0.0209 0.0945, -0.1474 0.0331 0.0836, -0.1515 0.0303 0.0945, -0.1548 0.0421 0.0836, -0.1583 0.0386 0.0945, -0.1638 0.0495 0.0836, -0.1665 0.0454 0.0945, -0.1741 0.055 0.0836, -0.176 0.0504 0.0945, -0.1852 0.0584 0.0836, -0.1862 0.0535 0.0945, -0.1969 0.0595 0.0836, -0.1969 0.0546 0.0945, -0.2085 0.0584 0.0836, -0.2075 0.0535 0.0945, -0.2196 0.055 0.0836, -0.2177 0.0504 0.0945, -0.2299 0.0495 0.0836, -0.2272 0.0454 0.0945, -0.2389 0.0421 0.0836, -0.2354 0.0386 0.0945, -0.2463 0.0331 0.0836, -0.2422 0.0303 0.0945, -0.2518 0.0228 0.0836, -0.2473 0.0209 0.0945, -0.2552 0.0116 0.0836, -0.2504 0.0106 0.0945, -0.2564 0.0 0.0836, -0.2514 -0.0 0.0945, -0.2552 -0.0116 0.0836, -0.2504 -0.0106 0.0945, -0.2518 -0.0228 0.0836, -0.2473 -0.0209 0.0945, -0.2463 -0.0331 0.0836, -0.2422 -0.0303 0.0945, -0.2389 -0.0421 0.0836, -0.2354 -0.0386 0.0945, -0.2299 -0.0495 0.0836, -0.2272 -0.0454 0.0945, -0.2196 -0.055 0.0836, -0.2177 -0.0504 0.0945, -0.2085 -0.0584 0.0836, -0.2075 -0.0535 0.0945, -0.1969 -0.0595 0.0836, -0.1847 -0.0612 0.072, -0.173 -0.0576 0.072, -0.1622 -0.0518 0.072, -0.1528 -0.0441 0.072, -0.145 -0.0346 0.072, -0.1392 -0.0239 0.072, -0.1357 -0.0122 0.072, -0.1345 0.0 0.072, -0.1357 0.0122 0.072, -0.1392 0.0239 0.072, -0.145 0.0346 0.072, -0.1528 0.0441 0.072, -0.1622 0.0518 0.072, -0.173 0.0576 0.072, -0.1847 0.0612 0.072, -0.1969 0.0624 0.072, -0.209 0.0612 0.072, -0.2207 0.0576 0.072, -0.2315 0.0518 0.072, -0.2409 0.0441 0.072, -0.2487 0.0346 0.072, -0.2545 0.0239 0.072, -0.258 0.0122 0.072, -0.2592 0.0 0.072, -0.258 -0.0122 0.072, -0.2545 -0.0239 0.072, -0.2487 -0.0346 0.072, -0.2409 -0.0441 0.072, -0.2315 -0.0518 0.072, -0.2207 -0.0576 0.072, -0.209 -0.0612 0.072, -0.1969 -0.0624 0.072, -0.1846 -0.0617 0.06, -0.1728 -0.0581 0.06, -0.1619 -0.0523 0.06, -0.1524 -0.0445 0.06, -0.1445 -0.035 0.06, -0.1387 -0.0241 0.06, -0.1351 -0.0123 0.06, -0.1339 0.0 0.06, -0.1351 0.0123 0.06, -0.1387 0.0241 0.06, -0.1445 0.035 0.06, -0.1524 0.0445 0.06, -0.1619 0.0523 0.06, -0.1728 0.0581 0.06, -0.1846 0.0617 0.06, -0.1969 0.0629 0.06, -0.2091 0.0617 0.06, -0.2209 0.0581 0.06, -0.2318 0.0523 0.06, -0.2413 0.0445 0.06, -0.2492 0.035 0.06, -0.255 0.0241 0.06, -0.2586 0.0123 0.06, -0.2598 0.0 0.06, -0.2586 -0.0123 0.06, -0.255 -0.0241 0.06, -0.2492 -0.035 0.06, -0.2413 -0.0445 0.06, -0.2318 -0.0523 0.06, -0.2209 -0.0581 0.06, -0.2091 -0.0617 0.06, -0.1969 -0.0629 0.06, -0.1849 -0.06 0.0481, -0.1734 -0.0566 0.0481, -0.1628 -0.0509 0.0481, -0.1536 -0.0433 0.0481, -0.146 -0.034 0.0481, -0.1403 -0.0234 0.0481, -0.1368 -0.0119 0.0481, -0.1356 0.0 0.0481, -0.1368 0.0119 0.0481, -0.1403 0.0234 0.0481, -0.146 0.034 0.0481, -0.1536 0.0433 0.0481, -0.1628 0.0509 0.0481, -0.1734 0.0566 0.0481, -0.1849 0.06 0.0481, -0.1969 0.0612 0.0481, -0.2088 0.06 0.0481, -0.2203 0.0566 0.0481, -0.2309 0.0509 0.0481, -0.2401 0.0433 0.0481, -0.2477 0.034 0.0481, -0.2534 0.0234 0.0481, -0.2569 0.0119 0.0481, -0.2581 0.0 0.0481, -0.2569 -0.0119 0.0481, -0.2534 -0.0234 0.0481, -0.2477 -0.034 0.0481, -0.2401 -0.0433 0.0481, -0.2309 -0.0509 0.0481, -0.2203 -0.0566 0.0481, -0.2088 -0.06 0.0481, -0.1969 -0.0612 0.0481, -0.1857 -0.0562 0.0368, -0.1749 -0.0529 0.0368, -0.165 -0.0476 0.0368, -0.1563 -0.0405 0.0368, -0.1492 -0.0318 0.0368, -0.1439 -0.0219 0.0368, -0.1407 -0.0112 0.0368, -0.1396 0.0 0.0368, -0.1407 0.0112 0.0368, -0.1439 0.0219 0.0368, -0.1492 0.0318 0.0368, -0.1563 0.0405 0.0368, -0.165 0.0476 0.0368, -0.1749 0.0529 0.0368, -0.1857 0.0562 0.0368, -0.1969 0.0573 0.0368, -0.208 0.0562 0.0368, -0.2188 0.0529 0.0368, -0.2287 0.0476 0.0368, -0.2374 0.0405 0.0368, -0.2445 0.0318 0.0368, -0.2498 0.0219 0.0368, -0.253 0.0112 0.0368, -0.2541 0.0 0.0368, -0.253 -0.0112 0.0368, -0.2498 -0.0219 0.0368, -0.2445 -0.0318 0.0368, -0.2374 -0.0405 0.0368, -0.2287 -0.0476 0.0368, -0.2188 -0.0529 0.0368, -0.208 -0.0562 0.0368, -0.1969 -0.0573 0.0368, -0.1868 -0.0503 0.0265, -0.1772 -0.0474 0.0265, -0.1683 -0.0427 0.0265, -0.1606 -0.0363 0.0265, -0.1542 -0.0285 0.0265, -0.1494 -0.0196 0.0265, -0.1465 -0.01 0.0265, -0.1455 0.0 0.0265, -0.1465 0.01 0.0265, -0.1494 0.0196 0.0265, -0.1542 0.0285 0.0265, -0.1606 0.0363 0.0265, -0.1683 0.0427 0.0265, -0.1772 0.0474 0.0265, -0.1868 0.0503 0.0265, -0.1969 0.0513 0.0265, -0.2069 0.0503 0.0265, -0.2165 0.0474 0.0265, -0.2254 0.0427 0.0265, -0.2331 0.0363 0.0265, -0.2395 0.0285 0.0265, -0.2443 0.0196 0.0265, -0.2472 0.01 0.0265, -0.2482 0.0 0.0265, -0.2472 -0.01 0.0265, -0.2443 -0.0196 0.0265, -0.2395 -0.0285 0.0265, -0.2331 -0.0363 0.0265, -0.2254 -0.0427 0.0265, -0.2165 -0.0474 0.0265, -0.2069 -0.0503 0.0265, -0.1969 -0.0513 0.0265, -0.1884 -0.0426 0.0174, -0.1802 -0.0402 0.0174, -0.1727 -0.0361 0.0174, -0.1661 -0.0307 0.0174, -0.1607 -0.0242 0.0174, -0.1567 -0.0166 0.0174, -0.1542 -0.0085 0.0174, -0.1534 0.0 0.0174, -0.1542 0.0085 0.0174, -0.1567 0.0166 0.0174, -0.1607 0.0242 0.0174, -0.1661 0.0307 0.0174, -0.1727 0.0361 0.0174, -0.1802 0.0402 0.0174, -0.1884 0.0426 0.0174, -0.1969 0.0435 0.0174, -0.2053 0.0426 0.0174, -0.2135 0.0402 0.0174, -0.221 0.0361 0.0174, -0.2276 0.0307 0.0174, -0.233 0.0242 0.0174, -0.237 0.0166 0.0174, -0.2395 0.0085 0.0174, -0.2403 0.0 0.0174, -0.2395 -0.0085 0.0174, -0.237 -0.0166 0.0174, -0.233 -0.0242 0.0174, -0.2276 -0.0307 0.0174, -0.221 -0.0361 0.0174, -0.2135 -0.0402 0.0174, -0.2053 -0.0426 0.0174, -0.1969 -0.0435 0.0174, -0.1902 -0.0334 0.01, -0.1838 -0.0315 0.01, -0.1779 -0.0283 0.01, -0.1728 -0.0241 0.01, -0.1685 -0.0189 0.01, -0.1654 -0.013 0.01, -0.1634 -0.0066 0.01, -0.1628 0.0 0.01, -0.1634 0.0066 0.01, -0.1654 0.013 0.01, -0.1685 0.0189 0.01, -0.1728 0.0241 0.01, -0.1779 0.0283 0.01, -0.1838 0.0315 0.01, -0.1902 0.0334 0.01, -0.1969 0.0341 0.01, -0.2035 0.0334 0.01, -0.2099 0.0315 0.01, -0.2158 0.0283 0.01, -0.2209 0.0241 0.01, -0.2252 0.0189 0.01, -0.2283 0.013 0.01, -0.2303 0.0066 0.01, -0.2309 0.0 0.01, -0.2303 -0.0066 0.01, -0.2283 -0.013 0.01, -0.2252 -0.0189 0.01, -0.2209 -0.0241 0.01, -0.2158 -0.0283 0.01, -0.2099 -0.0315 0.01, -0.2035 -0.0334 0.01, -0.1969 -0.0341 0.01, -0.1923 -0.023 0.0045, -0.1879 -0.0216 0.0045, -0.1838 -0.0195 0.0045, -0.1803 -0.0166 0.0045, -0.1774 -0.013 0.0045, -0.1752 -0.009 0.0045, -0.1739 -0.0046 0.0045, -0.1734 0.0 0.0045, -0.1739 0.0046 0.0045, -0.1752 0.009 0.0045, -0.1774 0.013 0.0045, -0.1803 0.0166 0.0045, -0.1838 0.0195 0.0045, -0.1879 0.0216 0.0045, -0.1923 0.023 0.0045, -0.1969 0.0234 0.0045, -0.2014 0.023 0.0045, -0.2058 0.0216 0.0045, -0.2099 0.0195 0.0045, -0.2134 0.0166 0.0045, -0.2163 0.013 0.0045, -0.2185 0.009 0.0045, -0.2198 0.0046 0.0045, -0.2203 0.0 0.0045, -0.2198 -0.0046 0.0045, -0.2185 -0.009 0.0045, -0.2163 -0.013 0.0045, -0.2134 -0.0166 0.0045, -0.2099 -0.0195 0.0045, -0.2058 -0.0216 0.0045, -0.2014 -0.023 0.0045, -0.1969 -0.0234 0.0045, -0.1923 -0.2079 0.0011, -0.1945 -0.2085 0.0011, -0.1969 -0.1969 0.0, -0.1902 -0.2068 0.0011, -0.1884 -0.2053 0.0011, -0.1869 -0.2035 0.0011, -0.1858 -0.2014 0.0011, -0.1852 -0.1992 0.0011, -0.1849 -0.1969 0.0011, -0.1852 -0.1945 0.0011, -0.1858 -0.1923 0.0011, -0.1869 -0.1902 0.0011, -0.1884 -0.1884 0.0011, -0.1902 -0.1869 0.0011, -0.1923 -0.1858 0.0011, -0.1945 -0.1852 0.0011, -0.1969 -0.1849 0.0011, -0.1992 -0.1852 0.0011, -0.2014 -0.1858 0.0011, -0.2035 -0.1869 0.0011, -0.2053 -0.1884 0.0011, -0.2068 -0.1902 0.0011, -0.2079 -0.1923 0.0011, -0.2085 -0.1945 0.0011, -0.2088 -0.1969 0.0011, -0.2085 -0.1992 0.0011, -0.2079 -0.2014 0.0011, -0.2068 -0.2035 0.0011, -0.2053 -0.2053 0.0011, -0.2035 -0.2068 0.0011, -0.2014 -0.2079 0.0011, -0.1992 -0.2085 0.0011, -0.1969 -0.2088 0.0011, -0.1969 -0.2514 0.0945, -0.1852 -0.2552 0.0836, -0.1862 -0.2504 0.0945, -0.1741 -0.2518 0.0836, -0.176 -0.2473 0.0945, -0.1638 -0.2463 0.0836, -0.1665 -0.2422 0.0945, -0.1548 -0.2389 0.0836, -0.1583 -0.2354 0.0945, -0.1474 -0.2299 0.0836, -0.1515 -0.2272 0.0945, -0.1419 -0.2196 0.0836, -0.1464 -0.2177 0.0945, -0.1385 -0.2085 0.0836, -0.1433 -0.2075 0.0945, -0.1373 -0.1969 0.0836, -0.1423 -0.1969 0.0945, -0.1385 -0.1852 0.0836, -0.1433 -0.1862 0.0945, -0.1419 -0.1741 0.0836, -0.1464 -0.176 0.0945, -0.1474 -0.1638 0.0836, -0.1515 -0.1665 0.0945, -0.1548 -0.1548 0.0836, -0.1583 -0.1583 0.0945, -0.1638 -0.1474 0.0836, -0.1665 -0.1515 0.0945, -0.1741 -0.1419 0.0836, -0.176 -0.1464 0.0945, -0.1852 -0.1385 0.0836, -0.1862 -0.1433 0.0945, -0.1969 -0.1373 0.0836, -0.1969 -0.1423 0.0945, -0.2085 -0.1385 0.0836, -0.2075 -0.1433 0.0945, -0.2196 -0.1419 0.0836, -0.2177 -0.1464 0.0945, -0.2299 -0.1474 0.0836, -0.2272 -0.1515 0.0945, -0.2389 -0.1548 0.0836, -0.2354 -0.1583 0.0945, -0.2463 -0.1638 0.0836, -0.2422 -0.1665 0.0945, -0.2518 -0.1741 0.0836, -0.2473 -0.176 0.0945, -0.2552 -0.1852 0.0836, -0.2504 -0.1862 0.0945, -0.2564 -0.1969 0.0836, -0.2514 -0.1969 0.0945, -0.2552 -0.2085 0.0836, -0.2504 -0.2075 0.0945, -0.2518 -0.2196 0.0836, -0.2473 -0.2177 0.0945, -0.2463 -0.2299 0.0836, -0.2422 -0.2272 0.0945, -0.2389 -0.2389 0.0836, -0.2354 -0.2354 0.0945, -0.2299 -0.2463 0.0836, -0.2272 -0.2422 0.0945, -0.2196 -0.2518 0.0836, -0.2177 -0.2473 0.0945, -0.2085 -0.2552 0.0836, -0.2075 -0.2504 0.0945, -0.1969 -0.2564 0.0836, -0.1847 -0.258 0.072, -0.173 -0.2545 0.072, -0.1622 -0.2487 0.072, -0.1528 -0.2409 0.072, -0.145 -0.2315 0.072, -0.1392 -0.2207 0.072, -0.1357 -0.209 0.072, -0.1345 -0.1969 0.072, -0.1357 -0.1847 0.072, -0.1392 -0.173 0.072, -0.145 -0.1622 0.072, -0.1528 -0.1528 0.072, -0.1622 -0.145 0.072, -0.173 -0.1392 0.072, -0.1847 -0.1357 0.072, -0.1969 -0.1345 0.072, -0.209 -0.1357 0.072, -0.2207 -0.1392 0.072, -0.2315 -0.145 0.072, -0.2409 -0.1528 0.072, -0.2487 -0.1622 0.072, -0.2545 -0.173 0.072, -0.258 -0.1847 0.072, -0.2592 -0.1969 0.072, -0.258 -0.209 0.072, -0.2545 -0.2207 0.072, -0.2487 -0.2315 0.072, -0.2409 -0.2409 0.072, -0.2315 -0.2487 0.072, -0.2207 -0.2545 0.072, -0.209 -0.258 0.072, -0.1969 -0.2592 0.072, -0.1846 -0.2586 0.06, -0.1728 -0.255 0.06, -0.1619 -0.2492 0.06, -0.1524 -0.2413 0.06, -0.1445 -0.2318 0.06, -0.1387 -0.2209 0.06, -0.1351 -0.2091 0.06, -0.1339 -0.1969 0.06, -0.1351 -0.1846 0.06, -0.1387 -0.1728 0.06, -0.1445 -0.1619 0.06, -0.1524 -0.1524 0.06, -0.1619 -0.1445 0.06, -0.1728 -0.1387 0.06, -0.1846 -0.1351 0.06, -0.1969 -0.1339 0.06, -0.2091 -0.1351 0.06, -0.2209 -0.1387 0.06, -0.2318 -0.1445 0.06, -0.2413 -0.1524 0.06, -0.2492 -0.1619 0.06, -0.255 -0.1728 0.06, -0.2586 -0.1846 0.06, -0.2598 -0.1969 0.06, -0.2586 -0.2091 0.06, -0.255 -0.2209 0.06, -0.2492 -0.2318 0.06, -0.2413 -0.2413 0.06, -0.2318 -0.2492 0.06, -0.2209 -0.255 0.06, -0.2091 -0.2586 0.06, -0.1969 -0.2598 0.06, -0.1849 -0.2569 0.0481, -0.1734 -0.2534 0.0481, -0.1628 -0.2477 0.0481, -0.1536 -0.2401 0.0481, -0.146 -0.2309 0.0481, -0.1403 -0.2203 0.0481, -0.1368 -0.2088 0.0481, -0.1356 -0.1969 0.0481, -0.1368 -0.1849 0.0481, -0.1403 -0.1734 0.0481, -0.146 -0.1628 0.0481, -0.1536 -0.1536 0.0481, -0.1628 -0.146 0.0481, -0.1734 -0.1403 0.0481, -0.1849 -0.1368 0.0481, -0.1969 -0.1356 0.0481, -0.2088 -0.1368 0.0481, -0.2203 -0.1403 0.0481, -0.2309 -0.146 0.0481, -0.2401 -0.1536 0.0481, -0.2477 -0.1628 0.0481, -0.2534 -0.1734 0.0481, -0.2569 -0.1849 0.0481, -0.2581 -0.1969 0.0481, -0.2569 -0.2088 0.0481, -0.2534 -0.2203 0.0481, -0.2477 -0.2309 0.0481, -0.2401 -0.2401 0.0481, -0.2309 -0.2477 0.0481, -0.2203 -0.2534 0.0481, -0.2088 -0.2569 0.0481, -0.1969 -0.2581 0.0481, -0.1857 -0.253 0.0368, -0.1749 -0.2498 0.0368, -0.165 -0.2445 0.0368, -0.1563 -0.2374 0.0368, -0.1492 -0.2287 0.0368, -0.1439 -0.2188 0.0368, -0.1407 -0.208 0.0368, -0.1396 -0.1969 0.0368, -0.1407 -0.1857 0.0368, -0.1439 -0.1749 0.0368, -0.1492 -0.165 0.0368, -0.1563 -0.1563 0.0368, -0.165 -0.1492 0.0368, -0.1749 -0.1439 0.0368, -0.1857 -0.1407 0.0368, -0.1969 -0.1396 0.0368, -0.208 -0.1407 0.0368, -0.2188 -0.1439 0.0368, -0.2287 -0.1492 0.0368, -0.2374 -0.1563 0.0368, -0.2445 -0.165 0.0368, -0.2498 -0.1749 0.0368, -0.253 -0.1857 0.0368, -0.2541 -0.1969 0.0368, -0.253 -0.208 0.0368, -0.2498 -0.2188 0.0368, -0.2445 -0.2287 0.0368, -0.2374 -0.2374 0.0368, -0.2287 -0.2445 0.0368, -0.2188 -0.2498 0.0368, -0.208 -0.253 0.0368, -0.1969 -0.2541 0.0368, -0.1868 -0.2472 0.0265, -0.1772 -0.2443 0.0265, -0.1683 -0.2395 0.0265, -0.1606 -0.2331 0.0265, -0.1542 -0.2254 0.0265, -0.1494 -0.2165 0.0265, -0.1465 -0.2069 0.0265, -0.1455 -0.1969 0.0265, -0.1465 -0.1868 0.0265, -0.1494 -0.1772 0.0265, -0.1542 -0.1683 0.0265, -0.1606 -0.1606 0.0265, -0.1683 -0.1542 0.0265, -0.1772 -0.1494 0.0265, -0.1868 -0.1465 0.0265, -0.1969 -0.1455 0.0265, -0.2069 -0.1465 0.0265, -0.2165 -0.1494 0.0265, -0.2254 -0.1542 0.0265, -0.2331 -0.1606 0.0265, -0.2395 -0.1683 0.0265, -0.2443 -0.1772 0.0265, -0.2472 -0.1868 0.0265, -0.2482 -0.1969 0.0265, -0.2472 -0.2069 0.0265, -0.2443 -0.2165 0.0265, -0.2395 -0.2254 0.0265, -0.2331 -0.2331 0.0265, -0.2254 -0.2395 0.0265, -0.2165 -0.2443 0.0265, -0.2069 -0.2472 0.0265, -0.1969 -0.2482 0.0265, -0.1884 -0.2395 0.0174, -0.1802 -0.237 0.0174, -0.1727 -0.233 0.0174, -0.1661 -0.2276 0.0174, -0.1607 -0.221 0.0174, -0.1567 -0.2135 0.0174, -0.1542 -0.2053 0.0174, -0.1534 -0.1969 0.0174, -0.1542 -0.1884 0.0174, -0.1567 -0.1802 0.0174, -0.1607 -0.1727 0.0174, -0.1661 -0.1661 0.0174, -0.1727 -0.1607 0.0174, -0.1802 -0.1567 0.0174, -0.1884 -0.1542 0.0174, -0.1969 -0.1534 0.0174, -0.2053 -0.1542 0.0174, -0.2135 -0.1567 0.0174, -0.221 -0.1607 0.0174, -0.2276 -0.1661 0.0174, -0.233 -0.1727 0.0174, -0.237 -0.1802 0.0174, -0.2395 -0.1884 0.0174, -0.2403 -0.1969 0.0174, -0.2395 -0.2053 0.0174, -0.237 -0.2135 0.0174, -0.233 -0.221 0.0174, -0.2276 -0.2276 0.0174, -0.221 -0.233 0.0174, -0.2135 -0.237 0.0174, -0.2053 -0.2395 0.0174, -0.1969 -0.2403 0.0174, -0.1902 -0.2303 0.01, -0.1838 -0.2283 0.01, -0.1779 -0.2252 0.01, -0.1728 -0.2209 0.01, -0.1685 -0.2158 0.01, -0.1654 -0.2099 0.01, -0.1634 -0.2035 0.01, -0.1628 -0.1969 0.01, -0.1634 -0.1902 0.01, -0.1654 -0.1838 0.01, -0.1685 -0.1779 0.01, -0.1728 -0.1728 0.01, -0.1779 -0.1685 0.01, -0.1838 -0.1654 0.01, -0.1902 -0.1634 0.01, -0.1969 -0.1628 0.01, -0.2035 -0.1634 0.01, -0.2099 -0.1654 0.01, -0.2158 -0.1685 0.01, -0.2209 -0.1728 0.01, -0.2252 -0.1779 0.01, -0.2283 -0.1838 0.01, -0.2303 -0.1902 0.01, -0.2309 -0.1969 0.01, -0.2303 -0.2035 0.01, -0.2283 -0.2099 0.01, -0.2252 -0.2158 0.01, -0.2209 -0.2209 0.01, -0.2158 -0.2252 0.01, -0.2099 -0.2283 0.01, -0.2035 -0.2303 0.01, -0.1969 -0.2309 0.01, -0.1923 -0.2198 0.0045, -0.1879 -0.2185 0.0045, -0.1838 -0.2163 0.0045, -0.1803 -0.2134 0.0045, -0.1774 -0.2099 0.0045, -0.1752 -0.2058 0.0045, -0.1739 -0.2014 0.0045, -0.1734 -0.1969 0.0045, -0.1739 -0.1923 0.0045, -0.1752 -0.1879 0.0045, -0.1774 -0.1838 0.0045, -0.1803 -0.1803 0.0045, -0.1838 -0.1774 0.0045, -0.1879 -0.1752 0.0045, -0.1923 -0.1739 0.0045, -0.1969 -0.1734 0.0045, -0.2014 -0.1739 0.0045, -0.2058 -0.1752 0.0045, -0.2099 -0.1774 0.0045, -0.2134 -0.1803 0.0045, -0.2163 -0.1838 0.0045, -0.2185 -0.1879 0.0045, -0.2198 -0.1923 0.0045, -0.2203 -0.1969 0.0045, -0.2198 -0.2014 0.0045, -0.2185 -0.2058 0.0045, -0.2163 -0.2099 0.0045, -0.2134 -0.2134 0.0045, -0.2099 -0.2163 0.0045, -0.2058 -0.2185 0.0045, -0.2014 -0.2198 0.0045, -0.1969 -0.2203 0.0045, -0.0701 0.3143 0.0949, -0.0855 0.2749 0.0949, -0.0701 0.3143 0.0945, -0.0855 0.2749 0.0945, -0.0797 0.2749 0.0949, -0.0797 0.2749 0.0945, -0.0757 0.286 0.0949, -0.0757 0.286 0.0945, -0.0595 0.286 0.0949, -0.0595 0.286 0.0945, -0.0557 0.2749 0.0949, -0.0557 0.2749 0.0945, -0.0499 0.2749 0.0949, -0.0499 0.2749 0.0945, -0.0648 0.3143 0.0949, -0.0648 0.3143 0.0945, -0.0608 0.2903 0.0949, -0.074 0.2903 0.0949, -0.0667 0.3068 0.0949, -0.067 0.3081 0.0949, -0.0673 0.3095 0.0949, -0.0674 0.3095 0.0949, -0.0677 0.3081 0.0949, -0.068 0.3068 0.0949, -0.0608 0.2903 0.0945, -0.074 0.2903 0.0945, -0.0667 0.3068 0.0945, -0.067 0.3081 0.0945, -0.0673 0.3095 0.0945, -0.0674 0.3095 0.0945, -0.0677 0.3081 0.0945, -0.068 0.3068 0.0945, -0.0261 0.2749 0.0949, -0.0154 0.2749 0.0949, -0.0261 0.2749 0.0945, -0.0154 0.2749 0.0945, -0.0154 0.3143 0.0949, -0.0154 0.3143 0.0945, -0.0265 0.3143 0.0949, -0.0265 0.3143 0.0945, -0.0471 0.2951 0.0949, -0.0471 0.2951 0.0945, -0.0468 0.2988 0.0945, -0.0468 0.2988 0.0949, -0.0457 0.3027 0.0945, -0.0457 0.3027 0.0949, -0.0439 0.3061 0.0945, -0.0439 0.3061 0.0949, -0.0411 0.3092 0.0945, -0.0411 0.3092 0.0949, -0.0411 0.3092 0.0945, -0.0411 0.3092 0.0949, -0.0368 0.3121 0.0945, -0.0368 0.3121 0.0949, -0.0322 0.3137 0.0945, -0.0322 0.3137 0.0949, -0.031 0.2754 0.0945, -0.031 0.2754 0.0949, -0.0355 0.2767 0.0945, -0.0355 0.2767 0.0949, -0.0396 0.2791 0.0945, -0.0396 0.2791 0.0949, -0.0428 0.2822 0.0945, -0.0428 0.2822 0.0949, -0.0451 0.2857 0.0945, -0.0451 0.2857 0.0949, -0.0465 0.2899 0.0945, -0.0465 0.2899 0.0949, -0.0392 0.3045 0.0949, -0.0372 0.3065 0.0949, -0.0344 0.3084 0.0949, -0.0311 0.3095 0.0949, -0.0265 0.31 0.0949, -0.0207 0.31 0.0949, -0.0207 0.2793 0.0949, -0.0262 0.2793 0.0949, -0.0304 0.2797 0.0949, -0.0337 0.2807 0.0949, -0.0364 0.2823 0.0949, -0.0386 0.2845 0.0949, -0.0403 0.2872 0.0949, -0.0414 0.2909 0.0949, -0.0418 0.295 0.0949, -0.0414 0.2989 0.0949, -0.0405 0.302 0.0949, -0.0265 0.31 0.0945, -0.0207 0.31 0.0945, -0.0311 0.3095 0.0945, -0.0344 0.3084 0.0945, -0.0372 0.3065 0.0945, -0.0392 0.3045 0.0945, -0.0405 0.302 0.0945, -0.0414 0.2989 0.0945, -0.0418 0.295 0.0945, -0.0414 0.2909 0.0945, -0.0403 0.2872 0.0945, -0.0386 0.2845 0.0945, -0.0364 0.2823 0.0945, -0.0337 0.2807 0.0945, -0.0304 0.2797 0.0945, -0.0262 0.2793 0.0945, -0.0207 0.2793 0.0945, -0.0077 0.2793 0.0949, -0.0077 0.2749 0.0949, -0.0077 0.2793 0.0945, -0.0077 0.2749 0.0945, 0.0134 0.2749 0.0949, 0.0134 0.2749 0.0945, 0.0134 0.3143 0.0949, 0.0134 0.3143 0.0945, -0.0067 0.3143 0.0949, -0.0067 0.3143 0.0945, -0.0067 0.31 0.0949, -0.0067 0.31 0.0945, 0.0082 0.31 0.0949, 0.0082 0.31 0.0945, 0.0082 0.297 0.0949, 0.0082 0.297 0.0945, -0.0058 0.297 0.0949, -0.0058 0.297 0.0945, -0.0058 0.2927 0.0949, -0.0058 0.2927 0.0945, 0.0082 0.2927 0.0949, 0.0082 0.2927 0.0945, 0.0082 0.2793 0.0949, 0.0082 0.2793 0.0945, 0.0211 0.2813 0.0949, 0.0211 0.277 0.0949, 0.0211 0.2813 0.0945, 0.0211 0.277 0.0945, 0.0253 0.2753 0.0949, 0.0319 0.2745 0.0949, 0.0319 0.2745 0.0945, 0.0309 0.2745 0.0945, 0.0309 0.2745 0.0949, 0.0293 0.2747 0.0945, 0.0253 0.2753 0.0945, 0.0343 0.2747 0.0945, 0.0368 0.275 0.0949, 0.0368 0.275 0.0945, 0.0406 0.2763 0.0949, 0.0406 0.2763 0.0945, 0.0438 0.2783 0.0949, 0.0438 0.2783 0.0945, 0.0467 0.2814 0.0949, 0.0467 0.2814 0.0945, 0.0488 0.2852 0.0949, 0.0488 0.2852 0.0945, 0.05 0.2893 0.0949, 0.05 0.2893 0.0945, 0.0504 0.2939 0.0949, 0.0504 0.2939 0.0945, 0.0304 0.3148 0.0949, 0.0304 0.3148 0.0945, 0.0343 0.3145 0.0945, 0.0343 0.3145 0.0949, 0.0387 0.3132 0.0945, 0.0387 0.3132 0.0949, 0.0425 0.311 0.0945, 0.0425 0.311 0.0949, 0.046 0.3076 0.0945, 0.046 0.3076 0.0949, 0.0483 0.3039 0.0945, 0.0483 0.3039 0.0949, 0.0498 0.2995 0.0945, 0.0498 0.2995 0.0949, 0.0211 0.3132 0.0949, 0.0211 0.3132 0.0945, 0.0257 0.3145 0.0945, 0.0257 0.3145 0.0949, 0.0211 0.308 0.0949, 0.0211 0.308 0.0945, 0.0303 0.3105 0.0949, 0.0303 0.3105 0.0945, 0.0255 0.3099 0.0945, 0.0255 0.3099 0.0949, 0.0451 0.2942 0.0949, 0.0451 0.2942 0.0945, 0.0449 0.2973 0.0945, 0.0449 0.2973 0.0949, 0.0439 0.3015 0.0945, 0.0439 0.3015 0.0949, 0.0423 0.3045 0.0945, 0.0423 0.3045 0.0949, 0.0399 0.3072 0.0945, 0.0399 0.3072 0.0949, 0.0372 0.309 0.0945, 0.0372 0.309 0.0949, 0.0342 0.31 0.0945, 0.0342 0.31 0.0949, 0.0312 0.2788 0.0949, 0.0312 0.2788 0.0945, 0.0349 0.2792 0.0945, 0.0349 0.2792 0.0949, 0.0378 0.2803 0.0945, 0.0378 0.2803 0.0949, 0.0402 0.2819 0.0945, 0.0402 0.2819 0.0949, 0.042 0.2838 0.0945, 0.042 0.2838 0.0949, 0.0437 0.2866 0.0945, 0.0437 0.2866 0.0949, 0.0447 0.2899 0.0945, 0.0447 0.2899 0.0949, 0.0218 0.2809 0.0945, 0.0218 0.2809 0.0949, 0.026 0.2794 0.0945, 0.026 0.2794 0.0949, 0.0538 0.2793 0.0949, 0.0538 0.2749 0.0949, 0.0538 0.2793 0.0945, 0.0538 0.2749 0.0945, 0.0642 0.2749 0.0945, 0.0739 0.2749 0.0949, 0.0739 0.2749 0.0945, 0.0739 0.3143 0.0949, 0.0739 0.3143 0.0945, 0.0686 0.3143 0.0949, 0.0686 0.3143 0.0945, 0.0686 0.2793 0.0949, 0.0686 0.2793 0.0945, 0.0642 0.2793 0.0945
            ]
        }
        coordIndex [
            0,1,2,-1,0,2,3,-1,4,3,2,-1,5,4,2,-1,6,5,2,-1,7,6,2,-1,8,7,2,-1,9,8,2,-1,10,9,2,-1,11,10,2,-1,12,11,2,-1,13,12,2,-1,14,13,2,-1,15,14,2,-1,16,15,2,-1,17,16,2,-1,18,17,2,-1,19,18,2,-1,20,19,2,-1,21,20,2,-1,22,21,2,-1,23,22,2,-1,24,23,2,-1,25,24,2,-1,26,25,2,-1,27,26,2,-1,28,27,2,-1,29,28,2,-1,30,29,2,-1,31,30,2,-1,32,31,2,-1,1,32,2,-1,33,34,35,-1,35,34,36,-1,35,36,37,-1,37,36,38,-1,37,38,39,-1,39,38,40,-1,39,40,41,-1,41,40,42,-1,41,42,43,-1,43,42,44,-1,43,44,45,-1,45,44,46,-1,45,46,47,-1,47,46,48,-1,47,48,49,-1,49,48,50,-1,49,50,51,-1,51,50,52,-1,51,52,53,-1,53,52,54,-1,53,54,55,-1,55,54,56,-1,55,56,57,-1,57,56,58,-1,57,58,59,-1,59,58,60,-1,59,60,61,-1,61,60,62,-1,61,62,63,-1,63,62,64,-1,63,64,65,-1,65,64,66,-1,65,66,67,-1,67,66,68,-1,67,68,69,-1,69,68,70,-1,69,70,71,-1,71,70,72,-1,71,72,73,-1,73,72,74,-1,73,74,75,-1,75,74,76,-1,75,76,77,-1,77,76,78,-1,77,78,79,-1,79,78,80,-1,79,80,81,-1,81,80,82,-1,81,82,83,-1,83,82,84,-1,83,84,85,-1,85,84,86,-1,85,86,87,-1,87,86,88,-1,87,88,89,-1,89,88,90,-1,89,90,91,-1,91,90,92,-1,91,92,93,-1,93,92,94,-1,93,94,95,-1,95,94,96,-1,95,96,33,-1,33,96,34,-1,96,97,34,-1,34,97,98,-1,34,98,36,-1,36,98,99,-1,36,99,38,-1,38,99,100,-1,38,100,40,-1,40,100,101,-1,40,101,42,-1,42,101,102,-1,42,102,44,-1,44,102,103,-1,44,103,46,-1,46,103,104,-1,46,104,48,-1,48,104,105,-1,48,105,50,-1,50,105,106,-1,50,106,52,-1,52,106,107,-1,52,107,54,-1,54,107,108,-1,54,108,56,-1,56,108,109,-1,56,109,58,-1,58,109,110,-1,58,110,60,-1,60,110,111,-1,60,111,62,-1,62,111,112,-1,62,112,64,-1,64,112,113,-1,64,113,66,-1,66,113,114,-1,66,114,68,-1,68,114,115,-1,68,115,70,-1,70,115,116,-1,70,116,72,-1,72,116,117,-1,72,117,74,-1,74,117,118,-1,74,118,76,-1,76,118,119,-1,76,119,78,-1,78,119,120,-1,78,120,80,-1,80,120,121,-1,80,121,82,-1,82,121,122,-1,82,122,84,-1,84,122,123,-1,84,123,86,-1,86,123,124,-1,86,124,88,-1,88,124,125,-1,88,125,90,-1,90,125,126,-1,90,126,92,-1,92,126,127,-1,92,127,94,-1,94,127,128,-1,94,128,96,-1,96,128,97,-1,128,129,97,-1,97,129,130,-1,97,130,98,-1,98,130,131,-1,98,131,99,-1,99,131,132,-1,99,132,100,-1,100,132,133,-1,100,133,101,-1,101,133,134,-1,101,134,102,-1,102,134,135,-1,102,135,103,-1,103,135,136,-1,103,136,104,-1,104,136,137,-1,104,137,105,-1,105,137,138,-1,105,138,106,-1,106,138,139,-1,106,139,107,-1,107,139,140,-1,107,140,108,-1,108,140,141,-1,108,141,109,-1,109,141,142,-1,109,142,110,-1,110,142,143,-1,110,143,111,-1,111,143,144,-1,111,144,112,-1,112,144,145,-1,112,145,113,-1,113,145,146,-1,113,146,114,-1,114,146,147,-1,114,147,115,-1,115,147,148,-1,115,148,116,-1,116,148,149,-1,116,149,117,-1,117,149,150,-1,117,150,118,-1,118,150,151,-1,118,151,119,-1,119,151,152,-1,119,152,120,-1,120,152,153,-1,120,153,121,-1,121,153,154,-1,121,154,122,-1,122,154,155,-1,122,155,123,-1,123,155,156,-1,123,156,124,-1,124,156,157,-1,124,157,125,-1,125,157,158,-1,125,158,126,-1,126,158,159,-1,126,159,127,-1,127,159,160,-1,127,160,128,-1,128,160,129,-1,160,161,129,-1,129,161,162,-1,129,162,130,-1,130,162,163,-1,130,163,131,-1,131,163,164,-1,131,164,132,-1,132,164,165,-1,132,165,133,-1,133,165,166,-1,133,166,134,-1,134,166,167,-1,134,167,135,-1,135,167,168,-1,135,168,136,-1,136,168,169,-1,136,169,137,-1,137,169,170,-1,137,170,138,-1,138,170,171,-1,138,171,139,-1,139,171,172,-1,139,172,140,-1,140,172,173,-1,140,173,141,-1,141,173,174,-1,141,174,142,-1,142,174,175,-1,142,175,143,-1,143,175,176,-1,143,176,144,-1,144,176,177,-1,144,177,145,-1,145,177,178,-1,145,178,146,-1,146,178,179,-1,146,179,147,-1,147,179,180,-1,147,180,148,-1,148,180,181,-1,148,181,149,-1,149,181,182,-1,149,182,150,-1,150,182,183,-1,150,183,151,-1,151,183,184,-1,151,184,152,-1,152,184,185,-1,152,185,153,-1,153,185,186,-1,153,186,154,-1,154,186,187,-1,154,187,155,-1,155,187,188,-1,155,188,156,-1,156,188,189,-1,156,189,157,-1,157,189,190,-1,157,190,158,-1,158,190,191,-1,158,191,159,-1,159,191,192,-1,159,192,160,-1,160,192,161,-1,192,193,161,-1,161,193,194,-1,161,194,162,-1,162,194,195,-1,162,195,163,-1,163,195,196,-1,163,196,164,-1,164,196,197,-1,164,197,165,-1,165,197,198,-1,165,198,166,-1,166,198,199,-1,166,199,167,-1,167,199,200,-1,167,200,168,-1,168,200,201,-1,168,201,169,-1,169,201,202,-1,169,202,170,-1,170,202,203,-1,170,203,171,-1,171,203,204,-1,171,204,172,-1,172,204,205,-1,172,205,173,-1,173,205,206,-1,173,206,174,-1,174,206,207,-1,174,207,175,-1,175,207,208,-1,175,208,176,-1,176,208,209,-1,176,209,177,-1,177,209,210,-1,177,210,178,-1,178,210,211,-1,178,211,179,-1,179,211,212,-1,179,212,180,-1,180,212,213,-1,180,213,181,-1,181,213,214,-1,181,214,182,-1,182,214,215,-1,182,215,183,-1,183,215,216,-1,183,216,184,-1,184,216,217,-1,184,217,185,-1,185,217,218,-1,185,218,186,-1,186,218,219,-1,186,219,187,-1,187,219,220,-1,187,220,188,-1,188,220,221,-1,188,221,189,-1,189,221,222,-1,189,222,190,-1,190,222,223,-1,190,223,191,-1,191,223,224,-1,191,224,192,-1,192,224,193,-1,224,225,193,-1,193,225,226,-1,193,226,194,-1,194,226,227,-1,194,227,195,-1,195,227,228,-1,195,228,196,-1,196,228,229,-1,196,229,197,-1,197,229,230,-1,197,230,198,-1,198,230,231,-1,198,231,199,-1,199,231,232,-1,199,232,200,-1,200,232,233,-1,200,233,201,-1,201,233,234,-1,201,234,202,-1,202,234,235,-1,202,235,203,-1,203,235,236,-1,203,236,204,-1,204,236,237,-1,204,237,205,-1,205,237,238,-1,205,238,206,-1,206,238,239,-1,206,239,207,-1,207,239,240,-1,207,240,208,-1,208,240,241,-1,208,241,209,-1,209,241,242,-1,209,242,210,-1,210,242,243,-1,210,243,211,-1,211,243,244,-1,211,244,212,-1,212,244,245,-1,212,245,213,-1,213,245,246,-1,213,246,214,-1,214,246,247,-1,214,247,215,-1,215,247,248,-1,215,248,216,-1,216,248,249,-1,216,249,217,-1,217,249,250,-1,217,250,218,-1,218,250,251,-1,218,251,219,-1,219,251,252,-1,219,252,220,-1,220,252,253,-1,220,253,221,-1,221,253,254,-1,221,254,222,-1,222,254,255,-1,222,255,223,-1,223,255,256,-1,223,256,224,-1,224,256,225,-1,256,257,225,-1,225,257,258,-1,225,258,226,-1,226,258,259,-1,226,259,227,-1,227,259,260,-1,227,260,228,-1,228,260,261,-1,228,261,229,-1,229,261,262,-1,229,262,230,-1,230,262,263,-1,230,263,231,-1,231,263,264,-1,231,264,232,-1,232,264,265,-1,232,265,233,-1,233,265,266,-1,233,266,234,-1,234,266,267,-1,234,267,235,-1,235,267,268,-1,235,268,236,-1,236,268,269,-1,236,269,237,-1,237,269,270,-1,237,270,238,-1,238,270,271,-1,238,271,239,-1,239,271,272,-1,239,272,240,-1,240,272,273,-1,240,273,241,-1,241,273,274,-1,241,274,242,-1,242,274,275,-1,242,275,243,-1,243,275,276,-1,243,276,244,-1,244,276,277,-1,244,277,245,-1,245,277,278,-1,245,278,246,-1,246,278,279,-1,246,279,247,-1,247,279,280,-1,247,280,248,-1,248,280,281,-1,248,281,249,-1,249,281,282,-1,249,282,250,-1,250,282,283,-1,250,283,251,-1,251,283,284,-1,251,284,252,-1,252,284,285,-1,252,285,253,-1,253,285,286,-1,253,286,254,-1,254,286,287,-1,254,287,255,-1,255,287,288,-1,255,288,256,-1,256,288,257,-1,288,289,257,-1,257,289,290,-1,257,290,258,-1,258,290,291,-1,258,291,259,-1,259,291,292,-1,259,292,260,-1,260,292,293,-1,260,293,261,-1,261,293,294,-1,261,294,262,-1,262,294,295,-1,262,295,263,-1,263,295,296,-1,263,296,264,-1,264,296,297,-1,264,297,265,-1,265,297,298,-1,265,298,266,-1,266,298,299,-1,266,299,267,-1,267,299,300,-1,267,300,268,-1,268,300,301,-1,268,301,269,-1,269,301,302,-1,269,302,270,-1,270,302,303,-1,270,303,271,-1,271,303,304,-1,271,304,272,-1,272,304,305,-1,272,305,273,-1,273,305,306,-1,273,306,274,-1,274,306,307,-1,274,307,275,-1,275,307,308,-1,275,308,276,-1,276,308,309,-1,276,309,277,-1,277,309,310,-1,277,310,278,-1,278,310,311,-1,278,311,279,-1,279,311,312,-1,279,312,280,-1,280,312,313,-1,280,313,281,-1,281,313,314,-1,281,314,282,-1,282,314,315,-1,282,315,283,-1,283,315,316,-1,283,316,284,-1,284,316,317,-1,284,317,285,-1,285,317,318,-1,285,318,286,-1,286,318,319,-1,286,319,287,-1,287,319,320,-1,287,320,288,-1,288,320,289,-1,320,321,289,-1,289,321,322,-1,289,322,290,-1,290,322,323,-1,290,323,291,-1,291,323,324,-1,291,324,292,-1,292,324,325,-1,292,325,293,-1,293,325,326,-1,293,326,294,-1,294,326,327,-1,294,327,295,-1,295,327,328,-1,295,328,296,-1,296,328,329,-1,296,329,297,-1,297,329,330,-1,297,330,298,-1,298,330,331,-1,298,331,299,-1,299,331,332,-1,299,332,300,-1,300,332,333,-1,300,333,301,-1,301,333,334,-1,301,334,302,-1,302,334,335,-1,302,335,303,-1,303,335,336,-1,303,336,304,-1,304,336,337,-1,304,337,305,-1,305,337,338,-1,305,338,306,-1,306,338,339,-1,306,339,307,-1,307,339,340,-1,307,340,308,-1,308,340,341,-1,308,341,309,-1,309,341,342,-1,309,342,310,-1,310,342,343,-1,310,343,311,-1,311,343,344,-1,311,344,312,-1,312,344,345,-1,312,345,313,-1,313,345,346,-1,313,346,314,-1,314,346,347,-1,314,347,315,-1,315,347,348,-1,315,348,316,-1,316,348,349,-1,316,349,317,-1,317,349,350,-1,317,350,318,-1,318,350,351,-1,318,351,319,-1,319,351,352,-1,319,352,320,-1,320,352,321,-1,352,1,321,-1,321,1,0,-1,321,0,322,-1,322,0,3,-1,322,3,323,-1,323,3,4,-1,323,4,324,-1,324,4,5,-1,324,5,325,-1,325,5,6,-1,325,6,326,-1,326,6,7,-1,326,7,327,-1,327,7,8,-1,327,8,328,-1,328,8,9,-1,328,9,329,-1,329,9,10,-1,329,10,330,-1,330,10,11,-1,330,11,331,-1,331,11,12,-1,331,12,332,-1,332,12,13,-1,332,13,333,-1,333,13,14,-1,333,14,334,-1,334,14,15,-1,334,15,335,-1,335,15,16,-1,335,16,336,-1,336,16,17,-1,336,17,337,-1,337,17,18,-1,337,18,338,-1,338,18,19,-1,338,19,339,-1,339,19,20,-1,339,20,340,-1,340,20,21,-1,340,21,341,-1,341,21,22,-1,341,22,342,-1,342,22,23,-1,342,23,343,-1,343,23,24,-1,343,24,344,-1,344,24,25,-1,344,25,345,-1,345,25,26,-1,345,26,346,-1,346,26,27,-1,346,27,347,-1,347,27,28,-1,347,28,348,-1,348,28,29,-1,348,29,349,-1,349,29,30,-1,349,30,350,-1,350,30,31,-1,350,31,351,-1,351,31,32,-1,351,32,352,-1,352,32,1,-1,353,354,355,-1,353,355,356,-1,357,356,355,-1,358,357,355,-1,359,358,355,-1,360,359,355,-1,361,360,355,-1,362,361,355,-1,363,362,355,-1,364,363,355,-1,365,364,355,-1,366,365,355,-1,367,366,355,-1,368,367,355,-1,369,368,355,-1,370,369,355,-1,371,370,355,-1,372,371,355,-1,373,372,355,-1,374,373,355,-1,375,374,355,-1,376,375,355,-1,377,376,355,-1,378,377,355,-1,379,378,355,-1,380,379,355,-1,381,380,355,-1,382,381,355,-1,383,382,355,-1,384,383,355,-1,385,384,355,-1,354,385,355,-1,386,387,388,-1,388,387,389,-1,388,389,390,-1,390,389,391,-1,390,391,392,-1,392,391,393,-1,392,393,394,-1,394,393,395,-1,394,395,396,-1,396,395,397,-1,396,397,398,-1,398,397,399,-1,398,399,400,-1,400,399,401,-1,400,401,402,-1,402,401,403,-1,402,403,404,-1,404,403,405,-1,404,405,406,-1,406,405,407,-1,406,407,408,-1,408,407,409,-1,408,409,410,-1,410,409,411,-1,410,411,412,-1,412,411,413,-1,412,413,414,-1,414,413,415,-1,414,415,416,-1,416,415,417,-1,416,417,418,-1,418,417,419,-1,418,419,420,-1,420,419,421,-1,420,421,422,-1,422,421,423,-1,422,423,424,-1,424,423,425,-1,424,425,426,-1,426,425,427,-1,426,427,428,-1,428,427,429,-1,428,429,430,-1,430,429,431,-1,430,431,432,-1,432,431,433,-1,432,433,434,-1,434,433,435,-1,434,435,436,-1,436,435,437,-1,436,437,438,-1,438,437,439,-1,438,439,440,-1,440,439,441,-1,440,441,442,-1,442,441,443,-1,442,443,444,-1,444,443,445,-1,444,445,446,-1,446,445,447,-1,446,447,448,-1,448,447,449,-1,448,449,386,-1,386,449,387,-1,449,450,387,-1,387,450,451,-1,387,451,389,-1,389,451,452,-1,389,452,391,-1,391,452,453,-1,391,453,393,-1,393,453,454,-1,393,454,395,-1,395,454,455,-1,395,455,397,-1,397,455,456,-1,397,456,399,-1,399,456,457,-1,399,457,401,-1,401,457,458,-1,401,458,403,-1,403,458,459,-1,403,459,405,-1,405,459,460,-1,405,460,407,-1,407,460,461,-1,407,461,409,-1,409,461,462,-1,409,462,411,-1,411,462,463,-1,411,463,413,-1,413,463,464,-1,413,464,415,-1,415,464,465,-1,415,465,417,-1,417,465,466,-1,417,466,419,-1,419,466,467,-1,419,467,421,-1,421,467,468,-1,421,468,423,-1,423,468,469,-1,423,469,425,-1,425,469,470,-1,425,470,427,-1,427,470,471,-1,427,471,429,-1,429,471,472,-1,429,472,431,-1,431,472,473,-1,431,473,433,-1,433,473,474,-1,433,474,435,-1,435,474,475,-1,435,475,437,-1,437,475,476,-1,437,476,439,-1,439,476,477,-1,439,477,441,-1,441,477,478,-1,441,478,443,-1,443,478,479,-1,443,479,445,-1,445,479,480,-1,445,480,447,-1,447,480,481,-1,447,481,449,-1,449,481,450,-1,481,482,450,-1,450,482,483,-1,450,483,451,-1,451,483,484,-1,451,484,452,-1,452,484,485,-1,452,485,453,-1,453,485,486,-1,453,486,454,-1,454,486,487,-1,454,487,455,-1,455,487,488,-1,455,488,456,-1,456,488,489,-1,456,489,457,-1,457,489,490,-1,457,490,458,-1,458,490,491,-1,458,491,459,-1,459,491,492,-1,459,492,460,-1,460,492,493,-1,460,493,461,-1,461,493,494,-1,461,494,462,-1,462,494,495,-1,462,495,463,-1,463,495,496,-1,463,496,464,-1,464,496,497,-1,464,497,465,-1,465,497,498,-1,465,498,466,-1,466,498,499,-1,466,499,467,-1,467,499,500,-1,467,500,468,-1,468,500,501,-1,468,501,469,-1,469,501,502,-1,469,502,470,-1,470,502,503,-1,470,503,471,-1,471,503,504,-1,471,504,472,-1,472,504,505,-1,472,505,473,-1,473,505,506,-1,473,506,474,-1,474,506,507,-1,474,507,475,-1,475,507,508,-1,475,508,476,-1,476,508,509,-1,476,509,477,-1,477,509,510,-1,477,510,478,-1,478,510,511,-1,478,511,479,-1,479,511,512,-1,479,512,480,-1,480,512,513,-1,480,513,481,-1,481,513,482,-1,513,514,482,-1,482,514,515,-1,482,515,483,-1,483,515,516,-1,483,516,484,-1,484,516,517,-1,484,517,485,-1,485,517,518,-1,485,518,486,-1,486,518,519,-1,486,519,487,-1,487,519,520,-1,487,520,488,-1,488,520,521,-1,488,521,489,-1,489,521,522,-1,489,522,490,-1,490,522,523,-1,490,523,491,-1,491,523,524,-1,491,524,492,-1,492,524,525,-1,492,525,493,-1,493,525,526,-1,493,526,494,-1,494,526,527,-1,494,527,495,-1,495,527,528,-1,495,528,496,-1,496,528,529,-1,496,529,497,-1,497,529,530,-1,497,530,498,-1,498,530,531,-1,498,531,499,-1,499,531,532,-1,499,532,500,-1,500,532,533,-1,500,533,501,-1,501,533,534,-1,501,534,502,-1,502,534,535,-1,502,535,503,-1,503,535,536,-1,503,536,504,-1,504,536,537,-1,504,537,505,-1,505,537,538,-1,505,538,506,-1,506,538,539,-1,506,539,507,-1,507,539,540,-1,507,540,508,-1,508,540,541,-1,508,541,509,-1,509,541,542,-1,509,542,510,-1,510,542,543,-1,510,543,511,-1,511,543,544,-1,511,544,512,-1,512,544,545,-1,512,545,513,-1,513,545,514,-1,545,546,514,-1,514,546,547,-1,514,547,515,-1,515,547,548,-1,515,548,516,-1,516,548,549,-1,516,549,517,-1,517,549,550,-1,517,550,518,-1,518,550,551,-1,518,551,519,-1,519,551,552,-1,519,552,520,-1,520,552,553,-1,520,553,521,-1,521,553,554,-1,521,554,522,-1,522,554,555,-1,522,555,523,-1,523,555,556,-1,523,556,524,-1,524,556,557,-1,524,557,525,-1,525,557,558,-1,525,558,526,-1,526,558,559,-1,526,559,527,-1,527,559,560,-1,527,560,528,-1,528,560,561,-1,528,561,529,-1,529,561,562,-1,529,562,530,-1,530,562,563,-1,530,563,531,-1,531,563,564,-1,531,564,532,-1,532,564,565,-1,532,565,533,-1,533,565,566,-1,533,566,534,-1,534,566,567,-1,534,567,535,-1,535,567,568,-1,535,568,536,-1,536,568,569,-1,536,569,537,-1,537,569,570,-1,537,570,538,-1,538,570,571,-1,538,571,539,-1,539,571,572,-1,539,572,540,-1,540,572,573,-1,540,573,541,-1,541,573,574,-1,541,574,542,-1,542,574,575,-1,542,575,543,-1,543,575,576,-1,543,576,544,-1,544,576,577,-1,544,577,545,-1,545,577,546,-1,577,578,546,-1,546,578,579,-1,546,579,547,-1,547,579,580,-1,547,580,548,-1,548,580,581,-1,548,581,549,-1,549,581,582,-1,549,582,550,-1,550,582,583,-1,550,583,551,-1,551,583,584,-1,551,584,552,-1,552,584,585,-1,552,585,553,-1,553,585,586,-1,553,586,554,-1,554,586,587,-1,554,587,555,-1,555,587,588,-1,555,588,556,-1,556,588,589,-1,556,589,557,-1,557,589,590,-1,557,590,558,-1,558,590,591,-1,558,591,559,-1,559,591,592,-1,559,592,560,-1,560,592,593,-1,560,593,561,-1,561,593,594,-1,561,594,562,-1,562,594,595,-1,562,595,563,-1,563,595,596,-1,563,596,564,-1,564,596,597,-1,564,597,565,-1,565,597,598,-1,565,598,566,-1,566,598,599,-1,566,599,567,-1,567,599,600,-1,567,600,568,-1,568,600,601,-1,568,601,569,-1,569,601,602,-1,569,602,570,-1,570,602,603,-1,570,603,571,-1,571,603,604,-1,571,604,572,-1,572,604,605,-1,572,605,573,-1,573,605,606,-1,573,606,574,-1,574,606,607,-1,574,607,575,-1,575,607,608,-1,575,608,576,-1,576,608,609,-1,576,609,577,-1,577,609,578,-1,609,610,578,-1,578,610,611,-1,578,611,579,-1,579,611,612,-1,579,612,580,-1,580,612,613,-1,580,613,581,-1,581,613,614,-1,581,614,582,-1,582,614,615,-1,582,615,583,-1,583,615,616,-1,583,616,584,-1,584,616,617,-1,584,617,585,-1,585,617,618,-1,585,618,586,-1,586,618,619,-1,586,619,587,-1,587,619,620,-1,587,620,588,-1,588,620,621,-1,588,621,589,-1,589,621,622,-1,589,622,590,-1,590,622,623,-1,590,623,591,-1,591,623,624,-1,591,624,592,-1,592,624,625,-1,592,625,593,-1,593,625,626,-1,593,626,594,-1,594,626,627,-1,594,627,595,-1,595,627,628,-1,595,628,596,-1,596,628,629,-1,596,629,597,-1,597,629,630,-1,597,630,598,-1,598,630,631,-1,598,631,599,-1,599,631,632,-1,599,632,600,-1,600,632,633,-1,600,633,601,-1,601,633,634,-1,601,634,602,-1,602,634,635,-1,602,635,603,-1,603,635,636,-1,603,636,604,-1,604,636,637,-1,604,637,605,-1,605,637,638,-1,605,638,606,-1,606,638,639,-1,606,639,607,-1,607,639,640,-1,607,640,608,-1,608,640,641,-1,608,641,609,-1,609,641,610,-1,641,642,610,-1,610,642,643,-1,610,643,611,-1,611,643,644,-1,611,644,612,-1,612,644,645,-1,612,645,613,-1,613,645,646,-1,613,646,614,-1,614,646,647,-1,614,647,615,-1,615,647,648,-1,615,648,616,-1,616,648,649,-1,616,649,617,-1,617,649,650,-1,617,650,618,-1,618,650,651,-1,618,651,619,-1,619,651,652,-1,619,652,620,-1,620,652,653,-1,620,653,621,-1,621,653,654,-1,621,654,622,-1,622,654,655,-1,622,655,623,-1,623,655,656,-1,623,656,624,-1,624,656,657,-1,624,657,625,-1,625,657,658,-1,625,658,626,-1,626,658,659,-1,626,659,627,-1,627,659,660,-1,627,660,628,-1,628,660,661,-1,628,661,629,-1,629,661,662,-1,629,662,630,-1,630,662,663,-1,630,663,631,-1,631,663,664,-1,631,664,632,-1,632,664,665,-1,632,665,633,-1,633,665,666,-1,633,666,634,-1,634,666,667,-1,634,667,635,-1,635,667,668,-1,635,668,636,-1,636,668,669,-1,636,669,637,-1,637,669,670,-1,637,670,638,-1,638,670,671,-1,638,671,639,-1,639,671,672,-1,639,672,640,-1,640,672,673,-1,640,673,641,-1,641,673,642,-1,673,674,642,-1,642,674,675,-1,642,675,643,-1,643,675,676,-1,643,676,644,-1,644,676,677,-1,644,677,645,-1,645,677,678,-1,645,678,646,-1,646,678,679,-1,646,679,647,-1,647,679,680,-1,647,680,648,-1,648,680,681,-1,648,681,649,-1,649,681,682,-1,649,682,650,-1,650,682,683,-1,650,683,651,-1,651,683,684,-1,651,684,652,-1,652,684,685,-1,652,685,653,-1,653,685,686,-1,653,686,654,-1,654,686,687,-1,654,687,655,-1,655,687,688,-1,655,688,656,-1,656,688,689,-1,656,689,657,-1,657,689,690,-1,657,690,658,-1,658,690,691,-1,658,691,659,-1,659,691,692,-1,659,692,660,-1,660,692,693,-1,660,693,661,-1,661,693,694,-1,661,694,662,-1,662,694,695,-1,662,695,663,-1,663,695,696,-1,663,696,664,-1,664,696,697,-1,664,697,665,-1,665,697,698,-1,665,698,666,-1,666,698,699,-1,666,699,667,-1,667,699,700,-1,667,700,668,-1,668,700,701,-1,668,701,669,-1,669,701,702,-1,669,702,670,-1,670,702,703,-1,670,703,671,-1,671,703,704,-1,671,704,672,-1,672,704,705,-1,672,705,673,-1,673,705,674,-1,705,354,674,-1,674,354,353,-1,674,353,675,-1,675,353,356,-1,675,356,676,-1,676,356,357,-1,676,357,677,-1,677,357,358,-1,677,358,678,-1,678,358,359,-1,678,359,679,-1,679,359,360,-1,679,360,680,-1,680,360,361,-1,680,361,681,-1,681,361,362,-1,681,362,682,-1,682,362,363,-1,682,363,683,-1,683,363,364,-1,683,364,684,-1,684,364,365,-1,684,365,685,-1,685,365,366,-1,685,366,686,-1,686,366,367,-1,686,367,687,-1,687,367,368,-1,687,368,688,-1,688,368,369,-1,688,369,689,-1,689,369,370,-1,689,370,690,-1,690,370,371,-1,690,371,691,-1,691,371,372,-1,691,372,692,-1,692,372,373,-1,692,373,693,-1,693,373,374,-1,693,374,694,-1,694,374,375,-1,694,375,695,-1,695,375,376,-1,695,376,696,-1,696,376,377,-1,696,377,697,-1,697,377,378,-1,697,378,698,-1,698,378,379,-1,698,379,699,-1,699,379,380,-1,699,380,700,-1,700,380,381,-1,700,381,701,-1,701,381,382,-1,701,382,702,-1,702,382,383,-1,702,383,703,-1,703,383,384,-1,703,384,704,-1,704,384,385,-1,704,385,705,-1,705,385,354,-1,706,707,708,-1,706,708,709,-1,710,709,708,-1,711,710,708,-1,712,711,708,-1,713,712,708,-1,714,713,708,-1,715,714,708,-1,716,715,708,-1,717,716,708,-1,718,717,708,-1,719,718,708,-1,720,719,708,-1,721,720,708,-1,722,721,708,-1,723,722,708,-1,724,723,708,-1,725,724,708,-1,726,725,708,-1,727,726,708,-1,728,727,708,-1,729,728,708,-1,730,729,708,-1,731,730,708,-1,732,731,708,-1,733,732,708,-1,734,733,708,-1,735,734,708,-1,736,735,708,-1,737,736,708,-1,738,737,708,-1,707,738,708,-1,739,740,741,-1,741,740,742,-1,741,742,743,-1,743,742,744,-1,743,744,745,-1,745,744,746,-1,745,746,747,-1,747,746,748,-1,747,748,749,-1,749,748,750,-1,749,750,751,-1,751,750,752,-1,751,752,753,-1,753,752,754,-1,753,754,755,-1,755,754,756,-1,755,756,757,-1,757,756,758,-1,757,758,759,-1,759,758,760,-1,759,760,761,-1,761,760,762,-1,761,762,763,-1,763,762,764,-1,763,764,765,-1,765,764,766,-1,765,766,767,-1,767,766,768,-1,767,768,769,-1,769,768,770,-1,769,770,771,-1,771,770,772,-1,771,772,773,-1,773,772,774,-1,773,774,775,-1,775,774,776,-1,775,776,777,-1,777,776,778,-1,777,778,779,-1,779,778,780,-1,779,780,781,-1,781,780,782,-1,781,782,783,-1,783,782,784,-1,783,784,785,-1,785,784,786,-1,785,786,787,-1,787,786,788,-1,787,788,789,-1,789,788,790,-1,789,790,791,-1,791,790,792,-1,791,792,793,-1,793,792,794,-1,793,794,795,-1,795,794,796,-1,795,796,797,-1,797,796,798,-1,797,798,799,-1,799,798,800,-1,799,800,801,-1,801,800,802,-1,801,802,739,-1,739,802,740,-1,802,803,740,-1,740,803,804,-1,740,804,742,-1,742,804,805,-1,742,805,744,-1,744,805,806,-1,744,806,746,-1,746,806,807,-1,746,807,748,-1,748,807,808,-1,748,808,750,-1,750,808,809,-1,750,809,752,-1,752,809,810,-1,752,810,754,-1,754,810,811,-1,754,811,756,-1,756,811,812,-1,756,812,758,-1,758,812,813,-1,758,813,760,-1,760,813,814,-1,760,814,762,-1,762,814,815,-1,762,815,764,-1,764,815,816,-1,764,816,766,-1,766,816,817,-1,766,817,768,-1,768,817,818,-1,768,818,770,-1,770,818,819,-1,770,819,772,-1,772,819,820,-1,772,820,774,-1,774,820,821,-1,774,821,776,-1,776,821,822,-1,776,822,778,-1,778,822,823,-1,778,823,780,-1,780,823,824,-1,780,824,782,-1,782,824,825,-1,782,825,784,-1,784,825,826,-1,784,826,786,-1,786,826,827,-1,786,827,788,-1,788,827,828,-1,788,828,790,-1,790,828,829,-1,790,829,792,-1,792,829,830,-1,792,830,794,-1,794,830,831,-1,794,831,796,-1,796,831,832,-1,796,832,798,-1,798,832,833,-1,798,833,800,-1,800,833,834,-1,800,834,802,-1,802,834,803,-1,834,835,803,-1,803,835,836,-1,803,836,804,-1,804,836,837,-1,804,837,805,-1,805,837,838,-1,805,838,806,-1,806,838,839,-1,806,839,807,-1,807,839,840,-1,807,840,808,-1,808,840,841,-1,808,841,809,-1,809,841,842,-1,809,842,810,-1,810,842,843,-1,810,843,811,-1,811,843,844,-1,811,844,812,-1,812,844,845,-1,812,845,813,-1,813,845,846,-1,813,846,814,-1,814,846,847,-1,814,847,815,-1,815,847,848,-1,815,848,816,-1,816,848,849,-1,816,849,817,-1,817,849,850,-1,817,850,818,-1,818,850,851,-1,818,851,819,-1,819,851,852,-1,819,852,820,-1,820,852,853,-1,820,853,821,-1,821,853,854,-1,821,854,822,-1,822,854,855,-1,822,855,823,-1,823,855,856,-1,823,856,824,-1,824,856,857,-1,824,857,825,-1,825,857,858,-1,825,858,826,-1,826,858,859,-1,826,859,827,-1,827,859,860,-1,827,860,828,-1,828,860,861,-1,828,861,829,-1,829,861,862,-1,829,862,830,-1,830,862,863,-1,830,863,831,-1,831,863,864,-1,831,864,832,-1,832,864,865,-1,832,865,833,-1,833,865,866,-1,833,866,834,-1,834,866,835,-1,866,867,835,-1,835,867,868,-1,835,868,836,-1,836,868,869,-1,836,869,837,-1,837,869,870,-1,837,870,838,-1,838,870,871,-1,838,871,839,-1,839,871,872,-1,839,872,840,-1,840,872,873,-1,840,873,841,-1,841,873,874,-1,841,874,842,-1,842,874,875,-1,842,875,843,-1,843,875,876,-1,843,876,844,-1,844,876,877,-1,844,877,845,-1,845,877,878,-1,845,878,846,-1,846,878,879,-1,846,879,847,-1,847,879,880,-1,847,880,848,-1,848,880,881,-1,848,881,849,-1,849,881,882,-1,849,882,850,-1,850,882,883,-1,850,883,851,-1,851,883,884,-1,851,884,852,-1,852,884,885,-1,852,885,853,-1,853,885,886,-1,853,886,854,-1,854,886,887,-1,854,887,855,-1,855,887,888,-1,855,888,856,-1,856,888,889,-1,856,889,857,-1,857,889,890,-1,857,890,858,-1,858,890,891,-1,858,891,859,-1,859,891,892,-1,859,892,860,-1,860,892,893,-1,860,893,861,-1,861,893,894,-1,861,894,862,-1,862,894,895,-1,862,895,863,-1,863,895,896,-1,863,896,864,-1,864,896,897,-1,864,897,865,-1,865,897,898,-1,865,898,866,-1,866,898,867,-1,898,899,867,-1,867,899,900,-1,867,900,868,-1,868,900,901,-1,868,901,869,-1,869,901,902,-1,869,902,870,-1,870,902,903,-1,870,903,871,-1,871,903,904,-1,871,904,872,-1,872,904,905,-1,872,905,873,-1,873,905,906,-1,873,906,874,-1,874,906,907,-1,874,907,875,-1,875,907,908,-1,875,908,876,-1,876,908,909,-1,876,909,877,-1,877,909,910,-1,877,910,878,-1,878,910,911,-1,878,911,879,-1,879,911,912,-1,879,912,880,-1,880,912,913,-1,880,913,881,-1,881,913,914,-1,881,914,882,-1,882,914,915,-1,882,915,883,-1,883,915,916,-1,883,916,884,-1,884,916,917,-1,884,917,885,-1,885,917,918,-1,885,918,886,-1,886,918,919,-1,886,919,887,-1,887,919,920,-1,887,920,888,-1,888,920,921,-1,888,921,889,-1,889,921,922,-1,889,922,890,-1,890,922,923,-1,890,923,891,-1,891,923,924,-1,891,924,892,-1,892,924,925,-1,892,925,893,-1,893,925,926,-1,893,926,894,-1,894,926,927,-1,894,927,895,-1,895,927,928,-1,895,928,896,-1,896,928,929,-1,896,929,897,-1,897,929,930,-1,897,930,898,-1,898,930,899,-1,930,931,899,-1,899,931,932,-1,899,932,900,-1,900,932,933,-1,900,933,901,-1,901,933,934,-1,901,934,902,-1,902,934,935,-1,902,935,903,-1,903,935,936,-1,903,936,904,-1,904,936,937,-1,904,937,905,-1,905,937,938,-1,905,938,906,-1,906,938,939,-1,906,939,907,-1,907,939,940,-1,907,940,908,-1,908,940,941,-1,908,941,909,-1,909,941,942,-1,909,942,910,-1,910,942,943,-1,910,943,911,-1,911,943,944,-1,911,944,912,-1,912,944,945,-1,912,945,913,-1,913,945,946,-1,913,946,914,-1,914,946,947,-1,914,947,915,-1,915,947,948,-1,915,948,916,-1,916,948,949,-1,916,949,917,-1,917,949,950,-1,917,950,918,-1,918,950,951,-1,918,951,919,-1,919,951,952,-1,919,952,920,-1,920,952,953,-1,920,953,921,-1,921,953,954,-1,921,954,922,-1,922,954,955,-1,922,955,923,-1,923,955,956,-1,923,956,924,-1,924,956,957,-1,924,957,925,-1,925,957,958,-1,925,958,926,-1,926,958,959,-1,926,959,927,-1,927,959,960,-1,927,960,928,-1,928,960,961,-1,928,961,929,-1,929,961,962,-1,929,962,930,-1,930,962,931,-1,962,963,931,-1,931,963,964,-1,931,964,932,-1,932,964,965,-1,932,965,933,-1,933,965,966,-1,933,966,934,-1,934,966,967,-1,934,967,935,-1,935,967,968,-1,935,968,936,-1,936,968,969,-1,936,969,937,-1,937,969,970,-1,937,970,938,-1,938,970,971,-1,938,971,939,-1,939,971,972,-1,939,972,940,-1,940,972,973,-1,940,973,941,-1,941,973,974,-1,941,974,942,-1,942,974,975,-1,942,975,943,-1,943,975,976,-1,943,976,944,-1,944,976,977,-1,944,977,945,-1,945,977,978,-1,945,978,946,-1,946,978,979,-1,946,979,947,-1,947,979,980,-1,947,980,948,-1,948,980,981,-1,948,981,949,-1,949,981,982,-1,949,982,950,-1,950,982,983,-1,950,983,951,-1,951,983,984,-1,951,984,952,-1,952,984,985,-1,952,985,953,-1,953,985,986,-1,953,986,954,-1,954,986,987,-1,954,987,955,-1,955,987,988,-1,955,988,956,-1,956,988,989,-1,956,989,957,-1,957,989,990,-1,957,990,958,-1,958,990,991,-1,958,991,959,-1,959,991,992,-1,959,992,960,-1,960,992,993,-1,960,993,961,-1,961,993,994,-1,961,994,962,-1,962,994,963,-1,994,995,963,-1,963,995,996,-1,963,996,964,-1,964,996,997,-1,964,997,965,-1,965,997,998,-1,965,998,966,-1,966,998,999,-1,966,999,967,-1,967,999,1000,-1,967,1000,968,-1,968,1000,1001,-1,968,1001,969,-1,969,1001,1002,-1,969,1002,970,-1,970,1002,1003,-1,970,1003,971,-1,971,1003,1004,-1,971,1004,972,-1,972,1004,1005,-1,972,1005,973,-1,973,1005,1006,-1,973,1006,974,-1,974,1006,1007,-1,974,1007,975,-1,975,1007,1008,-1,975,1008,976,-1,976,1008,1009,-1,976,1009,977,-1,977,1009,1010,-1,977,1010,978,-1,978,1010,1011,-1,978,1011,979,-1,979,1011,1012,-1,979,1012,980,-1,980,1012,1013,-1,980,1013,981,-1,981,1013,1014,-1,981,1014,982,-1,982,1014,1015,-1,982,1015,983,-1,983,1015,1016,-1,983,1016,984,-1,984,1016,1017,-1,984,1017,985,-1,985,1017,1018,-1,985,1018,986,-1,986,1018,1019,-1,986,1019,987,-1,987,1019,1020,-1,987,1020,988,-1,988,1020,1021,-1,988,1021,989,-1,989,1021,1022,-1,989,1022,990,-1,990,1022,1023,-1,990,1023,991,-1,991,1023,1024,-1,991,1024,992,-1,992,1024,1025,-1,992,1025,993,-1,993,1025,1026,-1,993,1026,994,-1,994,1026,995,-1,1026,1027,995,-1,995,1027,1028,-1,995,1028,996,-1,996,1028,1029,-1,996,1029,997,-1,997,1029,1030,-1,997,1030,998,-1,998,1030,1031,-1,998,1031,999,-1,999,1031,1032,-1,999,1032,1000,-1,1000,1032,1033,-1,1000,1033,1001,-1,1001,1033,1034,-1,1001,1034,1002,-1,1002,1034,1035,-1,1002,1035,1003,-1,1003,1035,1036,-1,1003,1036,1004,-1,1004,1036,1037,-1,1004,1037,1005,-1,1005,1037,1038,-1,1005,1038,1006,-1,1006,1038,1039,-1,1006,1039,1007,-1,1007,1039,1040,-1,1007,1040,1008,-1,1008,1040,1041,-1,1008,1041,1009,-1,1009,1041,1042,-1,1009,1042,1010,-1,1010,1042,1043,-1,1010,1043,1011,-1,1011,1043,1044,-1,1011,1044,1012,-1,1012,1044,1045,-1,1012,1045,1013,-1,1013,1045,1046,-1,1013,1046,1014,-1,1014,1046,1047,-1,1014,1047,1015,-1,1015,1047,1048,-1,1015,1048,1016,-1,1016,1048,1049,-1,1016,1049,1017,-1,1017,1049,1050,-1,1017,1050,1018,-1,1018,1050,1051,-1,1018,1051,1019,-1,1019,1051,1052,-1,1019,1052,1020,-1,1020,1052,1053,-1,1020,1053,1021,-1,1021,1053,1054,-1,1021,1054,1022,-1,1022,1054,1055,-1,1022,1055,1023,-1,1023,1055,1056,-1,1023,1056,1024,-1,1024,1056,1057,-1,1024,1057,1025,-1,1025,1057,1058,-1,1025,1058,1026,-1,1026,1058,1027,-1,1058,707,1027,-1,1027,707,706,-1,1027,706,1028,-1,1028,706,709,-1,1028,709,1029,-1,1029,709,710,-1,1029,710,1030,-1,1030,710,711,-1,1030,711,1031,-1,1031,711,712,-1,1031,712,1032,-1,1032,712,713,-1,1032,713,1033,-1,1033,713,714,-1,1033,714,1034,-1,1034,714,715,-1,1034,715,1035,-1,1035,715,716,-1,1035,716,1036,-1,1036,716,717,-1,1036,717,1037,-1,1037,717,718,-1,1037,718,1038,-1,1038,718,719,-1,1038,719,1039,-1,1039,719,720,-1,1039,720,1040,-1,1040,720,721,-1,1040,721,1041,-1,1041,721,722,-1,1041,722,1042,-1,1042,722,723,-1,1042,723,1043,-1,1043,723,724,-1,1043,724,1044,-1,1044,724,725,-1,1044,725,1045,-1,1045,725,726,-1,1045,726,1046,-1,1046,726,727,-1,1046,727,1047,-1,1047,727,728,-1,1047,728,1048,-1,1048,728,729,-1,1048,729,1049,-1,1049,729,730,-1,1049,730,1050,-1,1050,730,731,-1,1050,731,1051,-1,1051,731,732,-1,1051,732,1052,-1,1052,732,733,-1,1052,733,1053,-1,1053,733,734,-1,1053,734,1054,-1,1054,734,735,-1,1054,735,1055,-1,1055,735,736,-1,1055,736,1056,-1,1056,736,737,-1,1056,737,1057,-1,1057,737,738,-1,1057,738,1058,-1,1058,738,707,-1,1059,1060,1061,-1,1059,1061,1062,-1,1063,1062,1061,-1,1064,1063,1061,-1,1065,1064,1061,-1,1066,1065,1061,-1,1067,1066,1061,-1,1068,1067,1061,-1,1069,1068,1061,-1,1070,1069,1061,-1,1071,1070,1061,-1,1072,1071,1061,-1,1073,1072,1061,-1,1074,1073,1061,-1,1075,1074,1061,-1,1076,1075,1061,-1,1077,1076,1061,-1,1078,1077,1061,-1,1079,1078,1061,-1,1080,1079,1061,-1,1081,1080,1061,-1,1082,1081,1061,-1,1083,1082,1061,-1,1084,1083,1061,-1,1085,1084,1061,-1,1086,1085,1061,-1,1087,1086,1061,-1,1088,1087,1061,-1,1089,1088,1061,-1,1090,1089,1061,-1,1091,1090,1061,-1,1060,1091,1061,-1,1092,1093,1094,-1,1094,1093,1095,-1,1094,1095,1096,-1,1096,1095,1097,-1,1096,1097,1098,-1,1098,1097,1099,-1,1098,1099,1100,-1,1099,1101,1100,-1,1100,1101,1102,-1,1100,1102,1103,-1,1103,1102,1104,-1,1103,1104,1105,-1,1105,1104,1106,-1,1105,1106,1107,-1,1107,1106,1108,-1,1107,1108,1109,-1,1109,1108,1110,-1,1109,1110,1111,-1,1110,1112,1111,-1,1111,1112,1113,-1,1111,1113,1114,-1,1114,1113,1115,-1,1114,1115,1116,-1,1116,1115,1117,-1,1116,1117,1118,-1,1118,1117,1119,-1,1118,1119,1120,-1,1119,1121,1120,-1,1120,1121,1122,-1,1120,1122,1123,-1,1123,1122,1124,-1,1123,1124,1125,-1,1125,1124,1126,-1,1125,1126,1127,-1,1126,1128,1127,-1,1127,1128,1129,-1,1127,1129,1130,-1,1130,1129,1131,-1,1130,1131,1132,-1,1132,1131,1133,-1,1132,1133,1134,-1,1134,1133,1135,-1,1134,1135,1136,-1,1136,1135,1137,-1,1136,1137,1138,-1,1137,1139,1138,-1,1138,1139,1140,-1,1138,1140,1141,-1,1141,1140,1142,-1,1141,1142,1143,-1,1143,1142,1144,-1,1143,1144,1145,-1,1144,1146,1145,-1,1145,1146,1147,-1,1145,1147,1148,-1,1148,1147,1149,-1,1148,1149,1150,-1,1150,1149,1151,-1,1150,1151,1152,-1,1152,1151,1153,-1,1152,1153,1154,-1,1154,1153,1155,-1,1154,1155,1156,-1,1155,1157,1156,-1,1156,1157,1158,-1,1156,1158,1159,-1,1159,1158,1160,-1,1159,1160,1161,-1,1161,1160,1162,-1,1161,1162,1092,-1,1092,1162,1163,-1,1092,1163,1093,-1,1159,1164,1156,-1,1156,1164,1165,-1,1156,1165,1154,-1,1154,1165,1166,-1,1154,1166,1152,-1,1152,1166,1167,-1,1152,1167,1150,-1,1150,1167,1168,-1,1150,1168,1148,-1,1148,1168,1169,-1,1148,1169,1145,-1,1145,1169,1170,-1,1145,1170,1143,-1,1143,1170,1171,-1,1143,1171,1141,-1,1141,1171,1172,-1,1141,1172,1138,-1,1138,1172,1173,-1,1138,1173,1136,-1,1136,1173,1174,-1,1136,1174,1134,-1,1134,1174,1175,-1,1134,1175,1132,-1,1132,1175,1176,-1,1132,1176,1130,-1,1130,1176,1177,-1,1130,1177,1127,-1,1127,1177,1178,-1,1127,1178,1125,-1,1125,1178,1179,-1,1125,1179,1123,-1,1123,1179,1180,-1,1123,1180,1120,-1,1120,1180,1181,-1,1120,1181,1118,-1,1118,1181,1182,-1,1118,1182,1116,-1,1116,1182,1183,-1,1116,1183,1114,-1,1114,1183,1184,-1,1114,1184,1111,-1,1111,1184,1185,-1,1111,1185,1109,-1,1109,1185,1186,-1,1109,1186,1107,-1,1107,1186,1187,-1,1107,1187,1105,-1,1105,1187,1188,-1,1105,1188,1103,-1,1103,1188,1189,-1,1103,1189,1100,-1,1100,1189,1190,-1,1100,1190,1098,-1,1098,1190,1191,-1,1098,1191,1096,-1,1096,1191,1192,-1,1096,1192,1094,-1,1094,1192,1193,-1,1094,1193,1092,-1,1092,1193,1194,-1,1092,1194,1161,-1,1161,1194,1195,-1,1161,1195,1159,-1,1159,1195,1164,-1,1195,1196,1164,-1,1164,1196,1197,-1,1164,1197,1165,-1,1165,1197,1198,-1,1165,1198,1166,-1,1166,1198,1199,-1,1166,1199,1167,-1,1167,1199,1200,-1,1167,1200,1168,-1,1168,1200,1201,-1,1168,1201,1169,-1,1169,1201,1202,-1,1169,1202,1170,-1,1170,1202,1203,-1,1170,1203,1171,-1,1171,1203,1204,-1,1171,1204,1172,-1,1172,1204,1205,-1,1172,1205,1173,-1,1173,1205,1206,-1,1173,1206,1174,-1,1174,1206,1207,-1,1174,1207,1175,-1,1175,1207,1208,-1,1175,1208,1176,-1,1176,1208,1209,-1,1176,1209,1177,-1,1177,1209,1210,-1,1177,1210,1178,-1,1178,1210,1211,-1,1178,1211,1179,-1,1179,1211,1212,-1,1179,1212,1180,-1,1180,1212,1213,-1,1180,1213,1181,-1,1181,1213,1214,-1,1181,1214,1182,-1,1182,1214,1215,-1,1182,1215,1183,-1,1183,1215,1216,-1,1183,1216,1184,-1,1184,1216,1217,-1,1184,1217,1185,-1,1185,1217,1218,-1,1185,1218,1186,-1,1186,1218,1219,-1,1186,1219,1187,-1,1187,1219,1220,-1,1187,1220,1188,-1,1188,1220,1221,-1,1188,1221,1189,-1,1189,1221,1222,-1,1189,1222,1190,-1,1190,1222,1223,-1,1190,1223,1191,-1,1191,1223,1224,-1,1191,1224,1192,-1,1192,1224,1225,-1,1192,1225,1193,-1,1193,1225,1226,-1,1193,1226,1194,-1,1194,1226,1227,-1,1194,1227,1195,-1,1195,1227,1196,-1,1227,1228,1196,-1,1196,1228,1229,-1,1196,1229,1197,-1,1197,1229,1230,-1,1197,1230,1198,-1,1198,1230,1231,-1,1198,1231,1199,-1,1199,1231,1232,-1,1199,1232,1200,-1,1200,1232,1233,-1,1200,1233,1201,-1,1201,1233,1234,-1,1201,1234,1202,-1,1202,1234,1235,-1,1202,1235,1203,-1,1203,1235,1236,-1,1203,1236,1204,-1,1204,1236,1237,-1,1204,1237,1205,-1,1205,1237,1238,-1,1205,1238,1206,-1,1206,1238,1239,-1,1206,1239,1207,-1,1207,1239,1240,-1,1207,1240,1208,-1,1208,1240,1241,-1,1208,1241,1209,-1,1209,1241,1242,-1,1209,1242,1210,-1,1210,1242,1243,-1,1210,1243,1211,-1,1211,1243,1244,-1,1211,1244,1212,-1,1212,1244,1245,-1,1212,1245,1213,-1,1213,1245,1246,-1,1213,1246,1214,-1,1214,1246,1247,-1,1214,1247,1215,-1,1215,1247,1248,-1,1215,1248,1216,-1,1216,1248,1249,-1,1216,1249,1217,-1,1217,1249,1250,-1,1217,1250,1218,-1,1218,1250,1251,-1,1218,1251,1219,-1,1219,1251,1252,-1,1219,1252,1220,-1,1220,1252,1253,-1,1220,1253,1221,-1,1221,1253,1254,-1,1221,1254,1222,-1,1222,1254,1255,-1,1222,1255,1223,-1,1223,1255,1256,-1,1223,1256,1224,-1,1224,1256,1257,-1,1224,1257,1225,-1,1225,1257,1258,-1,1225,1258,1226,-1,1226,1258,1259,-1,1226,1259,1227,-1,1227,1259,1228,-1,1259,1260,1228,-1,1228,1260,1261,-1,1228,1261,1229,-1,1229,1261,1262,-1,1229,1262,1230,-1,1230,1262,1263,-1,1230,1263,1231,-1,1231,1263,1264,-1,1231,1264,1232,-1,1232,1264,1265,-1,1232,1265,1233,-1,1233,1265,1266,-1,1233,1266,1234,-1,1234,1266,1267,-1,1234,1267,1235,-1,1235,1267,1268,-1,1235,1268,1236,-1,1236,1268,1269,-1,1236,1269,1237,-1,1237,1269,1270,-1,1237,1270,1238,-1,1238,1270,1271,-1,1238,1271,1239,-1,1239,1271,1272,-1,1239,1272,1240,-1,1240,1272,1273,-1,1240,1273,1241,-1,1241,1273,1274,-1,1241,1274,1242,-1,1242,1274,1275,-1,1242,1275,1243,-1,1243,1275,1276,-1,1243,1276,1244,-1,1244,1276,1277,-1,1244,1277,1245,-1,1245,1277,1278,-1,1245,1278,1246,-1,1246,1278,1279,-1,1246,1279,1247,-1,1247,1279,1280,-1,1247,1280,1248,-1,1248,1280,1281,-1,1248,1281,1249,-1,1249,1281,1282,-1,1249,1282,1250,-1,1250,1282,1283,-1,1250,1283,1251,-1,1251,1283,1284,-1,1251,1284,1252,-1,1252,1284,1285,-1,1252,1285,1253,-1,1253,1285,1286,-1,1253,1286,1254,-1,1254,1286,1287,-1,1254,1287,1255,-1,1255,1287,1288,-1,1255,1288,1256,-1,1256,1288,1289,-1,1256,1289,1257,-1,1257,1289,1290,-1,1257,1290,1258,-1,1258,1290,1291,-1,1258,1291,1259,-1,1259,1291,1260,-1,1291,1292,1260,-1,1260,1292,1293,-1,1260,1293,1261,-1,1261,1293,1294,-1,1261,1294,1262,-1,1262,1294,1295,-1,1262,1295,1263,-1,1263,1295,1296,-1,1263,1296,1264,-1,1264,1296,1297,-1,1264,1297,1265,-1,1265,1297,1298,-1,1265,1298,1266,-1,1266,1298,1299,-1,1266,1299,1267,-1,1267,1299,1300,-1,1267,1300,1268,-1,1268,1300,1301,-1,1268,1301,1269,-1,1269,1301,1302,-1,1269,1302,1270,-1,1270,1302,1303,-1,1270,1303,1271,-1,1271,1303,1304,-1,1271,1304,1272,-1,1272,1304,1305,-1,1272,1305,1273,-1,1273,1305,1306,-1,1273,1306,1274,-1,1274,1306,1307,-1,1274,1307,1275,-1,1275,1307,1308,-1,1275,1308,1276,-1,1276,1308,1309,-1,1276,1309,1277,-1,1277,1309,1310,-1,1277,1310,1278,-1,1278,1310,1311,-1,1278,1311,1279,-1,1279,1311,1312,-1,1279,1312,1280,-1,1280,1312,1313,-1,1280,1313,1281,-1,1281,1313,1314,-1,1281,1314,1282,-1,1282,1314,1315,-1,1282,1315,1283,-1,1283,1315,1316,-1,1283,1316,1284,-1,1284,1316,1317,-1,1284,1317,1285,-1,1285,1317,1318,-1,1285,1318,1286,-1,1286,1318,1319,-1,1286,1319,1287,-1,1287,1319,1320,-1,1287,1320,1288,-1,1288,1320,1321,-1,1288,1321,1289,-1,1289,1321,1322,-1,1289,1322,1290,-1,1290,1322,1323,-1,1290,1323,1291,-1,1291,1323,1292,-1,1323,1324,1292,-1,1292,1324,1325,-1,1292,1325,1293,-1,1293,1325,1326,-1,1293,1326,1294,-1,1294,1326,1327,-1,1294,1327,1295,-1,1295,1327,1328,-1,1295,1328,1296,-1,1296,1328,1329,-1,1296,1329,1297,-1,1297,1329,1330,-1,1297,1330,1298,-1,1298,1330,1331,-1,1298,1331,1299,-1,1299,1331,1332,-1,1299,1332,1300,-1,1300,1332,1333,-1,1300,1333,1301,-1,1301,1333,1334,-1,1301,1334,1302,-1,1302,1334,1335,-1,1302,1335,1303,-1,1303,1335,1336,-1,1303,1336,1304,-1,1304,1336,1337,-1,1304,1337,1305,-1,1305,1337,1338,-1,1305,1338,1306,-1,1306,1338,1339,-1,1306,1339,1307,-1,1307,1339,1340,-1,1307,1340,1308,-1,1308,1340,1341,-1,1308,1341,1309,-1,1309,1341,1342,-1,1309,1342,1310,-1,1310,1342,1343,-1,1310,1343,1311,-1,1311,1343,1344,-1,1311,1344,1312,-1,1312,1344,1345,-1,1312,1345,1313,-1,1313,1345,1346,-1,1313,1346,1314,-1,1314,1346,1347,-1,1314,1347,1315,-1,1315,1347,1348,-1,1315,1348,1316,-1,1316,1348,1349,-1,1316,1349,1317,-1,1317,1349,1350,-1,1317,1350,1318,-1,1318,1350,1351,-1,1318,1351,1319,-1,1319,1351,1352,-1,1319,1352,1320,-1,1320,1352,1353,-1,1320,1353,1321,-1,1321,1353,1354,-1,1321,1354,1322,-1,1322,1354,1355,-1,1322,1355,1323,-1,1323,1355,1324,-1,1355,1356,1324,-1,1324,1356,1357,-1,1324,1357,1325,-1,1325,1357,1358,-1,1325,1358,1326,-1,1326,1358,1359,-1,1326,1359,1327,-1,1327,1359,1360,-1,1327,1360,1328,-1,1328,1360,1361,-1,1328,1361,1329,-1,1329,1361,1362,-1,1329,1362,1330,-1,1330,1362,1363,-1,1330,1363,1331,-1,1331,1363,1364,-1,1331,1364,1332,-1,1332,1364,1365,-1,1332,1365,1333,-1,1333,1365,1366,-1,1333,1366,1334,-1,1334,1366,1367,-1,1334,1367,1335,-1,1335,1367,1368,-1,1335,1368,1336,-1,1336,1368,1369,-1,1336,1369,1337,-1,1337,1369,1370,-1,1337,1370,1338,-1,1338,1370,1371,-1,1338,1371,1339,-1,1339,1371,1372,-1,1339,1372,1340,-1,1340,1372,1373,-1,1340,1373,1341,-1,1341,1373,1374,-1,1341,1374,1342,-1,1342,1374,1375,-1,1342,1375,1343,-1,1343,1375,1376,-1,1343,1376,1344,-1,1344,1376,1377,-1,1344,1377,1345,-1,1345,1377,1378,-1,1345,1378,1346,-1,1346,1378,1379,-1,1346,1379,1347,-1,1347,1379,1380,-1,1347,1380,1348,-1,1348,1380,1381,-1,1348,1381,1349,-1,1349,1381,1382,-1,1349,1382,1350,-1,1350,1382,1383,-1,1350,1383,1351,-1,1351,1383,1384,-1,1351,1384,1352,-1,1352,1384,1385,-1,1352,1385,1353,-1,1353,1385,1386,-1,1353,1386,1354,-1,1354,1386,1387,-1,1354,1387,1355,-1,1355,1387,1356,-1,1387,1388,1356,-1,1356,1388,1389,-1,1356,1389,1357,-1,1357,1389,1390,-1,1357,1390,1358,-1,1358,1390,1391,-1,1358,1391,1359,-1,1359,1391,1392,-1,1359,1392,1360,-1,1360,1392,1393,-1,1360,1393,1361,-1,1361,1393,1394,-1,1361,1394,1362,-1,1362,1394,1395,-1,1362,1395,1363,-1,1363,1395,1396,-1,1363,1396,1364,-1,1364,1396,1397,-1,1364,1397,1365,-1,1365,1397,1398,-1,1365,1398,1366,-1,1366,1398,1399,-1,1366,1399,1367,-1,1367,1399,1400,-1,1367,1400,1368,-1,1368,1400,1401,-1,1368,1401,1369,-1,1369,1401,1402,-1,1369,1402,1370,-1,1370,1402,1403,-1,1370,1403,1371,-1,1371,1403,1404,-1,1371,1404,1372,-1,1372,1404,1405,-1,1372,1405,1373,-1,1373,1405,1406,-1,1373,1406,1374,-1,1374,1406,1407,-1,1374,1407,1375,-1,1375,1407,1408,-1,1375,1408,1376,-1,1376,1408,1409,-1,1376,1409,1377,-1,1377,1409,1410,-1,1377,1410,1378,-1,1378,1410,1411,-1,1378,1411,1379,-1,1379,1411,1412,-1,1379,1412,1380,-1,1380,1412,1413,-1,1380,1413,1381,-1,1381,1413,1414,-1,1381,1414,1382,-1,1382,1414,1415,-1,1382,1415,1383,-1,1383,1415,1416,-1,1383,1416,1384,-1,1384,1416,1417,-1,1384,1417,1385,-1,1385,1417,1418,-1,1385,1418,1386,-1,1386,1418,1419,-1,1386,1419,1387,-1,1387,1419,1388,-1,1419,1060,1388,-1,1388,1060,1059,-1,1388,1059,1389,-1,1389,1059,1062,-1,1389,1062,1390,-1,1390,1062,1063,-1,1390,1063,1391,-1,1391,1063,1064,-1,1391,1064,1392,-1,1392,1064,1065,-1,1392,1065,1393,-1,1393,1065,1066,-1,1393,1066,1394,-1,1394,1066,1067,-1,1394,1067,1395,-1,1395,1067,1068,-1,1395,1068,1396,-1,1396,1068,1069,-1,1396,1069,1397,-1,1397,1069,1070,-1,1397,1070,1398,-1,1398,1070,1071,-1,1398,1071,1399,-1,1399,1071,1072,-1,1399,1072,1400,-1,1400,1072,1073,-1,1400,1073,1401,-1,1401,1073,1074,-1,1401,1074,1402,-1,1402,1074,1075,-1,1402,1075,1403,-1,1403,1075,1076,-1,1403,1076,1404,-1,1404,1076,1077,-1,1404,1077,1405,-1,1405,1077,1078,-1,1405,1078,1406,-1,1406,1078,1079,-1,1406,1079,1407,-1,1407,1079,1080,-1,1407,1080,1408,-1,1408,1080,1081,-1,1408,1081,1409,-1,1409,1081,1082,-1,1409,1082,1410,-1,1410,1082,1083,-1,1410,1083,1411,-1,1411,1083,1084,-1,1411,1084,1412,-1,1412,1084,1085,-1,1412,1085,1413,-1,1413,1085,1086,-1,1413,1086,1414,-1,1414,1086,1087,-1,1414,1087,1415,-1,1415,1087,1088,-1,1415,1088,1416,-1,1416,1088,1089,-1,1416,1089,1417,-1,1417,1089,1090,-1,1417,1090,1418,-1,1418,1090,1091,-1,1418,1091,1419,-1,1419,1091,1060,-1,1420,1421,1422,-1,1420,1422,1423,-1,1424,1423,1422,-1,1425,1424,1422,-1,1426,1425,1422,-1,1427,1426,1422,-1,1428,1427,1422,-1,1429,1428,1422,-1,1430,1429,1422,-1,1431,1430,1422,-1,1432,1431,1422,-1,1433,1432,1422,-1,1434,1433,1422,-1,1435,1434,1422,-1,1436,1435,1422,-1,1437,1436,1422,-1,1438,1437,1422,-1,1439,1438,1422,-1,1440,1439,1422,-1,1441,1440,1422,-1,1442,1441,1422,-1,1443,1442,1422,-1,1444,1443,1422,-1,1445,1444,1422,-1,1446,1445,1422,-1,1447,1446,1422,-1,1448,1447,1422,-1,1449,1448,1422,-1,1450,1449,1422,-1,1451,1450,1422,-1,1452,1451,1422,-1,1421,1452,1422,-1,1453,1454,1455,-1,1455,1454,1456,-1,1455,1456,1457,-1,1457,1456,1458,-1,1457,1458,1459,-1,1459,1458,1460,-1,1459,1460,1461,-1,1460,1462,1461,-1,1461,1462,1463,-1,1461,1463,1464,-1,1464,1463,1465,-1,1464,1465,1466,-1,1466,1465,1467,-1,1466,1467,1468,-1,1468,1467,1469,-1,1468,1469,1470,-1,1470,1469,1471,-1,1470,1471,1472,-1,1471,1473,1472,-1,1472,1473,1474,-1,1472,1474,1475,-1,1475,1474,1476,-1,1475,1476,1477,-1,1477,1476,1478,-1,1477,1478,1479,-1,1479,1478,1480,-1,1479,1480,1481,-1,1480,1482,1481,-1,1481,1482,1483,-1,1481,1483,1484,-1,1484,1483,1485,-1,1484,1485,1486,-1,1486,1485,1487,-1,1486,1487,1488,-1,1487,1489,1488,-1,1488,1489,1490,-1,1488,1490,1491,-1,1491,1490,1492,-1,1491,1492,1493,-1,1493,1492,1494,-1,1493,1494,1495,-1,1495,1494,1496,-1,1495,1496,1497,-1,1497,1496,1498,-1,1497,1498,1499,-1,1498,1500,1499,-1,1499,1500,1501,-1,1499,1501,1502,-1,1502,1501,1503,-1,1502,1503,1504,-1,1504,1503,1505,-1,1504,1505,1506,-1,1505,1507,1506,-1,1506,1507,1508,-1,1506,1508,1509,-1,1509,1508,1510,-1,1509,1510,1511,-1,1511,1510,1512,-1,1511,1512,1513,-1,1513,1512,1514,-1,1513,1514,1515,-1,1515,1514,1516,-1,1515,1516,1517,-1,1516,1518,1517,-1,1517,1518,1519,-1,1517,1519,1520,-1,1520,1519,1521,-1,1520,1521,1522,-1,1522,1521,1523,-1,1522,1523,1453,-1,1453,1523,1524,-1,1453,1524,1454,-1,1520,1525,1517,-1,1517,1525,1526,-1,1517,1526,1515,-1,1515,1526,1527,-1,1515,1527,1513,-1,1513,1527,1528,-1,1513,1528,1511,-1,1511,1528,1529,-1,1511,1529,1509,-1,1509,1529,1530,-1,1509,1530,1506,-1,1506,1530,1531,-1,1506,1531,1504,-1,1504,1531,1532,-1,1504,1532,1502,-1,1502,1532,1533,-1,1502,1533,1499,-1,1499,1533,1534,-1,1499,1534,1497,-1,1497,1534,1535,-1,1497,1535,1495,-1,1495,1535,1536,-1,1495,1536,1493,-1,1493,1536,1537,-1,1493,1537,1491,-1,1491,1537,1538,-1,1491,1538,1488,-1,1488,1538,1539,-1,1488,1539,1486,-1,1486,1539,1540,-1,1486,1540,1484,-1,1484,1540,1541,-1,1484,1541,1481,-1,1481,1541,1542,-1,1481,1542,1479,-1,1479,1542,1543,-1,1479,1543,1477,-1,1477,1543,1544,-1,1477,1544,1475,-1,1475,1544,1545,-1,1475,1545,1472,-1,1472,1545,1546,-1,1472,1546,1470,-1,1470,1546,1547,-1,1470,1547,1468,-1,1468,1547,1548,-1,1468,1548,1466,-1,1466,1548,1549,-1,1466,1549,1464,-1,1464,1549,1550,-1,1464,1550,1461,-1,1461,1550,1551,-1,1461,1551,1459,-1,1459,1551,1552,-1,1459,1552,1457,-1,1457,1552,1553,-1,1457,1553,1455,-1,1455,1553,1554,-1,1455,1554,1453,-1,1453,1554,1555,-1,1453,1555,1522,-1,1522,1555,1556,-1,1522,1556,1520,-1,1520,1556,1525,-1,1556,1557,1525,-1,1525,1557,1558,-1,1525,1558,1526,-1,1526,1558,1559,-1,1526,1559,1527,-1,1527,1559,1560,-1,1527,1560,1528,-1,1528,1560,1561,-1,1528,1561,1529,-1,1529,1561,1562,-1,1529,1562,1530,-1,1530,1562,1563,-1,1530,1563,1531,-1,1531,1563,1564,-1,1531,1564,1532,-1,1532,1564,1565,-1,1532,1565,1533,-1,1533,1565,1566,-1,1533,1566,1534,-1,1534,1566,1567,-1,1534,1567,1535,-1,1535,1567,1568,-1,1535,1568,1536,-1,1536,1568,1569,-1,1536,1569,1537,-1,1537,1569,1570,-1,1537,1570,1538,-1,1538,1570,1571,-1,1538,1571,1539,-1,1539,1571,1572,-1,1539,1572,1540,-1,1540,1572,1573,-1,1540,1573,1541,-1,1541,1573,1574,-1,1541,1574,1542,-1,1542,1574,1575,-1,1542,1575,1543,-1,1543,1575,1576,-1,1543,1576,1544,-1,1544,1576,1577,-1,1544,1577,1545,-1,1545,1577,1578,-1,1545,1578,1546,-1,1546,1578,1579,-1,1546,1579,1547,-1,1547,1579,1580,-1,1547,1580,1548,-1,1548,1580,1581,-1,1548,1581,1549,-1,1549,1581,1582,-1,1549,1582,1550,-1,1550,1582,1583,-1,1550,1583,1551,-1,1551,1583,1584,-1,1551,1584,1552,-1,1552,1584,1585,-1,1552,1585,1553,-1,1553,1585,1586,-1,1553,1586,1554,-1,1554,1586,1587,-1,1554,1587,1555,-1,1555,1587,1588,-1,1555,1588,1556,-1,1556,1588,1557,-1,1588,1589,1557,-1,1557,1589,1590,-1,1557,1590,1558,-1,1558,1590,1591,-1,1558,1591,1559,-1,1559,1591,1592,-1,1559,1592,1560,-1,1560,1592,1593,-1,1560,1593,1561,-1,1561,1593,1594,-1,1561,1594,1562,-1,1562,1594,1595,-1,1562,1595,1563,-1,1563,1595,1596,-1,1563,1596,1564,-1,1564,1596,1597,-1,1564,1597,1565,-1,1565,1597,1598,-1,1565,1598,1566,-1,1566,1598,1599,-1,1566,1599,1567,-1,1567,1599,1600,-1,1567,1600,1568,-1,1568,1600,1601,-1,1568,1601,1569,-1,1569,1601,1602,-1,1569,1602,1570,-1,1570,1602,1603,-1,1570,1603,1571,-1,1571,1603,1604,-1,1571,1604,1572,-1,1572,1604,1605,-1,1572,1605,1573,-1,1573,1605,1606,-1,1573,1606,1574,-1,1574,1606,1607,-1,1574,1607,1575,-1,1575,1607,1608,-1,1575,1608,1576,-1,1576,1608,1609,-1,1576,1609,1577,-1,1577,1609,1610,-1,1577,1610,1578,-1,1578,1610,1611,-1,1578,1611,1579,-1,1579,1611,1612,-1,1579,1612,1580,-1,1580,1612,1613,-1,1580,1613,1581,-1,1581,1613,1614,-1,1581,1614,1582,-1,1582,1614,1615,-1,1582,1615,1583,-1,1583,1615,1616,-1,1583,1616,1584,-1,1584,1616,1617,-1,1584,1617,1585,-1,1585,1617,1618,-1,1585,1618,1586,-1,1586,1618,1619,-1,1586,1619,1587,-1,1587,1619,1620,-1,1587,1620,1588,-1,1588,1620,1589,-1,1620,1621,1589,-1,1589,1621,1622,-1,1589,1622,1590,-1,1590,1622,1623,-1,1590,1623,1591,-1,1591,1623,1624,-1,1591,1624,1592,-1,1592,1624,1625,-1,1592,1625,1593,-1,1593,1625,1626,-1,1593,1626,1594,-1,1594,1626,1627,-1,1594,1627,1595,-1,1595,1627,1628,-1,1595,1628,1596,-1,1596,1628,1629,-1,1596,1629,1597,-1,1597,1629,1630,-1,1597,1630,1598,-1,1598,1630,1631,-1,1598,1631,1599,-1,1599,1631,1632,-1,1599,1632,1600,-1,1600,1632,1633,-1,1600,1633,1601,-1,1601,1633,1634,-1,1601,1634,1602,-1,1602,1634,1635,-1,1602,1635,1603,-1,1603,1635,1636,-1,1603,1636,1604,-1,1604,1636,1637,-1,1604,1637,1605,-1,1605,1637,1638,-1,1605,1638,1606,-1,1606,1638,1639,-1,1606,1639,1607,-1,1607,1639,1640,-1,1607,1640,1608,-1,1608,1640,1641,-1,1608,1641,1609,-1,1609,1641,1642,-1,1609,1642,1610,-1,1610,1642,1643,-1,1610,1643,1611,-1,1611,1643,1644,-1,1611,1644,1612,-1,1612,1644,1645,-1,1612,1645,1613,-1,1613,1645,1646,-1,1613,1646,1614,-1,1614,1646,1647,-1,1614,1647,1615,-1,1615,1647,1648,-1,1615,1648,1616,-1,1616,1648,1649,-1,1616,1649,1617,-1,1617,1649,1650,-1,1617,1650,1618,-1,1618,1650,1651,-1,1618,1651,1619,-1,1619,1651,1652,-1,1619,1652,1620,-1,1620,1652,1621,-1,1652,1653,1621,-1,1621,1653,1654,-1,1621,1654,1622,-1,1622,1654,1655,-1,1622,1655,1623,-1,1623,1655,1656,-1,1623,1656,1624,-1,1624,1656,1657,-1,1624,1657,1625,-1,1625,1657,1658,-1,1625,1658,1626,-1,1626,1658,1659,-1,1626,1659,1627,-1,1627,1659,1660,-1,1627,1660,1628,-1,1628,1660,1661,-1,1628,1661,1629,-1,1629,1661,1662,-1,1629,1662,1630,-1,1630,1662,1663,-1,1630,1663,1631,-1,1631,1663,1664,-1,1631,1664,1632,-1,1632,1664,1665,-1,1632,1665,1633,-1,1633,1665,1666,-1,1633,1666,1634,-1,1634,1666,1667,-1,1634,1667,1635,-1,1635,1667,1668,-1,1635,1668,1636,-1,1636,1668,1669,-1,1636,1669,1637,-1,1637,1669,1670,-1,1637,1670,1638,-1,1638,1670,1671,-1,1638,1671,1639,-1,1639,1671,1672,-1,1639,1672,1640,-1,1640,1672,1673,-1,1640,1673,1641,-1,1641,1673,1674,-1,1641,1674,1642,-1,1642,1674,1675,-1,1642,1675,1643,-1,1643,1675,1676,-1,1643,1676,1644,-1,1644,1676,1677,-1,1644,1677,1645,-1,1645,1677,1678,-1,1645,1678,1646,-1,1646,1678,1679,-1,1646,1679,1647,-1,1647,1679,1680,-1,1647,1680,1648,-1,1648,1680,1681,-1,1648,1681,1649,-1,1649,1681,1682,-1,1649,1682,1650,-1,1650,1682,1683,-1,1650,1683,1651,-1,1651,1683,1684,-1,1651,1684,1652,-1,1652,1684,1653,-1,1684,1685,1653,-1,1653,1685,1686,-1,1653,1686,1654,-1,1654,1686,1687,-1,1654,1687,1655,-1,1655,1687,1688,-1,1655,1688,1656,-1,1656,1688,1689,-1,1656,1689,1657,-1,1657,1689,1690,-1,1657,1690,1658,-1,1658,1690,1691,-1,1658,1691,1659,-1,1659,1691,1692,-1,1659,1692,1660,-1,1660,1692,1693,-1,1660,1693,1661,-1,1661,1693,1694,-1,1661,1694,1662,-1,1662,1694,1695,-1,1662,1695,1663,-1,1663,1695,1696,-1,1663,1696,1664,-1,1664,1696,1697,-1,1664,1697,1665,-1,1665,1697,1698,-1,1665,1698,1666,-1,1666,1698,1699,-1,1666,1699,1667,-1,1667,1699,1700,-1,1667,1700,1668,-1,1668,1700,1701,-1,1668,1701,1669,-1,1669,1701,1702,-1,1669,1702,1670,-1,1670,1702,1703,-1,1670,1703,1671,-1,1671,1703,1704,-1,1671,1704,1672,-1,1672,1704,1705,-1,1672,1705,1673,-1,1673,1705,1706,-1,1673,1706,1674,-1,1674,1706,1707,-1,1674,1707,1675,-1,1675,1707,1708,-1,1675,1708,1676,-1,1676,1708,1709,-1,1676,1709,1677,-1,1677,1709,1710,-1,1677,1710,1678,-1,1678,1710,1711,-1,1678,1711,1679,-1,1679,1711,1712,-1,1679,1712,1680,-1,1680,1712,1713,-1,1680,1713,1681,-1,1681,1713,1714,-1,1681,1714,1682,-1,1682,1714,1715,-1,1682,1715,1683,-1,1683,1715,1716,-1,1683,1716,1684,-1,1684,1716,1685,-1,1716,1717,1685,-1,1685,1717,1718,-1,1685,1718,1686,-1,1686,1718,1719,-1,1686,1719,1687,-1,1687,1719,1720,-1,1687,1720,1688,-1,1688,1720,1721,-1,1688,1721,1689,-1,1689,1721,1722,-1,1689,1722,1690,-1,1690,1722,1723,-1,1690,1723,1691,-1,1691,1723,1724,-1,1691,1724,1692,-1,1692,1724,1725,-1,1692,1725,1693,-1,1693,1725,1726,-1,1693,1726,1694,-1,1694,1726,1727,-1,1694,1727,1695,-1,1695,1727,1728,-1,1695,1728,1696,-1,1696,1728,1729,-1,1696,1729,1697,-1,1697,1729,1730,-1,1697,1730,1698,-1,1698,1730,1731,-1,1698,1731,1699,-1,1699,1731,1732,-1,1699,1732,1700,-1,1700,1732,1733,-1,1700,1733,1701,-1,1701,1733,1734,-1,1701,1734,1702,-1,1702,1734,1735,-1,1702,1735,1703,-1,1703,1735,1736,-1,1703,1736,1704,-1,1704,1736,1737,-1,1704,1737,1705,-1,1705,1737,1738,-1,1705,1738,1706,-1,1706,1738,1739,-1,1706,1739,1707,-1,1707,1739,1740,-1,1707,1740,1708,-1,1708,1740,1741,-1,1708,1741,1709,-1,1709,1741,1742,-1,1709,1742,1710,-1,1710,1742,1743,-1,1710,1743,1711,-1,1711,1743,1744,-1,1711,1744,1712,-1,1712,1744,1745,-1,1712,1745,1713,-1,1713,1745,1746,-1,1713,1746,1714,-1,1714,1746,1747,-1,1714,1747,1715,-1,1715,1747,1748,-1,1715,1748,1716,-1,1716,1748,1717,-1,1748,1749,1717,-1,1717,1749,1750,-1,1717,1750,1718,-1,1718,1750,1751,-1,1718,1751,1719,-1,1719,1751,1752,-1,1719,1752,1720,-1,1720,1752,1753,-1,1720,1753,1721,-1,1721,1753,1754,-1,1721,1754,1722,-1,1722,1754,1755,-1,1722,1755,1723,-1,1723,1755,1756,-1,1723,1756,1724,-1,1724,1756,1757,-1,1724,1757,1725,-1,1725,1757,1758,-1,1725,1758,1726,-1,1726,1758,1759,-1,1726,1759,1727,-1,1727,1759,1760,-1,1727,1760,1728,-1,1728,1760,1761,-1,1728,1761,1729,-1,1729,1761,1762,-1,1729,1762,1730,-1,1730,1762,1763,-1,1730,1763,1731,-1,1731,1763,1764,-1,1731,1764,1732,-1,1732,1764,1765,-1,1732,1765,1733,-1,1733,1765,1766,-1,1733,1766,1734,-1,1734,1766,1767,-1,1734,1767,1735,-1,1735,1767,1768,-1,1735,1768,1736,-1,1736,1768,1769,-1,1736,1769,1737,-1,1737,1769,1770,-1,1737,1770,1738,-1,1738,1770,1771,-1,1738,1771,1739,-1,1739,1771,1772,-1,1739,1772,1740,-1,1740,1772,1773,-1,1740,1773,1741,-1,1741,1773,1774,-1,1741,1774,1742,-1,1742,1774,1775,-1,1742,1775,1743,-1,1743,1775,1776,-1,1743,1776,1744,-1,1744,1776,1777,-1,1744,1777,1745,-1,1745,1777,1778,-1,1745,1778,1746,-1,1746,1778,1779,-1,1746,1779,1747,-1,1747,1779,1780,-1,1747,1780,1748,-1,1748,1780,1749,-1,1780,1421,1749,-1,1749,1421,1420,-1,1749,1420,1750,-1,1750,1420,1423,-1,1750,1423,1751,-1,1751,1423,1424,-1,1751,1424,1752,-1,1752,1424,1425,-1,1752,1425,1753,-1,1753,1425,1426,-1,1753,1426,1754,-1,1754,1426,1427,-1,1754,1427,1755,-1,1755,1427,1428,-1,1755,1428,1756,-1,1756,1428,1429,-1,1756,1429,1757,-1,1757,1429,1430,-1,1757,1430,1758,-1,1758,1430,1431,-1,1758,1431,1759,-1,1759,1431,1432,-1,1759,1432,1760,-1,1760,1432,1433,-1,1760,1433,1761,-1,1761,1433,1434,-1,1761,1434,1762,-1,1762,1434,1435,-1,1762,1435,1763,-1,1763,1435,1436,-1,1763,1436,1764,-1,1764,1436,1437,-1,1764,1437,1765,-1,1765,1437,1438,-1,1765,1438,1766,-1,1766,1438,1439,-1,1766,1439,1767,-1,1767,1439,1440,-1,1767,1440,1768,-1,1768,1440,1441,-1,1768,1441,1769,-1,1769,1441,1442,-1,1769,1442,1770,-1,1770,1442,1443,-1,1770,1443,1771,-1,1771,1443,1444,-1,1771,1444,1772,-1,1772,1444,1445,-1,1772,1445,1773,-1,1773,1445,1446,-1,1773,1446,1774,-1,1774,1446,1447,-1,1774,1447,1775,-1,1775,1447,1448,-1,1775,1448,1776,-1,1776,1448,1449,-1,1776,1449,1777,-1,1777,1449,1450,-1,1777,1450,1778,-1,1778,1450,1451,-1,1778,1451,1779,-1,1779,1451,1452,-1,1779,1452,1780,-1,1780,1452,1421,-1,1781,1782,1783,-1,1781,1783,1784,-1,1785,1784,1783,-1,1786,1785,1783,-1,1787,1786,1783,-1,1788,1787,1783,-1,1789,1788,1783,-1,1790,1789,1783,-1,1791,1790,1783,-1,1792,1791,1783,-1,1793,1792,1783,-1,1794,1793,1783,-1,1795,1794,1783,-1,1796,1795,1783,-1,1797,1796,1783,-1,1798,1797,1783,-1,1799,1798,1783,-1,1800,1799,1783,-1,1801,1800,1783,-1,1802,1801,1783,-1,1803,1802,1783,-1,1804,1803,1783,-1,1805,1804,1783,-1,1806,1805,1783,-1,1807,1806,1783,-1,1808,1807,1783,-1,1809,1808,1783,-1,1810,1809,1783,-1,1811,1810,1783,-1,1812,1811,1783,-1,1813,1812,1783,-1,1782,1813,1783,-1,1814,1815,1816,-1,1816,1815,1817,-1,1816,1817,1818,-1,1818,1817,1819,-1,1818,1819,1820,-1,1820,1819,1821,-1,1820,1821,1822,-1,1821,1823,1822,-1,1822,1823,1824,-1,1822,1824,1825,-1,1825,1824,1826,-1,1825,1826,1827,-1,1827,1826,1828,-1,1827,1828,1829,-1,1829,1828,1830,-1,1829,1830,1831,-1,1831,1830,1832,-1,1831,1832,1833,-1,1832,1834,1833,-1,1833,1834,1835,-1,1833,1835,1836,-1,1836,1835,1837,-1,1836,1837,1838,-1,1838,1837,1839,-1,1838,1839,1840,-1,1840,1839,1841,-1,1840,1841,1842,-1,1841,1843,1842,-1,1842,1843,1844,-1,1842,1844,1845,-1,1845,1844,1846,-1,1845,1846,1847,-1,1847,1846,1848,-1,1847,1848,1849,-1,1848,1850,1849,-1,1849,1850,1851,-1,1849,1851,1852,-1,1852,1851,1853,-1,1852,1853,1854,-1,1854,1853,1855,-1,1854,1855,1856,-1,1856,1855,1857,-1,1856,1857,1858,-1,1858,1857,1859,-1,1858,1859,1860,-1,1859,1861,1860,-1,1860,1861,1862,-1,1860,1862,1863,-1,1863,1862,1864,-1,1863,1864,1865,-1,1865,1864,1866,-1,1865,1866,1867,-1,1866,1868,1867,-1,1867,1868,1869,-1,1867,1869,1870,-1,1870,1869,1871,-1,1870,1871,1872,-1,1872,1871,1873,-1,1872,1873,1874,-1,1874,1873,1875,-1,1874,1875,1876,-1,1876,1875,1877,-1,1876,1877,1878,-1,1877,1879,1878,-1,1878,1879,1880,-1,1878,1880,1881,-1,1881,1880,1882,-1,1881,1882,1883,-1,1883,1882,1884,-1,1883,1884,1814,-1,1814,1884,1885,-1,1814,1885,1815,-1,1881,1886,1878,-1,1878,1886,1887,-1,1878,1887,1876,-1,1876,1887,1888,-1,1876,1888,1874,-1,1874,1888,1889,-1,1874,1889,1872,-1,1872,1889,1890,-1,1872,1890,1870,-1,1870,1890,1891,-1,1870,1891,1867,-1,1867,1891,1892,-1,1867,1892,1865,-1,1865,1892,1893,-1,1865,1893,1863,-1,1863,1893,1894,-1,1863,1894,1860,-1,1860,1894,1895,-1,1860,1895,1858,-1,1858,1895,1896,-1,1858,1896,1856,-1,1856,1896,1897,-1,1856,1897,1854,-1,1854,1897,1898,-1,1854,1898,1852,-1,1852,1898,1899,-1,1852,1899,1849,-1,1849,1899,1900,-1,1849,1900,1847,-1,1847,1900,1901,-1,1847,1901,1845,-1,1845,1901,1902,-1,1845,1902,1842,-1,1842,1902,1903,-1,1842,1903,1840,-1,1840,1903,1904,-1,1840,1904,1838,-1,1838,1904,1905,-1,1838,1905,1836,-1,1836,1905,1906,-1,1836,1906,1833,-1,1833,1906,1907,-1,1833,1907,1831,-1,1831,1907,1908,-1,1831,1908,1829,-1,1829,1908,1909,-1,1829,1909,1827,-1,1827,1909,1910,-1,1827,1910,1825,-1,1825,1910,1911,-1,1825,1911,1822,-1,1822,1911,1912,-1,1822,1912,1820,-1,1820,1912,1913,-1,1820,1913,1818,-1,1818,1913,1914,-1,1818,1914,1816,-1,1816,1914,1915,-1,1816,1915,1814,-1,1814,1915,1916,-1,1814,1916,1883,-1,1883,1916,1917,-1,1883,1917,1881,-1,1881,1917,1886,-1,1917,1918,1886,-1,1886,1918,1919,-1,1886,1919,1887,-1,1887,1919,1920,-1,1887,1920,1888,-1,1888,1920,1921,-1,1888,1921,1889,-1,1889,1921,1922,-1,1889,1922,1890,-1,1890,1922,1923,-1,1890,1923,1891,-1,1891,1923,1924,-1,1891,1924,1892,-1,1892,1924,1925,-1,1892,1925,1893,-1,1893,1925,1926,-1,1893,1926,1894,-1,1894,1926,1927,-1,1894,1927,1895,-1,1895,1927,1928,-1,1895,1928,1896,-1,1896,1928,1929,-1,1896,1929,1897,-1,1897,1929,1930,-1,1897,1930,1898,-1,1898,1930,1931,-1,1898,1931,1899,-1,1899,1931,1932,-1,1899,1932,1900,-1,1900,1932,1933,-1,1900,1933,1901,-1,1901,1933,1934,-1,1901,1934,1902,-1,1902,1934,1935,-1,1902,1935,1903,-1,1903,1935,1936,-1,1903,1936,1904,-1,1904,1936,1937,-1,1904,1937,1905,-1,1905,1937,1938,-1,1905,1938,1906,-1,1906,1938,1939,-1,1906,1939,1907,-1,1907,1939,1940,-1,1907,1940,1908,-1,1908,1940,1941,-1,1908,1941,1909,-1,1909,1941,1942,-1,1909,1942,1910,-1,1910,1942,1943,-1,1910,1943,1911,-1,1911,1943,1944,-1,1911,1944,1912,-1,1912,1944,1945,-1,1912,1945,1913,-1,1913,1945,1946,-1,1913,1946,1914,-1,1914,1946,1947,-1,1914,1947,1915,-1,1915,1947,1948,-1,1915,1948,1916,-1,1916,1948,1949,-1,1916,1949,1917,-1,1917,1949,1918,-1,1949,1950,1918,-1,1918,1950,1951,-1,1918,1951,1919,-1,1919,1951,1952,-1,1919,1952,1920,-1,1920,1952,1953,-1,1920,1953,1921,-1,1921,1953,1954,-1,1921,1954,1922,-1,1922,1954,1955,-1,1922,1955,1923,-1,1923,1955,1956,-1,1923,1956,1924,-1,1924,1956,1957,-1,1924,1957,1925,-1,1925,1957,1958,-1,1925,1958,1926,-1,1926,1958,1959,-1,1926,1959,1927,-1,1927,1959,1960,-1,1927,1960,1928,-1,1928,1960,1961,-1,1928,1961,1929,-1,1929,1961,1962,-1,1929,1962,1930,-1,1930,1962,1963,-1,1930,1963,1931,-1,1931,1963,1964,-1,1931,1964,1932,-1,1932,1964,1965,-1,1932,1965,1933,-1,1933,1965,1966,-1,1933,1966,1934,-1,1934,1966,1967,-1,1934,1967,1935,-1,1935,1967,1968,-1,1935,1968,1936,-1,1936,1968,1969,-1,1936,1969,1937,-1,1937,1969,1970,-1,1937,1970,1938,-1,1938,1970,1971,-1,1938,1971,1939,-1,1939,1971,1972,-1,1939,1972,1940,-1,1940,1972,1973,-1,1940,1973,1941,-1,1941,1973,1974,-1,1941,1974,1942,-1,1942,1974,1975,-1,1942,1975,1943,-1,1943,1975,1976,-1,1943,1976,1944,-1,1944,1976,1977,-1,1944,1977,1945,-1,1945,1977,1978,-1,1945,1978,1946,-1,1946,1978,1979,-1,1946,1979,1947,-1,1947,1979,1980,-1,1947,1980,1948,-1,1948,1980,1981,-1,1948,1981,1949,-1,1949,1981,1950,-1,1981,1982,1950,-1,1950,1982,1983,-1,1950,1983,1951,-1,1951,1983,1984,-1,1951,1984,1952,-1,1952,1984,1985,-1,1952,1985,1953,-1,1953,1985,1986,-1,1953,1986,1954,-1,1954,1986,1987,-1,1954,1987,1955,-1,1955,1987,1988,-1,1955,1988,1956,-1,1956,1988,1989,-1,1956,1989,1957,-1,1957,1989,1990,-1,1957,1990,1958,-1,1958,1990,1991,-1,1958,1991,1959,-1,1959,1991,1992,-1,1959,1992,1960,-1,1960,1992,1993,-1,1960,1993,1961,-1,1961,1993,1994,-1,1961,1994,1962,-1,1962,1994,1995,-1,1962,1995,1963,-1,1963,1995,1996,-1,1963,1996,1964,-1,1964,1996,1997,-1,1964,1997,1965,-1,1965,1997,1998,-1,1965,1998,1966,-1,1966,1998,1999,-1,1966,1999,1967,-1,1967,1999,2000,-1,1967,2000,1968,-1,1968,2000,2001,-1,1968,2001,1969,-1,1969,2001,2002,-1,1969,2002,1970,-1,1970,2002,2003,-1,1970,2003,1971,-1,1971,2003,2004,-1,1971,2004,1972,-1,1972,2004,2005,-1,1972,2005,1973,-1,1973,2005,2006,-1,1973,2006,1974,-1,1974,2006,2007,-1,1974,2007,1975,-1,1975,2007,2008,-1,1975,2008,1976,-1,1976,2008,2009,-1,1976,2009,1977,-1,1977,2009,2010,-1,1977,2010,1978,-1,1978,2010,2011,-1,1978,2011,1979,-1,1979,2011,2012,-1,1979,2012,1980,-1,1980,2012,2013,-1,1980,2013,1981,-1,1981,2013,1982,-1,2013,2014,1982,-1,1982,2014,2015,-1,1982,2015,1983,-1,1983,2015,2016,-1,1983,2016,1984,-1,1984,2016,2017,-1,1984,2017,1985,-1,1985,2017,2018,-1,1985,2018,1986,-1,1986,2018,2019,-1,1986,2019,1987,-1,1987,2019,2020,-1,1987,2020,1988,-1,1988,2020,2021,-1,1988,2021,1989,-1,1989,2021,2022,-1,1989,2022,1990,-1,1990,2022,2023,-1,1990,2023,1991,-1,1991,2023,2024,-1,1991,2024,1992,-1,1992,2024,2025,-1,1992,2025,1993,-1,1993,2025,2026,-1,1993,2026,1994,-1,1994,2026,2027,-1,1994,2027,1995,-1,1995,2027,2028,-1,1995,2028,1996,-1,1996,2028,2029,-1,1996,2029,1997,-1,1997,2029,2030,-1,1997,2030,1998,-1,1998,2030,2031,-1,1998,2031,1999,-1,1999,2031,2032,-1,1999,2032,2000,-1,2000,2032,2033,-1,2000,2033,2001,-1,2001,2033,2034,-1,2001,2034,2002,-1,2002,2034,2035,-1,2002,2035,2003,-1,2003,2035,2036,-1,2003,2036,2004,-1,2004,2036,2037,-1,2004,2037,2005,-1,2005,2037,2038,-1,2005,2038,2006,-1,2006,2038,2039,-1,2006,2039,2007,-1,2007,2039,2040,-1,2007,2040,2008,-1,2008,2040,2041,-1,2008,2041,2009,-1,2009,2041,2042,-1,2009,2042,2010,-1,2010,2042,2043,-1,2010,2043,2011,-1,2011,2043,2044,-1,2011,2044,2012,-1,2012,2044,2045,-1,2012,2045,2013,-1,2013,2045,2014,-1,2045,2046,2014,-1,2014,2046,2047,-1,2014,2047,2015,-1,2015,2047,2048,-1,2015,2048,2016,-1,2016,2048,2049,-1,2016,2049,2017,-1,2017,2049,2050,-1,2017,2050,2018,-1,2018,2050,2051,-1,2018,2051,2019,-1,2019,2051,2052,-1,2019,2052,2020,-1,2020,2052,2053,-1,2020,2053,2021,-1,2021,2053,2054,-1,2021,2054,2022,-1,2022,2054,2055,-1,2022,2055,2023,-1,2023,2055,2056,-1,2023,2056,2024,-1,2024,2056,2057,-1,2024,2057,2025,-1,2025,2057,2058,-1,2025,2058,2026,-1,2026,2058,2059,-1,2026,2059,2027,-1,2027,2059,2060,-1,2027,2060,2028,-1,2028,2060,2061,-1,2028,2061,2029,-1,2029,2061,2062,-1,2029,2062,2030,-1,2030,2062,2063,-1,2030,2063,2031,-1,2031,2063,2064,-1,2031,2064,2032,-1,2032,2064,2065,-1,2032,2065,2033,-1,2033,2065,2066,-1,2033,2066,2034,-1,2034,2066,2067,-1,2034,2067,2035,-1,2035,2067,2068,-1,2035,2068,2036,-1,2036,2068,2069,-1,2036,2069,2037,-1,2037,2069,2070,-1,2037,2070,2038,-1,2038,2070,2071,-1,2038,2071,2039,-1,2039,2071,2072,-1,2039,2072,2040,-1,2040,2072,2073,-1,2040,2073,2041,-1,2041,2073,2074,-1,2041,2074,2042,-1,2042,2074,2075,-1,2042,2075,2043,-1,2043,2075,2076,-1,2043,2076,2044,-1,2044,2076,2077,-1,2044,2077,2045,-1,2045,2077,2046,-1,2077,2078,2046,-1,2046,2078,2079,-1,2046,2079,2047,-1,2047,2079,2080,-1,2047,2080,2048,-1,2048,2080,2081,-1,2048,2081,2049,-1,2049,2081,2082,-1,2049,2082,2050,-1,2050,2082,2083,-1,2050,2083,2051,-1,2051,2083,2084,-1,2051,2084,2052,-1,2052,2084,2085,-1,2052,2085,2053,-1,2053,2085,2086,-1,2053,2086,2054,-1,2054,2086,2087,-1,2054,2087,2055,-1,2055,2087,2088,-1,2055,2088,2056,-1,2056,2088,2089,-1,2056,2089,2057,-1,2057,2089,2090,-1,2057,2090,2058,-1,2058,2090,2091,-1,2058,2091,2059,-1,2059,2091,2092,-1,2059,2092,2060,-1,2060,2092,2093,-1,2060,2093,2061,-1,2061,2093,2094,-1,2061,2094,2062,-1,2062,2094,2095,-1,2062,2095,2063,-1,2063,2095,2096,-1,2063,2096,2064,-1,2064,2096,2097,-1,2064,2097,2065,-1,2065,2097,2098,-1,2065,2098,2066,-1,2066,2098,2099,-1,2066,2099,2067,-1,2067,2099,2100,-1,2067,2100,2068,-1,2068,2100,2101,-1,2068,2101,2069,-1,2069,2101,2102,-1,2069,2102,2070,-1,2070,2102,2103,-1,2070,2103,2071,-1,2071,2103,2104,-1,2071,2104,2072,-1,2072,2104,2105,-1,2072,2105,2073,-1,2073,2105,2106,-1,2073,2106,2074,-1,2074,2106,2107,-1,2074,2107,2075,-1,2075,2107,2108,-1,2075,2108,2076,-1,2076,2108,2109,-1,2076,2109,2077,-1,2077,2109,2078,-1,2109,2110,2078,-1,2078,2110,2111,-1,2078,2111,2079,-1,2079,2111,2112,-1,2079,2112,2080,-1,2080,2112,2113,-1,2080,2113,2081,-1,2081,2113,2114,-1,2081,2114,2082,-1,2082,2114,2115,-1,2082,2115,2083,-1,2083,2115,2116,-1,2083,2116,2084,-1,2084,2116,2117,-1,2084,2117,2085,-1,2085,2117,2118,-1,2085,2118,2086,-1,2086,2118,2119,-1,2086,2119,2087,-1,2087,2119,2120,-1,2087,2120,2088,-1,2088,2120,2121,-1,2088,2121,2089,-1,2089,2121,2122,-1,2089,2122,2090,-1,2090,2122,2123,-1,2090,2123,2091,-1,2091,2123,2124,-1,2091,2124,2092,-1,2092,2124,2125,-1,2092,2125,2093,-1,2093,2125,2126,-1,2093,2126,2094,-1,2094,2126,2127,-1,2094,2127,2095,-1,2095,2127,2128,-1,2095,2128,2096,-1,2096,2128,2129,-1,2096,2129,2097,-1,2097,2129,2130,-1,2097,2130,2098,-1,2098,2130,2131,-1,2098,2131,2099,-1,2099,2131,2132,-1,2099,2132,2100,-1,2100,2132,2133,-1,2100,2133,2101,-1,2101,2133,2134,-1,2101,2134,2102,-1,2102,2134,2135,-1,2102,2135,2103,-1,2103,2135,2136,-1,2103,2136,2104,-1,2104,2136,2137,-1,2104,2137,2105,-1,2105,2137,2138,-1,2105,2138,2106,-1,2106,2138,2139,-1,2106,2139,2107,-1,2107,2139,2140,-1,2107,2140,2108,-1,2108,2140,2141,-1,2108,2141,2109,-1,2109,2141,2110,-1,2141,1782,2110,-1,2110,1782,1781,-1,2110,1781,2111,-1,2111,1781,1784,-1,2111,1784,2112,-1,2112,1784,1785,-1,2112,1785,2113,-1,2113,1785,1786,-1,2113,1786,2114,-1,2114,1786,1787,-1,2114,1787,2115,-1,2115,1787,1788,-1,2115,1788,2116,-1,2116,1788,1789,-1,2116,1789,2117,-1,2117,1789,1790,-1,2117,1790,2118,-1,2118,1790,1791,-1,2118,1791,2119,-1,2119,1791,1792,-1,2119,1792,2120,-1,2120,1792,1793,-1,2120,1793,2121,-1,2121,1793,1794,-1,2121,1794,2122,-1,2122,1794,1795,-1,2122,1795,2123,-1,2123,1795,1796,-1,2123,1796,2124,-1,2124,1796,1797,-1,2124,1797,2125,-1,2125,1797,1798,-1,2125,1798,2126,-1,2126,1798,1799,-1,2126,1799,2127,-1,2127,1799,1800,-1,2127,1800,2128,-1,2128,1800,1801,-1,2128,1801,2129,-1,2129,1801,1802,-1,2129,1802,2130,-1,2130,1802,1803,-1,2130,1803,2131,-1,2131,1803,1804,-1,2131,1804,2132,-1,2132,1804,1805,-1,2132,1805,2133,-1,2133,1805,1806,-1,2133,1806,2134,-1,2134,1806,1807,-1,2134,1807,2135,-1,2135,1807,1808,-1,2135,1808,2136,-1,2136,1808,1809,-1,2136,1809,2137,-1,2137,1809,1810,-1,2137,1810,2138,-1,2138,1810,1811,-1,2138,1811,2139,-1,2139,1811,1812,-1,2139,1812,2140,-1,2140,1812,1813,-1,2140,1813,2141,-1,2141,1813,1782,-1,2142,2143,2144,-1,2142,2144,2145,-1,2146,2145,2144,-1,2147,2146,2144,-1,2148,2147,2144,-1,2149,2148,2144,-1,2150,2149,2144,-1,2151,2150,2144,-1,2152,2151,2144,-1,2153,2152,2144,-1,2154,2153,2144,-1,2155,2154,2144,-1,2156,2155,2144,-1,2157,2156,2144,-1,2158,2157,2144,-1,2159,2158,2144,-1,2160,2159,2144,-1,2161,2160,2144,-1,2162,2161,2144,-1,2163,2162,2144,-1,2164,2163,2144,-1,2165,2164,2144,-1,2166,2165,2144,-1,2167,2166,2144,-1,2168,2167,2144,-1,2169,2168,2144,-1,2170,2169,2144,-1,2171,2170,2144,-1,2172,2171,2144,-1,2173,2172,2144,-1,2174,2173,2144,-1,2143,2174,2144,-1,2175,2176,2177,-1,2177,2176,2178,-1,2177,2178,2179,-1,2179,2178,2180,-1,2179,2180,2181,-1,2181,2180,2182,-1,2181,2182,2183,-1,2183,2182,2184,-1,2183,2184,2185,-1,2185,2184,2186,-1,2185,2186,2187,-1,2187,2186,2188,-1,2187,2188,2189,-1,2189,2188,2190,-1,2189,2190,2191,-1,2191,2190,2192,-1,2191,2192,2193,-1,2193,2192,2194,-1,2193,2194,2195,-1,2195,2194,2196,-1,2195,2196,2197,-1,2197,2196,2198,-1,2197,2198,2199,-1,2199,2198,2200,-1,2199,2200,2201,-1,2201,2200,2202,-1,2201,2202,2203,-1,2203,2202,2204,-1,2203,2204,2205,-1,2205,2204,2206,-1,2205,2206,2207,-1,2207,2206,2208,-1,2207,2208,2209,-1,2209,2208,2210,-1,2209,2210,2211,-1,2211,2210,2212,-1,2211,2212,2213,-1,2213,2212,2214,-1,2213,2214,2215,-1,2215,2214,2216,-1,2215,2216,2217,-1,2217,2216,2218,-1,2217,2218,2219,-1,2219,2218,2220,-1,2219,2220,2221,-1,2221,2220,2222,-1,2221,2222,2223,-1,2223,2222,2224,-1,2223,2224,2225,-1,2225,2224,2226,-1,2225,2226,2227,-1,2227,2226,2228,-1,2227,2228,2229,-1,2229,2228,2230,-1,2229,2230,2231,-1,2231,2230,2232,-1,2231,2232,2233,-1,2233,2232,2234,-1,2233,2234,2235,-1,2235,2234,2236,-1,2235,2236,2237,-1,2237,2236,2238,-1,2237,2238,2175,-1,2175,2238,2176,-1,2238,2239,2176,-1,2176,2239,2240,-1,2176,2240,2178,-1,2178,2240,2241,-1,2178,2241,2180,-1,2180,2241,2242,-1,2180,2242,2182,-1,2182,2242,2243,-1,2182,2243,2184,-1,2184,2243,2244,-1,2184,2244,2186,-1,2186,2244,2245,-1,2186,2245,2188,-1,2188,2245,2246,-1,2188,2246,2190,-1,2190,2246,2247,-1,2190,2247,2192,-1,2192,2247,2248,-1,2192,2248,2194,-1,2194,2248,2249,-1,2194,2249,2196,-1,2196,2249,2250,-1,2196,2250,2198,-1,2198,2250,2251,-1,2198,2251,2200,-1,2200,2251,2252,-1,2200,2252,2202,-1,2202,2252,2253,-1,2202,2253,2204,-1,2204,2253,2254,-1,2204,2254,2206,-1,2206,2254,2255,-1,2206,2255,2208,-1,2208,2255,2256,-1,2208,2256,2210,-1,2210,2256,2257,-1,2210,2257,2212,-1,2212,2257,2258,-1,2212,2258,2214,-1,2214,2258,2259,-1,2214,2259,2216,-1,2216,2259,2260,-1,2216,2260,2218,-1,2218,2260,2261,-1,2218,2261,2220,-1,2220,2261,2262,-1,2220,2262,2222,-1,2222,2262,2263,-1,2222,2263,2224,-1,2224,2263,2264,-1,2224,2264,2226,-1,2226,2264,2265,-1,2226,2265,2228,-1,2228,2265,2266,-1,2228,2266,2230,-1,2230,2266,2267,-1,2230,2267,2232,-1,2232,2267,2268,-1,2232,2268,2234,-1,2234,2268,2269,-1,2234,2269,2236,-1,2236,2269,2270,-1,2236,2270,2238,-1,2238,2270,2239,-1,2270,2271,2239,-1,2239,2271,2272,-1,2239,2272,2240,-1,2240,2272,2273,-1,2240,2273,2241,-1,2241,2273,2274,-1,2241,2274,2242,-1,2242,2274,2275,-1,2242,2275,2243,-1,2243,2275,2276,-1,2243,2276,2244,-1,2244,2276,2277,-1,2244,2277,2245,-1,2245,2277,2278,-1,2245,2278,2246,-1,2246,2278,2279,-1,2246,2279,2247,-1,2247,2279,2280,-1,2247,2280,2248,-1,2248,2280,2281,-1,2248,2281,2249,-1,2249,2281,2282,-1,2249,2282,2250,-1,2250,2282,2283,-1,2250,2283,2251,-1,2251,2283,2284,-1,2251,2284,2252,-1,2252,2284,2285,-1,2252,2285,2253,-1,2253,2285,2286,-1,2253,2286,2254,-1,2254,2286,2287,-1,2254,2287,2255,-1,2255,2287,2288,-1,2255,2288,2256,-1,2256,2288,2289,-1,2256,2289,2257,-1,2257,2289,2290,-1,2257,2290,2258,-1,2258,2290,2291,-1,2258,2291,2259,-1,2259,2291,2292,-1,2259,2292,2260,-1,2260,2292,2293,-1,2260,2293,2261,-1,2261,2293,2294,-1,2261,2294,2262,-1,2262,2294,2295,-1,2262,2295,2263,-1,2263,2295,2296,-1,2263,2296,2264,-1,2264,2296,2297,-1,2264,2297,2265,-1,2265,2297,2298,-1,2265,2298,2266,-1,2266,2298,2299,-1,2266,2299,2267,-1,2267,2299,2300,-1,2267,2300,2268,-1,2268,2300,2301,-1,2268,2301,2269,-1,2269,2301,2302,-1,2269,2302,2270,-1,2270,2302,2271,-1,2302,2303,2271,-1,2271,2303,2304,-1,2271,2304,2272,-1,2272,2304,2305,-1,2272,2305,2273,-1,2273,2305,2306,-1,2273,2306,2274,-1,2274,2306,2307,-1,2274,2307,2275,-1,2275,2307,2308,-1,2275,2308,2276,-1,2276,2308,2309,-1,2276,2309,2277,-1,2277,2309,2310,-1,2277,2310,2278,-1,2278,2310,2311,-1,2278,2311,2279,-1,2279,2311,2312,-1,2279,2312,2280,-1,2280,2312,2313,-1,2280,2313,2281,-1,2281,2313,2314,-1,2281,2314,2282,-1,2282,2314,2315,-1,2282,2315,2283,-1,2283,2315,2316,-1,2283,2316,2284,-1,2284,2316,2317,-1,2284,2317,2285,-1,2285,2317,2318,-1,2285,2318,2286,-1,2286,2318,2319,-1,2286,2319,2287,-1,2287,2319,2320,-1,2287,2320,2288,-1,2288,2320,2321,-1,2288,2321,2289,-1,2289,2321,2322,-1,2289,2322,2290,-1,2290,2322,2323,-1,2290,2323,2291,-1,2291,2323,2324,-1,2291,2324,2292,-1,2292,2324,2325,-1,2292,2325,2293,-1,2293,2325,2326,-1,2293,2326,2294,-1,2294,2326,2327,-1,2294,2327,2295,-1,2295,2327,2328,-1,2295,2328,2296,-1,2296,2328,2329,-1,2296,2329,2297,-1,2297,2329,2330,-1,2297,2330,2298,-1,2298,2330,2331,-1,2298,2331,2299,-1,2299,2331,2332,-1,2299,2332,2300,-1,2300,2332,2333,-1,2300,2333,2301,-1,2301,2333,2334,-1,2301,2334,2302,-1,2302,2334,2303,-1,2334,2335,2303,-1,2303,2335,2336,-1,2303,2336,2304,-1,2304,2336,2337,-1,2304,2337,2305,-1,2305,2337,2338,-1,2305,2338,2306,-1,2306,2338,2339,-1,2306,2339,2307,-1,2307,2339,2340,-1,2307,2340,2308,-1,2308,2340,2341,-1,2308,2341,2309,-1,2309,2341,2342,-1,2309,2342,2310,-1,2310,2342,2343,-1,2310,2343,2311,-1,2311,2343,2344,-1,2311,2344,2312,-1,2312,2344,2345,-1,2312,2345,2313,-1,2313,2345,2346,-1,2313,2346,2314,-1,2314,2346,2347,-1,2314,2347,2315,-1,2315,2347,2348,-1,2315,2348,2316,-1,2316,2348,2349,-1,2316,2349,2317,-1,2317,2349,2350,-1,2317,2350,2318,-1,2318,2350,2351,-1,2318,2351,2319,-1,2319,2351,2352,-1,2319,2352,2320,-1,2320,2352,2353,-1,2320,2353,2321,-1,2321,2353,2354,-1,2321,2354,2322,-1,2322,2354,2355,-1,2322,2355,2323,-1,2323,2355,2356,-1,2323,2356,2324,-1,2324,2356,2357,-1,2324,2357,2325,-1,2325,2357,2358,-1,2325,2358,2326,-1,2326,2358,2359,-1,2326,2359,2327,-1,2327,2359,2360,-1,2327,2360,2328,-1,2328,2360,2361,-1,2328,2361,2329,-1,2329,2361,2362,-1,2329,2362,2330,-1,2330,2362,2363,-1,2330,2363,2331,-1,2331,2363,2364,-1,2331,2364,2332,-1,2332,2364,2365,-1,2332,2365,2333,-1,2333,2365,2366,-1,2333,2366,2334,-1,2334,2366,2335,-1,2366,2367,2335,-1,2335,2367,2368,-1,2335,2368,2336,-1,2336,2368,2369,-1,2336,2369,2337,-1,2337,2369,2370,-1,2337,2370,2338,-1,2338,2370,2371,-1,2338,2371,2339,-1,2339,2371,2372,-1,2339,2372,2340,-1,2340,2372,2373,-1,2340,2373,2341,-1,2341,2373,2374,-1,2341,2374,2342,-1,2342,2374,2375,-1,2342,2375,2343,-1,2343,2375,2376,-1,2343,2376,2344,-1,2344,2376,2377,-1,2344,2377,2345,-1,2345,2377,2378,-1,2345,2378,2346,-1,2346,2378,2379,-1,2346,2379,2347,-1,2347,2379,2380,-1,2347,2380,2348,-1,2348,2380,2381,-1,2348,2381,2349,-1,2349,2381,2382,-1,2349,2382,2350,-1,2350,2382,2383,-1,2350,2383,2351,-1,2351,2383,2384,-1,2351,2384,2352,-1,2352,2384,2385,-1,2352,2385,2353,-1,2353,2385,2386,-1,2353,2386,2354,-1,2354,2386,2387,-1,2354,2387,2355,-1,2355,2387,2388,-1,2355,2388,2356,-1,2356,2388,2389,-1,2356,2389,2357,-1,2357,2389,2390,-1,2357,2390,2358,-1,2358,2390,2391,-1,2358,2391,2359,-1,2359,2391,2392,-1,2359,2392,2360,-1,2360,2392,2393,-1,2360,2393,2361,-1,2361,2393,2394,-1,2361,2394,2362,-1,2362,2394,2395,-1,2362,2395,2363,-1,2363,2395,2396,-1,2363,2396,2364,-1,2364,2396,2397,-1,2364,2397,2365,-1,2365,2397,2398,-1,2365,2398,2366,-1,2366,2398,2367,-1,2398,2399,2367,-1,2367,2399,2400,-1,2367,2400,2368,-1,2368,2400,2401,-1,2368,2401,2369,-1,2369,2401,2402,-1,2369,2402,2370,-1,2370,2402,2403,-1,2370,2403,2371,-1,2371,2403,2404,-1,2371,2404,2372,-1,2372,2404,2405,-1,2372,2405,2373,-1,2373,2405,2406,-1,2373,2406,2374,-1,2374,2406,2407,-1,2374,2407,2375,-1,2375,2407,2408,-1,2375,2408,2376,-1,2376,2408,2409,-1,2376,2409,2377,-1,2377,2409,2410,-1,2377,2410,2378,-1,2378,2410,2411,-1,2378,2411,2379,-1,2379,2411,2412,-1,2379,2412,2380,-1,2380,2412,2413,-1,2380,2413,2381,-1,2381,2413,2414,-1,2381,2414,2382,-1,2382,2414,2415,-1,2382,2415,2383,-1,2383,2415,2416,-1,2383,2416,2384,-1,2384,2416,2417,-1,2384,2417,2385,-1,2385,2417,2418,-1,2385,2418,2386,-1,2386,2418,2419,-1,2386,2419,2387,-1,2387,2419,2420,-1,2387,2420,2388,-1,2388,2420,2421,-1,2388,2421,2389,-1,2389,2421,2422,-1,2389,2422,2390,-1,2390,2422,2423,-1,2390,2423,2391,-1,2391,2423,2424,-1,2391,2424,2392,-1,2392,2424,2425,-1,2392,2425,2393,-1,2393,2425,2426,-1,2393,2426,2394,-1,2394,2426,2427,-1,2394,2427,2395,-1,2395,2427,2428,-1,2395,2428,2396,-1,2396,2428,2429,-1,2396,2429,2397,-1,2397,2429,2430,-1,2397,2430,2398,-1,2398,2430,2399,-1,2430,2431,2399,-1,2399,2431,2432,-1,2399,2432,2400,-1,2400,2432,2433,-1,2400,2433,2401,-1,2401,2433,2434,-1,2401,2434,2402,-1,2402,2434,2435,-1,2402,2435,2403,-1,2403,2435,2436,-1,2403,2436,2404,-1,2404,2436,2437,-1,2404,2437,2405,-1,2405,2437,2438,-1,2405,2438,2406,-1,2406,2438,2439,-1,2406,2439,2407,-1,2407,2439,2440,-1,2407,2440,2408,-1,2408,2440,2441,-1,2408,2441,2409,-1,2409,2441,2442,-1,2409,2442,2410,-1,2410,2442,2443,-1,2410,2443,2411,-1,2411,2443,2444,-1,2411,2444,2412,-1,2412,2444,2445,-1,2412,2445,2413,-1,2413,2445,2446,-1,2413,2446,2414,-1,2414,2446,2447,-1,2414,2447,2415,-1,2415,2447,2448,-1,2415,2448,2416,-1,2416,2448,2449,-1,2416,2449,2417,-1,2417,2449,2450,-1,2417,2450,2418,-1,2418,2450,2451,-1,2418,2451,2419,-1,2419,2451,2452,-1,2419,2452,2420,-1,2420,2452,2453,-1,2420,2453,2421,-1,2421,2453,2454,-1,2421,2454,2422,-1,2422,2454,2455,-1,2422,2455,2423,-1,2423,2455,2456,-1,2423,2456,2424,-1,2424,2456,2457,-1,2424,2457,2425,-1,2425,2457,2458,-1,2425,2458,2426,-1,2426,2458,2459,-1,2426,2459,2427,-1,2427,2459,2460,-1,2427,2460,2428,-1,2428,2460,2461,-1,2428,2461,2429,-1,2429,2461,2462,-1,2429,2462,2430,-1,2430,2462,2431,-1,2462,2463,2431,-1,2431,2463,2464,-1,2431,2464,2432,-1,2432,2464,2465,-1,2432,2465,2433,-1,2433,2465,2466,-1,2433,2466,2434,-1,2434,2466,2467,-1,2434,2467,2435,-1,2435,2467,2468,-1,2435,2468,2436,-1,2436,2468,2469,-1,2436,2469,2437,-1,2437,2469,2470,-1,2437,2470,2438,-1,2438,2470,2471,-1,2438,2471,2439,-1,2439,2471,2472,-1,2439,2472,2440,-1,2440,2472,2473,-1,2440,2473,2441,-1,2441,2473,2474,-1,2441,2474,2442,-1,2442,2474,2475,-1,2442,2475,2443,-1,2443,2475,2476,-1,2443,2476,2444,-1,2444,2476,2477,-1,2444,2477,2445,-1,2445,2477,2478,-1,2445,2478,2446,-1,2446,2478,2479,-1,2446,2479,2447,-1,2447,2479,2480,-1,2447,2480,2448,-1,2448,2480,2481,-1,2448,2481,2449,-1,2449,2481,2482,-1,2449,2482,2450,-1,2450,2482,2483,-1,2450,2483,2451,-1,2451,2483,2484,-1,2451,2484,2452,-1,2452,2484,2485,-1,2452,2485,2453,-1,2453,2485,2486,-1,2453,2486,2454,-1,2454,2486,2487,-1,2454,2487,2455,-1,2455,2487,2488,-1,2455,2488,2456,-1,2456,2488,2489,-1,2456,2489,2457,-1,2457,2489,2490,-1,2457,2490,2458,-1,2458,2490,2491,-1,2458,2491,2459,-1,2459,2491,2492,-1,2459,2492,2460,-1,2460,2492,2493,-1,2460,2493,2461,-1,2461,2493,2494,-1,2461,2494,2462,-1,2462,2494,2463,-1,2494,2143,2463,-1,2463,2143,2142,-1,2463,2142,2464,-1,2464,2142,2145,-1,2464,2145,2465,-1,2465,2145,2146,-1,2465,2146,2466,-1,2466,2146,2147,-1,2466,2147,2467,-1,2467,2147,2148,-1,2467,2148,2468,-1,2468,2148,2149,-1,2468,2149,2469,-1,2469,2149,2150,-1,2469,2150,2470,-1,2470,2150,2151,-1,2470,2151,2471,-1,2471,2151,2152,-1,2471,2152,2472,-1,2472,2152,2153,-1,2472,2153,2473,-1,2473,2153,2154,-1,2473,2154,2474,-1,2474,2154,2155,-1,2474,2155,2475,-1,2475,2155,2156,-1,2475,2156,2476,-1,2476,2156,2157,-1,2476,2157,2477,-1,2477,2157,2158,-1,2477,2158,2478,-1,2478,2158,2159,-1,2478,2159,2479,-1,2479,2159,2160,-1,2479,2160,2480,-1,2480,2160,2161,-1,2480,2161,2481,-1,2481,2161,2162,-1,2481,2162,2482,-1,2482,2162,2163,-1,2482,2163,2483,-1,2483,2163,2164,-1,2483,2164,2484,-1,2484,2164,2165,-1,2484,2165,2485,-1,2485,2165,2166,-1,2485,2166,2486,-1,2486,2166,2167,-1,2486,2167,2487,-1,2487,2167,2168,-1,2487,2168,2488,-1,2488,2168,2169,-1,2488,2169,2489,-1,2489,2169,2170,-1,2489,2170,2490,-1,2490,2170,2171,-1,2490,2171,2491,-1,2491,2171,2172,-1,2491,2172,2492,-1,2492,2172,2173,-1,2492,2173,2493,-1,2493,2173,2174,-1,2493,2174,2494,-1,2494,2174,2143,-1,2495,2496,2497,-1,2495,2497,2498,-1,2499,2498,2497,-1,2500,2499,2497,-1,2501,2500,2497,-1,2502,2501,2497,-1,2503,2502,2497,-1,2504,2503,2497,-1,2505,2504,2497,-1,2506,2505,2497,-1,2507,2506,2497,-1,2508,2507,2497,-1,2509,2508,2497,-1,2510,2509,2497,-1,2511,2510,2497,-1,2512,2511,2497,-1,2513,2512,2497,-1,2514,2513,2497,-1,2515,2514,2497,-1,2516,2515,2497,-1,2517,2516,2497,-1,2518,2517,2497,-1,2519,2518,2497,-1,2520,2519,2497,-1,2521,2520,2497,-1,2522,2521,2497,-1,2523,2522,2497,-1,2524,2523,2497,-1,2525,2524,2497,-1,2526,2525,2497,-1,2527,2526,2497,-1,2496,2527,2497,-1,2528,2529,2530,-1,2530,2529,2531,-1,2530,2531,2532,-1,2532,2531,2533,-1,2532,2533,2534,-1,2534,2533,2535,-1,2534,2535,2536,-1,2536,2535,2537,-1,2536,2537,2538,-1,2538,2537,2539,-1,2538,2539,2540,-1,2540,2539,2541,-1,2540,2541,2542,-1,2542,2541,2543,-1,2542,2543,2544,-1,2544,2543,2545,-1,2544,2545,2546,-1,2546,2545,2547,-1,2546,2547,2548,-1,2548,2547,2549,-1,2548,2549,2550,-1,2550,2549,2551,-1,2550,2551,2552,-1,2552,2551,2553,-1,2552,2553,2554,-1,2554,2553,2555,-1,2554,2555,2556,-1,2556,2555,2557,-1,2556,2557,2558,-1,2558,2557,2559,-1,2558,2559,2560,-1,2560,2559,2561,-1,2560,2561,2562,-1,2562,2561,2563,-1,2562,2563,2564,-1,2564,2563,2565,-1,2564,2565,2566,-1,2566,2565,2567,-1,2566,2567,2568,-1,2568,2567,2569,-1,2568,2569,2570,-1,2570,2569,2571,-1,2570,2571,2572,-1,2572,2571,2573,-1,2572,2573,2574,-1,2574,2573,2575,-1,2574,2575,2576,-1,2576,2575,2577,-1,2576,2577,2578,-1,2578,2577,2579,-1,2578,2579,2580,-1,2580,2579,2581,-1,2580,2581,2582,-1,2582,2581,2583,-1,2582,2583,2584,-1,2584,2583,2585,-1,2584,2585,2586,-1,2586,2585,2587,-1,2586,2587,2588,-1,2588,2587,2589,-1,2588,2589,2590,-1,2590,2589,2591,-1,2590,2591,2528,-1,2528,2591,2529,-1,2591,2592,2529,-1,2529,2592,2593,-1,2529,2593,2531,-1,2531,2593,2594,-1,2531,2594,2533,-1,2533,2594,2595,-1,2533,2595,2535,-1,2535,2595,2596,-1,2535,2596,2537,-1,2537,2596,2597,-1,2537,2597,2539,-1,2539,2597,2598,-1,2539,2598,2541,-1,2541,2598,2599,-1,2541,2599,2543,-1,2543,2599,2600,-1,2543,2600,2545,-1,2545,2600,2601,-1,2545,2601,2547,-1,2547,2601,2602,-1,2547,2602,2549,-1,2549,2602,2603,-1,2549,2603,2551,-1,2551,2603,2604,-1,2551,2604,2553,-1,2553,2604,2605,-1,2553,2605,2555,-1,2555,2605,2606,-1,2555,2606,2557,-1,2557,2606,2607,-1,2557,2607,2559,-1,2559,2607,2608,-1,2559,2608,2561,-1,2561,2608,2609,-1,2561,2609,2563,-1,2563,2609,2610,-1,2563,2610,2565,-1,2565,2610,2611,-1,2565,2611,2567,-1,2567,2611,2612,-1,2567,2612,2569,-1,2569,2612,2613,-1,2569,2613,2571,-1,2571,2613,2614,-1,2571,2614,2573,-1,2573,2614,2615,-1,2573,2615,2575,-1,2575,2615,2616,-1,2575,2616,2577,-1,2577,2616,2617,-1,2577,2617,2579,-1,2579,2617,2618,-1,2579,2618,2581,-1,2581,2618,2619,-1,2581,2619,2583,-1,2583,2619,2620,-1,2583,2620,2585,-1,2585,2620,2621,-1,2585,2621,2587,-1,2587,2621,2622,-1,2587,2622,2589,-1,2589,2622,2623,-1,2589,2623,2591,-1,2591,2623,2592,-1,2623,2624,2592,-1,2592,2624,2625,-1,2592,2625,2593,-1,2593,2625,2626,-1,2593,2626,2594,-1,2594,2626,2627,-1,2594,2627,2595,-1,2595,2627,2628,-1,2595,2628,2596,-1,2596,2628,2629,-1,2596,2629,2597,-1,2597,2629,2630,-1,2597,2630,2598,-1,2598,2630,2631,-1,2598,2631,2599,-1,2599,2631,2632,-1,2599,2632,2600,-1,2600,2632,2633,-1,2600,2633,2601,-1,2601,2633,2634,-1,2601,2634,2602,-1,2602,2634,2635,-1,2602,2635,2603,-1,2603,2635,2636,-1,2603,2636,2604,-1,2604,2636,2637,-1,2604,2637,2605,-1,2605,2637,2638,-1,2605,2638,2606,-1,2606,2638,2639,-1,2606,2639,2607,-1,2607,2639,2640,-1,2607,2640,2608,-1,2608,2640,2641,-1,2608,2641,2609,-1,2609,2641,2642,-1,2609,2642,2610,-1,2610,2642,2643,-1,2610,2643,2611,-1,2611,2643,2644,-1,2611,2644,2612,-1,2612,2644,2645,-1,2612,2645,2613,-1,2613,2645,2646,-1,2613,2646,2614,-1,2614,2646,2647,-1,2614,2647,2615,-1,2615,2647,2648,-1,2615,2648,2616,-1,2616,2648,2649,-1,2616,2649,2617,-1,2617,2649,2650,-1,2617,2650,2618,-1,2618,2650,2651,-1,2618,2651,2619,-1,2619,2651,2652,-1,2619,2652,2620,-1,2620,2652,2653,-1,2620,2653,2621,-1,2621,2653,2654,-1,2621,2654,2622,-1,2622,2654,2655,-1,2622,2655,2623,-1,2623,2655,2624,-1,2655,2656,2624,-1,2624,2656,2657,-1,2624,2657,2625,-1,2625,2657,2658,-1,2625,2658,2626,-1,2626,2658,2659,-1,2626,2659,2627,-1,2627,2659,2660,-1,2627,2660,2628,-1,2628,2660,2661,-1,2628,2661,2629,-1,2629,2661,2662,-1,2629,2662,2630,-1,2630,2662,2663,-1,2630,2663,2631,-1,2631,2663,2664,-1,2631,2664,2632,-1,2632,2664,2665,-1,2632,2665,2633,-1,2633,2665,2666,-1,2633,2666,2634,-1,2634,2666,2667,-1,2634,2667,2635,-1,2635,2667,2668,-1,2635,2668,2636,-1,2636,2668,2669,-1,2636,2669,2637,-1,2637,2669,2670,-1,2637,2670,2638,-1,2638,2670,2671,-1,2638,2671,2639,-1,2639,2671,2672,-1,2639,2672,2640,-1,2640,2672,2673,-1,2640,2673,2641,-1,2641,2673,2674,-1,2641,2674,2642,-1,2642,2674,2675,-1,2642,2675,2643,-1,2643,2675,2676,-1,2643,2676,2644,-1,2644,2676,2677,-1,2644,2677,2645,-1,2645,2677,2678,-1,2645,2678,2646,-1,2646,2678,2679,-1,2646,2679,2647,-1,2647,2679,2680,-1,2647,2680,2648,-1,2648,2680,2681,-1,2648,2681,2649,-1,2649,2681,2682,-1,2649,2682,2650,-1,2650,2682,2683,-1,2650,2683,2651,-1,2651,2683,2684,-1,2651,2684,2652,-1,2652,2684,2685,-1,2652,2685,2653,-1,2653,2685,2686,-1,2653,2686,2654,-1,2654,2686,2687,-1,2654,2687,2655,-1,2655,2687,2656,-1,2687,2688,2656,-1,2656,2688,2689,-1,2656,2689,2657,-1,2657,2689,2690,-1,2657,2690,2658,-1,2658,2690,2691,-1,2658,2691,2659,-1,2659,2691,2692,-1,2659,2692,2660,-1,2660,2692,2693,-1,2660,2693,2661,-1,2661,2693,2694,-1,2661,2694,2662,-1,2662,2694,2695,-1,2662,2695,2663,-1,2663,2695,2696,-1,2663,2696,2664,-1,2664,2696,2697,-1,2664,2697,2665,-1,2665,2697,2698,-1,2665,2698,2666,-1,2666,2698,2699,-1,2666,2699,2667,-1,2667,2699,2700,-1,2667,2700,2668,-1,2668,2700,2701,-1,2668,2701,2669,-1,2669,2701,2702,-1,2669,2702,2670,-1,2670,2702,2703,-1,2670,2703,2671,-1,2671,2703,2704,-1,2671,2704,2672,-1,2672,2704,2705,-1,2672,2705,2673,-1,2673,2705,2706,-1,2673,2706,2674,-1,2674,2706,2707,-1,2674,2707,2675,-1,2675,2707,2708,-1,2675,2708,2676,-1,2676,2708,2709,-1,2676,2709,2677,-1,2677,2709,2710,-1,2677,2710,2678,-1,2678,2710,2711,-1,2678,2711,2679,-1,2679,2711,2712,-1,2679,2712,2680,-1,2680,2712,2713,-1,2680,2713,2681,-1,2681,2713,2714,-1,2681,2714,2682,-1,2682,2714,2715,-1,2682,2715,2683,-1,2683,2715,2716,-1,2683,2716,2684,-1,2684,2716,2717,-1,2684,2717,2685,-1,2685,2717,2718,-1,2685,2718,2686,-1,2686,2718,2719,-1,2686,2719,2687,-1,2687,2719,2688,-1,2719,2720,2688,-1,2688,2720,2721,-1,2688,2721,2689,-1,2689,2721,2722,-1,2689,2722,2690,-1,2690,2722,2723,-1,2690,2723,2691,-1,2691,2723,2724,-1,2691,2724,2692,-1,2692,2724,2725,-1,2692,2725,2693,-1,2693,2725,2726,-1,2693,2726,2694,-1,2694,2726,2727,-1,2694,2727,2695,-1,2695,2727,2728,-1,2695,2728,2696,-1,2696,2728,2729,-1,2696,2729,2697,-1,2697,2729,2730,-1,2697,2730,2698,-1,2698,2730,2731,-1,2698,2731,2699,-1,2699,2731,2732,-1,2699,2732,2700,-1,2700,2732,2733,-1,2700,2733,2701,-1,2701,2733,2734,-1,2701,2734,2702,-1,2702,2734,2735,-1,2702,2735,2703,-1,2703,2735,2736,-1,2703,2736,2704,-1,2704,2736,2737,-1,2704,2737,2705,-1,2705,2737,2738,-1,2705,2738,2706,-1,2706,2738,2739,-1,2706,2739,2707,-1,2707,2739,2740,-1,2707,2740,2708,-1,2708,2740,2741,-1,2708,2741,2709,-1,2709,2741,2742,-1,2709,2742,2710,-1,2710,2742,2743,-1,2710,2743,2711,-1,2711,2743,2744,-1,2711,2744,2712,-1,2712,2744,2745,-1,2712,2745,2713,-1,2713,2745,2746,-1,2713,2746,2714,-1,2714,2746,2747,-1,2714,2747,2715,-1,2715,2747,2748,-1,2715,2748,2716,-1,2716,2748,2749,-1,2716,2749,2717,-1,2717,2749,2750,-1,2717,2750,2718,-1,2718,2750,2751,-1,2718,2751,2719,-1,2719,2751,2720,-1,2751,2752,2720,-1,2720,2752,2753,-1,2720,2753,2721,-1,2721,2753,2754,-1,2721,2754,2722,-1,2722,2754,2755,-1,2722,2755,2723,-1,2723,2755,2756,-1,2723,2756,2724,-1,2724,2756,2757,-1,2724,2757,2725,-1,2725,2757,2758,-1,2725,2758,2726,-1,2726,2758,2759,-1,2726,2759,2727,-1,2727,2759,2760,-1,2727,2760,2728,-1,2728,2760,2761,-1,2728,2761,2729,-1,2729,2761,2762,-1,2729,2762,2730,-1,2730,2762,2763,-1,2730,2763,2731,-1,2731,2763,2764,-1,2731,2764,2732,-1,2732,2764,2765,-1,2732,2765,2733,-1,2733,2765,2766,-1,2733,2766,2734,-1,2734,2766,2767,-1,2734,2767,2735,-1,2735,2767,2768,-1,2735,2768,2736,-1,2736,2768,2769,-1,2736,2769,2737,-1,2737,2769,2770,-1,2737,2770,2738,-1,2738,2770,2771,-1,2738,2771,2739,-1,2739,2771,2772,-1,2739,2772,2740,-1,2740,2772,2773,-1,2740,2773,2741,-1,2741,2773,2774,-1,2741,2774,2742,-1,2742,2774,2775,-1,2742,2775,2743,-1,2743,2775,2776,-1,2743,2776,2744,-1,2744,2776,2777,-1,2744,2777,2745,-1,2745,2777,2778,-1,2745,2778,2746,-1,2746,2778,2779,-1,2746,2779,2747,-1,2747,2779,2780,-1,2747,2780,2748,-1,2748,2780,2781,-1,2748,2781,2749,-1,2749,2781,2782,-1,2749,2782,2750,-1,2750,2782,2783,-1,2750,2783,2751,-1,2751,2783,2752,-1,2783,2784,2752,-1,2752,2784,2785,-1,2752,2785,2753,-1,2753,2785,2786,-1,2753,2786,2754,-1,2754,2786,2787,-1,2754,2787,2755,-1,2755,2787,2788,-1,2755,2788,2756,-1,2756,2788,2789,-1,2756,2789,2757,-1,2757,2789,2790,-1,2757,2790,2758,-1,2758,2790,2791,-1,2758,2791,2759,-1,2759,2791,2792,-1,2759,2792,2760,-1,2760,2792,2793,-1,2760,2793,2761,-1,2761,2793,2794,-1,2761,2794,2762,-1,2762,2794,2795,-1,2762,2795,2763,-1,2763,2795,2796,-1,2763,2796,2764,-1,2764,2796,2797,-1,2764,2797,2765,-1,2765,2797,2798,-1,2765,2798,2766,-1,2766,2798,2799,-1,2766,2799,2767,-1,2767,2799,2800,-1,2767,2800,2768,-1,2768,2800,2801,-1,2768,2801,2769,-1,2769,2801,2802,-1,2769,2802,2770,-1,2770,2802,2803,-1,2770,2803,2771,-1,2771,2803,2804,-1,2771,2804,2772,-1,2772,2804,2805,-1,2772,2805,2773,-1,2773,2805,2806,-1,2773,2806,2774,-1,2774,2806,2807,-1,2774,2807,2775,-1,2775,2807,2808,-1,2775,2808,2776,-1,2776,2808,2809,-1,2776,2809,2777,-1,2777,2809,2810,-1,2777,2810,2778,-1,2778,2810,2811,-1,2778,2811,2779,-1,2779,2811,2812,-1,2779,2812,2780,-1,2780,2812,2813,-1,2780,2813,2781,-1,2781,2813,2814,-1,2781,2814,2782,-1,2782,2814,2815,-1,2782,2815,2783,-1,2783,2815,2784,-1,2815,2816,2784,-1,2784,2816,2817,-1,2784,2817,2785,-1,2785,2817,2818,-1,2785,2818,2786,-1,2786,2818,2819,-1,2786,2819,2787,-1,2787,2819,2820,-1,2787,2820,2788,-1,2788,2820,2821,-1,2788,2821,2789,-1,2789,2821,2822,-1,2789,2822,2790,-1,2790,2822,2823,-1,2790,2823,2791,-1,2791,2823,2824,-1,2791,2824,2792,-1,2792,2824,2825,-1,2792,2825,2793,-1,2793,2825,2826,-1,2793,2826,2794,-1,2794,2826,2827,-1,2794,2827,2795,-1,2795,2827,2828,-1,2795,2828,2796,-1,2796,2828,2829,-1,2796,2829,2797,-1,2797,2829,2830,-1,2797,2830,2798,-1,2798,2830,2831,-1,2798,2831,2799,-1,2799,2831,2832,-1,2799,2832,2800,-1,2800,2832,2833,-1,2800,2833,2801,-1,2801,2833,2834,-1,2801,2834,2802,-1,2802,2834,2835,-1,2802,2835,2803,-1,2803,2835,2836,-1,2803,2836,2804,-1,2804,2836,2837,-1,2804,2837,2805,-1,2805,2837,2838,-1,2805,2838,2806,-1,2806,2838,2839,-1,2806,2839,2807,-1,2807,2839,2840,-1,2807,2840,2808,-1,2808,2840,2841,-1,2808,2841,2809,-1,2809,2841,2842,-1,2809,2842,2810,-1,2810,2842,2843,-1,2810,2843,2811,-1,2811,2843,2844,-1,2811,2844,2812,-1,2812,2844,2845,-1,2812,2845,2813,-1,2813,2845,2846,-1,2813,2846,2814,-1,2814,2846,2847,-1,2814,2847,2815,-1,2815,2847,2816,-1,2847,2496,2816,-1,2816,2496,2495,-1,2816,2495,2817,-1,2817,2495,2498,-1,2817,2498,2818,-1,2818,2498,2499,-1,2818,2499,2819,-1,2819,2499,2500,-1,2819,2500,2820,-1,2820,2500,2501,-1,2820,2501,2821,-1,2821,2501,2502,-1,2821,2502,2822,-1,2822,2502,2503,-1,2822,2503,2823,-1,2823,2503,2504,-1,2823,2504,2824,-1,2824,2504,2505,-1,2824,2505,2825,-1,2825,2505,2506,-1,2825,2506,2826,-1,2826,2506,2507,-1,2826,2507,2827,-1,2827,2507,2508,-1,2827,2508,2828,-1,2828,2508,2509,-1,2828,2509,2829,-1,2829,2509,2510,-1,2829,2510,2830,-1,2830,2510,2511,-1,2830,2511,2831,-1,2831,2511,2512,-1,2831,2512,2832,-1,2832,2512,2513,-1,2832,2513,2833,-1,2833,2513,2514,-1,2833,2514,2834,-1,2834,2514,2515,-1,2834,2515,2835,-1,2835,2515,2516,-1,2835,2516,2836,-1,2836,2516,2517,-1,2836,2517,2837,-1,2837,2517,2518,-1,2837,2518,2838,-1,2838,2518,2519,-1,2838,2519,2839,-1,2839,2519,2520,-1,2839,2520,2840,-1,2840,2520,2521,-1,2840,2521,2841,-1,2841,2521,2522,-1,2841,2522,2842,-1,2842,2522,2523,-1,2842,2523,2843,-1,2843,2523,2524,-1,2843,2524,2844,-1,2844,2524,2525,-1,2844,2525,2845,-1,2845,2525,2526,-1,2845,2526,2846,-1,2846,2526,2527,-1,2846,2527,2847,-1,2847,2527,2496,-1,2848,2849,2850,-1,2848,2850,2851,-1,2852,2851,2850,-1,2853,2852,2850,-1,2854,2853,2850,-1,2855,2854,2850,-1,2856,2855,2850,-1,2857,2856,2850,-1,2858,2857,2850,-1,2859,2858,2850,-1,2860,2859,2850,-1,2861,2860,2850,-1,2862,2861,2850,-1,2863,2862,2850,-1,2864,2863,2850,-1,2865,2864,2850,-1,2866,2865,2850,-1,2867,2866,2850,-1,2868,2867,2850,-1,2869,2868,2850,-1,2870,2869,2850,-1,2871,2870,2850,-1,2872,2871,2850,-1,2873,2872,2850,-1,2874,2873,2850,-1,2875,2874,2850,-1,2876,2875,2850,-1,2877,2876,2850,-1,2878,2877,2850,-1,2879,2878,2850,-1,2880,2879,2850,-1,2849,2880,2850,-1,2881,2882,2883,-1,2883,2882,2884,-1,2883,2884,2885,-1,2885,2884,2886,-1,2885,2886,2887,-1,2887,2886,2888,-1,2887,2888,2889,-1,2889,2888,2890,-1,2889,2890,2891,-1,2891,2890,2892,-1,2891,2892,2893,-1,2893,2892,2894,-1,2893,2894,2895,-1,2895,2894,2896,-1,2895,2896,2897,-1,2897,2896,2898,-1,2897,2898,2899,-1,2899,2898,2900,-1,2899,2900,2901,-1,2901,2900,2902,-1,2901,2902,2903,-1,2903,2902,2904,-1,2903,2904,2905,-1,2905,2904,2906,-1,2905,2906,2907,-1,2907,2906,2908,-1,2907,2908,2909,-1,2909,2908,2910,-1,2909,2910,2911,-1,2911,2910,2912,-1,2911,2912,2913,-1,2913,2912,2914,-1,2913,2914,2915,-1,2915,2914,2916,-1,2915,2916,2917,-1,2917,2916,2918,-1,2917,2918,2919,-1,2919,2918,2920,-1,2919,2920,2921,-1,2921,2920,2922,-1,2921,2922,2923,-1,2923,2922,2924,-1,2923,2924,2925,-1,2925,2924,2926,-1,2925,2926,2927,-1,2927,2926,2928,-1,2927,2928,2929,-1,2929,2928,2930,-1,2929,2930,2931,-1,2931,2930,2932,-1,2931,2932,2933,-1,2933,2932,2934,-1,2933,2934,2935,-1,2935,2934,2936,-1,2935,2936,2937,-1,2937,2936,2938,-1,2937,2938,2939,-1,2939,2938,2940,-1,2939,2940,2941,-1,2941,2940,2942,-1,2941,2942,2943,-1,2943,2942,2944,-1,2943,2944,2881,-1,2881,2944,2882,-1,2944,2945,2882,-1,2882,2945,2946,-1,2882,2946,2884,-1,2884,2946,2947,-1,2884,2947,2886,-1,2886,2947,2948,-1,2886,2948,2888,-1,2888,2948,2949,-1,2888,2949,2890,-1,2890,2949,2950,-1,2890,2950,2892,-1,2892,2950,2951,-1,2892,2951,2894,-1,2894,2951,2952,-1,2894,2952,2896,-1,2896,2952,2953,-1,2896,2953,2898,-1,2898,2953,2954,-1,2898,2954,2900,-1,2900,2954,2955,-1,2900,2955,2902,-1,2902,2955,2956,-1,2902,2956,2904,-1,2904,2956,2957,-1,2904,2957,2906,-1,2906,2957,2958,-1,2906,2958,2908,-1,2908,2958,2959,-1,2908,2959,2910,-1,2910,2959,2960,-1,2910,2960,2912,-1,2912,2960,2961,-1,2912,2961,2914,-1,2914,2961,2962,-1,2914,2962,2916,-1,2916,2962,2963,-1,2916,2963,2918,-1,2918,2963,2964,-1,2918,2964,2920,-1,2920,2964,2965,-1,2920,2965,2922,-1,2922,2965,2966,-1,2922,2966,2924,-1,2924,2966,2967,-1,2924,2967,2926,-1,2926,2967,2968,-1,2926,2968,2928,-1,2928,2968,2969,-1,2928,2969,2930,-1,2930,2969,2970,-1,2930,2970,2932,-1,2932,2970,2971,-1,2932,2971,2934,-1,2934,2971,2972,-1,2934,2972,2936,-1,2936,2972,2973,-1,2936,2973,2938,-1,2938,2973,2974,-1,2938,2974,2940,-1,2940,2974,2975,-1,2940,2975,2942,-1,2942,2975,2976,-1,2942,2976,2944,-1,2944,2976,2945,-1,2976,2977,2945,-1,2945,2977,2978,-1,2945,2978,2946,-1,2946,2978,2979,-1,2946,2979,2947,-1,2947,2979,2980,-1,2947,2980,2948,-1,2948,2980,2981,-1,2948,2981,2949,-1,2949,2981,2982,-1,2949,2982,2950,-1,2950,2982,2983,-1,2950,2983,2951,-1,2951,2983,2984,-1,2951,2984,2952,-1,2952,2984,2985,-1,2952,2985,2953,-1,2953,2985,2986,-1,2953,2986,2954,-1,2954,2986,2987,-1,2954,2987,2955,-1,2955,2987,2988,-1,2955,2988,2956,-1,2956,2988,2989,-1,2956,2989,2957,-1,2957,2989,2990,-1,2957,2990,2958,-1,2958,2990,2991,-1,2958,2991,2959,-1,2959,2991,2992,-1,2959,2992,2960,-1,2960,2992,2993,-1,2960,2993,2961,-1,2961,2993,2994,-1,2961,2994,2962,-1,2962,2994,2995,-1,2962,2995,2963,-1,2963,2995,2996,-1,2963,2996,2964,-1,2964,2996,2997,-1,2964,2997,2965,-1,2965,2997,2998,-1,2965,2998,2966,-1,2966,2998,2999,-1,2966,2999,2967,-1,2967,2999,3000,-1,2967,3000,2968,-1,2968,3000,3001,-1,2968,3001,2969,-1,2969,3001,3002,-1,2969,3002,2970,-1,2970,3002,3003,-1,2970,3003,2971,-1,2971,3003,3004,-1,2971,3004,2972,-1,2972,3004,3005,-1,2972,3005,2973,-1,2973,3005,3006,-1,2973,3006,2974,-1,2974,3006,3007,-1,2974,3007,2975,-1,2975,3007,3008,-1,2975,3008,2976,-1,2976,3008,2977,-1,3008,3009,2977,-1,2977,3009,3010,-1,2977,3010,2978,-1,2978,3010,3011,-1,2978,3011,2979,-1,2979,3011,3012,-1,2979,3012,2980,-1,2980,3012,3013,-1,2980,3013,2981,-1,2981,3013,3014,-1,2981,3014,2982,-1,2982,3014,3015,-1,2982,3015,2983,-1,2983,3015,3016,-1,2983,3016,2984,-1,2984,3016,3017,-1,2984,3017,2985,-1,2985,3017,3018,-1,2985,3018,2986,-1,2986,3018,3019,-1,2986,3019,2987,-1,2987,3019,3020,-1,2987,3020,2988,-1,2988,3020,3021,-1,2988,3021,2989,-1,2989,3021,3022,-1,2989,3022,2990,-1,2990,3022,3023,-1,2990,3023,2991,-1,2991,3023,3024,-1,2991,3024,2992,-1,2992,3024,3025,-1,2992,3025,2993,-1,2993,3025,3026,-1,2993,3026,2994,-1,2994,3026,3027,-1,2994,3027,2995,-1,2995,3027,3028,-1,2995,3028,2996,-1,2996,3028,3029,-1,2996,3029,2997,-1,2997,3029,3030,-1,2997,3030,2998,-1,2998,3030,3031,-1,2998,3031,2999,-1,2999,3031,3032,-1,2999,3032,3000,-1,3000,3032,3033,-1,3000,3033,3001,-1,3001,3033,3034,-1,3001,3034,3002,-1,3002,3034,3035,-1,3002,3035,3003,-1,3003,3035,3036,-1,3003,3036,3004,-1,3004,3036,3037,-1,3004,3037,3005,-1,3005,3037,3038,-1,3005,3038,3006,-1,3006,3038,3039,-1,3006,3039,3007,-1,3007,3039,3040,-1,3007,3040,3008,-1,3008,3040,3009,-1,3040,3041,3009,-1,3009,3041,3042,-1,3009,3042,3010,-1,3010,3042,3043,-1,3010,3043,3011,-1,3011,3043,3044,-1,3011,3044,3012,-1,3012,3044,3045,-1,3012,3045,3013,-1,3013,3045,3046,-1,3013,3046,3014,-1,3014,3046,3047,-1,3014,3047,3015,-1,3015,3047,3048,-1,3015,3048,3016,-1,3016,3048,3049,-1,3016,3049,3017,-1,3017,3049,3050,-1,3017,3050,3018,-1,3018,3050,3051,-1,3018,3051,3019,-1,3019,3051,3052,-1,3019,3052,3020,-1,3020,3052,3053,-1,3020,3053,3021,-1,3021,3053,3054,-1,3021,3054,3022,-1,3022,3054,3055,-1,3022,3055,3023,-1,3023,3055,3056,-1,3023,3056,3024,-1,3024,3056,3057,-1,3024,3057,3025,-1,3025,3057,3058,-1,3025,3058,3026,-1,3026,3058,3059,-1,3026,3059,3027,-1,3027,3059,3060,-1,3027,3060,3028,-1,3028,3060,3061,-1,3028,3061,3029,-1,3029,3061,3062,-1,3029,3062,3030,-1,3030,3062,3063,-1,3030,3063,3031,-1,3031,3063,3064,-1,3031,3064,3032,-1,3032,3064,3065,-1,3032,3065,3033,-1,3033,3065,3066,-1,3033,3066,3034,-1,3034,3066,3067,-1,3034,3067,3035,-1,3035,3067,3068,-1,3035,3068,3036,-1,3036,3068,3069,-1,3036,3069,3037,-1,3037,3069,3070,-1,3037,3070,3038,-1,3038,3070,3071,-1,3038,3071,3039,-1,3039,3071,3072,-1,3039,3072,3040,-1,3040,3072,3041,-1,3072,3073,3041,-1,3041,3073,3074,-1,3041,3074,3042,-1,3042,3074,3075,-1,3042,3075,3043,-1,3043,3075,3076,-1,3043,3076,3044,-1,3044,3076,3077,-1,3044,3077,3045,-1,3045,3077,3078,-1,3045,3078,3046,-1,3046,3078,3079,-1,3046,3079,3047,-1,3047,3079,3080,-1,3047,3080,3048,-1,3048,3080,3081,-1,3048,3081,3049,-1,3049,3081,3082,-1,3049,3082,3050,-1,3050,3082,3083,-1,3050,3083,3051,-1,3051,3083,3084,-1,3051,3084,3052,-1,3052,3084,3085,-1,3052,3085,3053,-1,3053,3085,3086,-1,3053,3086,3054,-1,3054,3086,3087,-1,3054,3087,3055,-1,3055,3087,3088,-1,3055,3088,3056,-1,3056,3088,3089,-1,3056,3089,3057,-1,3057,3089,3090,-1,3057,3090,3058,-1,3058,3090,3091,-1,3058,3091,3059,-1,3059,3091,3092,-1,3059,3092,3060,-1,3060,3092,3093,-1,3060,3093,3061,-1,3061,3093,3094,-1,3061,3094,3062,-1,3062,3094,3095,-1,3062,3095,3063,-1,3063,3095,3096,-1,3063,3096,3064,-1,3064,3096,3097,-1,3064,3097,3065,-1,3065,3097,3098,-1,3065,3098,3066,-1,3066,3098,3099,-1,3066,3099,3067,-1,3067,3099,3100,-1,3067,3100,3068,-1,3068,3100,3101,-1,3068,3101,3069,-1,3069,3101,3102,-1,3069,3102,3070,-1,3070,3102,3103,-1,3070,3103,3071,-1,3071,3103,3104,-1,3071,3104,3072,-1,3072,3104,3073,-1,3104,3105,3073,-1,3073,3105,3106,-1,3073,3106,3074,-1,3074,3106,3107,-1,3074,3107,3075,-1,3075,3107,3108,-1,3075,3108,3076,-1,3076,3108,3109,-1,3076,3109,3077,-1,3077,3109,3110,-1,3077,3110,3078,-1,3078,3110,3111,-1,3078,3111,3079,-1,3079,3111,3112,-1,3079,3112,3080,-1,3080,3112,3113,-1,3080,3113,3081,-1,3081,3113,3114,-1,3081,3114,3082,-1,3082,3114,3115,-1,3082,3115,3083,-1,3083,3115,3116,-1,3083,3116,3084,-1,3084,3116,3117,-1,3084,3117,3085,-1,3085,3117,3118,-1,3085,3118,3086,-1,3086,3118,3119,-1,3086,3119,3087,-1,3087,3119,3120,-1,3087,3120,3088,-1,3088,3120,3121,-1,3088,3121,3089,-1,3089,3121,3122,-1,3089,3122,3090,-1,3090,3122,3123,-1,3090,3123,3091,-1,3091,3123,3124,-1,3091,3124,3092,-1,3092,3124,3125,-1,3092,3125,3093,-1,3093,3125,3126,-1,3093,3126,3094,-1,3094,3126,3127,-1,3094,3127,3095,-1,3095,3127,3128,-1,3095,3128,3096,-1,3096,3128,3129,-1,3096,3129,3097,-1,3097,3129,3130,-1,3097,3130,3098,-1,3098,3130,3131,-1,3098,3131,3099,-1,3099,3131,3132,-1,3099,3132,3100,-1,3100,3132,3133,-1,3100,3133,3101,-1,3101,3133,3134,-1,3101,3134,3102,-1,3102,3134,3135,-1,3102,3135,3103,-1,3103,3135,3136,-1,3103,3136,3104,-1,3104,3136,3105,-1,3136,3137,3105,-1,3105,3137,3138,-1,3105,3138,3106,-1,3106,3138,3139,-1,3106,3139,3107,-1,3107,3139,3140,-1,3107,3140,3108,-1,3108,3140,3141,-1,3108,3141,3109,-1,3109,3141,3142,-1,3109,3142,3110,-1,3110,3142,3143,-1,3110,3143,3111,-1,3111,3143,3144,-1,3111,3144,3112,-1,3112,3144,3145,-1,3112,3145,3113,-1,3113,3145,3146,-1,3113,3146,3114,-1,3114,3146,3147,-1,3114,3147,3115,-1,3115,3147,3148,-1,3115,3148,3116,-1,3116,3148,3149,-1,3116,3149,3117,-1,3117,3149,3150,-1,3117,3150,3118,-1,3118,3150,3151,-1,3118,3151,3119,-1,3119,3151,3152,-1,3119,3152,3120,-1,3120,3152,3153,-1,3120,3153,3121,-1,3121,3153,3154,-1,3121,3154,3122,-1,3122,3154,3155,-1,3122,3155,3123,-1,3123,3155,3156,-1,3123,3156,3124,-1,3124,3156,3157,-1,3124,3157,3125,-1,3125,3157,3158,-1,3125,3158,3126,-1,3126,3158,3159,-1,3126,3159,3127,-1,3127,3159,3160,-1,3127,3160,3128,-1,3128,3160,3161,-1,3128,3161,3129,-1,3129,3161,3162,-1,3129,3162,3130,-1,3130,3162,3163,-1,3130,3163,3131,-1,3131,3163,3164,-1,3131,3164,3132,-1,3132,3164,3165,-1,3132,3165,3133,-1,3133,3165,3166,-1,3133,3166,3134,-1,3134,3166,3167,-1,3134,3167,3135,-1,3135,3167,3168,-1,3135,3168,3136,-1,3136,3168,3137,-1,3168,3169,3137,-1,3137,3169,3170,-1,3137,3170,3138,-1,3138,3170,3171,-1,3138,3171,3139,-1,3139,3171,3172,-1,3139,3172,3140,-1,3140,3172,3173,-1,3140,3173,3141,-1,3141,3173,3174,-1,3141,3174,3142,-1,3142,3174,3175,-1,3142,3175,3143,-1,3143,3175,3176,-1,3143,3176,3144,-1,3144,3176,3177,-1,3144,3177,3145,-1,3145,3177,3178,-1,3145,3178,3146,-1,3146,3178,3179,-1,3146,3179,3147,-1,3147,3179,3180,-1,3147,3180,3148,-1,3148,3180,3181,-1,3148,3181,3149,-1,3149,3181,3182,-1,3149,3182,3150,-1,3150,3182,3183,-1,3150,3183,3151,-1,3151,3183,3184,-1,3151,3184,3152,-1,3152,3184,3185,-1,3152,3185,3153,-1,3153,3185,3186,-1,3153,3186,3154,-1,3154,3186,3187,-1,3154,3187,3155,-1,3155,3187,3188,-1,3155,3188,3156,-1,3156,3188,3189,-1,3156,3189,3157,-1,3157,3189,3190,-1,3157,3190,3158,-1,3158,3190,3191,-1,3158,3191,3159,-1,3159,3191,3192,-1,3159,3192,3160,-1,3160,3192,3193,-1,3160,3193,3161,-1,3161,3193,3194,-1,3161,3194,3162,-1,3162,3194,3195,-1,3162,3195,3163,-1,3163,3195,3196,-1,3163,3196,3164,-1,3164,3196,3197,-1,3164,3197,3165,-1,3165,3197,3198,-1,3165,3198,3166,-1,3166,3198,3199,-1,3166,3199,3167,-1,3167,3199,3200,-1,3167,3200,3168,-1,3168,3200,3169,-1,3200,2849,3169,-1,3169,2849,2848,-1,3169,2848,3170,-1,3170,2848,2851,-1,3170,2851,3171,-1,3171,2851,2852,-1,3171,2852,3172,-1,3172,2852,2853,-1,3172,2853,3173,-1,3173,2853,2854,-1,3173,2854,3174,-1,3174,2854,2855,-1,3174,2855,3175,-1,3175,2855,2856,-1,3175,2856,3176,-1,3176,2856,2857,-1,3176,2857,3177,-1,3177,2857,2858,-1,3177,2858,3178,-1,3178,2858,2859,-1,3178,2859,3179,-1,3179,2859,2860,-1,3179,2860,3180,-1,3180,2860,2861,-1,3180,2861,3181,-1,3181,2861,2862,-1,3181,2862,3182,-1,3182,2862,2863,-1,3182,2863,3183,-1,3183,2863,2864,-1,3183,2864,3184,-1,3184,2864,2865,-1,3184,2865,3185,-1,3185,2865,2866,-1,3185,2866,3186,-1,3186,2866,2867,-1,3186,2867,3187,-1,3187,2867,2868,-1,3187,2868,3188,-1,3188,2868,2869,-1,3188,2869,3189,-1,3189,2869,2870,-1,3189,2870,3190,-1,3190,2870,2871,-1,3190,2871,3191,-1,3191,2871,2872,-1,3191,2872,3192,-1,3192,2872,2873,-1,3192,2873,3193,-1,3193,2873,2874,-1,3193,2874,3194,-1,3194,2874,2875,-1,3194,2875,3195,-1,3195,2875,2876,-1,3195,2876,3196,-1,3196,2876,2877,-1,3196,2877,3197,-1,3197,2877,2878,-1,3197,2878,3198,-1,3198,2878,2879,-1,3198,2879,3199,-1,3199,2879,2880,-1,3199,2880,3200,-1,3200,2880,2849,-1,3201,3202,3203,-1,3203,3202,3204,-1,3202,3205,3204,-1,3204,3205,3206,-1,3205,3207,3206,-1,3206,3207,3208,-1,3207,3209,3208,-1,3208,3209,3210,-1,3209,3211,3210,-1,3210,3211,3212,-1,3211,3213,3212,-1,3212,3213,3214,-1,3213,3215,3214,-1,3214,3215,3216,-1,3215,3201,3216,-1,3216,3201,3203,-1,3217,3209,3218,-1,3218,3209,3207,-1,3219,3215,3217,-1,3217,3215,3213,-1,3217,3213,3209,-1,3209,3213,3211,-1,3219,3220,3215,-1,3215,3220,3221,-1,3215,3221,3201,-1,3201,3221,3222,-1,3201,3222,3223,-1,3223,3224,3201,-1,3201,3224,3218,-1,3201,3218,3202,-1,3202,3218,3207,-1,3202,3207,3205,-1,3217,3218,3225,-1,3225,3218,3226,-1,3219,3217,3227,-1,3227,3217,3225,-1,3219,3227,3228,-1,3219,3228,3220,-1,3220,3228,3229,-1,3220,3229,3221,-1,3222,3221,3230,-1,3230,3221,3229,-1,3222,3230,3231,-1,3222,3231,3223,-1,3223,3231,3232,-1,3223,3232,3224,-1,3218,3224,3226,-1,3226,3224,3232,-1,3233,3234,3235,-1,3235,3234,3236,-1,3234,3237,3236,-1,3236,3237,3238,-1,3237,3239,3238,-1,3238,3239,3240,-1,3241,3242,3243,-1,3241,3243,3244,-1,3244,3243,3245,-1,3244,3245,3246,-1,3246,3245,3247,-1,3246,3247,3248,-1,3248,3247,3249,-1,3248,3249,3250,-1,3250,3249,3251,-1,3250,3251,3252,-1,3252,3251,3253,-1,3252,3253,3254,-1,3254,3253,3255,-1,3254,3255,3256,-1,3256,3255,3240,-1,3256,3240,3239,-1,3233,3235,3257,-1,3233,3257,3258,-1,3258,3257,3259,-1,3258,3259,3260,-1,3260,3259,3261,-1,3260,3261,3262,-1,3262,3261,3263,-1,3262,3263,3264,-1,3264,3263,3265,-1,3264,3265,3266,-1,3266,3265,3267,-1,3266,3267,3268,-1,3268,3267,3242,-1,3268,3242,3241,-1,3246,3248,3269,-1,3269,3248,3250,-1,3269,3250,3270,-1,3270,3250,3252,-1,3270,3252,3271,-1,3271,3252,3254,-1,3271,3254,3272,-1,3272,3254,3256,-1,3272,3256,3273,-1,3273,3256,3239,-1,3273,3239,3274,-1,3274,3239,3237,-1,3274,3237,3275,-1,3275,3237,3234,-1,3275,3234,3276,-1,3276,3234,3233,-1,3276,3233,3277,-1,3277,3233,3258,-1,3277,3258,3278,-1,3278,3258,3260,-1,3278,3260,3279,-1,3279,3260,3262,-1,3279,3262,3280,-1,3280,3262,3264,-1,3280,3264,3281,-1,3281,3264,3266,-1,3281,3266,3282,-1,3282,3266,3268,-1,3282,3268,3283,-1,3283,3268,3241,-1,3283,3241,3284,-1,3284,3241,3244,-1,3284,3244,3285,-1,3285,3244,3246,-1,3285,3246,3269,-1,3273,3274,3286,-1,3286,3274,3287,-1,3273,3286,3288,-1,3273,3288,3272,-1,3272,3288,3289,-1,3272,3289,3271,-1,3271,3289,3290,-1,3271,3290,3270,-1,3270,3290,3291,-1,3270,3291,3269,-1,3269,3291,3292,-1,3269,3292,3285,-1,3285,3292,3293,-1,3285,3293,3284,-1,3284,3293,3294,-1,3284,3294,3283,-1,3283,3294,3295,-1,3283,3295,3282,-1,3282,3295,3296,-1,3282,3296,3281,-1,3281,3296,3297,-1,3281,3297,3280,-1,3280,3297,3298,-1,3280,3298,3279,-1,3279,3298,3299,-1,3279,3299,3278,-1,3278,3299,3300,-1,3278,3300,3277,-1,3277,3300,3301,-1,3277,3301,3276,-1,3275,3276,3302,-1,3302,3276,3301,-1,3274,3275,3287,-1,3287,3275,3302,-1,3303,3304,3305,-1,3305,3304,3306,-1,3304,3307,3306,-1,3306,3307,3308,-1,3307,3309,3308,-1,3308,3309,3310,-1,3309,3311,3310,-1,3310,3311,3312,-1,3311,3313,3312,-1,3312,3313,3314,-1,3313,3315,3314,-1,3314,3315,3316,-1,3315,3317,3316,-1,3316,3317,3318,-1,3317,3319,3318,-1,3318,3319,3320,-1,3319,3321,3320,-1,3320,3321,3322,-1,3321,3323,3322,-1,3322,3323,3324,-1,3323,3325,3324,-1,3324,3325,3326,-1,3325,3303,3326,-1,3326,3303,3305,-1,3307,3304,3303,-1,3303,3325,3307,-1,3307,3325,3323,-1,3307,3323,3309,-1,3313,3311,3315,-1,3315,3311,3309,-1,3315,3309,3317,-1,3317,3309,3323,-1,3317,3323,3319,-1,3319,3323,3321,-1,3327,3328,3329,-1,3329,3328,3330,-1,3330,3328,3331,-1,3332,3333,3334,-1,3332,3334,3335,-1,3335,3334,3336,-1,3335,3336,3331,-1,3331,3336,3337,-1,3331,3337,3330,-1,3333,3332,3338,-1,3338,3332,3339,-1,3338,3339,3340,-1,3340,3339,3341,-1,3340,3341,3342,-1,3342,3341,3343,-1,3342,3343,3344,-1,3344,3343,3345,-1,3344,3345,3346,-1,3346,3345,3347,-1,3346,3347,3348,-1,3348,3347,3349,-1,3348,3349,3350,-1,3350,3349,3351,-1,3350,3351,3352,-1,3353,3354,3355,-1,3353,3355,3356,-1,3356,3355,3357,-1,3356,3357,3358,-1,3358,3357,3359,-1,3358,3359,3360,-1,3360,3359,3361,-1,3360,3361,3362,-1,3362,3361,3363,-1,3362,3363,3364,-1,3364,3363,3365,-1,3364,3365,3366,-1,3366,3365,3352,-1,3366,3352,3351,-1,3367,3368,3369,-1,3367,3369,3370,-1,3370,3369,3354,-1,3370,3354,3353,-1,3367,3371,3368,-1,3368,3371,3372,-1,3373,3374,3375,-1,3373,3375,3376,-1,3376,3375,3372,-1,3376,3372,3371,-1,3377,3378,3379,-1,3377,3379,3380,-1,3380,3379,3381,-1,3380,3381,3382,-1,3382,3381,3383,-1,3382,3383,3384,-1,3384,3383,3385,-1,3384,3385,3386,-1,3386,3385,3387,-1,3386,3387,3388,-1,3388,3387,3389,-1,3388,3389,3390,-1,3390,3389,3374,-1,3390,3374,3373,-1,3391,3392,3393,-1,3391,3393,3394,-1,3394,3393,3395,-1,3394,3395,3396,-1,3396,3395,3397,-1,3396,3397,3398,-1,3398,3397,3399,-1,3398,3399,3400,-1,3400,3399,3401,-1,3400,3401,3402,-1,3402,3401,3403,-1,3402,3403,3404,-1,3404,3403,3378,-1,3404,3378,3377,-1,3327,3329,3405,-1,3327,3405,3406,-1,3406,3405,3407,-1,3406,3407,3408,-1,3408,3407,3392,-1,3408,3392,3391,-1,3394,3332,3391,-1,3391,3332,3335,-1,3391,3335,3408,-1,3408,3335,3331,-1,3408,3331,3406,-1,3406,3331,3328,-1,3406,3328,3327,-1,3371,3367,3376,-1,3376,3367,3370,-1,3376,3370,3373,-1,3373,3370,3353,-1,3373,3353,3390,-1,3390,3353,3356,-1,3390,3356,3388,-1,3388,3356,3358,-1,3388,3358,3386,-1,3386,3358,3360,-1,3386,3360,3384,-1,3384,3360,3362,-1,3384,3362,3382,-1,3382,3362,3364,-1,3382,3364,3380,-1,3380,3364,3366,-1,3380,3366,3377,-1,3377,3366,3351,-1,3377,3351,3404,-1,3404,3351,3349,-1,3404,3349,3402,-1,3402,3349,3347,-1,3402,3347,3400,-1,3400,3347,3345,-1,3400,3345,3398,-1,3398,3345,3343,-1,3398,3343,3396,-1,3396,3343,3341,-1,3396,3341,3394,-1,3394,3341,3339,-1,3394,3339,3332,-1,3409,3410,3411,-1,3411,3410,3412,-1,3412,3410,3413,-1,3413,3410,3414,-1,3413,3414,3415,-1,3414,3416,3415,-1,3415,3416,3417,-1,3416,3418,3417,-1,3417,3418,3419,-1,3418,3420,3419,-1,3419,3420,3421,-1,3421,3420,3422,-1,3422,3420,3409,-1,3422,3409,3411,-1,3418,3416,3420,-1,3420,3416,3414,-1,3420,3414,3409,-1,3409,3414,3410,-1,
        ]
    }
}
Shape{
    appearance Appearance {
        material  Material 	{
            diffuseColor 0.25098039215686274 0.25098039215686274 0.25098039215686274
            specularColor 0.12549019607843137 0.12549019607843137 0.12549019607843137
            ambientIntensity 0.251
            transparency 0.0
            shininess 0.5
        }
    }
    geometry IndexedFaceSet {
        ccw TRUE
        solid FALSE
        coord DEF co Coordinate {
            point [
                -0.0608 0.2903 0.0945, -0.074 0.2903 0.0945, -0.0667 0.3068 0.0945, -0.068 0.3068 0.0945, -0.067 0.3081 0.0945, -0.0677 0.3081 0.0945, -0.0673 0.3095 0.0945, -0.0674 0.3095 0.0945, -0.0207 0.31 0.0945, -0.0207 0.2793 0.0945, -0.0265 0.31 0.0945, -0.0262 0.2793 0.0945, -0.0304 0.2797 0.0945, -0.0418 0.295 0.0945, -0.0414 0.2989 0.0945, -0.0405 0.302 0.0945, -0.0311 0.3095 0.0945, -0.0337 0.2807 0.0945, -0.0364 0.2823 0.0945, -0.0386 0.2845 0.0945, -0.0403 0.2872 0.0945, -0.0414 0.2909 0.0945, -0.0392 0.3045 0.0945, -0.0372 0.3065 0.0945, -0.0344 0.3084 0.0945
            ]
        }
        coordIndex [
            0,1,2,-1,2,1,3,-1,2,3,4,-1,4,3,5,-1,4,5,6,-1,6,5,7,-1,8,9,10,-1,10,9,11,-1,10,11,12,-1,13,14,10,-1,10,14,15,-1,10,15,16,-1,12,17,10,-1,10,17,18,-1,10,18,19,-1,19,20,10,-1,10,20,21,-1,10,21,13,-1,22,23,15,-1,15,23,24,-1,15,24,16,-1,
        ]
    }
}